Geo_accession,CEL_file_names,title,status,submission_date,last_update_date,type,channel_count,source_name_ch1,organism_ch1,characteristics_ch1,platform_id,contact_country,contact_institute,GSE_ID,GSE_filename,cell_line,disease,origin,Cellosaurus_ID,Cellline,Matching_Type,cell_line_Trimmed
GSM101610,GSM101610,,,,,,,,,,,,,,,,,,CVCL_0131,A-172,Cello GEO GSM,
GSM101615,GSM101615,,,,,,,,,,,,,,,,,,CVCL_0393,LN-229,Cello GEO GSM,
GSM101616,GSM101616,,,,,,,,,,,,,,,,,,CVCL_0393,LN-229,Cello GEO GSM,
GSM101667,GSM101667,,,,,,,,,,,,,,,,,,CVCL_1715,SW1088,Cello GEO GSM,
GSM101668,GSM101668,,,,,,,,,,,,,,,,,,CVCL_1715,SW1088,Cello GEO GSM,
GSM101671,GSM101671,,,,,,,,,,,,,,,,,,CVCL_0633,U-118MG,Cello GEO GSM,
GSM101672,GSM101672,,,,,,,,,,,,,,,,,,CVCL_0633,U-118MG,Cello GEO GSM,
GSM101673,GSM101673,,,,,,,,,,,,,,,,,,CVCL_0020,U-138MG,Cello GEO GSM,
GSM101674,GSM101674,,,,,,,,,,,,,,,,,,CVCL_0020,U-138MG,Cello GEO GSM,
GSM101675,GSM101675,,,,,,,,,,,,,,,,,,CVCL_0021,U-251MG,Cello GEO GSM,
GSM101676,GSM101676,,,,,,,,,,,,,,,,,,CVCL_0022,U-87MG ATCC,Cello GEO GSM,
GSM101677,GSM101677,,,,,,,,,,,,,,,,,,CVCL_0021,U-251MG,Cello GEO GSM,
GSM101678,GSM101678,,,,,,,,,,,,,,,,,,CVCL_0021,U-251MG,Cello GEO GSM,
GSM101679,GSM101679,,,,,,,,,,,,,,,,,,CVCL_0021,U-251MG,Cello GEO GSM,
GSM101680,GSM101680,,,,,,,,,,,,,,,,,,CVCL_0021,U-251MG,Cello GEO GSM,
GSM101685,GSM101685,,,,,,,,,,,,,,,,,,CVCL_0021,U-251MG,Cello GEO GSM,
GSM101686,GSM101686,,,,,,,,,,,,,,,,,,CVCL_0022,U-87MG ATCC,Cello GEO GSM,
GSM101687,GSM101687,,,,,,,,,,,,,,,,,,CVCL_0022,U-87MG ATCC,Cello GEO GSM,
GSM101688,GSM101688,,,,,,,,,,,,,,,,,,CVCL_0022,U-87MG ATCC,Cello GEO GSM,
GSM1017454,GSM1017454,786O_1a,Public on Oct 10 2012,Oct 10 2012,Oct 10 2012,RNA,1.0,786-O,Homo sapiens,gender: male,GPL570,Germany,Bayer Pharma AG,GSE41445,GSE41445_series_matrix.txt.gz,786-O,renal cell adenocarcinoma,,CVCL_1051,786-O,Cello Cell line Name,786o
GSM1017455,GSM1017455,786O_1b,Public on Oct 10 2012,Oct 10 2012,Oct 10 2012,RNA,1.0,786-O,Homo sapiens,gender: male,GPL570,Germany,Bayer Pharma AG,GSE41445,GSE41445_series_matrix.txt.gz,786-O,renal cell adenocarcinoma,,CVCL_1051,786-O,Cello Cell line Name,786o
GSM1017456,GSM1017456,786O_1c,Public on Oct 10 2012,Oct 10 2012,Oct 10 2012,RNA,1.0,786-O,Homo sapiens,gender: male,GPL570,Germany,Bayer Pharma AG,GSE41445,GSE41445_series_matrix.txt.gz,786-O,renal cell adenocarcinoma,,CVCL_1051,786-O,Cello Cell line Name,786o
GSM1017457,GSM1017457,A549_2a,Public on Oct 10 2012,Oct 10 2012,Oct 10 2012,RNA,1.0,A549,Homo sapiens,gender: male,GPL570,Germany,Bayer Pharma AG,GSE41445,GSE41445_series_matrix.txt.gz,A549,non-small cell carcinoma,,CVCL_0023,A549,Cello Cell line Synonym,a549
GSM1017458,GSM1017458,A549_2b,Public on Oct 10 2012,Oct 10 2012,Oct 10 2012,RNA,1.0,A549,Homo sapiens,gender: male,GPL570,Germany,Bayer Pharma AG,GSE41445,GSE41445_series_matrix.txt.gz,A549,non-small cell carcinoma,,CVCL_0023,A549,Cello Cell line Synonym,a549
GSM1017459,GSM1017459,A549_2c,Public on Oct 10 2012,Oct 10 2012,Oct 10 2012,RNA,1.0,A549,Homo sapiens,gender: male,GPL570,Germany,Bayer Pharma AG,GSE41445,GSE41445_series_matrix.txt.gz,A549,non-small cell carcinoma,,CVCL_0023,A549,Cello Cell line Synonym,a549
GSM1017460,GSM1017460,CACO2_3a,Public on Oct 10 2012,Oct 10 2012,Oct 10 2012,RNA,1.0,Caco-2,Homo sapiens,gender: male,GPL570,Germany,Bayer Pharma AG,GSE41445,GSE41445_series_matrix.txt.gz,Caco-2,colorectal adenocarcinoma,,CVCL_0025,Caco-2,Cello Cell line Name,caco2
GSM1017461,GSM1017461,CACO2_3b,Public on Oct 10 2012,Oct 10 2012,Oct 10 2012,RNA,1.0,Caco-2,Homo sapiens,gender: male,GPL570,Germany,Bayer Pharma AG,GSE41445,GSE41445_series_matrix.txt.gz,Caco-2,colorectal adenocarcinoma,,CVCL_0025,Caco-2,Cello Cell line Name,caco2
GSM1017462,GSM1017462,CACO2_3c,Public on Oct 10 2012,Oct 10 2012,Oct 10 2012,RNA,1.0,Caco-2,Homo sapiens,gender: male,GPL570,Germany,Bayer Pharma AG,GSE41445,GSE41445_series_matrix.txt.gz,Caco-2,colorectal adenocarcinoma,,CVCL_0025,Caco-2,Cello Cell line Name,caco2
GSM1017463,GSM1017463,DU145_4a,Public on Oct 10 2012,Oct 10 2012,Oct 10 2012,RNA,1.0,DU 145,Homo sapiens,gender: male,GPL570,Germany,Bayer Pharma AG,GSE41445,GSE41445_series_matrix.txt.gz,DU 145,moderately differentiated adenocarcinoma,,CVCL_0105,DU 145,Cello Cell line Synonym,du145
GSM1017464,GSM1017464,DU145_4b,Public on Oct 10 2012,Oct 10 2012,Oct 10 2012,RNA,1.0,DU 145,Homo sapiens,gender: male,GPL570,Germany,Bayer Pharma AG,GSE41445,GSE41445_series_matrix.txt.gz,DU 145,moderately differentiated adenocarcinoma,,CVCL_0105,DU 145,Cello Cell line Synonym,du145
GSM1017465,GSM1017465,DU145_4c,Public on Oct 10 2012,Oct 10 2012,Oct 10 2012,RNA,1.0,DU 145,Homo sapiens,gender: male,GPL570,Germany,Bayer Pharma AG,GSE41445,GSE41445_series_matrix.txt.gz,DU 145,moderately differentiated adenocarcinoma,,CVCL_0105,DU 145,Cello Cell line Synonym,du145
GSM1017466,GSM1017466,HACAT_5a,Public on Oct 10 2012,Oct 10 2012,Oct 10 2012,RNA,1.0,HaCaT,Homo sapiens,gender: female,GPL570,Germany,Bayer Pharma AG,GSE41445,GSE41445_series_matrix.txt.gz,HaCaT,non-tumorigenic; spontaneously immortilized keratinocytes,,CVCL_0038,HaCaT,Cello Cell line Name,hacat
GSM1017467,GSM1017467,HACAT_5b,Public on Oct 10 2012,Oct 10 2012,Oct 10 2012,RNA,1.0,HaCaT,Homo sapiens,gender: female,GPL570,Germany,Bayer Pharma AG,GSE41445,GSE41445_series_matrix.txt.gz,HaCaT,non-tumorigenic; spontaneously immortilized keratinocytes,,CVCL_0038,HaCaT,Cello Cell line Name,hacat
GSM1017468,GSM1017468,HACAT_5c,Public on Oct 10 2012,Oct 10 2012,Oct 10 2012,RNA,1.0,HaCaT,Homo sapiens,gender: female,GPL570,Germany,Bayer Pharma AG,GSE41445,GSE41445_series_matrix.txt.gz,HaCaT,non-tumorigenic; spontaneously immortilized keratinocytes,,CVCL_0038,HaCaT,Cello Cell line Name,hacat
GSM1017469,GSM1017469,HCT116_6a,Public on Oct 10 2012,Oct 10 2012,Oct 10 2012,RNA,1.0,HCT 116,Homo sapiens,gender: male,GPL570,Germany,Bayer Pharma AG,GSE41445,GSE41445_series_matrix.txt.gz,HCT 116,colorectal carcinoma,,CVCL_0291,HCT 116,Cello Cell line Name,hct116
GSM1017470,GSM1017470,HCT116_6b,Public on Oct 10 2012,Oct 10 2012,Oct 10 2012,RNA,1.0,HCT 116,Homo sapiens,gender: male,GPL570,Germany,Bayer Pharma AG,GSE41445,GSE41445_series_matrix.txt.gz,HCT 116,colorectal carcinoma,,CVCL_0291,HCT 116,Cello Cell line Name,hct116
GSM1017471,GSM1017471,HCT116_6c,Public on Oct 10 2012,Oct 10 2012,Oct 10 2012,RNA,1.0,HCT 116,Homo sapiens,gender: male,GPL570,Germany,Bayer Pharma AG,GSE41445,GSE41445_series_matrix.txt.gz,HCT 116,colorectal carcinoma,,CVCL_0291,HCT 116,Cello Cell line Name,hct116
GSM1017472,GSM1017472,HELA_7a,Public on Oct 10 2012,Oct 10 2012,Oct 10 2012,RNA,1.0,HeLa,Homo sapiens,gender: female,GPL570,Germany,Bayer Pharma AG,GSE41445,GSE41445_series_matrix.txt.gz,HeLa,adenocarcinoma,,CVCL_0030,HeLa,Cello Cell line Name,hela
GSM1017473,GSM1017473,HELA_7b,Public on Oct 10 2012,Oct 10 2012,Oct 10 2012,RNA,1.0,HeLa,Homo sapiens,gender: female,GPL570,Germany,Bayer Pharma AG,GSE41445,GSE41445_series_matrix.txt.gz,HeLa,adenocarcinoma,,CVCL_0030,HeLa,Cello Cell line Name,hela
GSM1017474,GSM1017474,HELA_7c,Public on Oct 10 2012,Oct 10 2012,Oct 10 2012,RNA,1.0,HeLa,Homo sapiens,gender: female,GPL570,Germany,Bayer Pharma AG,GSE41445,GSE41445_series_matrix.txt.gz,HeLa,adenocarcinoma,,CVCL_0030,HeLa,Cello Cell line Name,hela
GSM1017475,GSM1017475,HS68_8a,Public on Oct 10 2012,Oct 10 2012,Oct 10 2012,RNA,1.0,Hs68,Homo sapiens,gender: male,GPL570,Germany,Bayer Pharma AG,GSE41445,GSE41445_series_matrix.txt.gz,Hs68,non-tumorigenic; aspartoacylase deficiency; possible Canavan disease,,CVCL_0839,Hs68,Cello Cell line Synonym,hs68
GSM1017476,GSM1017476,HS68_8b,Public on Oct 10 2012,Oct 10 2012,Oct 10 2012,RNA,1.0,Hs68,Homo sapiens,gender: male,GPL570,Germany,Bayer Pharma AG,GSE41445,GSE41445_series_matrix.txt.gz,Hs68,non-tumorigenic; aspartoacylase deficiency; possible Canavan disease,,CVCL_0839,Hs68,Cello Cell line Synonym,hs68
GSM1017477,GSM1017477,HS68_8c,Public on Oct 10 2012,Oct 10 2012,Oct 10 2012,RNA,1.0,Hs68,Homo sapiens,gender: male,GPL570,Germany,Bayer Pharma AG,GSE41445,GSE41445_series_matrix.txt.gz,Hs68,non-tumorigenic; aspartoacylase deficiency; possible Canavan disease,,CVCL_0839,Hs68,Cello Cell line Synonym,hs68
GSM1017478,GSM1017478,HT29_9a,Public on Oct 10 2012,Oct 10 2012,Oct 10 2012,RNA,1.0,HT-29,Homo sapiens,gender: female,GPL570,Germany,Bayer Pharma AG,GSE41445,GSE41445_series_matrix.txt.gz,HT-29,colorectal adenocarcinoma,,CVCL_0320,HT-29,Cello Cell line Name,ht29
GSM1017479,GSM1017479,HT29_9b,Public on Oct 10 2012,Oct 10 2012,Oct 10 2012,RNA,1.0,HT-29,Homo sapiens,gender: female,GPL570,Germany,Bayer Pharma AG,GSE41445,GSE41445_series_matrix.txt.gz,HT-29,colorectal adenocarcinoma,,CVCL_0320,HT-29,Cello Cell line Name,ht29
GSM1017480,GSM1017480,HT29_9c,Public on Oct 10 2012,Oct 10 2012,Oct 10 2012,RNA,1.0,HT-29,Homo sapiens,gender: female,GPL570,Germany,Bayer Pharma AG,GSE41445,GSE41445_series_matrix.txt.gz,HT-29,colorectal adenocarcinoma,,CVCL_0320,HT-29,Cello Cell line Name,ht29
GSM1017481,GSM1017481,KPL4_10a,Public on Oct 10 2012,Oct 10 2012,Oct 10 2012,RNA,1.0,KPL-4,Homo sapiens,gender: female,GPL570,Germany,Bayer Pharma AG,GSE41445,GSE41445_series_matrix.txt.gz,KPL-4,invasive ductal carcinoma; inflammatory skin metastasis,,CVCL_5310,KPL-4,Cello Cell line Name,kpl4
GSM1017482,GSM1017482,KPL4_10b,Public on Oct 10 2012,Oct 10 2012,Oct 10 2012,RNA,1.0,KPL-4,Homo sapiens,gender: female,GPL570,Germany,Bayer Pharma AG,GSE41445,GSE41445_series_matrix.txt.gz,KPL-4,invasive ductal carcinoma; inflammatory skin metastasis,,CVCL_5310,KPL-4,Cello Cell line Name,kpl4
GSM1017483,GSM1017483,KPL4_10c,Public on Oct 10 2012,Oct 10 2012,Oct 10 2012,RNA,1.0,KPL-4,Homo sapiens,gender: female,GPL570,Germany,Bayer Pharma AG,GSE41445,GSE41445_series_matrix.txt.gz,KPL-4,invasive ductal carcinoma; inflammatory skin metastasis,,CVCL_5310,KPL-4,Cello Cell line Name,kpl4
GSM1017484,GSM1017484,MCF10A_11a,Public on Oct 10 2012,Oct 10 2012,Oct 10 2012,RNA,1.0,MCF 10A,Homo sapiens,gender: female,GPL570,Germany,Bayer Pharma AG,GSE41445,GSE41445_series_matrix.txt.gz,MCF 10A,non-tumorigenic; Fibrocystic Breast disease,,CVCL_0598,MCF 10A,Cello Cell line Synonym,mcf10a
GSM1017485,GSM1017485,MCF10A_11b,Public on Oct 10 2012,Oct 10 2012,Oct 10 2012,RNA,1.0,MCF 10A,Homo sapiens,gender: female,GPL570,Germany,Bayer Pharma AG,GSE41445,GSE41445_series_matrix.txt.gz,MCF 10A,non-tumorigenic; Fibrocystic Breast disease,,CVCL_0598,MCF 10A,Cello Cell line Synonym,mcf10a
GSM1017486,GSM1017486,MCF10A_11c,Public on Oct 10 2012,Oct 10 2012,Oct 10 2012,RNA,1.0,MCF 10A,Homo sapiens,gender: female,GPL570,Germany,Bayer Pharma AG,GSE41445,GSE41445_series_matrix.txt.gz,MCF 10A,non-tumorigenic; Fibrocystic Breast disease,,CVCL_0598,MCF 10A,Cello Cell line Synonym,mcf10a
GSM1017487,GSM1017487,MCF7_12a,Public on Oct 10 2012,Oct 10 2012,Oct 10 2012,RNA,1.0,MCF7,Homo sapiens,gender: female,GPL570,Germany,Bayer Pharma AG,GSE41445,GSE41445_series_matrix.txt.gz,MCF7,intraductal adenocarcinoma,,CVCL_0031,MCF7,Cello Cell line Synonym,mcf7
GSM1017488,GSM1017488,MCF7_12b,Public on Oct 10 2012,Oct 10 2012,Oct 10 2012,RNA,1.0,MCF7,Homo sapiens,gender: female,GPL570,Germany,Bayer Pharma AG,GSE41445,GSE41445_series_matrix.txt.gz,MCF7,intraductal adenocarcinoma,,CVCL_0031,MCF7,Cello Cell line Synonym,mcf7
GSM1017489,GSM1017489,MCF7_12c,Public on Oct 10 2012,Oct 10 2012,Oct 10 2012,RNA,1.0,MCF7,Homo sapiens,gender: female,GPL570,Germany,Bayer Pharma AG,GSE41445,GSE41445_series_matrix.txt.gz,MCF7,intraductal adenocarcinoma,,CVCL_0031,MCF7,Cello Cell line Synonym,mcf7
GSM1017490,GSM1017490,MDAMB231_13a,Public on Oct 10 2012,Oct 10 2012,Oct 10 2012,RNA,1.0,MDA-MB-231,Homo sapiens,gender: female,GPL570,Germany,Bayer Pharma AG,GSE41445,GSE41445_series_matrix.txt.gz,MDA-MB-231,adenocarcinoma,,CVCL_0062,MDA-MB-231,Cello Cell line Name,mdamb231
GSM1017491,GSM1017491,MDAMB231_13b,Public on Oct 10 2012,Oct 10 2012,Oct 10 2012,RNA,1.0,MDA-MB-231,Homo sapiens,gender: female,GPL570,Germany,Bayer Pharma AG,GSE41445,GSE41445_series_matrix.txt.gz,MDA-MB-231,adenocarcinoma,,CVCL_0062,MDA-MB-231,Cello Cell line Name,mdamb231
GSM1017492,GSM1017492,MDAMB231_13c,Public on Oct 10 2012,Oct 10 2012,Oct 10 2012,RNA,1.0,MDA-MB-231,Homo sapiens,gender: female,GPL570,Germany,Bayer Pharma AG,GSE41445,GSE41445_series_matrix.txt.gz,MDA-MB-231,adenocarcinoma,,CVCL_0062,MDA-MB-231,Cello Cell line Name,mdamb231
GSM1017493,GSM1017493,MIAPACA2_14a,Public on Oct 10 2012,Oct 10 2012,Oct 10 2012,RNA,1.0,Mia PaCa-2,Homo sapiens,gender: female,GPL570,Germany,Bayer Pharma AG,GSE41445,GSE41445_series_matrix.txt.gz,Mia PaCa-2,carcinoma,,CVCL_0428,MIA PaCa-2,Cello match alphanum,miapaca2
GSM1017494,GSM1017494,MIAPACA2_14b,Public on Oct 10 2012,Oct 10 2012,Oct 10 2012,RNA,1.0,Mia PaCa-2,Homo sapiens,gender: female,GPL570,Germany,Bayer Pharma AG,GSE41445,GSE41445_series_matrix.txt.gz,Mia PaCa-2,carcinoma,,CVCL_0428,MIA PaCa-2,Cello match alphanum,miapaca2
GSM1017495,GSM1017495,MIAPACA2_14c,Public on Oct 10 2012,Oct 10 2012,Oct 10 2012,RNA,1.0,Mia PaCa-2,Homo sapiens,gender: female,GPL570,Germany,Bayer Pharma AG,GSE41445,GSE41445_series_matrix.txt.gz,Mia PaCa-2,carcinoma,,CVCL_0428,MIA PaCa-2,Cello match alphanum,miapaca2
GSM1017496,GSM1017496,NCIH460_15a,Public on Oct 10 2012,Oct 10 2012,Oct 10 2012,RNA,1.0,NCI-H460,Homo sapiens,gender: male,GPL570,Germany,Bayer Pharma AG,GSE41445,GSE41445_series_matrix.txt.gz,NCI-H460,large cell carcinoma,,CVCL_0459,NCI-H460,Cello Cell line Name,ncih460
GSM1017497,GSM1017497,NCIH460_15b,Public on Oct 10 2012,Oct 10 2012,Oct 10 2012,RNA,1.0,NCI-H460,Homo sapiens,gender: male,GPL570,Germany,Bayer Pharma AG,GSE41445,GSE41445_series_matrix.txt.gz,NCI-H460,large cell carcinoma,,CVCL_0459,NCI-H460,Cello Cell line Name,ncih460
GSM1017498,GSM1017498,NCIH460_15c,Public on Oct 10 2012,Oct 10 2012,Oct 10 2012,RNA,1.0,NCI-H460,Homo sapiens,gender: male,GPL570,Germany,Bayer Pharma AG,GSE41445,GSE41445_series_matrix.txt.gz,NCI-H460,large cell carcinoma,,CVCL_0459,NCI-H460,Cello Cell line Name,ncih460
GSM1017499,GSM1017499,PC3_16a,Public on Oct 10 2012,Oct 10 2012,Oct 10 2012,RNA,1.0,PC-3,Homo sapiens,gender: male,GPL570,Germany,Bayer Pharma AG,GSE41445,GSE41445_series_matrix.txt.gz,PC-3,Gleason Grade 4; adenocarcinoma,,CVCL_0035,PC-3,Cello Cell line Name,pc3
GSM1017500,GSM1017500,PC3_16b,Public on Oct 10 2012,Oct 10 2012,Oct 10 2012,RNA,1.0,PC-3,Homo sapiens,gender: male,GPL570,Germany,Bayer Pharma AG,GSE41445,GSE41445_series_matrix.txt.gz,PC-3,Gleason Grade 4; adenocarcinoma,,CVCL_0035,PC-3,Cello Cell line Name,pc3
GSM1017501,GSM1017501,PC3_16c,Public on Oct 10 2012,Oct 10 2012,Oct 10 2012,RNA,1.0,PC-3,Homo sapiens,gender: male,GPL570,Germany,Bayer Pharma AG,GSE41445,GSE41445_series_matrix.txt.gz,PC-3,Gleason Grade 4; adenocarcinoma,,CVCL_0035,PC-3,Cello Cell line Name,pc3
GSM1017502,GSM1017502,SKMEL28_17a,Public on Oct 10 2012,Oct 10 2012,Oct 10 2012,RNA,1.0,SK-MEL-28,Homo sapiens,gender: male,GPL570,Germany,Bayer Pharma AG,GSE41445,GSE41445_series_matrix.txt.gz,SK-MEL-28,malignant melanoma,,CVCL_0526,SK-MEL-28,Cello Cell line Name,skmel28
GSM1017503,GSM1017503,SKMEL28_17b,Public on Oct 10 2012,Oct 10 2012,Oct 10 2012,RNA,1.0,SK-MEL-28,Homo sapiens,gender: male,GPL570,Germany,Bayer Pharma AG,GSE41445,GSE41445_series_matrix.txt.gz,SK-MEL-28,malignant melanoma,,CVCL_0526,SK-MEL-28,Cello Cell line Name,skmel28
GSM1017504,GSM1017504,SKMEL28_17c,Public on Oct 10 2012,Oct 10 2012,Oct 10 2012,RNA,1.0,SK-MEL-28,Homo sapiens,gender: male,GPL570,Germany,Bayer Pharma AG,GSE41445,GSE41445_series_matrix.txt.gz,SK-MEL-28,malignant melanoma,,CVCL_0526,SK-MEL-28,Cello Cell line Name,skmel28
GSM1017505,GSM1017505,SKOV3_18a,Public on Oct 10 2012,Oct 10 2012,Oct 10 2012,RNA,1.0,SK-OV-3,Homo sapiens,gender: female,GPL570,Germany,Bayer Pharma AG,GSE41445,GSE41445_series_matrix.txt.gz,SK-OV-3,adenocarcinoma,,CVCL_0532,SK-OV-3,Cello Cell line Name,skov3
GSM1017506,GSM1017506,SKOV3_18b,Public on Oct 10 2012,Oct 10 2012,Oct 10 2012,RNA,1.0,SK-OV-3,Homo sapiens,gender: female,GPL570,Germany,Bayer Pharma AG,GSE41445,GSE41445_series_matrix.txt.gz,SK-OV-3,adenocarcinoma,,CVCL_0532,SK-OV-3,Cello Cell line Name,skov3
GSM1017507,GSM1017507,SKOV3_18c,Public on Oct 10 2012,Oct 10 2012,Oct 10 2012,RNA,1.0,SK-OV-3,Homo sapiens,gender: female,GPL570,Germany,Bayer Pharma AG,GSE41445,GSE41445_series_matrix.txt.gz,SK-OV-3,adenocarcinoma,,CVCL_0532,SK-OV-3,Cello Cell line Name,skov3
GSM1017508,GSM1017508,SW480_19a,Public on Oct 10 2012,Oct 10 2012,Oct 10 2012,RNA,1.0,SW480,Homo sapiens,gender: female,GPL570,Germany,Bayer Pharma AG,GSE41445,GSE41445_series_matrix.txt.gz,SW480,Dukes' type B; colorectal adenocarcinoma,,CVCL_0546,SW480,Cello Cell line Name,sw480
GSM1017509,GSM1017509,SW480_19b,Public on Oct 10 2012,Oct 10 2012,Oct 10 2012,RNA,1.0,SW480,Homo sapiens,gender: female,GPL570,Germany,Bayer Pharma AG,GSE41445,GSE41445_series_matrix.txt.gz,SW480,Dukes' type B; colorectal adenocarcinoma,,CVCL_0546,SW480,Cello Cell line Name,sw480
GSM1017510,GSM1017510,SW480_19c,Public on Oct 10 2012,Oct 10 2012,Oct 10 2012,RNA,1.0,SW480,Homo sapiens,gender: female,GPL570,Germany,Bayer Pharma AG,GSE41445,GSE41445_series_matrix.txt.gz,SW480,Dukes' type B; colorectal adenocarcinoma,,CVCL_0546,SW480,Cello Cell line Name,sw480
GSM1017511,GSM1017511,T47D_20a,Public on Oct 10 2012,Oct 10 2012,Oct 10 2012,RNA,1.0,T47D,Homo sapiens,gender: female,GPL570,Germany,Bayer Pharma AG,GSE41445,GSE41445_series_matrix.txt.gz,T47D,ductal carcinoma,,CVCL_0553,T47D,Cello Cell line Synonym,t47d
GSM1017512,GSM1017512,T47D_20b,Public on Oct 10 2012,Oct 10 2012,Oct 10 2012,RNA,1.0,T47D,Homo sapiens,gender: female,GPL570,Germany,Bayer Pharma AG,GSE41445,GSE41445_series_matrix.txt.gz,T47D,ductal carcinoma,,CVCL_0553,T47D,Cello Cell line Synonym,t47d
GSM1017513,GSM1017513,T47D_20c,Public on Oct 10 2012,Oct 10 2012,Oct 10 2012,RNA,1.0,T47D,Homo sapiens,gender: female,GPL570,Germany,Bayer Pharma AG,GSE41445,GSE41445_series_matrix.txt.gz,T47D,ductal carcinoma,,CVCL_0553,T47D,Cello Cell line Synonym,t47d
GSM1017514,GSM1017514,U2OS_21a,Public on Oct 10 2012,Oct 10 2012,Oct 10 2012,RNA,1.0,U-2 OS,Homo sapiens,gender: female,GPL570,Germany,Bayer Pharma AG,GSE41445,GSE41445_series_matrix.txt.gz,U-2 OS,osteosarcoma,,CVCL_0042,U-2 OS,Cello Cell line Synonym,u2os
GSM1017515,GSM1017515,U2OS_21b,Public on Oct 10 2012,Oct 10 2012,Oct 10 2012,RNA,1.0,U-2 OS,Homo sapiens,gender: female,GPL570,Germany,Bayer Pharma AG,GSE41445,GSE41445_series_matrix.txt.gz,U-2 OS,osteosarcoma,,CVCL_0042,U-2 OS,Cello Cell line Synonym,u2os
GSM1017516,GSM1017516,U2OS_21c,Public on Oct 10 2012,Oct 10 2012,Oct 10 2012,RNA,1.0,U-2 OS,Homo sapiens,gender: female,GPL570,Germany,Bayer Pharma AG,GSE41445,GSE41445_series_matrix.txt.gz,U-2 OS,osteosarcoma,,CVCL_0042,U-2 OS,Cello Cell line Synonym,u2os
GSM1035303,GSM1035303,,,,,,,,,,,,,,,,,,CVCL_1660,RL,Cello GEO GSM,
GSM1035304,GSM1035304,,,,,,,,,,,,,,,,,,CVCL_7082,,,
GSM1035305,GSM1035305,,,,,,,,,,,,,,,,,,CVCL_1885,Ri-1,Cello GEO GSM,
GSM1035306,GSM1035306,,,,,,,,,,,,,,,,,,CVCL_7082,,,
GSM1035307,GSM1035307,,,,,,,,,,,,,,,,,,CVCL_1793,WSU-NHL,Cello GEO GSM,
GSM1035308,GSM1035308,,,,,,,,,,,,,,,,,,CVCL_1902,WSU-DLCL2,Cello GEO GSM,
GSM1035309,GSM1035309,,,,,,,,,,,,,,,,,,CVCL_1819,VAL,Cello GEO GSM,
GSM1035310,GSM1035310,,,,,,,,,,,,,,,,,,CVCL_1890,SU-DHL-16,Cello GEO GSM,
GSM1035311,GSM1035311,,,,,,,,,,,,,,,,,,CVCL_2206,SU-DHL-6,Cello GEO GSM,
GSM1035312,GSM1035312,,,,,,,,,,,,,,,,,,CVCL_1889,SU-DHL-10,Cello GEO GSM,
GSM1035313,GSM1035313,,,,,,,,,,,,,,,,,,CVCL_1325,Karpas-422,Cello GEO GSM,
GSM1035314,GSM1035314,,,,,,,,,,,,,,,,,,CVCL_1290,HT,Cello GEO GSM,
GSM1035315,GSM1035315,,,,,,,,,,,,,,,,,,CVCL_1883,RC-K8,Cello GEO GSM,
GSM1035316,GSM1035316,,,,,,,,,,,,,,,,,,CVCL_2207,SU-DHL-8,Cello GEO GSM,
GSM1035317,GSM1035317,,,,,,,,,,,,,,,,,,CVCL_1735,SU-DHL-5,Cello GEO GSM,
GSM1035318,GSM1035318,,,,,,,,,,,,,,,,,,CVCL_7082,,,
GSM1035319,GSM1035319,,,,,,,,,,,,,,,,,,CVCL_7082,,,
GSM1035320,GSM1035320,,,,,,,,,,,,,,,,,,CVCL_1877,NU-DUL-1,Cello GEO GSM,
GSM1035321,GSM1035321,,,,,,,,,,,,,,,,,,CVCL_1168,DB,Cello GEO GSM,
GSM1035322,GSM1035322,,,,,,,,,,,,,,,,,,CVCL_0539,SU-DHL-4,Cello GEO GSM,
GSM1035323,GSM1035323,,,,,,,,,,,,,,,,,,CVCL_7082,,,
GSM1035324,GSM1035324,,,,,,,,,,,,,,,,,,CVCL_1888,Sc-1,Cello GEO GSM,
GSM1035325,GSM1035325,,,,,,,,,,,,,,,,,,CVCL_7082,,,
GSM1035326,GSM1035326,,,,,,,,,,,,,,,,,,CVCL_1878,OCI-Ly19,Cello GEO GSM,
GSM1035327,GSM1035327,,,,,,,,,,,,,,,,,,CVCL_1179,DoHH2,Cello GEO GSM,
GSM1035329,GSM1035329,,,,,,,,,,,,,,,,,,CVCL_7082,,,
GSM1035330,GSM1035330,,,,,,,,,,,,,,,,,,CVCL_1876,NU-DHL-1,Cello GEO GSM,
GSM1035331,GSM1035331,,,,,,,,,,,,,,,,,,CVCL_3302,Farage,Cello GEO GSM,
GSM1035332,GSM1035332,,,,,,,,,,,,,,,,,,CVCL_7082,,,
GSM1035333,GSM1035333,,,,,,,,,,,,,,,,,,CVCL_1881,OCI-Ly7,Cello GEO GSM,
GSM1035334,GSM1035334,,,,,,,,,,,,,,,,,,CVCL_3326,Pfeiffer,Cello GEO GSM,
GSM1035335,GSM1035335,,,,,,,,,,,,,,,,,,CVCL_7082,,,
GSM1035336,GSM1035336,,,,,,,,,,,,,,,,,,CVCL_3611,Toledo,Cello GEO GSM,
GSM1035337,GSM1035337,,,,,,,,,,,,,,,,,,CVCL_7082,,,
GSM1035338,GSM1035338,,,,,,,,,,,,,,,,,,CVCL_7082,,,
GSM1035339,GSM1035339,,,,,,,,,,,,,,,,,,CVCL_1896,U-2932,Cello GEO GSM,
GSM1035340,GSM1035340,,,,,,,,,,,,,,,,,,CVCL_8795,OCI-Ly10,Cello GEO GSM,
GSM1035341,GSM1035341,,,,,,,,,,,,,,,,,,CVCL_7082,,,
GSM1035342,GSM1035342,,,,,,,,,,,,,,,,,,CVCL_8800,OCI-Ly3,Cello GEO GSM,
GSM1035343,GSM1035343,,,,,,,,,,,,,,,,,,CVCL_2539,Karpas-1718,Cello GEO GSM,
GSM1035344,GSM1035344,,,,,,,,,,,,,,,,,,CVCL_2539,Karpas-1718,Cello GEO GSM,
GSM1035345,GSM1035345,,,,,,,,,,,,,,,,,,CVCL_3169,VL51,Cello GEO GSM,
GSM1035346,GSM1035346,,,,,,,,,,,,,,,,,,CVCL_3169,VL51,Cello GEO GSM,
GSM1035347,GSM1035347,,,,,,,,,,,,,,,,,,CVCL_7082,,,
GSM1035348,GSM1035348,,,,,,,,,,,,,,,,,,CVCL_7082,,,
GSM1044966,GSM1044966,,,,,,,,,,,,,,,,,,CVCL_1865,JeKo-1,Cello GEO GSM,
GSM1044967,GSM1044967,,,,,,,,,,,,,,,,,,CVCL_1865,JeKo-1,Cello GEO GSM,
GSM1044968,GSM1044968,,,,,,,,,,,,,,,,,,CVCL_1865,JeKo-1,Cello GEO GSM,
GSM1044969,GSM1044969,,,,,,,,,,,,,,,,,,CVCL_1865,JeKo-1,Cello GEO GSM,
GSM1044970,GSM1044970,,,,,,,,,,,,,,,,,,CVCL_1872,Mino,Cello GEO GSM,
GSM1044971,GSM1044971,,,,,,,,,,,,,,,,,,CVCL_1872,Mino,Cello GEO GSM,
GSM1044972,GSM1044972,,,,,,,,,,,,,,,,,,CVCL_1872,Mino,Cello GEO GSM,
GSM1044973,GSM1044973,,,,,,,,,,,,,,,,,,CVCL_1872,Mino,Cello GEO GSM,
GSM1044974,GSM1044974,,,,,,,,,,,,,,,,,,CVCL_7082,,,
GSM1044975,GSM1044975,,,,,,,,,,,,,,,,,,CVCL_7082,,,
GSM1044976,GSM1044976,,,,,,,,,,,,,,,,,,CVCL_7082,,,
GSM1044977,GSM1044977,,,,,,,,,,,,,,,,,,CVCL_7082,,,
GSM1044978,GSM1044978,,,,,,,,,,,,,,,,,,CVCL_7082,,,
GSM1044979,GSM1044979,,,,,,,,,,,,,,,,,,CVCL_7082,,,
GSM1044980,GSM1044980,,,,,,,,,,,,,,,,,,CVCL_7082,,,
GSM1044981,GSM1044981,,,,,,,,,,,,,,,,,,CVCL_7082,,,
GSM1177874,GSM1177874,,,,,,,,,,,,,,,,,,CVCL_1051,786-O,Cello GEO GSM,
GSM1177875,GSM1177875,,,,,,,,,,,,,,,,,,CVCL_1051,786-O,Cello GEO GSM,
GSM1177876,GSM1177876,,,,,,,,,,,,,,,,,,CVCL_1051,786-O,Cello GEO GSM,
GSM1177877,GSM1177877,,,,,,,,,,,,,,,,,,CVCL_7082,,,
GSM1177878,GSM1177878,,,,,,,,,,,,,,,,,,CVCL_7082,,,
GSM1177879,GSM1177879,,,,,,,,,,,,,,,,,,CVCL_7082,,,
GSM1177880,GSM1177880,,,,,,,,,,,,,,,,,,CVCL_7082,,,
GSM1177882,GSM1177882,,,,,,,,,,,,,,,,,,CVCL_7082,,,
GSM1177883,GSM1177883,,,,,,,,,,,,,,,,,,CVCL_7082,,,
GSM1177884,GSM1177884,,,,,,,,,,,,,,,,,,CVCL_7082,,,
GSM1177885,GSM1177885,,,,,,,,,,,,,,,,,,CVCL_7082,,,
GSM1177886,GSM1177886,,,,,,,,,,,,,,,,,,CVCL_7082,,,
GSM1177887,GSM1177887,,,,,,,,,,,,,,,,,,CVCL_7082,,,
GSM1177888,GSM1177888,,,,,,,,,,,,,,,,,,CVCL_7082,,,
GSM1177889,GSM1177889,,,,,,,,,,,,,,,,,,CVCL_7082,,,
GSM1177890,GSM1177890,,,,,,,,,,,,,,,,,,CVCL_7082,,,
GSM1177891,GSM1177891,,,,,,,,,,,,,,,,,,CVCL_7082,,,
GSM1177892,GSM1177892,,,,,,,,,,,,,,,,,,CVCL_0132,A-375,Cello GEO GSM,
GSM1177893,GSM1177893,,,,,,,,,,,,,,,,,,CVCL_0132,A-375,Cello GEO GSM,
GSM1177894,GSM1177894,,,,,,,,,,,,,,,,,,CVCL_7082,,,
GSM1177895,GSM1177895,,,,,,,,,,,,,,,,,,CVCL_7082,,,
GSM1177896,GSM1177896,,,,,,,,,,,,,,,,,,CVCL_7082,,,
GSM1177897,GSM1177897,,,,,,,,,,,,,,,,,,CVCL_7082,,,
GSM1177898,GSM1177898,,,,,,,,,,,,,,,,,,CVCL_7082,,,
GSM1177899,GSM1177899,,,,,,,,,,,,,,,,,,CVCL_7082,,,
GSM1177900,GSM1177900,,,,,,,,,,,,,,,,,,CVCL_7082,,,
GSM1177901,GSM1177901,,,,,,,,,,,,,,,,,,CVCL_7082,,,
GSM1177902,GSM1177902,,,,,,,,,,,,,,,,,,CVCL_7082,,,
GSM1177903,GSM1177903,,,,,,,,,,,,,,,,,,CVCL_7082,,,
GSM1177904,GSM1177904,,,,,,,,,,,,,,,,,,CVCL_7082,,,
GSM1177905,GSM1177905,,,,,,,,,,,,,,,,,,CVCL_7082,,,
GSM1177906,GSM1177906,,,,,,,,,,,,,,,,,,CVCL_7082,,,
GSM1177907,GSM1177907,,,,,,,,,,,,,,,,,,CVCL_7082,,,
GSM1177908,GSM1177908,,,,,,,,,,,,,,,,,,CVCL_7082,,,
GSM1177909,GSM1177909,,,,,,,,,,,,,,,,,,CVCL_0023,A-549,Cello GEO GSM,
GSM1177910,GSM1177910,,,,,,,,,,,,,,,,,,CVCL_0023,A-549,Cello GEO GSM,
GSM1219497,GSM1219497,Mkl-1_4_GPL570,Public on Dec 23 2014,Aug 29 2013,Dec 23 2014,RNA,1.0,Mkl-1 cell line,Homo sapiens,cell line: Mkl-1 cell line,GPL570,USA,National Cancer Institute,GSE50451,GSE50451-GPL570_series_matrix.txt.gz,Mkl-1 ,,,CVCL_2600,MKL-1,Cello match alphanum,mkl1
GSM1219498,GSM1219498,Mkl-1_5_GPL570,Public on Dec 23 2014,Aug 29 2013,Dec 23 2014,RNA,1.0,Mkl-1 cell line,Homo sapiens,cell line: Mkl-1 cell line,GPL570,USA,National Cancer Institute,GSE50451,GSE50451-GPL570_series_matrix.txt.gz,Mkl-1 ,,,CVCL_2600,MKL-1,Cello match alphanum,mkl1
GSM1219499,GSM1219499,Mkl-1_6_GPL570,Public on Dec 23 2014,Aug 29 2013,Dec 23 2014,RNA,1.0,Mkl-1 cell line,Homo sapiens,cell line: Mkl-1 cell line,GPL570,USA,National Cancer Institute,GSE50451,GSE50451-GPL570_series_matrix.txt.gz,Mkl-1 ,,,CVCL_2600,MKL-1,Cello match alphanum,mkl1
GSM1219500,GSM1219500,UISO_4_GPL570,Public on Dec 23 2014,Aug 29 2013,Dec 23 2014,RNA,1.0,UISO cell line,Homo sapiens,cell line: UISO cell line,GPL570,USA,National Cancer Institute,GSE50451,GSE50451-GPL570_series_matrix.txt.gz,UISO ,,,CVCL_E996,UISO,Cello match alphanum,uiso
GSM1219501,GSM1219501,UISO_5_GPL570,Public on Dec 23 2014,Aug 29 2013,Dec 23 2014,RNA,1.0,UISO cell line,Homo sapiens,cell line: UISO cell line,GPL570,USA,National Cancer Institute,GSE50451,GSE50451-GPL570_series_matrix.txt.gz,UISO ,,,CVCL_E996,UISO,Cello match alphanum,uiso
GSM1219502,GSM1219502,UISO_6_GPL570,Public on Dec 23 2014,Aug 29 2013,Dec 23 2014,RNA,1.0,UISO cell line,Homo sapiens,cell line: UISO cell line,GPL570,USA,National Cancer Institute,GSE50451,GSE50451-GPL570_series_matrix.txt.gz,UISO ,,,CVCL_E996,UISO,Cello match alphanum,uiso
GSM1219503,GSM1219503,UISO_7_GPL570,Public on Dec 23 2014,Aug 29 2013,Dec 23 2014,RNA,1.0,UISO cell line,Homo sapiens,cell line: UISO cell line,GPL570,USA,National Cancer Institute,GSE50451,GSE50451-GPL570_series_matrix.txt.gz,UISO ,,,CVCL_E996,UISO,Cello match alphanum,uiso
GSM1219504,GSM1219504,UISO_8_GPL570,Public on Dec 23 2014,Aug 29 2013,Dec 23 2014,RNA,1.0,UISO cell line,Homo sapiens,cell line: UISO cell line,GPL570,USA,National Cancer Institute,GSE50451,GSE50451-GPL570_series_matrix.txt.gz,UISO ,,,CVCL_E996,UISO,Cello match alphanum,uiso
GSM1219505,GSM1219505,UISO_9_GPL570,Public on Dec 23 2014,Aug 29 2013,Dec 23 2014,RNA,1.0,UISO cell line,Homo sapiens,cell line: UISO cell line,GPL570,USA,National Cancer Institute,GSE50451,GSE50451-GPL570_series_matrix.txt.gz,UISO ,,,CVCL_E996,UISO,Cello match alphanum,uiso
GSM1219506,GSM1219506,WaGa_4_GPL570,Public on Dec 23 2014,Aug 29 2013,Dec 23 2014,RNA,1.0,WaGa cell line,Homo sapiens,cell line: WaGa cell line,GPL570,USA,National Cancer Institute,GSE50451,GSE50451-GPL570_series_matrix.txt.gz,WaGa ,,,CVCL_E998,WaGa,Cello match alphanum,waga
GSM1219507,GSM1219507,WaGa_5_GPL570,Public on Dec 23 2014,Aug 29 2013,Dec 23 2014,RNA,1.0,WaGa cell line,Homo sapiens,cell line: WaGa cell line,GPL570,USA,National Cancer Institute,GSE50451,GSE50451-GPL570_series_matrix.txt.gz,WaGa ,,,CVCL_E998,WaGa,Cello match alphanum,waga
GSM1219508,GSM1219508,WaGa_6_GPL570,Public on Dec 23 2014,Aug 29 2013,Dec 23 2014,RNA,1.0,WaGa cell line,Homo sapiens,cell line: WaGa cell line,GPL570,USA,National Cancer Institute,GSE50451,GSE50451-GPL570_series_matrix.txt.gz,WaGa ,,,CVCL_E998,WaGa,Cello match alphanum,waga
GSM1229992,GSM1229992,BT-20_Ctrl_1,Public on Oct 02 2014,Sep 12 2013,Dec 17 2018,RNA,1.0,BT-20 Control,Homo sapiens,cell line: BT-20,GPL570,USA,Eisai Inc,GSE50811,GSE50811_series_matrix.txt.gz,BT-20,breast cancer,Breast,CVCL_0178,BT-20,Cello Cell line Name,bt20
GSM1229993,GSM1229993,BT-20_Ctrl_2,Public on Oct 02 2014,Sep 12 2013,Dec 17 2018,RNA,1.0,BT-20 Control,Homo sapiens,cell line: BT-20,GPL570,USA,Eisai Inc,GSE50811,GSE50811_series_matrix.txt.gz,BT-20,breast cancer,Breast,CVCL_0178,BT-20,Cello Cell line Name,bt20
GSM1229994,GSM1229994,BT-20_Ctrl_3,Public on Oct 02 2014,Sep 12 2013,Dec 17 2018,RNA,1.0,BT-20 Control,Homo sapiens,cell line: BT-20,GPL570,USA,Eisai Inc,GSE50811,GSE50811_series_matrix.txt.gz,BT-20,breast cancer,Breast,CVCL_0178,BT-20,Cello Cell line Name,bt20
GSM1229995,GSM1229995,BT-20_ERI_1,Public on Oct 02 2014,Sep 12 2013,Dec 17 2018,RNA,1.0,BT-20 Eribulin_24h_24h,Homo sapiens,cell line: BT-20,GPL570,USA,Eisai Inc,GSE50811,GSE50811_series_matrix.txt.gz,BT-20,breast cancer,Breast,CVCL_0178,BT-20,Cello Cell line Name,bt20
GSM1229996,GSM1229996,BT-20_ERI_2,Public on Oct 02 2014,Sep 12 2013,Dec 17 2018,RNA,1.0,BT-20 Eribulin_24h,Homo sapiens,cell line: BT-20,GPL570,USA,Eisai Inc,GSE50811,GSE50811_series_matrix.txt.gz,BT-20,breast cancer,Breast,CVCL_0178,BT-20,Cello Cell line Name,bt20
GSM1229997,GSM1229997,BT-20_ERI_3,Public on Oct 02 2014,Sep 12 2013,Dec 17 2018,RNA,1.0,BT-20 Eribulin_24h,Homo sapiens,cell line: BT-20,GPL570,USA,Eisai Inc,GSE50811,GSE50811_series_matrix.txt.gz,BT-20,breast cancer,Breast,CVCL_0178,BT-20,Cello Cell line Name,bt20
GSM1229998,GSM1229998,BT-20_PTX_1,Public on Oct 02 2014,Sep 12 2013,Dec 17 2018,RNA,1.0,BT-20 Paclitaxel_24h,Homo sapiens,cell line: BT-20,GPL570,USA,Eisai Inc,GSE50811,GSE50811_series_matrix.txt.gz,BT-20,breast cancer,Breast,CVCL_0178,BT-20,Cello Cell line Name,bt20
GSM1229999,GSM1229999,BT-20_PTX_2,Public on Oct 02 2014,Sep 12 2013,Dec 17 2018,RNA,1.0,BT-20 Paclitaxel_24h,Homo sapiens,cell line: BT-20,GPL570,USA,Eisai Inc,GSE50811,GSE50811_series_matrix.txt.gz,BT-20,breast cancer,Breast,CVCL_0178,BT-20,Cello Cell line Name,bt20
GSM1230000,GSM1230000,BT-20_PTX_3,Public on Oct 02 2014,Sep 12 2013,Dec 17 2018,RNA,1.0,BT-20 Paclitaxel_24h,Homo sapiens,cell line: BT-20,GPL570,USA,Eisai Inc,GSE50811,GSE50811_series_matrix.txt.gz,BT-20,breast cancer,Breast,CVCL_0178,BT-20,Cello Cell line Name,bt20
GSM1230001,GSM1230001,CAL-51_Ctrl_1,Public on Oct 02 2014,Sep 12 2013,Oct 02 2014,RNA,1.0,CAL-51 Control,Homo sapiens,cell line: CAL-51,GPL570,USA,Eisai Inc,GSE50811,GSE50811_series_matrix.txt.gz,CAL-51,breast cancer,Breast,CVCL_1110,CAL-51,Cello Cell line Name,cal51
GSM1230002,GSM1230002,CAL-51_Ctrl_2,Public on Oct 02 2014,Sep 12 2013,Oct 02 2014,RNA,1.0,CAL-51 Control,Homo sapiens,cell line: CAL-51,GPL570,USA,Eisai Inc,GSE50811,GSE50811_series_matrix.txt.gz,CAL-51,breast cancer,Breast,CVCL_1110,CAL-51,Cello Cell line Name,cal51
GSM1230003,GSM1230003,CAL-51_Ctrl_3,Public on Oct 02 2014,Sep 12 2013,Oct 02 2014,RNA,1.0,CAL-51 Control,Homo sapiens,cell line: CAL-51,GPL570,USA,Eisai Inc,GSE50811,GSE50811_series_matrix.txt.gz,CAL-51,breast cancer,Breast,CVCL_1110,CAL-51,Cello Cell line Name,cal51
GSM1230004,GSM1230004,CAL-51_ERI_1,Public on Oct 02 2014,Sep 12 2013,Oct 02 2014,RNA,1.0,CAL-51 Eribulin_24h,Homo sapiens,cell line: CAL-51,GPL570,USA,Eisai Inc,GSE50811,GSE50811_series_matrix.txt.gz,CAL-51,breast cancer,Breast,CVCL_1110,CAL-51,Cello Cell line Name,cal51
GSM1230005,GSM1230005,CAL-51_ERI_2,Public on Oct 02 2014,Sep 12 2013,Oct 02 2014,RNA,1.0,CAL-51 Eribulin_24h,Homo sapiens,cell line: CAL-51,GPL570,USA,Eisai Inc,GSE50811,GSE50811_series_matrix.txt.gz,CAL-51,breast cancer,Breast,CVCL_1110,CAL-51,Cello Cell line Name,cal51
GSM1230006,GSM1230006,CAL-51_ERI_3,Public on Oct 02 2014,Sep 12 2013,Oct 02 2014,RNA,1.0,CAL-51 Eribulin_24h,Homo sapiens,cell line: CAL-51,GPL570,USA,Eisai Inc,GSE50811,GSE50811_series_matrix.txt.gz,CAL-51,breast cancer,Breast,CVCL_1110,CAL-51,Cello Cell line Name,cal51
GSM1230007,GSM1230007,CAL-51_PTX_1,Public on Oct 02 2014,Sep 12 2013,Oct 02 2014,RNA,1.0,CAL-51 Paclitaxel_24h,Homo sapiens,cell line: CAL-51,GPL570,USA,Eisai Inc,GSE50811,GSE50811_series_matrix.txt.gz,CAL-51,breast cancer,Breast,CVCL_1110,CAL-51,Cello Cell line Name,cal51
GSM1230008,GSM1230008,CAL-51_PTX_2,Public on Oct 02 2014,Sep 12 2013,Oct 02 2014,RNA,1.0,CAL-51 Paclitaxel_24h,Homo sapiens,cell line: CAL-51,GPL570,USA,Eisai Inc,GSE50811,GSE50811_series_matrix.txt.gz,CAL-51,breast cancer,Breast,CVCL_1110,CAL-51,Cello Cell line Name,cal51
GSM1230009,GSM1230009,CAL-51_PTX_3,Public on Oct 02 2014,Sep 12 2013,Oct 02 2014,RNA,1.0,CAL-51 Paclitaxel_24h,Homo sapiens,cell line: CAL-51,GPL570,USA,Eisai Inc,GSE50811,GSE50811_series_matrix.txt.gz,CAL-51,breast cancer,Breast,CVCL_1110,CAL-51,Cello Cell line Name,cal51
GSM1230010,GSM1230010,MDA-MB-436_Ctrl_1,Public on Oct 02 2014,Sep 12 2013,Oct 02 2014,RNA,1.0,MDA-MB-436 Control,Homo sapiens,cell line: MDA-MB-436,GPL570,USA,Eisai Inc,GSE50811,GSE50811_series_matrix.txt.gz,MDA-MB-436,breast cancer,Breast,CVCL_0623,MDA-MB-436,Cello Cell line Name,mdamb436
GSM1230011,GSM1230011,MDA-MB-436_Ctrl_2,Public on Oct 02 2014,Sep 12 2013,Oct 02 2014,RNA,1.0,MDA-MB-436 Control,Homo sapiens,cell line: MDA-MB-436,GPL570,USA,Eisai Inc,GSE50811,GSE50811_series_matrix.txt.gz,MDA-MB-436,breast cancer,Breast,CVCL_0623,MDA-MB-436,Cello Cell line Name,mdamb436
GSM1230012,GSM1230012,MDA-MB-436_Ctrl_3,Public on Oct 02 2014,Sep 12 2013,Oct 02 2014,RNA,1.0,MDA-MB-436 Control,Homo sapiens,cell line: MDA-MB-436,GPL570,USA,Eisai Inc,GSE50811,GSE50811_series_matrix.txt.gz,MDA-MB-436,breast cancer,Breast,CVCL_0623,MDA-MB-436,Cello Cell line Name,mdamb436
GSM1230013,GSM1230013,MDA-MB-436_ERI_1,Public on Oct 02 2014,Sep 12 2013,Oct 02 2014,RNA,1.0,MDA-MB-436 Eribulin_24h,Homo sapiens,cell line: MDA-MB-436,GPL570,USA,Eisai Inc,GSE50811,GSE50811_series_matrix.txt.gz,MDA-MB-436,breast cancer,Breast,CVCL_0623,MDA-MB-436,Cello Cell line Name,mdamb436
GSM1230014,GSM1230014,MDA-MB-436_ERI_2,Public on Oct 02 2014,Sep 12 2013,Oct 02 2014,RNA,1.0,MDA-MB-436 Eribulin_24h,Homo sapiens,cell line: MDA-MB-436,GPL570,USA,Eisai Inc,GSE50811,GSE50811_series_matrix.txt.gz,MDA-MB-436,breast cancer,Breast,CVCL_0623,MDA-MB-436,Cello Cell line Name,mdamb436
GSM1230015,GSM1230015,MDA-MB-436_ERI_3,Public on Oct 02 2014,Sep 12 2013,Oct 02 2014,RNA,1.0,MDA-MB-436 Eribulin_24h,Homo sapiens,cell line: MDA-MB-436,GPL570,USA,Eisai Inc,GSE50811,GSE50811_series_matrix.txt.gz,MDA-MB-436,breast cancer,Breast,CVCL_0623,MDA-MB-436,Cello Cell line Name,mdamb436
GSM1230016,GSM1230016,MDA-MB-436_PTX_1,Public on Oct 02 2014,Sep 12 2013,Oct 02 2014,RNA,1.0,MDA-MB-436 Paclitaxel_24h,Homo sapiens,cell line: MDA-MB-436,GPL570,USA,Eisai Inc,GSE50811,GSE50811_series_matrix.txt.gz,MDA-MB-436,breast cancer,Breast,CVCL_0623,MDA-MB-436,Cello Cell line Name,mdamb436
GSM1230017,GSM1230017,MDA-MB-436_PTX_2,Public on Oct 02 2014,Sep 12 2013,Oct 02 2014,RNA,1.0,MDA-MB-436 Paclitaxel_24h,Homo sapiens,cell line: MDA-MB-436,GPL570,USA,Eisai Inc,GSE50811,GSE50811_series_matrix.txt.gz,MDA-MB-436,breast cancer,Breast,CVCL_0623,MDA-MB-436,Cello Cell line Name,mdamb436
GSM1230018,GSM1230018,MDA-MB-436_PTX_3,Public on Oct 02 2014,Sep 12 2013,Oct 02 2014,RNA,1.0,MDA-MB-436 Paclitaxel_24h,Homo sapiens,cell line: MDA-MB-436,GPL570,USA,Eisai Inc,GSE50811,GSE50811_series_matrix.txt.gz,MDA-MB-436,breast cancer,Breast,CVCL_0623,MDA-MB-436,Cello Cell line Name,mdamb436
GSM1230019,GSM1230019,BT-549_Ctrl_1,Public on Oct 02 2014,Sep 12 2013,Oct 02 2014,RNA,1.0,BT-549 Control,Homo sapiens,cell line: BT-549,GPL570,USA,Eisai Inc,GSE50811,GSE50811_series_matrix.txt.gz,BT-549,breast cancer,Breast,CVCL_1092,BT-549,Cello Cell line Name,bt549
GSM1230020,GSM1230020,BT-549_Ctrl_2,Public on Oct 02 2014,Sep 12 2013,Oct 02 2014,RNA,1.0,BT-549 Control,Homo sapiens,cell line: BT-549,GPL570,USA,Eisai Inc,GSE50811,GSE50811_series_matrix.txt.gz,BT-549,breast cancer,Breast,CVCL_1092,BT-549,Cello Cell line Name,bt549
GSM1230021,GSM1230021,BT-549_Ctrl_3,Public on Oct 02 2014,Sep 12 2013,Oct 02 2014,RNA,1.0,BT-549 Control,Homo sapiens,cell line: BT-549,GPL570,USA,Eisai Inc,GSE50811,GSE50811_series_matrix.txt.gz,BT-549,breast cancer,Breast,CVCL_1092,BT-549,Cello Cell line Name,bt549
GSM1230022,GSM1230022,BT-549_ERI_1,Public on Oct 02 2014,Sep 12 2013,Oct 02 2014,RNA,1.0,BT-549 Eribulin_24h,Homo sapiens,cell line: BT-549,GPL570,USA,Eisai Inc,GSE50811,GSE50811_series_matrix.txt.gz,BT-549,breast cancer,Breast,CVCL_1092,BT-549,Cello Cell line Name,bt549
GSM1230023,GSM1230023,BT-549_ERI_2,Public on Oct 02 2014,Sep 12 2013,Oct 02 2014,RNA,1.0,BT-549 Eribulin_24h,Homo sapiens,cell line: BT-549,GPL570,USA,Eisai Inc,GSE50811,GSE50811_series_matrix.txt.gz,BT-549,breast cancer,Breast,CVCL_1092,BT-549,Cello Cell line Name,bt549
GSM1230024,GSM1230024,BT-549_ERI_3,Public on Oct 02 2014,Sep 12 2013,Oct 02 2014,RNA,1.0,BT-549 Eribulin_24h,Homo sapiens,cell line: BT-549,GPL570,USA,Eisai Inc,GSE50811,GSE50811_series_matrix.txt.gz,BT-549,breast cancer,Breast,CVCL_1092,BT-549,Cello Cell line Name,bt549
GSM1230025,GSM1230025,BT-549_PTX_1,Public on Oct 02 2014,Sep 12 2013,Oct 02 2014,RNA,1.0,BT-549 Paclitaxel_24h,Homo sapiens,cell line: BT-549,GPL570,USA,Eisai Inc,GSE50811,GSE50811_series_matrix.txt.gz,BT-549,breast cancer,Breast,CVCL_1092,BT-549,Cello Cell line Name,bt549
GSM1230026,GSM1230026,BT-549_PTX_2,Public on Oct 02 2014,Sep 12 2013,Oct 02 2014,RNA,1.0,BT-549 Paclitaxel_24h,Homo sapiens,cell line: BT-549,GPL570,USA,Eisai Inc,GSE50811,GSE50811_series_matrix.txt.gz,BT-549,breast cancer,Breast,CVCL_1092,BT-549,Cello Cell line Name,bt549
GSM1230027,GSM1230027,BT-549_PTX_3,Public on Oct 02 2014,Sep 12 2013,Oct 02 2014,RNA,1.0,BT-549 Paclitaxel_24h,Homo sapiens,cell line: BT-549,GPL570,USA,Eisai Inc,GSE50811,GSE50811_series_matrix.txt.gz,BT-549,breast cancer,Breast,CVCL_1092,BT-549,Cello Cell line Name,bt549
GSM1230028,GSM1230028,Hs578T_Ctrl_1,Public on Oct 02 2014,Sep 12 2013,Oct 02 2014,RNA,1.0,Hs578T Control,Homo sapiens,cell line: Hs578T,GPL570,USA,Eisai Inc,GSE50811,GSE50811_series_matrix.txt.gz,Hs578T,breast cancer,Breast,CVCL_0332,Hs578T,Cello Cell line Synonym,hs578t
GSM1230029,GSM1230029,Hs578T_Ctrl_2,Public on Oct 02 2014,Sep 12 2013,Oct 02 2014,RNA,1.0,Hs578T Control,Homo sapiens,cell line: Hs578T,GPL570,USA,Eisai Inc,GSE50811,GSE50811_series_matrix.txt.gz,Hs578T,breast cancer,Breast,CVCL_0332,Hs578T,Cello Cell line Synonym,hs578t
GSM1230030,GSM1230030,Hs578T_Ctrl_3,Public on Oct 02 2014,Sep 12 2013,Oct 02 2014,RNA,1.0,Hs578T Control,Homo sapiens,cell line: Hs578T,GPL570,USA,Eisai Inc,GSE50811,GSE50811_series_matrix.txt.gz,Hs578T,breast cancer,Breast,CVCL_0332,Hs578T,Cello Cell line Synonym,hs578t
GSM1230031,GSM1230031,Hs578T_ERI_1,Public on Oct 02 2014,Sep 12 2013,Oct 02 2014,RNA,1.0,Hs578T Eribulin_24h,Homo sapiens,cell line: Hs578T,GPL570,USA,Eisai Inc,GSE50811,GSE50811_series_matrix.txt.gz,Hs578T,breast cancer,Breast,CVCL_0332,Hs578T,Cello Cell line Synonym,hs578t
GSM1230032,GSM1230032,Hs578T_ERI_2,Public on Oct 02 2014,Sep 12 2013,Oct 02 2014,RNA,1.0,Hs578T Eribulin_24h,Homo sapiens,cell line: Hs578T,GPL570,USA,Eisai Inc,GSE50811,GSE50811_series_matrix.txt.gz,Hs578T,breast cancer,Breast,CVCL_0332,Hs578T,Cello Cell line Synonym,hs578t
GSM1230033,GSM1230033,Hs578T_ERI_3,Public on Oct 02 2014,Sep 12 2013,Oct 02 2014,RNA,1.0,Hs578T Eribulin_24h,Homo sapiens,cell line: Hs578T,GPL570,USA,Eisai Inc,GSE50811,GSE50811_series_matrix.txt.gz,Hs578T,breast cancer,Breast,CVCL_0332,Hs578T,Cello Cell line Synonym,hs578t
GSM1230034,GSM1230034,Hs578T_PTX_1,Public on Oct 02 2014,Sep 12 2013,Oct 02 2014,RNA,1.0,Hs578T Paclitaxel_24h,Homo sapiens,cell line: Hs578T,GPL570,USA,Eisai Inc,GSE50811,GSE50811_series_matrix.txt.gz,Hs578T,breast cancer,Breast,CVCL_0332,Hs578T,Cello Cell line Synonym,hs578t
GSM1230035,GSM1230035,Hs578T_PTX_2,Public on Oct 02 2014,Sep 12 2013,Oct 02 2014,RNA,1.0,Hs578T Paclitaxel_24h,Homo sapiens,cell line: Hs578T,GPL570,USA,Eisai Inc,GSE50811,GSE50811_series_matrix.txt.gz,Hs578T,breast cancer,Breast,CVCL_0332,Hs578T,Cello Cell line Synonym,hs578t
GSM1230036,GSM1230036,Hs578T_PTX_3,Public on Oct 02 2014,Sep 12 2013,Oct 02 2014,RNA,1.0,Hs578T Paclitaxel_24h,Homo sapiens,cell line: Hs578T,GPL570,USA,Eisai Inc,GSE50811,GSE50811_series_matrix.txt.gz,Hs578T,breast cancer,Breast,CVCL_0332,Hs578T,Cello Cell line Synonym,hs578t
GSM1230037,GSM1230037,ZRT_Ctrl_1,Public on Oct 02 2014,Sep 12 2013,Oct 02 2014,RNA,1.0,ZRT Control,Homo sapiens,cell line: ZRT,GPL570,USA,Eisai Inc,GSE50811,GSE50811_series_matrix.txt.gz,ZRT,breast cancer,Breast,,,,zrt
GSM1230038,GSM1230038,ZRT_Ctrl_2,Public on Oct 02 2014,Sep 12 2013,Oct 02 2014,RNA,1.0,ZRT Control,Homo sapiens,cell line: ZRT,GPL570,USA,Eisai Inc,GSE50811,GSE50811_series_matrix.txt.gz,ZRT,breast cancer,Breast,,,,zrt
GSM1230039,GSM1230039,ZRT_ERI_1,Public on Oct 02 2014,Sep 12 2013,Oct 02 2014,RNA,1.0,ZRT Eribulin_24h,Homo sapiens,cell line: ZRT,GPL570,USA,Eisai Inc,GSE50811,GSE50811_series_matrix.txt.gz,ZRT,breast cancer,Breast,,,,zrt
GSM1230040,GSM1230040,ZRT_ERI_2,Public on Oct 02 2014,Sep 12 2013,Oct 02 2014,RNA,1.0,ZRT Eribulin_24h,Homo sapiens,cell line: ZRT,GPL570,USA,Eisai Inc,GSE50811,GSE50811_series_matrix.txt.gz,ZRT,breast cancer,Breast,,,,zrt
GSM1230041,GSM1230041,ZRT_ERI_3,Public on Oct 02 2014,Sep 12 2013,Oct 02 2014,RNA,1.0,ZRT Eribulin_24h,Homo sapiens,cell line: ZRT,GPL570,USA,Eisai Inc,GSE50811,GSE50811_series_matrix.txt.gz,ZRT,breast cancer,Breast,,,,zrt
GSM1230042,GSM1230042,ZRT_PTX_1,Public on Oct 02 2014,Sep 12 2013,Oct 02 2014,RNA,1.0,ZRT Paclitaxel_24h,Homo sapiens,cell line: ZRT,GPL570,USA,Eisai Inc,GSE50811,GSE50811_series_matrix.txt.gz,ZRT,breast cancer,Breast,,,,zrt
GSM1230043,GSM1230043,ZRT_PTX_2,Public on Oct 02 2014,Sep 12 2013,Oct 02 2014,RNA,1.0,ZRT Paclitaxel_24h,Homo sapiens,cell line: ZRT,GPL570,USA,Eisai Inc,GSE50811,GSE50811_series_matrix.txt.gz,ZRT,breast cancer,Breast,,,,zrt
GSM1230044,GSM1230044,ZRT_PTX_3,Public on Oct 02 2014,Sep 12 2013,Oct 02 2014,RNA,1.0,ZRT Paclitaxel_24h,Homo sapiens,cell line: ZRT,GPL570,USA,Eisai Inc,GSE50811,GSE50811_series_matrix.txt.gz,ZRT,breast cancer,Breast,,,,zrt
GSM1230045,GSM1230045,T47D_Ctrl_1,Public on Oct 02 2014,Sep 12 2013,Oct 02 2014,RNA,1.0,T47D Control,Homo sapiens,cell line: T47D,GPL570,USA,Eisai Inc,GSE50811,GSE50811_series_matrix.txt.gz,T47D,breast cancer,Breast,CVCL_0553,T47D,Cello Cell line Synonym,t47d
GSM1230046,GSM1230046,T47D_Ctrl_2,Public on Oct 02 2014,Sep 12 2013,Oct 02 2014,RNA,1.0,T47D Control,Homo sapiens,cell line: T47D,GPL570,USA,Eisai Inc,GSE50811,GSE50811_series_matrix.txt.gz,T47D,breast cancer,Breast,CVCL_0553,T47D,Cello Cell line Synonym,t47d
GSM1230047,GSM1230047,T47D_Ctrl_3,Public on Oct 02 2014,Sep 12 2013,Oct 02 2014,RNA,1.0,T47D Control,Homo sapiens,cell line: T47D,GPL570,USA,Eisai Inc,GSE50811,GSE50811_series_matrix.txt.gz,T47D,breast cancer,Breast,CVCL_0553,T47D,Cello Cell line Synonym,t47d
GSM1230048,GSM1230048,T47D_ERI_1,Public on Oct 02 2014,Sep 12 2013,Oct 02 2014,RNA,1.0,T47D Eribulin_24h,Homo sapiens,cell line: T47D,GPL570,USA,Eisai Inc,GSE50811,GSE50811_series_matrix.txt.gz,T47D,breast cancer,Breast,CVCL_0553,T47D,Cello Cell line Synonym,t47d
GSM1230049,GSM1230049,T47D_ERI_2,Public on Oct 02 2014,Sep 12 2013,Oct 02 2014,RNA,1.0,T47D Eribulin_24h,Homo sapiens,cell line: T47D,GPL570,USA,Eisai Inc,GSE50811,GSE50811_series_matrix.txt.gz,T47D,breast cancer,Breast,CVCL_0553,T47D,Cello Cell line Synonym,t47d
GSM1230050,GSM1230050,T47D_ERI_3,Public on Oct 02 2014,Sep 12 2013,Oct 02 2014,RNA,1.0,T47D Eribulin_24h,Homo sapiens,cell line: T47D,GPL570,USA,Eisai Inc,GSE50811,GSE50811_series_matrix.txt.gz,T47D,breast cancer,Breast,CVCL_0553,T47D,Cello Cell line Synonym,t47d
GSM1230051,GSM1230051,T47D_PTX_1,Public on Oct 02 2014,Sep 12 2013,Oct 02 2014,RNA,1.0,T47D Paclitaxel_24h,Homo sapiens,cell line: T47D,GPL570,USA,Eisai Inc,GSE50811,GSE50811_series_matrix.txt.gz,T47D,breast cancer,Breast,CVCL_0553,T47D,Cello Cell line Synonym,t47d
GSM1230052,GSM1230052,T47D_PTX_2,Public on Oct 02 2014,Sep 12 2013,Oct 02 2014,RNA,1.0,T47D Paclitaxel_24h,Homo sapiens,cell line: T47D,GPL570,USA,Eisai Inc,GSE50811,GSE50811_series_matrix.txt.gz,T47D,breast cancer,Breast,CVCL_0553,T47D,Cello Cell line Synonym,t47d
GSM1230053,GSM1230053,T47D_PTX_3,Public on Oct 02 2014,Sep 12 2013,Oct 02 2014,RNA,1.0,T47D Paclitaxel_24h,Homo sapiens,cell line: T47D,GPL570,USA,Eisai Inc,GSE50811,GSE50811_series_matrix.txt.gz,T47D,breast cancer,Breast,CVCL_0553,T47D,Cello Cell line Synonym,t47d
GSM1230054,GSM1230054,MCF-7_Ctrl_1,Public on Oct 02 2014,Sep 12 2013,Oct 02 2014,RNA,1.0,MCF-7 Control,Homo sapiens,cell line: MCF-7,GPL570,USA,Eisai Inc,GSE50811,GSE50811_series_matrix.txt.gz,MCF-7,breast cancer,Breast,CVCL_0031,MCF-7,Cello Cell line Name,mcf7
GSM1230055,GSM1230055,MCF-7_Ctrl_2,Public on Oct 02 2014,Sep 12 2013,Oct 02 2014,RNA,1.0,MCF-7 Control,Homo sapiens,cell line: MCF-7,GPL570,USA,Eisai Inc,GSE50811,GSE50811_series_matrix.txt.gz,MCF-7,breast cancer,Breast,CVCL_0031,MCF-7,Cello Cell line Name,mcf7
GSM1230056,GSM1230056,MCF-7_Ctrl_3,Public on Oct 02 2014,Sep 12 2013,Oct 02 2014,RNA,1.0,MCF-7 Control,Homo sapiens,cell line: MCF-7,GPL570,USA,Eisai Inc,GSE50811,GSE50811_series_matrix.txt.gz,MCF-7,breast cancer,Breast,CVCL_0031,MCF-7,Cello Cell line Name,mcf7
GSM1230057,GSM1230057,MCF-7_ERI_1,Public on Oct 02 2014,Sep 12 2013,Oct 02 2014,RNA,1.0,MCF-7 Eribulin_24h,Homo sapiens,cell line: MCF-7,GPL570,USA,Eisai Inc,GSE50811,GSE50811_series_matrix.txt.gz,MCF-7,breast cancer,Breast,CVCL_0031,MCF-7,Cello Cell line Name,mcf7
GSM1230058,GSM1230058,MCF-7_ERI_2,Public on Oct 02 2014,Sep 12 2013,Oct 02 2014,RNA,1.0,MCF-7 Eribulin_24h,Homo sapiens,cell line: MCF-7,GPL570,USA,Eisai Inc,GSE50811,GSE50811_series_matrix.txt.gz,MCF-7,breast cancer,Breast,CVCL_0031,MCF-7,Cello Cell line Name,mcf7
GSM1230059,GSM1230059,MCF-7_ERI_3,Public on Oct 02 2014,Sep 12 2013,Oct 02 2014,RNA,1.0,MCF-7 Eribulin_24h,Homo sapiens,cell line: MCF-7,GPL570,USA,Eisai Inc,GSE50811,GSE50811_series_matrix.txt.gz,MCF-7,breast cancer,Breast,CVCL_0031,MCF-7,Cello Cell line Name,mcf7
GSM1230060,GSM1230060,MCF-7_PTX_1,Public on Oct 02 2014,Sep 12 2013,Oct 02 2014,RNA,1.0,MCF-7 Paclitaxel_24h,Homo sapiens,cell line: MCF-7,GPL570,USA,Eisai Inc,GSE50811,GSE50811_series_matrix.txt.gz,MCF-7,breast cancer,Breast,CVCL_0031,MCF-7,Cello Cell line Name,mcf7
GSM1230061,GSM1230061,MCF-7_PTX_2,Public on Oct 02 2014,Sep 12 2013,Oct 02 2014,RNA,1.0,MCF-7 Paclitaxel_24h,Homo sapiens,cell line: MCF-7,GPL570,USA,Eisai Inc,GSE50811,GSE50811_series_matrix.txt.gz,MCF-7,breast cancer,Breast,CVCL_0031,MCF-7,Cello Cell line Name,mcf7
GSM1230062,GSM1230062,MCF-7_PTX_3,Public on Oct 02 2014,Sep 12 2013,Oct 02 2014,RNA,1.0,MCF-7 Paclitaxel_24h,Homo sapiens,cell line: MCF-7,GPL570,USA,Eisai Inc,GSE50811,GSE50811_series_matrix.txt.gz,MCF-7,breast cancer,Breast,CVCL_0031,MCF-7,Cello Cell line Name,mcf7
GSM1230063,GSM1230063,HCC-1954_Ctrl_1,Public on Oct 02 2014,Sep 12 2013,Oct 02 2014,RNA,1.0,HCC-1954 Control,Homo sapiens,cell line: HCC-1954,GPL570,USA,Eisai Inc,GSE50811,GSE50811_series_matrix.txt.gz,HCC-1954,breast cancer,Breast,CVCL_1259,HCC-1954,Cello Cell line Synonym,hcc1954
GSM1230064,GSM1230064,HCC-1954_Ctrl_2,Public on Oct 02 2014,Sep 12 2013,Oct 02 2014,RNA,1.0,HCC-1954 Control,Homo sapiens,cell line: HCC-1954,GPL570,USA,Eisai Inc,GSE50811,GSE50811_series_matrix.txt.gz,HCC-1954,breast cancer,Breast,CVCL_1259,HCC-1954,Cello Cell line Synonym,hcc1954
GSM1230065,GSM1230065,HCC-1954_Ctrl_3,Public on Oct 02 2014,Sep 12 2013,Oct 02 2014,RNA,1.0,HCC-1954 Control,Homo sapiens,cell line: HCC-1954,GPL570,USA,Eisai Inc,GSE50811,GSE50811_series_matrix.txt.gz,HCC-1954,breast cancer,Breast,CVCL_1259,HCC-1954,Cello Cell line Synonym,hcc1954
GSM1230066,GSM1230066,HCC-1954_ERI_1,Public on Oct 02 2014,Sep 12 2013,Oct 02 2014,RNA,1.0,HCC-1954 Eribulin_24h,Homo sapiens,cell line: HCC-1954,GPL570,USA,Eisai Inc,GSE50811,GSE50811_series_matrix.txt.gz,HCC-1954,breast cancer,Breast,CVCL_1259,HCC-1954,Cello Cell line Synonym,hcc1954
GSM1230067,GSM1230067,HCC-1954_ERI_2,Public on Oct 02 2014,Sep 12 2013,Oct 02 2014,RNA,1.0,HCC-1954 Eribulin_24h,Homo sapiens,cell line: HCC-1954,GPL570,USA,Eisai Inc,GSE50811,GSE50811_series_matrix.txt.gz,HCC-1954,breast cancer,Breast,CVCL_1259,HCC-1954,Cello Cell line Synonym,hcc1954
GSM1230068,GSM1230068,HCC-1954_ERI_3,Public on Oct 02 2014,Sep 12 2013,Oct 02 2014,RNA,1.0,HCC-1954 Eribulin_24h,Homo sapiens,cell line: HCC-1954,GPL570,USA,Eisai Inc,GSE50811,GSE50811_series_matrix.txt.gz,HCC-1954,breast cancer,Breast,CVCL_1259,HCC-1954,Cello Cell line Synonym,hcc1954
GSM1230069,GSM1230069,HCC-1954_PTX_1,Public on Oct 02 2014,Sep 12 2013,Oct 02 2014,RNA,1.0,HCC-1954 Paclitaxel_24h,Homo sapiens,cell line: HCC-1954,GPL570,USA,Eisai Inc,GSE50811,GSE50811_series_matrix.txt.gz,HCC-1954,breast cancer,Breast,CVCL_1259,HCC-1954,Cello Cell line Synonym,hcc1954
GSM1230070,GSM1230070,HCC-1954_PTX_2,Public on Oct 02 2014,Sep 12 2013,Oct 02 2014,RNA,1.0,HCC-1954 Paclitaxel_24h,Homo sapiens,cell line: HCC-1954,GPL570,USA,Eisai Inc,GSE50811,GSE50811_series_matrix.txt.gz,HCC-1954,breast cancer,Breast,CVCL_1259,HCC-1954,Cello Cell line Synonym,hcc1954
GSM1230071,GSM1230071,HCC-1954_PTX_3,Public on Oct 02 2014,Sep 12 2013,Oct 02 2014,RNA,1.0,HCC-1954 Paclitaxel_24h,Homo sapiens,cell line: HCC-1954,GPL570,USA,Eisai Inc,GSE50811,GSE50811_series_matrix.txt.gz,HCC-1954,breast cancer,Breast,CVCL_1259,HCC-1954,Cello Cell line Synonym,hcc1954
GSM1230072,GSM1230072,HCC-1806_Ctrl_1,Public on Oct 02 2014,Sep 12 2013,Oct 02 2014,RNA,1.0,HCC-1806 Control,Homo sapiens,cell line: HCC-1806,GPL570,USA,Eisai Inc,GSE50811,GSE50811_series_matrix.txt.gz,HCC-1806,breast cancer,Breast,CVCL_1258,HCC-1806,Cello Cell line Synonym,hcc1806
GSM1230073,GSM1230073,HCC-1806_Ctrl_2,Public on Oct 02 2014,Sep 12 2013,Oct 02 2014,RNA,1.0,HCC-1806 Control,Homo sapiens,cell line: HCC-1806,GPL570,USA,Eisai Inc,GSE50811,GSE50811_series_matrix.txt.gz,HCC-1806,breast cancer,Breast,CVCL_1258,HCC-1806,Cello Cell line Synonym,hcc1806
GSM1230074,GSM1230074,HCC-1806_Ctrl_3,Public on Oct 02 2014,Sep 12 2013,Oct 02 2014,RNA,1.0,HCC-1806 Control,Homo sapiens,cell line: HCC-1806,GPL570,USA,Eisai Inc,GSE50811,GSE50811_series_matrix.txt.gz,HCC-1806,breast cancer,Breast,CVCL_1258,HCC-1806,Cello Cell line Synonym,hcc1806
GSM1230075,GSM1230075,HCC-1806_ERI_1,Public on Oct 02 2014,Sep 12 2013,Oct 02 2014,RNA,1.0,HCC-1806 Eribulin_24h,Homo sapiens,cell line: HCC-1806,GPL570,USA,Eisai Inc,GSE50811,GSE50811_series_matrix.txt.gz,HCC-1806,breast cancer,Breast,CVCL_1258,HCC-1806,Cello Cell line Synonym,hcc1806
GSM1230076,GSM1230076,HCC-1806_ERI_2,Public on Oct 02 2014,Sep 12 2013,Oct 02 2014,RNA,1.0,HCC-1806 Eribulin_24h,Homo sapiens,cell line: HCC-1806,GPL570,USA,Eisai Inc,GSE50811,GSE50811_series_matrix.txt.gz,HCC-1806,breast cancer,Breast,CVCL_1258,HCC-1806,Cello Cell line Synonym,hcc1806
GSM1230077,GSM1230077,HCC-1806_ERI_3,Public on Oct 02 2014,Sep 12 2013,Oct 02 2014,RNA,1.0,HCC-1806 Eribulin_24h,Homo sapiens,cell line: HCC-1806,GPL570,USA,Eisai Inc,GSE50811,GSE50811_series_matrix.txt.gz,HCC-1806,breast cancer,Breast,CVCL_1258,HCC-1806,Cello Cell line Synonym,hcc1806
GSM1230078,GSM1230078,HCC-1806_PTX_1,Public on Oct 02 2014,Sep 12 2013,Oct 02 2014,RNA,1.0,HCC-1806 Paclitaxel_24h,Homo sapiens,cell line: HCC-1806,GPL570,USA,Eisai Inc,GSE50811,GSE50811_series_matrix.txt.gz,HCC-1806,breast cancer,Breast,CVCL_1258,HCC-1806,Cello Cell line Synonym,hcc1806
GSM1230079,GSM1230079,HCC-1806_PTX_2,Public on Oct 02 2014,Sep 12 2013,Oct 02 2014,RNA,1.0,HCC-1806 Paclitaxel_24h,Homo sapiens,cell line: HCC-1806,GPL570,USA,Eisai Inc,GSE50811,GSE50811_series_matrix.txt.gz,HCC-1806,breast cancer,Breast,CVCL_1258,HCC-1806,Cello Cell line Synonym,hcc1806
GSM1230080,GSM1230080,HCC-1806_PTX_3,Public on Oct 02 2014,Sep 12 2013,Oct 02 2014,RNA,1.0,HCC-1806 Paclitaxel_24h,Homo sapiens,cell line: HCC-1806,GPL570,USA,Eisai Inc,GSE50811,GSE50811_series_matrix.txt.gz,HCC-1806,breast cancer,Breast,CVCL_1258,HCC-1806,Cello Cell line Synonym,hcc1806
GSM1230081,GSM1230081,SKBR3_Ctrl_1,Public on Oct 02 2014,Sep 12 2013,Oct 02 2014,RNA,1.0,SKBR3 Control,Homo sapiens,cell line: SKBR3,GPL570,USA,Eisai Inc,GSE50811,GSE50811_series_matrix.txt.gz,SKBR3,breast cancer,Breast,CVCL_0033,SKBR3,Cello Cell line Synonym,skbr3
GSM1230082,GSM1230082,SKBR3_Ctrl_2,Public on Oct 02 2014,Sep 12 2013,Oct 02 2014,RNA,1.0,SKBR3 Control,Homo sapiens,cell line: SKBR3,GPL570,USA,Eisai Inc,GSE50811,GSE50811_series_matrix.txt.gz,SKBR3,breast cancer,Breast,CVCL_0033,SKBR3,Cello Cell line Synonym,skbr3
GSM1230083,GSM1230083,SKBR3_Ctrl_3,Public on Oct 02 2014,Sep 12 2013,Oct 02 2014,RNA,1.0,SKBR3 Control,Homo sapiens,cell line: SKBR3,GPL570,USA,Eisai Inc,GSE50811,GSE50811_series_matrix.txt.gz,SKBR3,breast cancer,Breast,CVCL_0033,SKBR3,Cello Cell line Synonym,skbr3
GSM1230084,GSM1230084,SKBR3_ERI_1,Public on Oct 02 2014,Sep 12 2013,Oct 02 2014,RNA,1.0,SKBR3 Eribulin_24h,Homo sapiens,cell line: SKBR3,GPL570,USA,Eisai Inc,GSE50811,GSE50811_series_matrix.txt.gz,SKBR3,breast cancer,Breast,CVCL_0033,SKBR3,Cello Cell line Synonym,skbr3
GSM1230085,GSM1230085,SKBR3_ERI_2,Public on Oct 02 2014,Sep 12 2013,Oct 02 2014,RNA,1.0,SKBR3 Eribulin_24h,Homo sapiens,cell line: SKBR3,GPL570,USA,Eisai Inc,GSE50811,GSE50811_series_matrix.txt.gz,SKBR3,breast cancer,Breast,CVCL_0033,SKBR3,Cello Cell line Synonym,skbr3
GSM1230086,GSM1230086,SKBR3_ERI_3,Public on Oct 02 2014,Sep 12 2013,Oct 02 2014,RNA,1.0,SKBR3 Eribulin_24h,Homo sapiens,cell line: SKBR3,GPL570,USA,Eisai Inc,GSE50811,GSE50811_series_matrix.txt.gz,SKBR3,breast cancer,Breast,CVCL_0033,SKBR3,Cello Cell line Synonym,skbr3
GSM1230087,GSM1230087,SKBR3_PTX_1,Public on Oct 02 2014,Sep 12 2013,Oct 02 2014,RNA,1.0,SKBR3 Paclitaxel_24h,Homo sapiens,cell line: SKBR3,GPL570,USA,Eisai Inc,GSE50811,GSE50811_series_matrix.txt.gz,SKBR3,breast cancer,Breast,CVCL_0033,SKBR3,Cello Cell line Synonym,skbr3
GSM1230088,GSM1230088,SKBR3_PTX_2,Public on Oct 02 2014,Sep 12 2013,Oct 02 2014,RNA,1.0,SKBR3 Paclitaxel_24h,Homo sapiens,cell line: SKBR3,GPL570,USA,Eisai Inc,GSE50811,GSE50811_series_matrix.txt.gz,SKBR3,breast cancer,Breast,CVCL_0033,SKBR3,Cello Cell line Synonym,skbr3
GSM1230089,GSM1230089,SKBR3_PTX_3,Public on Oct 02 2014,Sep 12 2013,Oct 02 2014,RNA,1.0,SKBR3 Paclitaxel_24h,Homo sapiens,cell line: SKBR3,GPL570,USA,Eisai Inc,GSE50811,GSE50811_series_matrix.txt.gz,SKBR3,breast cancer,Breast,CVCL_0033,SKBR3,Cello Cell line Synonym,skbr3
GSM1230090,GSM1230090,HCC-2218_Ctrl_1,Public on Oct 02 2014,Sep 12 2013,Oct 02 2014,RNA,1.0,HCC-2218 Control,Homo sapiens,cell line: HCC-2218,GPL570,USA,Eisai Inc,GSE50811,GSE50811_series_matrix.txt.gz,HCC-2218,breast cancer,Breast,CVCL_1263,HCC-2218,Cello Cell line Synonym,hcc2218
GSM1230091,GSM1230091,HCC-2218_Ctrl_2,Public on Oct 02 2014,Sep 12 2013,Oct 02 2014,RNA,1.0,HCC-2218 Control,Homo sapiens,cell line: HCC-2218,GPL570,USA,Eisai Inc,GSE50811,GSE50811_series_matrix.txt.gz,HCC-2218,breast cancer,Breast,CVCL_1263,HCC-2218,Cello Cell line Synonym,hcc2218
GSM1230092,GSM1230092,HCC-2218_Ctrl_3,Public on Oct 02 2014,Sep 12 2013,Oct 02 2014,RNA,1.0,HCC-2218 Control,Homo sapiens,cell line: HCC-2218,GPL570,USA,Eisai Inc,GSE50811,GSE50811_series_matrix.txt.gz,HCC-2218,breast cancer,Breast,CVCL_1263,HCC-2218,Cello Cell line Synonym,hcc2218
GSM1230093,GSM1230093,HCC-2218_ERI_1,Public on Oct 02 2014,Sep 12 2013,Oct 02 2014,RNA,1.0,HCC-2218 Eribulin_24h,Homo sapiens,cell line: HCC-2218,GPL570,USA,Eisai Inc,GSE50811,GSE50811_series_matrix.txt.gz,HCC-2218,breast cancer,Breast,CVCL_1263,HCC-2218,Cello Cell line Synonym,hcc2218
GSM1230094,GSM1230094,HCC-2218_ERI_2,Public on Oct 02 2014,Sep 12 2013,Oct 02 2014,RNA,1.0,HCC-2218 Eribulin_24h,Homo sapiens,cell line: HCC-2218,GPL570,USA,Eisai Inc,GSE50811,GSE50811_series_matrix.txt.gz,HCC-2218,breast cancer,Breast,CVCL_1263,HCC-2218,Cello Cell line Synonym,hcc2218
GSM1230095,GSM1230095,HCC-2218_ERI_3,Public on Oct 02 2014,Sep 12 2013,Oct 02 2014,RNA,1.0,HCC-2218 Eribulin_24h,Homo sapiens,cell line: HCC-2218,GPL570,USA,Eisai Inc,GSE50811,GSE50811_series_matrix.txt.gz,HCC-2218,breast cancer,Breast,CVCL_1263,HCC-2218,Cello Cell line Synonym,hcc2218
GSM1230096,GSM1230096,HCC-2218_PTX_1,Public on Oct 02 2014,Sep 12 2013,Oct 02 2014,RNA,1.0,HCC-2218 Paclitaxel_24h,Homo sapiens,cell line: HCC-2218,GPL570,USA,Eisai Inc,GSE50811,GSE50811_series_matrix.txt.gz,HCC-2218,breast cancer,Breast,CVCL_1263,HCC-2218,Cello Cell line Synonym,hcc2218
GSM1230097,GSM1230097,HCC-2218_PTX_2,Public on Oct 02 2014,Sep 12 2013,Oct 02 2014,RNA,1.0,HCC-2218 Paclitaxel_24h,Homo sapiens,cell line: HCC-2218,GPL570,USA,Eisai Inc,GSE50811,GSE50811_series_matrix.txt.gz,HCC-2218,breast cancer,Breast,CVCL_1263,HCC-2218,Cello Cell line Synonym,hcc2218
GSM1230098,GSM1230098,HCC-2218_PTX_3,Public on Oct 02 2014,Sep 12 2013,Oct 02 2014,RNA,1.0,HCC-2218 Paclitaxel_24h,Homo sapiens,cell line: HCC-2218,GPL570,USA,Eisai Inc,GSE50811,GSE50811_series_matrix.txt.gz,HCC-2218,breast cancer,Breast,CVCL_1263,HCC-2218,Cello Cell line Synonym,hcc2218
GSM1230099,GSM1230099,BT-474_Ctrl_1,Public on Oct 02 2014,Sep 12 2013,Oct 02 2014,RNA,1.0,BT-474 Control,Homo sapiens,cell line: BT-474,GPL570,USA,Eisai Inc,GSE50811,GSE50811_series_matrix.txt.gz,BT-474,breast cancer,Breast,CVCL_0179,BT-474,Cello Cell line Name,bt474
GSM1230100,GSM1230100,BT-474_Ctrl_2,Public on Oct 02 2014,Sep 12 2013,Oct 02 2014,RNA,1.0,BT-474 Control,Homo sapiens,cell line: BT-474,GPL570,USA,Eisai Inc,GSE50811,GSE50811_series_matrix.txt.gz,BT-474,breast cancer,Breast,CVCL_0179,BT-474,Cello Cell line Name,bt474
GSM1230101,GSM1230101,BT-474_Ctrl_3,Public on Oct 02 2014,Sep 12 2013,Oct 02 2014,RNA,1.0,BT-474 Control,Homo sapiens,cell line: BT-474,GPL570,USA,Eisai Inc,GSE50811,GSE50811_series_matrix.txt.gz,BT-474,breast cancer,Breast,CVCL_0179,BT-474,Cello Cell line Name,bt474
GSM1230102,GSM1230102,BT-474_ERI_1,Public on Oct 02 2014,Sep 12 2013,Oct 02 2014,RNA,1.0,BT-474 Eribulin_24h,Homo sapiens,cell line: BT-474,GPL570,USA,Eisai Inc,GSE50811,GSE50811_series_matrix.txt.gz,BT-474,breast cancer,Breast,CVCL_0179,BT-474,Cello Cell line Name,bt474
GSM1230103,GSM1230103,BT-474_ERI_2,Public on Oct 02 2014,Sep 12 2013,Oct 02 2014,RNA,1.0,BT-474 Eribulin_24h,Homo sapiens,cell line: BT-474,GPL570,USA,Eisai Inc,GSE50811,GSE50811_series_matrix.txt.gz,BT-474,breast cancer,Breast,CVCL_0179,BT-474,Cello Cell line Name,bt474
GSM1230104,GSM1230104,BT-474_ERI_3,Public on Oct 02 2014,Sep 12 2013,Oct 02 2014,RNA,1.0,BT-474 Eribulin_24h,Homo sapiens,cell line: BT-474,GPL570,USA,Eisai Inc,GSE50811,GSE50811_series_matrix.txt.gz,BT-474,breast cancer,Breast,CVCL_0179,BT-474,Cello Cell line Name,bt474
GSM1230105,GSM1230105,BT-474_PTX_1,Public on Oct 02 2014,Sep 12 2013,Oct 02 2014,RNA,1.0,BT-474 Paclitaxel_24h,Homo sapiens,cell line: BT-474,GPL570,USA,Eisai Inc,GSE50811,GSE50811_series_matrix.txt.gz,BT-474,breast cancer,Breast,CVCL_0179,BT-474,Cello Cell line Name,bt474
GSM1230106,GSM1230106,BT-474_PTX_2,Public on Oct 02 2014,Sep 12 2013,Oct 02 2014,RNA,1.0,BT-474 Paclitaxel_24h,Homo sapiens,cell line: BT-474,GPL570,USA,Eisai Inc,GSE50811,GSE50811_series_matrix.txt.gz,BT-474,breast cancer,Breast,CVCL_0179,BT-474,Cello Cell line Name,bt474
GSM1230107,GSM1230107,BT-474_PTX_3,Public on Oct 02 2014,Sep 12 2013,Oct 02 2014,RNA,1.0,BT-474 Paclitaxel_24h,Homo sapiens,cell line: BT-474,GPL570,USA,Eisai Inc,GSE50811,GSE50811_series_matrix.txt.gz,BT-474,breast cancer,Breast,CVCL_0179,BT-474,Cello Cell line Name,bt474
GSM1230108,GSM1230108,DU4475_Ctrl_1,Public on Oct 02 2014,Sep 12 2013,Oct 02 2014,RNA,1.0,DU4475 Control,Homo sapiens,cell line: DU4475,GPL570,USA,Eisai Inc,GSE50811,GSE50811_series_matrix.txt.gz,DU4475,breast cancer,Breast,CVCL_1183,DU4475,Cello Cell line Name,du4475
GSM1230109,GSM1230109,DU4475_Ctrl_2,Public on Oct 02 2014,Sep 12 2013,Oct 02 2014,RNA,1.0,DU4475 Control,Homo sapiens,cell line: DU4475,GPL570,USA,Eisai Inc,GSE50811,GSE50811_series_matrix.txt.gz,DU4475,breast cancer,Breast,CVCL_1183,DU4475,Cello Cell line Name,du4475
GSM1230110,GSM1230110,DU4475_Ctrl_3,Public on Oct 02 2014,Sep 12 2013,Oct 02 2014,RNA,1.0,DU4475 Control,Homo sapiens,cell line: DU4475,GPL570,USA,Eisai Inc,GSE50811,GSE50811_series_matrix.txt.gz,DU4475,breast cancer,Breast,CVCL_1183,DU4475,Cello Cell line Name,du4475
GSM1230111,GSM1230111,DU4475_ERI_1,Public on Oct 02 2014,Sep 12 2013,Oct 02 2014,RNA,1.0,DU4475 Eribulin_24h,Homo sapiens,cell line: DU4475,GPL570,USA,Eisai Inc,GSE50811,GSE50811_series_matrix.txt.gz,DU4475,breast cancer,Breast,CVCL_1183,DU4475,Cello Cell line Name,du4475
GSM1230112,GSM1230112,DU4475_ERI_2,Public on Oct 02 2014,Sep 12 2013,Oct 02 2014,RNA,1.0,DU4475 Eribulin_24h,Homo sapiens,cell line: DU4475,GPL570,USA,Eisai Inc,GSE50811,GSE50811_series_matrix.txt.gz,DU4475,breast cancer,Breast,CVCL_1183,DU4475,Cello Cell line Name,du4475
GSM1230113,GSM1230113,DU4475_ERI_3,Public on Oct 02 2014,Sep 12 2013,Oct 02 2014,RNA,1.0,DU4475 Eribulin_24h,Homo sapiens,cell line: DU4475,GPL570,USA,Eisai Inc,GSE50811,GSE50811_series_matrix.txt.gz,DU4475,breast cancer,Breast,CVCL_1183,DU4475,Cello Cell line Name,du4475
GSM1230114,GSM1230114,DU4475_PTX_1,Public on Oct 02 2014,Sep 12 2013,Oct 02 2014,RNA,1.0,DU4475 Paclitaxel_24h,Homo sapiens,cell line: DU4475,GPL570,USA,Eisai Inc,GSE50811,GSE50811_series_matrix.txt.gz,DU4475,breast cancer,Breast,CVCL_1183,DU4475,Cello Cell line Name,du4475
GSM1230115,GSM1230115,DU4475_PTX_2,Public on Oct 02 2014,Sep 12 2013,Oct 02 2014,RNA,1.0,DU4475 Paclitaxel_24h,Homo sapiens,cell line: DU4475,GPL570,USA,Eisai Inc,GSE50811,GSE50811_series_matrix.txt.gz,DU4475,breast cancer,Breast,CVCL_1183,DU4475,Cello Cell line Name,du4475
GSM1230116,GSM1230116,DU4475_PTX_3,Public on Oct 02 2014,Sep 12 2013,Oct 02 2014,RNA,1.0,DU4475 Paclitaxel_24h,Homo sapiens,cell line: DU4475,GPL570,USA,Eisai Inc,GSE50811,GSE50811_series_matrix.txt.gz,DU4475,breast cancer,Breast,CVCL_1183,DU4475,Cello Cell line Name,du4475
GSM1230117,GSM1230117,HCC-1937_Ctrl_1,Public on Oct 02 2014,Sep 12 2013,Oct 02 2014,RNA,1.0,HCC-1937 Control,Homo sapiens,cell line: HCC-1937,GPL570,USA,Eisai Inc,GSE50811,GSE50811_series_matrix.txt.gz,HCC-1937,breast cancer,Breast,CVCL_0290,HCC-1937,Cello Cell line Synonym,hcc1937
GSM1230118,GSM1230118,HCC-1937_Ctrl_2,Public on Oct 02 2014,Sep 12 2013,Oct 02 2014,RNA,1.0,HCC-1937 Control,Homo sapiens,cell line: HCC-1937,GPL570,USA,Eisai Inc,GSE50811,GSE50811_series_matrix.txt.gz,HCC-1937,breast cancer,Breast,CVCL_0290,HCC-1937,Cello Cell line Synonym,hcc1937
GSM1230119,GSM1230119,HCC-1937_Ctrl_3,Public on Oct 02 2014,Sep 12 2013,Oct 02 2014,RNA,1.0,HCC-1937 Control,Homo sapiens,cell line: HCC-1937,GPL570,USA,Eisai Inc,GSE50811,GSE50811_series_matrix.txt.gz,HCC-1937,breast cancer,Breast,CVCL_0290,HCC-1937,Cello Cell line Synonym,hcc1937
GSM1230120,GSM1230120,HCC-1937_ERI_1,Public on Oct 02 2014,Sep 12 2013,Oct 02 2014,RNA,1.0,HCC-1937 Eribulin_24h,Homo sapiens,cell line: HCC-1937,GPL570,USA,Eisai Inc,GSE50811,GSE50811_series_matrix.txt.gz,HCC-1937,breast cancer,Breast,CVCL_0290,HCC-1937,Cello Cell line Synonym,hcc1937
GSM1230121,GSM1230121,HCC-1937_ERI_2,Public on Oct 02 2014,Sep 12 2013,Oct 02 2014,RNA,1.0,HCC-1937 Eribulin_24h,Homo sapiens,cell line: HCC-1937,GPL570,USA,Eisai Inc,GSE50811,GSE50811_series_matrix.txt.gz,HCC-1937,breast cancer,Breast,CVCL_0290,HCC-1937,Cello Cell line Synonym,hcc1937
GSM1230122,GSM1230122,HCC-1937_ERI_3,Public on Oct 02 2014,Sep 12 2013,Oct 02 2014,RNA,1.0,HCC-1937 Eribulin_24h,Homo sapiens,cell line: HCC-1937,GPL570,USA,Eisai Inc,GSE50811,GSE50811_series_matrix.txt.gz,HCC-1937,breast cancer,Breast,CVCL_0290,HCC-1937,Cello Cell line Synonym,hcc1937
GSM1230123,GSM1230123,HCC-1937_PTX_1,Public on Oct 02 2014,Sep 12 2013,Oct 02 2014,RNA,1.0,HCC-1937 Paclitaxel_24h,Homo sapiens,cell line: HCC-1937,GPL570,USA,Eisai Inc,GSE50811,GSE50811_series_matrix.txt.gz,HCC-1937,breast cancer,Breast,CVCL_0290,HCC-1937,Cello Cell line Synonym,hcc1937
GSM1230124,GSM1230124,HCC-1937_PTX_2,Public on Oct 02 2014,Sep 12 2013,Oct 02 2014,RNA,1.0,HCC-1937 Paclitaxel_24h,Homo sapiens,cell line: HCC-1937,GPL570,USA,Eisai Inc,GSE50811,GSE50811_series_matrix.txt.gz,HCC-1937,breast cancer,Breast,CVCL_0290,HCC-1937,Cello Cell line Synonym,hcc1937
GSM1230125,GSM1230125,HCC-1937_PTX_3,Public on Oct 02 2014,Sep 12 2013,Oct 02 2014,RNA,1.0,HCC-1937 Paclitaxel_24h,Homo sapiens,cell line: HCC-1937,GPL570,USA,Eisai Inc,GSE50811,GSE50811_series_matrix.txt.gz,HCC-1937,breast cancer,Breast,CVCL_0290,HCC-1937,Cello Cell line Synonym,hcc1937
GSM1230126,GSM1230126,HCC-1143_Ctrl_1,Public on Oct 02 2014,Sep 12 2013,Oct 02 2014,RNA,1.0,HCC-1143 Control,Homo sapiens,cell line: HCC-1143,GPL570,USA,Eisai Inc,GSE50811,GSE50811_series_matrix.txt.gz,HCC-1143,breast cancer,Breast,CVCL_1245,HCC-1143,Cello Cell line Synonym,hcc1143
GSM1230127,GSM1230127,HCC-1143_Ctrl_2,Public on Oct 02 2014,Sep 12 2013,Oct 02 2014,RNA,1.0,HCC-1143 Control,Homo sapiens,cell line: HCC-1143,GPL570,USA,Eisai Inc,GSE50811,GSE50811_series_matrix.txt.gz,HCC-1143,breast cancer,Breast,CVCL_1245,HCC-1143,Cello Cell line Synonym,hcc1143
GSM1230128,GSM1230128,HCC-1143_ERI_1,Public on Oct 02 2014,Sep 12 2013,Oct 02 2014,RNA,1.0,HCC-1143 Eribulin_24h,Homo sapiens,cell line: HCC-1143,GPL570,USA,Eisai Inc,GSE50811,GSE50811_series_matrix.txt.gz,HCC-1143,breast cancer,Breast,CVCL_1245,HCC-1143,Cello Cell line Synonym,hcc1143
GSM1230129,GSM1230129,HCC-1143_ERI_2,Public on Oct 02 2014,Sep 12 2013,Oct 02 2014,RNA,1.0,HCC-1143 Eribulin_24h,Homo sapiens,cell line: HCC-1143,GPL570,USA,Eisai Inc,GSE50811,GSE50811_series_matrix.txt.gz,HCC-1143,breast cancer,Breast,CVCL_1245,HCC-1143,Cello Cell line Synonym,hcc1143
GSM1230130,GSM1230130,HCC-1143_ERI_3,Public on Oct 02 2014,Sep 12 2013,Oct 02 2014,RNA,1.0,HCC-1143 Eribulin_24h,Homo sapiens,cell line: HCC-1143,GPL570,USA,Eisai Inc,GSE50811,GSE50811_series_matrix.txt.gz,HCC-1143,breast cancer,Breast,CVCL_1245,HCC-1143,Cello Cell line Synonym,hcc1143
GSM1230131,GSM1230131,HCC-1143_PTX_1,Public on Oct 02 2014,Sep 12 2013,Oct 02 2014,RNA,1.0,HCC-1143 Paclitaxel_24h,Homo sapiens,cell line: HCC-1143,GPL570,USA,Eisai Inc,GSE50811,GSE50811_series_matrix.txt.gz,HCC-1143,breast cancer,Breast,CVCL_1245,HCC-1143,Cello Cell line Synonym,hcc1143
GSM1230132,GSM1230132,HCC-1143_PTX_2,Public on Oct 02 2014,Sep 12 2013,Oct 02 2014,RNA,1.0,HCC-1143 Paclitaxel_24h,Homo sapiens,cell line: HCC-1143,GPL570,USA,Eisai Inc,GSE50811,GSE50811_series_matrix.txt.gz,HCC-1143,breast cancer,Breast,CVCL_1245,HCC-1143,Cello Cell line Synonym,hcc1143
GSM1230133,GSM1230133,HCC-1143_PTX_3,Public on Oct 02 2014,Sep 12 2013,Oct 02 2014,RNA,1.0,HCC-1143 Paclitaxel_24h,Homo sapiens,cell line: HCC-1143,GPL570,USA,Eisai Inc,GSE50811,GSE50811_series_matrix.txt.gz,HCC-1143,breast cancer,Breast,CVCL_1245,HCC-1143,Cello Cell line Synonym,hcc1143
GSM1230134,GSM1230134,MDA-MB-231_Ctrl_1,Public on Oct 02 2014,Sep 12 2013,Oct 02 2014,RNA,1.0,MDA-MB-231 Control,Homo sapiens,cell line: MDA-MB-231,GPL570,USA,Eisai Inc,GSE50811,GSE50811_series_matrix.txt.gz,MDA-MB-231,breast cancer,Breast,CVCL_0062,MDA-MB-231,Cello Cell line Name,mdamb231
GSM1230135,GSM1230135,MDA-MB-231_Ctrl_2,Public on Oct 02 2014,Sep 12 2013,Oct 02 2014,RNA,1.0,MDA-MB-231 Control,Homo sapiens,cell line: MDA-MB-231,GPL570,USA,Eisai Inc,GSE50811,GSE50811_series_matrix.txt.gz,MDA-MB-231,breast cancer,Breast,CVCL_0062,MDA-MB-231,Cello Cell line Name,mdamb231
GSM1230136,GSM1230136,MDA-MB-231_Ctrl_3,Public on Oct 02 2014,Sep 12 2013,Oct 02 2014,RNA,1.0,MDA-MB-231 Control,Homo sapiens,cell line: MDA-MB-231,GPL570,USA,Eisai Inc,GSE50811,GSE50811_series_matrix.txt.gz,MDA-MB-231,breast cancer,Breast,CVCL_0062,MDA-MB-231,Cello Cell line Name,mdamb231
GSM1230137,GSM1230137,MDA-MB-231_ERI_1,Public on Oct 02 2014,Sep 12 2013,Oct 02 2014,RNA,1.0,MDA-MB-231 Eribulin_24h,Homo sapiens,cell line: MDA-MB-231,GPL570,USA,Eisai Inc,GSE50811,GSE50811_series_matrix.txt.gz,MDA-MB-231,breast cancer,Breast,CVCL_0062,MDA-MB-231,Cello Cell line Name,mdamb231
GSM1230138,GSM1230138,MDA-MB-231_ERI_2,Public on Oct 02 2014,Sep 12 2013,Oct 02 2014,RNA,1.0,MDA-MB-231 Eribulin_24h,Homo sapiens,cell line: MDA-MB-231,GPL570,USA,Eisai Inc,GSE50811,GSE50811_series_matrix.txt.gz,MDA-MB-231,breast cancer,Breast,CVCL_0062,MDA-MB-231,Cello Cell line Name,mdamb231
GSM1230139,GSM1230139,MDA-MB-231_ERI_3,Public on Oct 02 2014,Sep 12 2013,Oct 02 2014,RNA,1.0,MDA-MB-231 Eribulin_24h,Homo sapiens,cell line: MDA-MB-231,GPL570,USA,Eisai Inc,GSE50811,GSE50811_series_matrix.txt.gz,MDA-MB-231,breast cancer,Breast,CVCL_0062,MDA-MB-231,Cello Cell line Name,mdamb231
GSM1230140,GSM1230140,MDA-MB-231_PTX_1,Public on Oct 02 2014,Sep 12 2013,Oct 02 2014,RNA,1.0,MDA-MB-231 Paclitaxel_24h,Homo sapiens,cell line: MDA-MB-231,GPL570,USA,Eisai Inc,GSE50811,GSE50811_series_matrix.txt.gz,MDA-MB-231,breast cancer,Breast,CVCL_0062,MDA-MB-231,Cello Cell line Name,mdamb231
GSM1230141,GSM1230141,MDA-MB-231_PTX_2,Public on Oct 02 2014,Sep 12 2013,Oct 02 2014,RNA,1.0,MDA-MB-231 Paclitaxel_24h,Homo sapiens,cell line: MDA-MB-231,GPL570,USA,Eisai Inc,GSE50811,GSE50811_series_matrix.txt.gz,MDA-MB-231,breast cancer,Breast,CVCL_0062,MDA-MB-231,Cello Cell line Name,mdamb231
GSM1230142,GSM1230142,MDA-MB-231_PTX_3,Public on Oct 02 2014,Sep 12 2013,Oct 02 2014,RNA,1.0,MDA-MB-231 Paclitaxel_24h,Homo sapiens,cell line: MDA-MB-231,GPL570,USA,Eisai Inc,GSE50811,GSE50811_series_matrix.txt.gz,MDA-MB-231,breast cancer,Breast,CVCL_0062,MDA-MB-231,Cello Cell line Name,mdamb231
GSM1230143,GSM1230143,HCC-38_Ctrl_1,Public on Oct 02 2014,Sep 12 2013,Oct 02 2014,RNA,1.0,HCC-38 Control,Homo sapiens,cell line: HCC-38,GPL570,USA,Eisai Inc,GSE50811,GSE50811_series_matrix.txt.gz,HCC-38,breast cancer,Breast,CVCL_1267,HCC-38,Cello Cell line Synonym,hcc38
GSM1230144,GSM1230144,HCC-38_Ctrl_2,Public on Oct 02 2014,Sep 12 2013,Oct 02 2014,RNA,1.0,HCC-38 Control,Homo sapiens,cell line: HCC-38,GPL570,USA,Eisai Inc,GSE50811,GSE50811_series_matrix.txt.gz,HCC-38,breast cancer,Breast,CVCL_1267,HCC-38,Cello Cell line Synonym,hcc38
GSM1230145,GSM1230145,HCC-38_Ctrl_3,Public on Oct 02 2014,Sep 12 2013,Oct 02 2014,RNA,1.0,HCC-38 Control,Homo sapiens,cell line: HCC-38,GPL570,USA,Eisai Inc,GSE50811,GSE50811_series_matrix.txt.gz,HCC-38,breast cancer,Breast,CVCL_1267,HCC-38,Cello Cell line Synonym,hcc38
GSM1230146,GSM1230146,HCC-38_ERI_1,Public on Oct 02 2014,Sep 12 2013,Oct 02 2014,RNA,1.0,HCC-38 Eribulin_24h,Homo sapiens,cell line: HCC-38,GPL570,USA,Eisai Inc,GSE50811,GSE50811_series_matrix.txt.gz,HCC-38,breast cancer,Breast,CVCL_1267,HCC-38,Cello Cell line Synonym,hcc38
GSM1230147,GSM1230147,HCC-38_ERI_2,Public on Oct 02 2014,Sep 12 2013,Oct 02 2014,RNA,1.0,HCC-38 Eribulin_24h,Homo sapiens,cell line: HCC-38,GPL570,USA,Eisai Inc,GSE50811,GSE50811_series_matrix.txt.gz,HCC-38,breast cancer,Breast,CVCL_1267,HCC-38,Cello Cell line Synonym,hcc38
GSM1230148,GSM1230148,HCC-38_ERI_3,Public on Oct 02 2014,Sep 12 2013,Oct 02 2014,RNA,1.0,HCC-38 Eribulin_24h,Homo sapiens,cell line: HCC-38,GPL570,USA,Eisai Inc,GSE50811,GSE50811_series_matrix.txt.gz,HCC-38,breast cancer,Breast,CVCL_1267,HCC-38,Cello Cell line Synonym,hcc38
GSM1230149,GSM1230149,HCC-38_PTX_1,Public on Oct 02 2014,Sep 12 2013,Oct 02 2014,RNA,1.0,HCC-38 Paclitaxel_24h,Homo sapiens,cell line: HCC-38,GPL570,USA,Eisai Inc,GSE50811,GSE50811_series_matrix.txt.gz,HCC-38,breast cancer,Breast,CVCL_1267,HCC-38,Cello Cell line Synonym,hcc38
GSM1230150,GSM1230150,HCC-38_PTX_2,Public on Oct 02 2014,Sep 12 2013,Oct 02 2014,RNA,1.0,HCC-38 Paclitaxel_24h,Homo sapiens,cell line: HCC-38,GPL570,USA,Eisai Inc,GSE50811,GSE50811_series_matrix.txt.gz,HCC-38,breast cancer,Breast,CVCL_1267,HCC-38,Cello Cell line Synonym,hcc38
GSM1230151,GSM1230151,HCC-38_PTX_3,Public on Oct 02 2014,Sep 12 2013,Oct 02 2014,RNA,1.0,HCC-38 Paclitaxel_24h,Homo sapiens,cell line: HCC-38,GPL570,USA,Eisai Inc,GSE50811,GSE50811_series_matrix.txt.gz,HCC-38,breast cancer,Breast,CVCL_1267,HCC-38,Cello Cell line Synonym,hcc38
GSM1230152,GSM1230152,AU565_Ctrl_1,Public on Oct 02 2014,Sep 12 2013,Oct 02 2014,RNA,1.0,AU565 Control,Homo sapiens,cell line: AU565,GPL570,USA,Eisai Inc,GSE50811,GSE50811_series_matrix.txt.gz,AU565,breast cancer,Breast,CVCL_1074,AU565,Cello Cell line Name,au565
GSM1230153,GSM1230153,AU565_Ctrl_2,Public on Oct 02 2014,Sep 12 2013,Oct 02 2014,RNA,1.0,AU565 Control,Homo sapiens,cell line: AU565,GPL570,USA,Eisai Inc,GSE50811,GSE50811_series_matrix.txt.gz,AU565,breast cancer,Breast,CVCL_1074,AU565,Cello Cell line Name,au565
GSM1230154,GSM1230154,AU565_Ctrl_3,Public on Oct 02 2014,Sep 12 2013,Oct 02 2014,RNA,1.0,AU565 Control,Homo sapiens,cell line: AU565,GPL570,USA,Eisai Inc,GSE50811,GSE50811_series_matrix.txt.gz,AU565,breast cancer,Breast,CVCL_1074,AU565,Cello Cell line Name,au565
GSM1230155,GSM1230155,AU565_ERI_1,Public on Oct 02 2014,Sep 12 2013,Oct 02 2014,RNA,1.0,AU565 Eribulin_24h,Homo sapiens,cell line: AU565,GPL570,USA,Eisai Inc,GSE50811,GSE50811_series_matrix.txt.gz,AU565,breast cancer,Breast,CVCL_1074,AU565,Cello Cell line Name,au565
GSM1230156,GSM1230156,AU565_ERI_2,Public on Oct 02 2014,Sep 12 2013,Oct 02 2014,RNA,1.0,AU565 Eribulin_24h,Homo sapiens,cell line: AU565,GPL570,USA,Eisai Inc,GSE50811,GSE50811_series_matrix.txt.gz,AU565,breast cancer,Breast,CVCL_1074,AU565,Cello Cell line Name,au565
GSM1230157,GSM1230157,AU565_ERI_3,Public on Oct 02 2014,Sep 12 2013,Oct 02 2014,RNA,1.0,AU565 Eribulin_24h,Homo sapiens,cell line: AU565,GPL570,USA,Eisai Inc,GSE50811,GSE50811_series_matrix.txt.gz,AU565,breast cancer,Breast,CVCL_1074,AU565,Cello Cell line Name,au565
GSM1230158,GSM1230158,AU565_PTX_1,Public on Oct 02 2014,Sep 12 2013,Oct 02 2014,RNA,1.0,AU565 Paclitaxel_24h,Homo sapiens,cell line: AU565,GPL570,USA,Eisai Inc,GSE50811,GSE50811_series_matrix.txt.gz,AU565,breast cancer,Breast,CVCL_1074,AU565,Cello Cell line Name,au565
GSM1230159,GSM1230159,AU565_PTX_2,Public on Oct 02 2014,Sep 12 2013,Oct 02 2014,RNA,1.0,AU565 Paclitaxel_24h,Homo sapiens,cell line: AU565,GPL570,USA,Eisai Inc,GSE50811,GSE50811_series_matrix.txt.gz,AU565,breast cancer,Breast,CVCL_1074,AU565,Cello Cell line Name,au565
GSM1230160,GSM1230160,AU565_PTX_3,Public on Oct 02 2014,Sep 12 2013,Oct 02 2014,RNA,1.0,AU565 Paclitaxel_24h,Homo sapiens,cell line: AU565,GPL570,USA,Eisai Inc,GSE50811,GSE50811_series_matrix.txt.gz,AU565,breast cancer,Breast,CVCL_1074,AU565,Cello Cell line Name,au565
GSM1230161,GSM1230161,UACC-893_Ctrl_1,Public on Oct 02 2014,Sep 12 2013,Oct 02 2014,RNA,1.0,UACC-893 Control,Homo sapiens,cell line: UACC-893,GPL570,USA,Eisai Inc,GSE50811,GSE50811_series_matrix.txt.gz,UACC-893,breast cancer,Breast,CVCL_1782,UACC-893,Cello Cell line Name,uacc893
GSM1230162,GSM1230162,UACC-893_Ctrl_2,Public on Oct 02 2014,Sep 12 2013,Oct 02 2014,RNA,1.0,UACC-893 Control,Homo sapiens,cell line: UACC-893,GPL570,USA,Eisai Inc,GSE50811,GSE50811_series_matrix.txt.gz,UACC-893,breast cancer,Breast,CVCL_1782,UACC-893,Cello Cell line Name,uacc893
GSM1230163,GSM1230163,UACC-893_Ctrl_3,Public on Oct 02 2014,Sep 12 2013,Oct 02 2014,RNA,1.0,UACC-893 Control,Homo sapiens,cell line: UACC-893,GPL570,USA,Eisai Inc,GSE50811,GSE50811_series_matrix.txt.gz,UACC-893,breast cancer,Breast,CVCL_1782,UACC-893,Cello Cell line Name,uacc893
GSM1230164,GSM1230164,UACC-893_ ERI_1,Public on Oct 02 2014,Sep 12 2013,Oct 02 2014,RNA,1.0,UACC-893 Eribulin_24h,Homo sapiens,cell line: UACC-893,GPL570,USA,Eisai Inc,GSE50811,GSE50811_series_matrix.txt.gz,UACC-893,breast cancer,Breast,CVCL_1782,UACC-893,Cello Cell line Name,uacc893
GSM1230165,GSM1230165,UACC-893_ERI_2,Public on Oct 02 2014,Sep 12 2013,Oct 02 2014,RNA,1.0,UACC-893 Eribulin_24h,Homo sapiens,cell line: UACC-893,GPL570,USA,Eisai Inc,GSE50811,GSE50811_series_matrix.txt.gz,UACC-893,breast cancer,Breast,CVCL_1782,UACC-893,Cello Cell line Name,uacc893
GSM1230166,GSM1230166,UACC-893_ERI_3,Public on Oct 02 2014,Sep 12 2013,Oct 02 2014,RNA,1.0,UACC-893 Eribulin_24h,Homo sapiens,cell line: UACC-893,GPL570,USA,Eisai Inc,GSE50811,GSE50811_series_matrix.txt.gz,UACC-893,breast cancer,Breast,CVCL_1782,UACC-893,Cello Cell line Name,uacc893
GSM1230167,GSM1230167,UACC-893_PTX_1,Public on Oct 02 2014,Sep 12 2013,Oct 02 2014,RNA,1.0,UACC-893 Paclitaxel_24h,Homo sapiens,cell line: UACC-893,GPL570,USA,Eisai Inc,GSE50811,GSE50811_series_matrix.txt.gz,UACC-893,breast cancer,Breast,CVCL_1782,UACC-893,Cello Cell line Name,uacc893
GSM1230168,GSM1230168,UACC-893_PTX_2,Public on Oct 02 2014,Sep 12 2013,Oct 02 2014,RNA,1.0,UACC-893 Paclitaxel_24h,Homo sapiens,cell line: UACC-893,GPL570,USA,Eisai Inc,GSE50811,GSE50811_series_matrix.txt.gz,UACC-893,breast cancer,Breast,CVCL_1782,UACC-893,Cello Cell line Name,uacc893
GSM1230169,GSM1230169,UACC-893_PTX_3,Public on Oct 02 2014,Sep 12 2013,Oct 02 2014,RNA,1.0,UACC-893 Paclitaxel_24h,Homo sapiens,cell line: UACC-893,GPL570,USA,Eisai Inc,GSE50811,GSE50811_series_matrix.txt.gz,UACC-893,breast cancer,Breast,CVCL_1782,UACC-893,Cello Cell line Name,uacc893
GSM1230170,GSM1230170,MDA-MB-468_Ctrl_1,Public on Oct 02 2014,Sep 12 2013,Oct 02 2014,RNA,1.0,MDA-MB-468 Control,Homo sapiens,cell line: MDA-MB-468,GPL570,USA,Eisai Inc,GSE50811,GSE50811_series_matrix.txt.gz,MDA-MB-468,breast cancer,Breast,CVCL_0419,MDA-MB-468,Cello Cell line Name,mdamb468
GSM1230171,GSM1230171,MDA-MB-468_Ctrl_2,Public on Oct 02 2014,Sep 12 2013,Oct 02 2014,RNA,1.0,MDA-MB-468 Control,Homo sapiens,cell line: MDA-MB-468,GPL570,USA,Eisai Inc,GSE50811,GSE50811_series_matrix.txt.gz,MDA-MB-468,breast cancer,Breast,CVCL_0419,MDA-MB-468,Cello Cell line Name,mdamb468
GSM1230172,GSM1230172,MDA-MB-468_Ctrl_3,Public on Oct 02 2014,Sep 12 2013,Oct 02 2014,RNA,1.0,MDA-MB-468 Control,Homo sapiens,cell line: MDA-MB-468,GPL570,USA,Eisai Inc,GSE50811,GSE50811_series_matrix.txt.gz,MDA-MB-468,breast cancer,Breast,CVCL_0419,MDA-MB-468,Cello Cell line Name,mdamb468
GSM1230173,GSM1230173,MDA-MB-468_ERI_1,Public on Oct 02 2014,Sep 12 2013,Oct 02 2014,RNA,1.0,MDA-MB-468 Eribulin_24h,Homo sapiens,cell line: MDA-MB-468,GPL570,USA,Eisai Inc,GSE50811,GSE50811_series_matrix.txt.gz,MDA-MB-468,breast cancer,Breast,CVCL_0419,MDA-MB-468,Cello Cell line Name,mdamb468
GSM1230174,GSM1230174,MDA-MB-468_ERI_2,Public on Oct 02 2014,Sep 12 2013,Oct 02 2014,RNA,1.0,MDA-MB-468 Eribulin_24h,Homo sapiens,cell line: MDA-MB-468,GPL570,USA,Eisai Inc,GSE50811,GSE50811_series_matrix.txt.gz,MDA-MB-468,breast cancer,Breast,CVCL_0419,MDA-MB-468,Cello Cell line Name,mdamb468
GSM1230175,GSM1230175,MDA-MB-468_ERI_3,Public on Oct 02 2014,Sep 12 2013,Oct 02 2014,RNA,1.0,MDA-MB-468 Eribulin_24h,Homo sapiens,cell line: MDA-MB-468,GPL570,USA,Eisai Inc,GSE50811,GSE50811_series_matrix.txt.gz,MDA-MB-468,breast cancer,Breast,CVCL_0419,MDA-MB-468,Cello Cell line Name,mdamb468
GSM1230176,GSM1230176,MDA-MB-468_PTX_1,Public on Oct 02 2014,Sep 12 2013,Oct 02 2014,RNA,1.0,MDA-MB-468 Paclitaxel_24h,Homo sapiens,cell line: MDA-MB-468,GPL570,USA,Eisai Inc,GSE50811,GSE50811_series_matrix.txt.gz,MDA-MB-468,breast cancer,Breast,CVCL_0419,MDA-MB-468,Cello Cell line Name,mdamb468
GSM1230177,GSM1230177,MDA-MB-468_PTX_2,Public on Oct 02 2014,Sep 12 2013,Oct 02 2014,RNA,1.0,MDA-MB-468 Paclitaxel_24h,Homo sapiens,cell line: MDA-MB-468,GPL570,USA,Eisai Inc,GSE50811,GSE50811_series_matrix.txt.gz,MDA-MB-468,breast cancer,Breast,CVCL_0419,MDA-MB-468,Cello Cell line Name,mdamb468
GSM1230178,GSM1230178,MDA-MB-468_PTX_3,Public on Oct 02 2014,Sep 12 2013,Oct 02 2014,RNA,1.0,MDA-MB-468 Paclitaxel_24h,Homo sapiens,cell line: MDA-MB-468,GPL570,USA,Eisai Inc,GSE50811,GSE50811_series_matrix.txt.gz,MDA-MB-468,breast cancer,Breast,CVCL_0419,MDA-MB-468,Cello Cell line Name,mdamb468
GSM1230179,GSM1230179,HCC-1428_Ctrl_1,Public on Oct 02 2014,Sep 12 2013,Oct 02 2014,RNA,1.0,HCC-1428 Control,Homo sapiens,cell line: HCC-1428,GPL570,USA,Eisai Inc,GSE50811,GSE50811_series_matrix.txt.gz,HCC-1428,breast cancer,Breast,CVCL_1252,HCC-1428,Cello Cell line Synonym,hcc1428
GSM1230180,GSM1230180,HCC-1428_Ctrl_2,Public on Oct 02 2014,Sep 12 2013,Oct 02 2014,RNA,1.0,HCC-1428 Control,Homo sapiens,cell line: HCC-1428,GPL570,USA,Eisai Inc,GSE50811,GSE50811_series_matrix.txt.gz,HCC-1428,breast cancer,Breast,CVCL_1252,HCC-1428,Cello Cell line Synonym,hcc1428
GSM1230181,GSM1230181,HCC-1428_Ctrl_3,Public on Oct 02 2014,Sep 12 2013,Oct 02 2014,RNA,1.0,HCC-1428 Control,Homo sapiens,cell line: HCC-1428,GPL570,USA,Eisai Inc,GSE50811,GSE50811_series_matrix.txt.gz,HCC-1428,breast cancer,Breast,CVCL_1252,HCC-1428,Cello Cell line Synonym,hcc1428
GSM1230182,GSM1230182,HCC-1428_ERI_1,Public on Oct 02 2014,Sep 12 2013,Oct 02 2014,RNA,1.0,HCC-1428 Eribulin_24h,Homo sapiens,cell line: HCC-1428,GPL570,USA,Eisai Inc,GSE50811,GSE50811_series_matrix.txt.gz,HCC-1428,breast cancer,Breast,CVCL_1252,HCC-1428,Cello Cell line Synonym,hcc1428
GSM1230183,GSM1230183,HCC-1428_ERI_2,Public on Oct 02 2014,Sep 12 2013,Oct 02 2014,RNA,1.0,HCC-1428 Eribulin_24h,Homo sapiens,cell line: HCC-1428,GPL570,USA,Eisai Inc,GSE50811,GSE50811_series_matrix.txt.gz,HCC-1428,breast cancer,Breast,CVCL_1252,HCC-1428,Cello Cell line Synonym,hcc1428
GSM1230184,GSM1230184,HCC-1428_ERI_3,Public on Oct 02 2014,Sep 12 2013,Oct 02 2014,RNA,1.0,HCC-1428 Eribulin_24h,Homo sapiens,cell line: HCC-1428,GPL570,USA,Eisai Inc,GSE50811,GSE50811_series_matrix.txt.gz,HCC-1428,breast cancer,Breast,CVCL_1252,HCC-1428,Cello Cell line Synonym,hcc1428
GSM1230185,GSM1230185,HCC-1428_PTX_1,Public on Oct 02 2014,Sep 12 2013,Oct 02 2014,RNA,1.0,HCC-1428 Paclitaxel_24h,Homo sapiens,cell line: HCC-1428,GPL570,USA,Eisai Inc,GSE50811,GSE50811_series_matrix.txt.gz,HCC-1428,breast cancer,Breast,CVCL_1252,HCC-1428,Cello Cell line Synonym,hcc1428
GSM1230186,GSM1230186,HCC-1428_PTX_2,Public on Oct 02 2014,Sep 12 2013,Oct 02 2014,RNA,1.0,HCC-1428 Paclitaxel_24h,Homo sapiens,cell line: HCC-1428,GPL570,USA,Eisai Inc,GSE50811,GSE50811_series_matrix.txt.gz,HCC-1428,breast cancer,Breast,CVCL_1252,HCC-1428,Cello Cell line Synonym,hcc1428
GSM1230187,GSM1230187,HCC-1428_PTX_3,Public on Oct 02 2014,Sep 12 2013,Oct 02 2014,RNA,1.0,HCC-1428 Paclitaxel_24h,Homo sapiens,cell line: HCC-1428,GPL570,USA,Eisai Inc,GSE50811,GSE50811_series_matrix.txt.gz,HCC-1428,breast cancer,Breast,CVCL_1252,HCC-1428,Cello Cell line Synonym,hcc1428
GSM1230188,GSM1230188,MDA-MB-453_Ctrl_1,Public on Oct 02 2014,Sep 12 2013,Oct 02 2014,RNA,1.0,MDA-MB-453 Control,Homo sapiens,cell line: MDA-MB-453,GPL570,USA,Eisai Inc,GSE50811,GSE50811_series_matrix.txt.gz,MDA-MB-453,breast cancer,Breast,CVCL_0418,MDA-MB-453,Cello Cell line Name,mdamb453
GSM1230189,GSM1230189,MDA-MB-453_Ctrl_2,Public on Oct 02 2014,Sep 12 2013,Oct 02 2014,RNA,1.0,MDA-MB-453 Control,Homo sapiens,cell line: MDA-MB-453,GPL570,USA,Eisai Inc,GSE50811,GSE50811_series_matrix.txt.gz,MDA-MB-453,breast cancer,Breast,CVCL_0418,MDA-MB-453,Cello Cell line Name,mdamb453
GSM1230190,GSM1230190,MDA-MB-453_Ctrl_3,Public on Oct 02 2014,Sep 12 2013,Oct 02 2014,RNA,1.0,MDA-MB-453 Control,Homo sapiens,cell line: MDA-MB-453,GPL570,USA,Eisai Inc,GSE50811,GSE50811_series_matrix.txt.gz,MDA-MB-453,breast cancer,Breast,CVCL_0418,MDA-MB-453,Cello Cell line Name,mdamb453
GSM1230191,GSM1230191,MDA-MB-453_ERI_1,Public on Oct 02 2014,Sep 12 2013,Oct 02 2014,RNA,1.0,MDA-MB-453 Eribulin_24h,Homo sapiens,cell line: MDA-MB-453,GPL570,USA,Eisai Inc,GSE50811,GSE50811_series_matrix.txt.gz,MDA-MB-453,breast cancer,Breast,CVCL_0418,MDA-MB-453,Cello Cell line Name,mdamb453
GSM1230192,GSM1230192,MDA-MB-453_ERI_2,Public on Oct 02 2014,Sep 12 2013,Oct 02 2014,RNA,1.0,MDA-MB-453 Eribulin_24h,Homo sapiens,cell line: MDA-MB-453,GPL570,USA,Eisai Inc,GSE50811,GSE50811_series_matrix.txt.gz,MDA-MB-453,breast cancer,Breast,CVCL_0418,MDA-MB-453,Cello Cell line Name,mdamb453
GSM1230193,GSM1230193,MDA-MB-453_ERI_3,Public on Oct 02 2014,Sep 12 2013,Oct 02 2014,RNA,1.0,MDA-MB-453 Eribulin_24h,Homo sapiens,cell line: MDA-MB-453,GPL570,USA,Eisai Inc,GSE50811,GSE50811_series_matrix.txt.gz,MDA-MB-453,breast cancer,Breast,CVCL_0418,MDA-MB-453,Cello Cell line Name,mdamb453
GSM1230194,GSM1230194,MDA-MB-453_PTX_1,Public on Oct 02 2014,Sep 12 2013,Oct 02 2014,RNA,1.0,MDA-MB-453 Paclitaxel_24h,Homo sapiens,cell line: MDA-MB-453,GPL570,USA,Eisai Inc,GSE50811,GSE50811_series_matrix.txt.gz,MDA-MB-453,breast cancer,Breast,CVCL_0418,MDA-MB-453,Cello Cell line Name,mdamb453
GSM1230195,GSM1230195,MDA-MB-453_PTX_2,Public on Oct 02 2014,Sep 12 2013,Oct 02 2014,RNA,1.0,MDA-MB-453 Paclitaxel_24h,Homo sapiens,cell line: MDA-MB-453,GPL570,USA,Eisai Inc,GSE50811,GSE50811_series_matrix.txt.gz,MDA-MB-453,breast cancer,Breast,CVCL_0418,MDA-MB-453,Cello Cell line Name,mdamb453
GSM1230196,GSM1230196,MDA-MB-453_PTX_3,Public on Oct 02 2014,Sep 12 2013,Oct 02 2014,RNA,1.0,MDA-MB-453 Paclitaxel_24h,Homo sapiens,cell line: MDA-MB-453,GPL570,USA,Eisai Inc,GSE50811,GSE50811_series_matrix.txt.gz,MDA-MB-453,breast cancer,Breast,CVCL_0418,MDA-MB-453,Cello Cell line Name,mdamb453
GSM1230197,GSM1230197,HCC-1419_Ctrl_1,Public on Oct 02 2014,Sep 12 2013,Oct 02 2014,RNA,1.0,HCC-1419 Control,Homo sapiens,cell line: HCC-1419,GPL570,USA,Eisai Inc,GSE50811,GSE50811_series_matrix.txt.gz,HCC-1419,breast cancer,Breast,CVCL_1251,HCC-1419,Cello Cell line Synonym,hcc1419
GSM1230198,GSM1230198,HCC-1419_Ctrl_2,Public on Oct 02 2014,Sep 12 2013,Oct 02 2014,RNA,1.0,HCC-1419 Control,Homo sapiens,cell line: HCC-1419,GPL570,USA,Eisai Inc,GSE50811,GSE50811_series_matrix.txt.gz,HCC-1419,breast cancer,Breast,CVCL_1251,HCC-1419,Cello Cell line Synonym,hcc1419
GSM1230199,GSM1230199,HCC-1419_Ctrl_3,Public on Oct 02 2014,Sep 12 2013,Oct 02 2014,RNA,1.0,HCC-1419 Control,Homo sapiens,cell line: HCC-1419,GPL570,USA,Eisai Inc,GSE50811,GSE50811_series_matrix.txt.gz,HCC-1419,breast cancer,Breast,CVCL_1251,HCC-1419,Cello Cell line Synonym,hcc1419
GSM1230200,GSM1230200,HCC-1419_ERI_1,Public on Oct 02 2014,Sep 12 2013,Oct 02 2014,RNA,1.0,HCC-1419 Eribulin_24h,Homo sapiens,cell line: HCC-1419,GPL570,USA,Eisai Inc,GSE50811,GSE50811_series_matrix.txt.gz,HCC-1419,breast cancer,Breast,CVCL_1251,HCC-1419,Cello Cell line Synonym,hcc1419
GSM1230201,GSM1230201,HCC-1419_ERI_2,Public on Oct 02 2014,Sep 12 2013,Oct 02 2014,RNA,1.0,HCC-1419 Eribulin_24h,Homo sapiens,cell line: HCC-1419,GPL570,USA,Eisai Inc,GSE50811,GSE50811_series_matrix.txt.gz,HCC-1419,breast cancer,Breast,CVCL_1251,HCC-1419,Cello Cell line Synonym,hcc1419
GSM1230202,GSM1230202,HCC-1419_ERI_3,Public on Oct 02 2014,Sep 12 2013,Oct 02 2014,RNA,1.0,HCC-1419 Eribulin_24h,Homo sapiens,cell line: HCC-1419,GPL570,USA,Eisai Inc,GSE50811,GSE50811_series_matrix.txt.gz,HCC-1419,breast cancer,Breast,CVCL_1251,HCC-1419,Cello Cell line Synonym,hcc1419
GSM1230203,GSM1230203,HCC-1419_PTX_1,Public on Oct 02 2014,Sep 12 2013,Oct 02 2014,RNA,1.0,HCC-1419 Paclitaxel_24h,Homo sapiens,cell line: HCC-1419,GPL570,USA,Eisai Inc,GSE50811,GSE50811_series_matrix.txt.gz,HCC-1419,breast cancer,Breast,CVCL_1251,HCC-1419,Cello Cell line Synonym,hcc1419
GSM1230204,GSM1230204,HCC-1419_PTX_2,Public on Oct 02 2014,Sep 12 2013,Oct 02 2014,RNA,1.0,HCC-1419 Paclitaxel_24h,Homo sapiens,cell line: HCC-1419,GPL570,USA,Eisai Inc,GSE50811,GSE50811_series_matrix.txt.gz,HCC-1419,breast cancer,Breast,CVCL_1251,HCC-1419,Cello Cell line Synonym,hcc1419
GSM1230205,GSM1230205,HCC-1419_PTX_3,Public on Oct 02 2014,Sep 12 2013,Oct 02 2014,RNA,1.0,HCC-1419 Paclitaxel_24h,Homo sapiens,cell line: HCC-1419,GPL570,USA,Eisai Inc,GSE50811,GSE50811_series_matrix.txt.gz,HCC-1419,breast cancer,Breast,CVCL_1251,HCC-1419,Cello Cell line Synonym,hcc1419
GSM1230206,GSM1230206,HCC-1500_Ctrl_1,Public on Oct 02 2014,Sep 12 2013,Oct 02 2014,RNA,1.0,HCC-1500 Control,Homo sapiens,cell line: HCC-1500,GPL570,USA,Eisai Inc,GSE50811,GSE50811_series_matrix.txt.gz,HCC-1500,breast cancer,Breast,CVCL_1254,HCC-1500,Cello Cell line Synonym,hcc1500
GSM1230207,GSM1230207,HCC-1500_Ctrl_2,Public on Oct 02 2014,Sep 12 2013,Oct 02 2014,RNA,1.0,HCC-1500 Control,Homo sapiens,cell line: HCC-1500,GPL570,USA,Eisai Inc,GSE50811,GSE50811_series_matrix.txt.gz,HCC-1500,breast cancer,Breast,CVCL_1254,HCC-1500,Cello Cell line Synonym,hcc1500
GSM1230208,GSM1230208,HCC-1500_Ctrl_3,Public on Oct 02 2014,Sep 12 2013,Oct 02 2014,RNA,1.0,HCC-1500 Control,Homo sapiens,cell line: HCC-1500,GPL570,USA,Eisai Inc,GSE50811,GSE50811_series_matrix.txt.gz,HCC-1500,breast cancer,Breast,CVCL_1254,HCC-1500,Cello Cell line Synonym,hcc1500
GSM1230209,GSM1230209,HCC-1500_ERI_1,Public on Oct 02 2014,Sep 12 2013,Oct 02 2014,RNA,1.0,HCC-1500 Eribulin_24h,Homo sapiens,cell line: HCC-1500,GPL570,USA,Eisai Inc,GSE50811,GSE50811_series_matrix.txt.gz,HCC-1500,breast cancer,Breast,CVCL_1254,HCC-1500,Cello Cell line Synonym,hcc1500
GSM1230210,GSM1230210,HCC-1500_ERI_2,Public on Oct 02 2014,Sep 12 2013,Oct 02 2014,RNA,1.0,HCC-1500 Eribulin_24h,Homo sapiens,cell line: HCC-1500,GPL570,USA,Eisai Inc,GSE50811,GSE50811_series_matrix.txt.gz,HCC-1500,breast cancer,Breast,CVCL_1254,HCC-1500,Cello Cell line Synonym,hcc1500
GSM1230211,GSM1230211,HCC-1500_ERI_3,Public on Oct 02 2014,Sep 12 2013,Oct 02 2014,RNA,1.0,HCC-1500 Eribulin_24h,Homo sapiens,cell line: HCC-1500,GPL570,USA,Eisai Inc,GSE50811,GSE50811_series_matrix.txt.gz,HCC-1500,breast cancer,Breast,CVCL_1254,HCC-1500,Cello Cell line Synonym,hcc1500
GSM1230212,GSM1230212,HCC-1500_PTX_1,Public on Oct 02 2014,Sep 12 2013,Oct 02 2014,RNA,1.0,HCC-1500 Paclitaxel_24h,Homo sapiens,cell line: HCC-1500,GPL570,USA,Eisai Inc,GSE50811,GSE50811_series_matrix.txt.gz,HCC-1500,breast cancer,Breast,CVCL_1254,HCC-1500,Cello Cell line Synonym,hcc1500
GSM1230213,GSM1230213,HCC-1500_PTX_2,Public on Oct 02 2014,Sep 12 2013,Oct 02 2014,RNA,1.0,HCC-1500 Paclitaxel_24h,Homo sapiens,cell line: HCC-1500,GPL570,USA,Eisai Inc,GSE50811,GSE50811_series_matrix.txt.gz,HCC-1500,breast cancer,Breast,CVCL_1254,HCC-1500,Cello Cell line Synonym,hcc1500
GSM1230214,GSM1230214,HCC-1500_PTX_3,Public on Oct 02 2014,Sep 12 2013,Oct 02 2014,RNA,1.0,HCC-1500 Paclitaxel_24h,Homo sapiens,cell line: HCC-1500,GPL570,USA,Eisai Inc,GSE50811,GSE50811_series_matrix.txt.gz,HCC-1500,breast cancer,Breast,CVCL_1254,HCC-1500,Cello Cell line Synonym,hcc1500
GSM1230215,GSM1230215,HCC-70_Ctrl_1,Public on Oct 02 2014,Sep 12 2013,Oct 02 2014,RNA,1.0,HCC-70 Control,Homo sapiens,cell line: HCC-70,GPL570,USA,Eisai Inc,GSE50811,GSE50811_series_matrix.txt.gz,HCC-70,breast cancer,Breast,CVCL_1270,HCC-70,Cello Cell line Synonym,hcc70
GSM1230216,GSM1230216,HCC-70_Ctrl_2,Public on Oct 02 2014,Sep 12 2013,Oct 02 2014,RNA,1.0,HCC-70 Control,Homo sapiens,cell line: HCC-70,GPL570,USA,Eisai Inc,GSE50811,GSE50811_series_matrix.txt.gz,HCC-70,breast cancer,Breast,CVCL_1270,HCC-70,Cello Cell line Synonym,hcc70
GSM1230217,GSM1230217,HCC-70_Ctrl_3,Public on Oct 02 2014,Sep 12 2013,Oct 02 2014,RNA,1.0,HCC-70 Control,Homo sapiens,cell line: HCC-70,GPL570,USA,Eisai Inc,GSE50811,GSE50811_series_matrix.txt.gz,HCC-70,breast cancer,Breast,CVCL_1270,HCC-70,Cello Cell line Synonym,hcc70
GSM1230218,GSM1230218,HCC-70_ERI_1,Public on Oct 02 2014,Sep 12 2013,Oct 02 2014,RNA,1.0,HCC-70 Eribulin_24h,Homo sapiens,cell line: HCC-70,GPL570,USA,Eisai Inc,GSE50811,GSE50811_series_matrix.txt.gz,HCC-70,breast cancer,Breast,CVCL_1270,HCC-70,Cello Cell line Synonym,hcc70
GSM1230219,GSM1230219,HCC-70_ERI_2,Public on Oct 02 2014,Sep 12 2013,Oct 02 2014,RNA,1.0,HCC-70 Eribulin_24h,Homo sapiens,cell line: HCC-70,GPL570,USA,Eisai Inc,GSE50811,GSE50811_series_matrix.txt.gz,HCC-70,breast cancer,Breast,CVCL_1270,HCC-70,Cello Cell line Synonym,hcc70
GSM1230220,GSM1230220,HCC-70_ERI_3,Public on Oct 02 2014,Sep 12 2013,Oct 02 2014,RNA,1.0,HCC-70 Eribulin_24h,Homo sapiens,cell line: HCC-70,GPL570,USA,Eisai Inc,GSE50811,GSE50811_series_matrix.txt.gz,HCC-70,breast cancer,Breast,CVCL_1270,HCC-70,Cello Cell line Synonym,hcc70
GSM1230221,GSM1230221,HCC-70_PTX_1,Public on Oct 02 2014,Sep 12 2013,Oct 02 2014,RNA,1.0,HCC-70 Paclitaxel_24h,Homo sapiens,cell line: HCC-70,GPL570,USA,Eisai Inc,GSE50811,GSE50811_series_matrix.txt.gz,HCC-70,breast cancer,Breast,CVCL_1270,HCC-70,Cello Cell line Synonym,hcc70
GSM1230222,GSM1230222,HCC-70_PTX_2,Public on Oct 02 2014,Sep 12 2013,Oct 02 2014,RNA,1.0,HCC-70 Paclitaxel_24h,Homo sapiens,cell line: HCC-70,GPL570,USA,Eisai Inc,GSE50811,GSE50811_series_matrix.txt.gz,HCC-70,breast cancer,Breast,CVCL_1270,HCC-70,Cello Cell line Synonym,hcc70
GSM1230223,GSM1230223,HCC-70_PTX_3,Public on Oct 02 2014,Sep 12 2013,Oct 02 2014,RNA,1.0,HCC-70 Paclitaxel_24h,Homo sapiens,cell line: HCC-70,GPL570,USA,Eisai Inc,GSE50811,GSE50811_series_matrix.txt.gz,HCC-70,breast cancer,Breast,CVCL_1270,HCC-70,Cello Cell line Synonym,hcc70
GSM1230224,GSM1230224,UACC-812_Ctrl_1,Public on Oct 02 2014,Sep 12 2013,Oct 02 2014,RNA,1.0,UACC-812 Control,Homo sapiens,cell line: UACC-812,GPL570,USA,Eisai Inc,GSE50811,GSE50811_series_matrix.txt.gz,UACC-812,breast cancer,Breast,CVCL_1781,UACC-812,Cello Cell line Name,uacc812
GSM1230225,GSM1230225,UACC-812_Ctrl_2,Public on Oct 02 2014,Sep 12 2013,Oct 02 2014,RNA,1.0,UACC-812 Control,Homo sapiens,cell line: UACC-812,GPL570,USA,Eisai Inc,GSE50811,GSE50811_series_matrix.txt.gz,UACC-812,breast cancer,Breast,CVCL_1781,UACC-812,Cello Cell line Name,uacc812
GSM1230226,GSM1230226,UACC-812_Ctrl_3,Public on Oct 02 2014,Sep 12 2013,Oct 02 2014,RNA,1.0,UACC-812 Control,Homo sapiens,cell line: UACC-812,GPL570,USA,Eisai Inc,GSE50811,GSE50811_series_matrix.txt.gz,UACC-812,breast cancer,Breast,CVCL_1781,UACC-812,Cello Cell line Name,uacc812
GSM1230227,GSM1230227,UACC-812_ERI_1,Public on Oct 02 2014,Sep 12 2013,Oct 02 2014,RNA,1.0,UACC-812 Eribulin_24h,Homo sapiens,cell line: UACC-812,GPL570,USA,Eisai Inc,GSE50811,GSE50811_series_matrix.txt.gz,UACC-812,breast cancer,Breast,CVCL_1781,UACC-812,Cello Cell line Name,uacc812
GSM1230228,GSM1230228,UACC-812_ERI_2,Public on Oct 02 2014,Sep 12 2013,Oct 02 2014,RNA,1.0,UACC-812 Eribulin_24h,Homo sapiens,cell line: UACC-812,GPL570,USA,Eisai Inc,GSE50811,GSE50811_series_matrix.txt.gz,UACC-812,breast cancer,Breast,CVCL_1781,UACC-812,Cello Cell line Name,uacc812
GSM1230229,GSM1230229,UACC-812_ERI_3,Public on Oct 02 2014,Sep 12 2013,Oct 02 2014,RNA,1.0,UACC-812 Eribulin_24h,Homo sapiens,cell line: UACC-812,GPL570,USA,Eisai Inc,GSE50811,GSE50811_series_matrix.txt.gz,UACC-812,breast cancer,Breast,CVCL_1781,UACC-812,Cello Cell line Name,uacc812
GSM1230230,GSM1230230,UACC-812_PTX_1,Public on Oct 02 2014,Sep 12 2013,Oct 02 2014,RNA,1.0,UACC-812 Paclitaxel_24h,Homo sapiens,cell line: UACC-812,GPL570,USA,Eisai Inc,GSE50811,GSE50811_series_matrix.txt.gz,UACC-812,breast cancer,Breast,CVCL_1781,UACC-812,Cello Cell line Name,uacc812
GSM1230231,GSM1230231,UACC-812_PTX_2,Public on Oct 02 2014,Sep 12 2013,Oct 02 2014,RNA,1.0,UACC-812 Paclitaxel_24h,Homo sapiens,cell line: UACC-812,GPL570,USA,Eisai Inc,GSE50811,GSE50811_series_matrix.txt.gz,UACC-812,breast cancer,Breast,CVCL_1781,UACC-812,Cello Cell line Name,uacc812
GSM1230232,GSM1230232,UACC-812_PTX_3,Public on Oct 02 2014,Sep 12 2013,Oct 02 2014,RNA,1.0,UACC-812 Paclitaxel_24h,Homo sapiens,cell line: UACC-812,GPL570,USA,Eisai Inc,GSE50811,GSE50811_series_matrix.txt.gz,UACC-812,breast cancer,Breast,CVCL_1781,UACC-812,Cello Cell line Name,uacc812
GSM1230533,GSM1230533,HEC-88nu_control_1,Public on Oct 02 2014,Sep 12 2013,Oct 02 2014,RNA,1.0,HEC-88nu Control,Homo sapiens,cell line: HEC-88nu,GPL570,USA,Eisai Inc,GSE50830,GSE50830_series_matrix.txt.gz,HEC-88nu,,,CVCL_2932,HEC-88nu,Cello Cell line Name,hec88nu
GSM1230534,GSM1230534,HEC-88nu_control_2,Public on Oct 02 2014,Sep 12 2013,Oct 02 2014,RNA,1.0,HEC-88nu Control,Homo sapiens,cell line: HEC-88nu,GPL570,USA,Eisai Inc,GSE50830,GSE50830_series_matrix.txt.gz,HEC-88nu,,,CVCL_2932,HEC-88nu,Cello Cell line Name,hec88nu
GSM1230535,GSM1230535,HEC-88nu_control_3,Public on Oct 02 2014,Sep 12 2013,Oct 02 2014,RNA,1.0,HEC-88nu Control,Homo sapiens,cell line: HEC-88nu,GPL570,USA,Eisai Inc,GSE50830,GSE50830_series_matrix.txt.gz,HEC-88nu,,,CVCL_2932,HEC-88nu,Cello Cell line Name,hec88nu
GSM1230536,GSM1230536,HEC-88nu_ERI_1,Public on Oct 02 2014,Sep 12 2013,Oct 02 2014,RNA,1.0,HEC-88nu Eribulin 24h,Homo sapiens,cell line: HEC-88nu,GPL570,USA,Eisai Inc,GSE50830,GSE50830_series_matrix.txt.gz,HEC-88nu,,,CVCL_2932,HEC-88nu,Cello Cell line Name,hec88nu
GSM1230537,GSM1230537,HEC-88nu_ERI_2,Public on Oct 02 2014,Sep 12 2013,Oct 02 2014,RNA,1.0,HEC-88nu Eribulin 24h,Homo sapiens,cell line: HEC-88nu,GPL570,USA,Eisai Inc,GSE50830,GSE50830_series_matrix.txt.gz,HEC-88nu,,,CVCL_2932,HEC-88nu,Cello Cell line Name,hec88nu
GSM1230538,GSM1230538,HEC-88nu_ERI_3,Public on Oct 02 2014,Sep 12 2013,Oct 02 2014,RNA,1.0,HEC-88nu Eribulin 24h,Homo sapiens,cell line: HEC-88nu,GPL570,USA,Eisai Inc,GSE50830,GSE50830_series_matrix.txt.gz,HEC-88nu,,,CVCL_2932,HEC-88nu,Cello Cell line Name,hec88nu
GSM1230539,GSM1230539,HEC-88nu_PTX_1,Public on Oct 02 2014,Sep 12 2013,Oct 02 2014,RNA,1.0,HEC-88nu Paclitaxel 24h,Homo sapiens,cell line: HEC-88nu,GPL570,USA,Eisai Inc,GSE50830,GSE50830_series_matrix.txt.gz,HEC-88nu,,,CVCL_2932,HEC-88nu,Cello Cell line Name,hec88nu
GSM1230540,GSM1230540,HEC-88nu_PTX_2,Public on Oct 02 2014,Sep 12 2013,Oct 02 2014,RNA,1.0,HEC-88nu Paclitaxel 24h,Homo sapiens,cell line: HEC-88nu,GPL570,USA,Eisai Inc,GSE50830,GSE50830_series_matrix.txt.gz,HEC-88nu,,,CVCL_2932,HEC-88nu,Cello Cell line Name,hec88nu
GSM1230541,GSM1230541,HEC-88nu_PTX_3,Public on Oct 02 2014,Sep 12 2013,Oct 02 2014,RNA,1.0,HEC-88nu Paclitaxel 24h,Homo sapiens,cell line: HEC-88nu,GPL570,USA,Eisai Inc,GSE50830,GSE50830_series_matrix.txt.gz,HEC-88nu,,,CVCL_2932,HEC-88nu,Cello Cell line Name,hec88nu
GSM1230542,GSM1230542,HEC-108_control_1,Public on Oct 02 2014,Sep 12 2013,Oct 02 2014,RNA,1.0,HEC-108 Control,Homo sapiens,cell line: HEC-108,GPL570,USA,Eisai Inc,GSE50830,GSE50830_series_matrix.txt.gz,HEC-108,,,CVCL_2923,HEC-108,Cello Cell line Name,hec108
GSM1230543,GSM1230543,HEC-108_control_2,Public on Oct 02 2014,Sep 12 2013,Oct 02 2014,RNA,1.0,HEC-108 Control,Homo sapiens,cell line: HEC-108,GPL570,USA,Eisai Inc,GSE50830,GSE50830_series_matrix.txt.gz,HEC-108,,,CVCL_2923,HEC-108,Cello Cell line Name,hec108
GSM1230544,GSM1230544,HEC-108_control_3,Public on Oct 02 2014,Sep 12 2013,Oct 02 2014,RNA,1.0,HEC-108  Control,Homo sapiens,cell line: HEC-108,GPL570,USA,Eisai Inc,GSE50830,GSE50830_series_matrix.txt.gz,HEC-108,,,CVCL_2923,HEC-108,Cello Cell line Name,hec108
GSM1230545,GSM1230545,HEC-108_ERI_1,Public on Oct 02 2014,Sep 12 2013,Oct 02 2014,RNA,1.0,HEC-108 Eribulin 24h,Homo sapiens,cell line: HEC-108,GPL570,USA,Eisai Inc,GSE50830,GSE50830_series_matrix.txt.gz,HEC-108,,,CVCL_2923,HEC-108,Cello Cell line Name,hec108
GSM1230546,GSM1230546,HEC-108_ERI_2,Public on Oct 02 2014,Sep 12 2013,Oct 02 2014,RNA,1.0,HEC-108 Eribulin 24h,Homo sapiens,cell line: HEC-108,GPL570,USA,Eisai Inc,GSE50830,GSE50830_series_matrix.txt.gz,HEC-108,,,CVCL_2923,HEC-108,Cello Cell line Name,hec108
GSM1230547,GSM1230547,HEC-108_ERI_3,Public on Oct 02 2014,Sep 12 2013,Oct 02 2014,RNA,1.0,HEC-108 Eribulin 24h,Homo sapiens,cell line: HEC-108,GPL570,USA,Eisai Inc,GSE50830,GSE50830_series_matrix.txt.gz,HEC-108,,,CVCL_2923,HEC-108,Cello Cell line Name,hec108
GSM1230548,GSM1230548,HEC-108_PTX_1,Public on Oct 02 2014,Sep 12 2013,Oct 02 2014,RNA,1.0,HEC-108 Paclitaxel 24h,Homo sapiens,cell line: HEC-108,GPL570,USA,Eisai Inc,GSE50830,GSE50830_series_matrix.txt.gz,HEC-108,,,CVCL_2923,HEC-108,Cello Cell line Name,hec108
GSM1230549,GSM1230549,HEC-108_PTX_2,Public on Oct 02 2014,Sep 12 2013,Oct 02 2014,RNA,1.0,HEC-108 Paclitaxel 24h,Homo sapiens,cell line: HEC-108,GPL570,USA,Eisai Inc,GSE50830,GSE50830_series_matrix.txt.gz,HEC-108,,,CVCL_2923,HEC-108,Cello Cell line Name,hec108
GSM1230550,GSM1230550,HEC-108_PTX_3,Public on Oct 02 2014,Sep 12 2013,Oct 02 2014,RNA,1.0,HEC-108 Paclitaxel 24h,Homo sapiens,cell line: HEC-108,GPL570,USA,Eisai Inc,GSE50830,GSE50830_series_matrix.txt.gz,HEC-108,,,CVCL_2923,HEC-108,Cello Cell line Name,hec108
GSM1230551,GSM1230551,HEC-1-A_control_1,Public on Oct 02 2014,Sep 12 2013,Oct 02 2014,RNA,1.0,HEC-1-A Control,Homo sapiens,cell line: HEC-1-A,GPL570,USA,Eisai Inc,GSE50830,GSE50830_series_matrix.txt.gz,HEC-1-A,,,CVCL_0293,HEC-1-A,Cello Cell line Name,hec1a
GSM1230552,GSM1230552,HEC-1-A_control_2,Public on Oct 02 2014,Sep 12 2013,Oct 02 2014,RNA,1.0,HEC-1-A Control,Homo sapiens,cell line: HEC-1-A,GPL570,USA,Eisai Inc,GSE50830,GSE50830_series_matrix.txt.gz,HEC-1-A,,,CVCL_0293,HEC-1-A,Cello Cell line Name,hec1a
GSM1230553,GSM1230553,HEC-1-A_control_3,Public on Oct 02 2014,Sep 12 2013,Oct 02 2014,RNA,1.0,HEC-1-A Control,Homo sapiens,cell line: HEC-1-A,GPL570,USA,Eisai Inc,GSE50830,GSE50830_series_matrix.txt.gz,HEC-1-A,,,CVCL_0293,HEC-1-A,Cello Cell line Name,hec1a
GSM1230554,GSM1230554,HEC-1-A_ERI_1,Public on Oct 02 2014,Sep 12 2013,Oct 02 2014,RNA,1.0,HEC-1-A Eribulin 24h,Homo sapiens,cell line: HEC-1-A,GPL570,USA,Eisai Inc,GSE50830,GSE50830_series_matrix.txt.gz,HEC-1-A,,,CVCL_0293,HEC-1-A,Cello Cell line Name,hec1a
GSM1230555,GSM1230555,HEC-1-A_ERI_2,Public on Oct 02 2014,Sep 12 2013,Oct 02 2014,RNA,1.0,HEC-1-A Eribulin 24h,Homo sapiens,cell line: HEC-1-A,GPL570,USA,Eisai Inc,GSE50830,GSE50830_series_matrix.txt.gz,HEC-1-A,,,CVCL_0293,HEC-1-A,Cello Cell line Name,hec1a
GSM1230556,GSM1230556,HEC-1-A_ERI_3,Public on Oct 02 2014,Sep 12 2013,Oct 02 2014,RNA,1.0,HEC-1-A Eribulin 24h,Homo sapiens,cell line: HEC-1-A,GPL570,USA,Eisai Inc,GSE50830,GSE50830_series_matrix.txt.gz,HEC-1-A,,,CVCL_0293,HEC-1-A,Cello Cell line Name,hec1a
GSM1230557,GSM1230557,HEC-1-A_PTX_1,Public on Oct 02 2014,Sep 12 2013,Oct 02 2014,RNA,1.0,HEC-1-A Paclitaxel 24h,Homo sapiens,cell line: HEC-1-A,GPL570,USA,Eisai Inc,GSE50830,GSE50830_series_matrix.txt.gz,HEC-1-A,,,CVCL_0293,HEC-1-A,Cello Cell line Name,hec1a
GSM1230558,GSM1230558,HEC-1-A_PTX_2,Public on Oct 02 2014,Sep 12 2013,Oct 02 2014,RNA,1.0,HEC-1-A Paclitaxel 24h,Homo sapiens,cell line: HEC-1-A,GPL570,USA,Eisai Inc,GSE50830,GSE50830_series_matrix.txt.gz,HEC-1-A,,,CVCL_0293,HEC-1-A,Cello Cell line Name,hec1a
GSM1230559,GSM1230559,HEC-1-A_PTX_3,Public on Oct 02 2014,Sep 12 2013,Oct 02 2014,RNA,1.0,HEC-1-A Paclitaxel 24h,Homo sapiens,cell line: HEC-1-A,GPL570,USA,Eisai Inc,GSE50830,GSE50830_series_matrix.txt.gz,HEC-1-A,,,CVCL_0293,HEC-1-A,Cello Cell line Name,hec1a
GSM1230560,GSM1230560,ECC-1_control_1,Public on Oct 02 2014,Sep 12 2013,Oct 02 2014,RNA,1.0,ECC-1 Control,Homo sapiens,cell line: ECC-1,GPL570,USA,Eisai Inc,GSE50830,GSE50830_series_matrix.txt.gz,ECC-1,,,CVCL_7260,ECC-1,Cello Cell line Name,ecc1
GSM1230561,GSM1230561,ECC-1_control_2,Public on Oct 02 2014,Sep 12 2013,Oct 02 2014,RNA,1.0,ECC-1 Control,Homo sapiens,cell line: ECC-1,GPL570,USA,Eisai Inc,GSE50830,GSE50830_series_matrix.txt.gz,ECC-1,,,CVCL_7260,ECC-1,Cello Cell line Name,ecc1
GSM1230562,GSM1230562,ECC-1_control_3,Public on Oct 02 2014,Sep 12 2013,Oct 02 2014,RNA,1.0,ECC-1 Control,Homo sapiens,cell line: ECC-1,GPL570,USA,Eisai Inc,GSE50830,GSE50830_series_matrix.txt.gz,ECC-1,,,CVCL_7260,ECC-1,Cello Cell line Name,ecc1
GSM1230563,GSM1230563,ECC-1_ERI_1,Public on Oct 02 2014,Sep 12 2013,Oct 02 2014,RNA,1.0,ECC-1 Eribulin 24h,Homo sapiens,cell line: ECC-1,GPL570,USA,Eisai Inc,GSE50830,GSE50830_series_matrix.txt.gz,ECC-1,,,CVCL_7260,ECC-1,Cello Cell line Name,ecc1
GSM1230564,GSM1230564,ECC-1_ERI_2,Public on Oct 02 2014,Sep 12 2013,Oct 02 2014,RNA,1.0,ECC-1 Eribulin 24h,Homo sapiens,cell line: ECC-1,GPL570,USA,Eisai Inc,GSE50830,GSE50830_series_matrix.txt.gz,ECC-1,,,CVCL_7260,ECC-1,Cello Cell line Name,ecc1
GSM1230565,GSM1230565,ECC-1_ERI_3,Public on Oct 02 2014,Sep 12 2013,Oct 02 2014,RNA,1.0,ECC-1 Eribulin 24h,Homo sapiens,cell line: ECC-1,GPL570,USA,Eisai Inc,GSE50830,GSE50830_series_matrix.txt.gz,ECC-1,,,CVCL_7260,ECC-1,Cello Cell line Name,ecc1
GSM1230566,GSM1230566,ECC-1_PTX_1,Public on Oct 02 2014,Sep 12 2013,Oct 02 2014,RNA,1.0,ECC-1 Paclitaxel 24h,Homo sapiens,cell line: ECC-1,GPL570,USA,Eisai Inc,GSE50830,GSE50830_series_matrix.txt.gz,ECC-1,,,CVCL_7260,ECC-1,Cello Cell line Name,ecc1
GSM1230567,GSM1230567,ECC-1_PTX_2,Public on Oct 02 2014,Sep 12 2013,Oct 02 2014,RNA,1.0,ECC-1 Paclitaxel 24h,Homo sapiens,cell line: ECC-1,GPL570,USA,Eisai Inc,GSE50830,GSE50830_series_matrix.txt.gz,ECC-1,,,CVCL_7260,ECC-1,Cello Cell line Name,ecc1
GSM1230568,GSM1230568,ECC-1_PTX_3,Public on Oct 02 2014,Sep 12 2013,Oct 02 2014,RNA,1.0,ECC-1 Paclitaxel 24h,Homo sapiens,cell line: ECC-1,GPL570,USA,Eisai Inc,GSE50830,GSE50830_series_matrix.txt.gz,ECC-1,,,CVCL_7260,ECC-1,Cello Cell line Name,ecc1
GSM1230569,GSM1230569,HEC-251_control_1,Public on Oct 02 2014,Sep 12 2013,Oct 02 2014,RNA,1.0,HEC-251 Control,Homo sapiens,cell line: HEC-251,GPL570,USA,Eisai Inc,GSE50830,GSE50830_series_matrix.txt.gz,HEC-251,,,CVCL_2927,HEC-251,Cello Cell line Name,hec251
GSM1230570,GSM1230570,HEC-251_control_2,Public on Oct 02 2014,Sep 12 2013,Oct 02 2014,RNA,1.0,HEC-251 Control,Homo sapiens,cell line: HEC-251,GPL570,USA,Eisai Inc,GSE50830,GSE50830_series_matrix.txt.gz,HEC-251,,,CVCL_2927,HEC-251,Cello Cell line Name,hec251
GSM1230571,GSM1230571,HEC-251_ERI_1,Public on Oct 02 2014,Sep 12 2013,Oct 02 2014,RNA,1.0,HEC-251 Eribulin 24h,Homo sapiens,cell line: HEC-251,GPL570,USA,Eisai Inc,GSE50830,GSE50830_series_matrix.txt.gz,HEC-251,,,CVCL_2927,HEC-251,Cello Cell line Name,hec251
GSM1230572,GSM1230572,HEC-251_ERI_2,Public on Oct 02 2014,Sep 12 2013,Oct 02 2014,RNA,1.0,HEC-251 Eribulin 24h,Homo sapiens,cell line: HEC-251,GPL570,USA,Eisai Inc,GSE50830,GSE50830_series_matrix.txt.gz,HEC-251,,,CVCL_2927,HEC-251,Cello Cell line Name,hec251
GSM1230573,GSM1230573,HEC-251_ERI_3,Public on Oct 02 2014,Sep 12 2013,Oct 02 2014,RNA,1.0,HEC-251 Eribulin 24h,Homo sapiens,cell line: HEC-251,GPL570,USA,Eisai Inc,GSE50830,GSE50830_series_matrix.txt.gz,HEC-251,,,CVCL_2927,HEC-251,Cello Cell line Name,hec251
GSM1230574,GSM1230574,HEC-251_PTX_1,Public on Oct 02 2014,Sep 12 2013,Oct 02 2014,RNA,1.0,HEC-251 Paclitaxel 24h,Homo sapiens,cell line: HEC-251,GPL570,USA,Eisai Inc,GSE50830,GSE50830_series_matrix.txt.gz,HEC-251,,,CVCL_2927,HEC-251,Cello Cell line Name,hec251
GSM1230575,GSM1230575,HEC-251_PTX_2,Public on Oct 02 2014,Sep 12 2013,Oct 02 2014,RNA,1.0,HEC-251 Paclitaxel 24h,Homo sapiens,cell line: HEC-251,GPL570,USA,Eisai Inc,GSE50830,GSE50830_series_matrix.txt.gz,HEC-251,,,CVCL_2927,HEC-251,Cello Cell line Name,hec251
GSM1230576,GSM1230576,HEC-251_PTX_3,Public on Oct 02 2014,Sep 12 2013,Oct 02 2014,RNA,1.0,HEC-251 Paclitaxel 24h,Homo sapiens,cell line: HEC-251,GPL570,USA,Eisai Inc,GSE50830,GSE50830_series_matrix.txt.gz,HEC-251,,,CVCL_2927,HEC-251,Cello Cell line Name,hec251
GSM1230577,GSM1230577,HEC-151_control_1,Public on Oct 02 2014,Sep 12 2013,Oct 02 2014,RNA,1.0,HEC-151 Control,Homo sapiens,cell line: HEC-151,GPL570,USA,Eisai Inc,GSE50830,GSE50830_series_matrix.txt.gz,HEC-151,,,CVCL_2925,HEC-151,Cello Cell line Name,hec151
GSM1230578,GSM1230578,HEC-151_control_2,Public on Oct 02 2014,Sep 12 2013,Oct 02 2014,RNA,1.0,HEC-151 Control,Homo sapiens,cell line: HEC-151,GPL570,USA,Eisai Inc,GSE50830,GSE50830_series_matrix.txt.gz,HEC-151,,,CVCL_2925,HEC-151,Cello Cell line Name,hec151
GSM1230579,GSM1230579,HEC-151_control_3,Public on Oct 02 2014,Sep 12 2013,Oct 02 2014,RNA,1.0,HEC-151 Control,Homo sapiens,cell line: HEC-151,GPL570,USA,Eisai Inc,GSE50830,GSE50830_series_matrix.txt.gz,HEC-151,,,CVCL_2925,HEC-151,Cello Cell line Name,hec151
GSM1230580,GSM1230580,HEC-151_ERI_1,Public on Oct 02 2014,Sep 12 2013,Oct 02 2014,RNA,1.0,HEC-151 Eribulin 24h,Homo sapiens,cell line: HEC-151,GPL570,USA,Eisai Inc,GSE50830,GSE50830_series_matrix.txt.gz,HEC-151,,,CVCL_2925,HEC-151,Cello Cell line Name,hec151
GSM1230581,GSM1230581,HEC-151_ERI_2,Public on Oct 02 2014,Sep 12 2013,Oct 02 2014,RNA,1.0,HEC-151 Eribulin 24h,Homo sapiens,cell line: HEC-151,GPL570,USA,Eisai Inc,GSE50830,GSE50830_series_matrix.txt.gz,HEC-151,,,CVCL_2925,HEC-151,Cello Cell line Name,hec151
GSM1230582,GSM1230582,HEC-151_ERI_3,Public on Oct 02 2014,Sep 12 2013,Oct 02 2014,RNA,1.0,HEC-151 Eribulin 24h,Homo sapiens,cell line: HEC-151,GPL570,USA,Eisai Inc,GSE50830,GSE50830_series_matrix.txt.gz,HEC-151,,,CVCL_2925,HEC-151,Cello Cell line Name,hec151
GSM1230583,GSM1230583,HEC-151_PTX_1,Public on Oct 02 2014,Sep 12 2013,Oct 02 2014,RNA,1.0,HEC-151 Paclitaxel 24h,Homo sapiens,cell line: HEC-151,GPL570,USA,Eisai Inc,GSE50830,GSE50830_series_matrix.txt.gz,HEC-151,,,CVCL_2925,HEC-151,Cello Cell line Name,hec151
GSM1230584,GSM1230584,HEC-151_PTX_2,Public on Oct 02 2014,Sep 12 2013,Oct 02 2014,RNA,1.0,HEC-151 Paclitaxel 24h,Homo sapiens,cell line: HEC-151,GPL570,USA,Eisai Inc,GSE50830,GSE50830_series_matrix.txt.gz,HEC-151,,,CVCL_2925,HEC-151,Cello Cell line Name,hec151
GSM1230585,GSM1230585,HEC-151_PTX_3,Public on Oct 02 2014,Sep 12 2013,Oct 02 2014,RNA,1.0,HEC-151 Paclitaxel 24h,Homo sapiens,cell line: HEC-151,GPL570,USA,Eisai Inc,GSE50830,GSE50830_series_matrix.txt.gz,HEC-151,,,CVCL_2925,HEC-151,Cello Cell line Name,hec151
GSM1230586,GSM1230586,HEC-59_control_1,Public on Oct 02 2014,Sep 12 2013,Oct 02 2014,RNA,1.0,HEC-59 Control,Homo sapiens,cell line: HEC-59,GPL570,USA,Eisai Inc,GSE50830,GSE50830_series_matrix.txt.gz,HEC-59,,,CVCL_2930,HEC-59,Cello Cell line Name,hec59
GSM1230587,GSM1230587,HEC-59_control_2,Public on Oct 02 2014,Sep 12 2013,Oct 02 2014,RNA,1.0,HEC-59 Control,Homo sapiens,cell line: HEC-59,GPL570,USA,Eisai Inc,GSE50830,GSE50830_series_matrix.txt.gz,HEC-59,,,CVCL_2930,HEC-59,Cello Cell line Name,hec59
GSM1230588,GSM1230588,HEC-59_control_3,Public on Oct 02 2014,Sep 12 2013,Oct 02 2014,RNA,1.0,HEC-59 Control,Homo sapiens,cell line: HEC-59,GPL570,USA,Eisai Inc,GSE50830,GSE50830_series_matrix.txt.gz,HEC-59,,,CVCL_2930,HEC-59,Cello Cell line Name,hec59
GSM1230589,GSM1230589,HEC-59_ERI_1,Public on Oct 02 2014,Sep 12 2013,Oct 02 2014,RNA,1.0,HEC-59 Eribulin 24h,Homo sapiens,cell line: HEC-59,GPL570,USA,Eisai Inc,GSE50830,GSE50830_series_matrix.txt.gz,HEC-59,,,CVCL_2930,HEC-59,Cello Cell line Name,hec59
GSM1230590,GSM1230590,HEC-59_ERI_2,Public on Oct 02 2014,Sep 12 2013,Oct 02 2014,RNA,1.0,HEC-59 Eribulin 24h,Homo sapiens,cell line: HEC-59,GPL570,USA,Eisai Inc,GSE50830,GSE50830_series_matrix.txt.gz,HEC-59,,,CVCL_2930,HEC-59,Cello Cell line Name,hec59
GSM1230591,GSM1230591,HEC-59_ERI_3,Public on Oct 02 2014,Sep 12 2013,Oct 02 2014,RNA,1.0,HEC-59 Eribulin 24h,Homo sapiens,cell line: HEC-59,GPL570,USA,Eisai Inc,GSE50830,GSE50830_series_matrix.txt.gz,HEC-59,,,CVCL_2930,HEC-59,Cello Cell line Name,hec59
GSM1230592,GSM1230592,HEC-59_PTX_1,Public on Oct 02 2014,Sep 12 2013,Oct 02 2014,RNA,1.0,HEC-59 Paclitaxel 24h,Homo sapiens,cell line: HEC-59,GPL570,USA,Eisai Inc,GSE50830,GSE50830_series_matrix.txt.gz,HEC-59,,,CVCL_2930,HEC-59,Cello Cell line Name,hec59
GSM1230593,GSM1230593,HEC-59_PTX_2,Public on Oct 02 2014,Sep 12 2013,Oct 02 2014,RNA,1.0,HEC-59 Paclitaxel 24h,Homo sapiens,cell line: HEC-59,GPL570,USA,Eisai Inc,GSE50830,GSE50830_series_matrix.txt.gz,HEC-59,,,CVCL_2930,HEC-59,Cello Cell line Name,hec59
GSM1230594,GSM1230594,HEC-59_PTX_3,Public on Oct 02 2014,Sep 12 2013,Oct 02 2014,RNA,1.0,HEC-59 Paclitaxel 24h,Homo sapiens,cell line: HEC-59,GPL570,USA,Eisai Inc,GSE50830,GSE50830_series_matrix.txt.gz,HEC-59,,,CVCL_2930,HEC-59,Cello Cell line Name,hec59
GSM1230595,GSM1230595,MFE-296_control_1,Public on Oct 02 2014,Sep 12 2013,Oct 02 2014,RNA,1.0,MFE-296 Control,Homo sapiens,cell line: MFE-296,GPL570,USA,Eisai Inc,GSE50830,GSE50830_series_matrix.txt.gz,MFE-296,,,CVCL_1406,MFE-296,Cello Cell line Name,mfe296
GSM1230596,GSM1230596,MFE-296_control_2,Public on Oct 02 2014,Sep 12 2013,Oct 02 2014,RNA,1.0,MFE-296 Control,Homo sapiens,cell line: MFE-296,GPL570,USA,Eisai Inc,GSE50830,GSE50830_series_matrix.txt.gz,MFE-296,,,CVCL_1406,MFE-296,Cello Cell line Name,mfe296
GSM1230597,GSM1230597,MFE-296_control_3,Public on Oct 02 2014,Sep 12 2013,Oct 02 2014,RNA,1.0,MFE-296 Control,Homo sapiens,cell line: MFE-296,GPL570,USA,Eisai Inc,GSE50830,GSE50830_series_matrix.txt.gz,MFE-296,,,CVCL_1406,MFE-296,Cello Cell line Name,mfe296
GSM1230598,GSM1230598,MFE-296_ERI_1,Public on Oct 02 2014,Sep 12 2013,Oct 02 2014,RNA,1.0,MFE-296 Eribulin 24h,Homo sapiens,cell line: MFE-296,GPL570,USA,Eisai Inc,GSE50830,GSE50830_series_matrix.txt.gz,MFE-296,,,CVCL_1406,MFE-296,Cello Cell line Name,mfe296
GSM1230599,GSM1230599,MFE-296_ERI_2,Public on Oct 02 2014,Sep 12 2013,Oct 02 2014,RNA,1.0,MFE-296 Eribulin 24h,Homo sapiens,cell line: MFE-296,GPL570,USA,Eisai Inc,GSE50830,GSE50830_series_matrix.txt.gz,MFE-296,,,CVCL_1406,MFE-296,Cello Cell line Name,mfe296
GSM1230600,GSM1230600,MFE-296_ERI_3,Public on Oct 02 2014,Sep 12 2013,Oct 02 2014,RNA,1.0,MFE-296 Eribulin 24h,Homo sapiens,cell line: MFE-296,GPL570,USA,Eisai Inc,GSE50830,GSE50830_series_matrix.txt.gz,MFE-296,,,CVCL_1406,MFE-296,Cello Cell line Name,mfe296
GSM1230601,GSM1230601,MFE-296_PTX_1,Public on Oct 02 2014,Sep 12 2013,Oct 02 2014,RNA,1.0,MFE-296 Paclitaxel 24h,Homo sapiens,cell line: MFE-296,GPL570,USA,Eisai Inc,GSE50830,GSE50830_series_matrix.txt.gz,MFE-296,,,CVCL_1406,MFE-296,Cello Cell line Name,mfe296
GSM1230602,GSM1230602,MFE-296_PTX_2,Public on Oct 02 2014,Sep 12 2013,Oct 02 2014,RNA,1.0,MFE-296 Paclitaxel 24h,Homo sapiens,cell line: MFE-296,GPL570,USA,Eisai Inc,GSE50830,GSE50830_series_matrix.txt.gz,MFE-296,,,CVCL_1406,MFE-296,Cello Cell line Name,mfe296
GSM1230603,GSM1230603,MFE-296_PTX_3,Public on Oct 02 2014,Sep 12 2013,Oct 02 2014,RNA,1.0,MFE-296 Paclitaxel 24h,Homo sapiens,cell line: MFE-296,GPL570,USA,Eisai Inc,GSE50830,GSE50830_series_matrix.txt.gz,MFE-296,,,CVCL_1406,MFE-296,Cello Cell line Name,mfe296
GSM1230604,GSM1230604,SNG-II_control_1,Public on Oct 02 2014,Sep 12 2013,Oct 02 2014,RNA,1.0,SNG-II Control,Homo sapiens,cell line: SNG-II,GPL570,USA,Eisai Inc,GSE50830,GSE50830_series_matrix.txt.gz,SNG-II,,,CVCL_3170,SNG-II,Cello Cell line Name,sngii
GSM1230605,GSM1230605,SNG-II_control_2,Public on Oct 02 2014,Sep 12 2013,Oct 02 2014,RNA,1.0,SNG-II Control,Homo sapiens,cell line: SNG-II,GPL570,USA,Eisai Inc,GSE50830,GSE50830_series_matrix.txt.gz,SNG-II,,,CVCL_3170,SNG-II,Cello Cell line Name,sngii
GSM1230606,GSM1230606,SNG-II_control_3,Public on Oct 02 2014,Sep 12 2013,Oct 02 2014,RNA,1.0,SNG-II Control,Homo sapiens,cell line: SNG-II,GPL570,USA,Eisai Inc,GSE50830,GSE50830_series_matrix.txt.gz,SNG-II,,,CVCL_3170,SNG-II,Cello Cell line Name,sngii
GSM1230607,GSM1230607,SNG-II_ERI_1,Public on Oct 02 2014,Sep 12 2013,Oct 02 2014,RNA,1.0,SNG-II Eribulin 24h,Homo sapiens,cell line: SNG-II,GPL570,USA,Eisai Inc,GSE50830,GSE50830_series_matrix.txt.gz,SNG-II,,,CVCL_3170,SNG-II,Cello Cell line Name,sngii
GSM1230608,GSM1230608,SNG-II_ERI_2,Public on Oct 02 2014,Sep 12 2013,Oct 02 2014,RNA,1.0,SNG-II Eribulin 24h,Homo sapiens,cell line: SNG-II,GPL570,USA,Eisai Inc,GSE50830,GSE50830_series_matrix.txt.gz,SNG-II,,,CVCL_3170,SNG-II,Cello Cell line Name,sngii
GSM1230609,GSM1230609,SNG-II_ERI_3,Public on Oct 02 2014,Sep 12 2013,Oct 02 2014,RNA,1.0,SNG-II Eribulin 24h,Homo sapiens,cell line: SNG-II,GPL570,USA,Eisai Inc,GSE50830,GSE50830_series_matrix.txt.gz,SNG-II,,,CVCL_3170,SNG-II,Cello Cell line Name,sngii
GSM1230610,GSM1230610,SNG-II_PTX_1,Public on Oct 02 2014,Sep 12 2013,Oct 02 2014,RNA,1.0,SNG-II Paclitaxel 24h,Homo sapiens,cell line: SNG-II,GPL570,USA,Eisai Inc,GSE50830,GSE50830_series_matrix.txt.gz,SNG-II,,,CVCL_3170,SNG-II,Cello Cell line Name,sngii
GSM1230611,GSM1230611,SNG-II_PTX_2,Public on Oct 02 2014,Sep 12 2013,Oct 02 2014,RNA,1.0,SNG-II Paclitaxel 24h,Homo sapiens,cell line: SNG-II,GPL570,USA,Eisai Inc,GSE50830,GSE50830_series_matrix.txt.gz,SNG-II,,,CVCL_3170,SNG-II,Cello Cell line Name,sngii
GSM1230612,GSM1230612,SNG-II_PTX_3,Public on Oct 02 2014,Sep 12 2013,Oct 02 2014,RNA,1.0,SNG-II Paclitaxel 24h,Homo sapiens,cell line: SNG-II,GPL570,USA,Eisai Inc,GSE50830,GSE50830_series_matrix.txt.gz,SNG-II,,,CVCL_3170,SNG-II,Cello Cell line Name,sngii
GSM1230613,GSM1230613,HEC-50B_control_1,Public on Oct 02 2014,Sep 12 2013,Oct 02 2014,RNA,1.0,HEC-50B Control,Homo sapiens,cell line: HEC-50B,GPL570,USA,Eisai Inc,GSE50830,GSE50830_series_matrix.txt.gz,HEC-50B,,,CVCL_2929,HEC-50B,Cello Cell line Name,hec50b
GSM1230614,GSM1230614,HEC-50B_control_2,Public on Oct 02 2014,Sep 12 2013,Oct 02 2014,RNA,1.0,HEC-50B Control,Homo sapiens,cell line: HEC-50B,GPL570,USA,Eisai Inc,GSE50830,GSE50830_series_matrix.txt.gz,HEC-50B,,,CVCL_2929,HEC-50B,Cello Cell line Name,hec50b
GSM1230615,GSM1230615,HEC-50B_control_3,Public on Oct 02 2014,Sep 12 2013,Oct 02 2014,RNA,1.0,HEC-50B Control,Homo sapiens,cell line: HEC-50B,GPL570,USA,Eisai Inc,GSE50830,GSE50830_series_matrix.txt.gz,HEC-50B,,,CVCL_2929,HEC-50B,Cello Cell line Name,hec50b
GSM1230616,GSM1230616,HEC-50B_ERI_1,Public on Oct 02 2014,Sep 12 2013,Oct 02 2014,RNA,1.0,HEC-50B Eribulin 24h,Homo sapiens,cell line: HEC-50B,GPL570,USA,Eisai Inc,GSE50830,GSE50830_series_matrix.txt.gz,HEC-50B,,,CVCL_2929,HEC-50B,Cello Cell line Name,hec50b
GSM1230617,GSM1230617,HEC-50B_ERI_2,Public on Oct 02 2014,Sep 12 2013,Oct 02 2014,RNA,1.0,HEC-50B Eribulin 24h,Homo sapiens,cell line: HEC-50B,GPL570,USA,Eisai Inc,GSE50830,GSE50830_series_matrix.txt.gz,HEC-50B,,,CVCL_2929,HEC-50B,Cello Cell line Name,hec50b
GSM1230618,GSM1230618,HEC-50B_ERI_3,Public on Oct 02 2014,Sep 12 2013,Oct 02 2014,RNA,1.0,HEC-50B Eribulin 24h,Homo sapiens,cell line: HEC-50B,GPL570,USA,Eisai Inc,GSE50830,GSE50830_series_matrix.txt.gz,HEC-50B,,,CVCL_2929,HEC-50B,Cello Cell line Name,hec50b
GSM1230619,GSM1230619,HEC-50B_PTX_1,Public on Oct 02 2014,Sep 12 2013,Oct 02 2014,RNA,1.0,HEC-50B Paclitaxel 24h,Homo sapiens,cell line: HEC-50B,GPL570,USA,Eisai Inc,GSE50830,GSE50830_series_matrix.txt.gz,HEC-50B,,,CVCL_2929,HEC-50B,Cello Cell line Name,hec50b
GSM1230620,GSM1230620,HEC-50B_PTX_2,Public on Oct 02 2014,Sep 12 2013,Oct 02 2014,RNA,1.0,HEC-50B Paclitaxel 24h,Homo sapiens,cell line: HEC-50B,GPL570,USA,Eisai Inc,GSE50830,GSE50830_series_matrix.txt.gz,HEC-50B,,,CVCL_2929,HEC-50B,Cello Cell line Name,hec50b
GSM1230621,GSM1230621,HEC-50B_PTX_3,Public on Oct 02 2014,Sep 12 2013,Oct 02 2014,RNA,1.0,HEC-50B Paclitaxel 24h,Homo sapiens,cell line: HEC-50B,GPL570,USA,Eisai Inc,GSE50830,GSE50830_series_matrix.txt.gz,HEC-50B,,,CVCL_2929,HEC-50B,Cello Cell line Name,hec50b
GSM1230622,GSM1230622,HEC-265_control_1,Public on Oct 02 2014,Sep 12 2013,Oct 02 2014,RNA,1.0,HEC-265 Control,Homo sapiens,cell line: HEC-265,GPL570,USA,Eisai Inc,GSE50830,GSE50830_series_matrix.txt.gz,HEC-265,,,CVCL_2928,HEC-265,Cello Cell line Name,hec265
GSM1230623,GSM1230623,HEC-265_control_2,Public on Oct 02 2014,Sep 12 2013,Oct 02 2014,RNA,1.0,HEC-265 Control,Homo sapiens,cell line: HEC-265,GPL570,USA,Eisai Inc,GSE50830,GSE50830_series_matrix.txt.gz,HEC-265,,,CVCL_2928,HEC-265,Cello Cell line Name,hec265
GSM1230624,GSM1230624,HEC-265_ERI_1,Public on Oct 02 2014,Sep 12 2013,Oct 02 2014,RNA,1.0,HEC-265 Eribulin 24h,Homo sapiens,cell line: HEC-265,GPL570,USA,Eisai Inc,GSE50830,GSE50830_series_matrix.txt.gz,HEC-265,,,CVCL_2928,HEC-265,Cello Cell line Name,hec265
GSM1230625,GSM1230625,HEC-265_ERI_2,Public on Oct 02 2014,Sep 12 2013,Oct 02 2014,RNA,1.0,HEC-265 Eribulin 24h,Homo sapiens,cell line: HEC-265,GPL570,USA,Eisai Inc,GSE50830,GSE50830_series_matrix.txt.gz,HEC-265,,,CVCL_2928,HEC-265,Cello Cell line Name,hec265
GSM1230626,GSM1230626,HEC-265_ERI_3,Public on Oct 02 2014,Sep 12 2013,Oct 02 2014,RNA,1.0,HEC-265 Eribulin 24h,Homo sapiens,cell line: HEC-265,GPL570,USA,Eisai Inc,GSE50830,GSE50830_series_matrix.txt.gz,HEC-265,,,CVCL_2928,HEC-265,Cello Cell line Name,hec265
GSM1230627,GSM1230627,HEC-265_PTX_1,Public on Oct 02 2014,Sep 12 2013,Oct 02 2014,RNA,1.0,HEC-265 Paclitaxel 24h,Homo sapiens,cell line: HEC-265,GPL570,USA,Eisai Inc,GSE50830,GSE50830_series_matrix.txt.gz,HEC-265,,,CVCL_2928,HEC-265,Cello Cell line Name,hec265
GSM1230628,GSM1230628,HEC-265_PTX_2,Public on Oct 02 2014,Sep 12 2013,Oct 02 2014,RNA,1.0,HEC-265 Paclitaxel 24h,Homo sapiens,cell line: HEC-265,GPL570,USA,Eisai Inc,GSE50830,GSE50830_series_matrix.txt.gz,HEC-265,,,CVCL_2928,HEC-265,Cello Cell line Name,hec265
GSM1230629,GSM1230629,HEC-265_PTX_3,Public on Oct 02 2014,Sep 12 2013,Oct 02 2014,RNA,1.0,HEC-265 Paclitaxel 24h,Homo sapiens,cell line: HEC-265,GPL570,USA,Eisai Inc,GSE50830,GSE50830_series_matrix.txt.gz,HEC-265,,,CVCL_2928,HEC-265,Cello Cell line Name,hec265
GSM1230630,GSM1230630,AN3 CA_control_1,Public on Oct 02 2014,Sep 12 2013,Oct 02 2014,RNA,1.0,AN3 CA Control,Homo sapiens,cell line: AN3 CA,GPL570,USA,Eisai Inc,GSE50830,GSE50830_series_matrix.txt.gz,AN3 CA,,,CVCL_0028,AN3 CA,Cello Cell line Synonym,an3ca
GSM1230631,GSM1230631,AN3 CA_control_2,Public on Oct 02 2014,Sep 12 2013,Oct 02 2014,RNA,1.0,AN3 CA Control,Homo sapiens,cell line: AN3 CA,GPL570,USA,Eisai Inc,GSE50830,GSE50830_series_matrix.txt.gz,AN3 CA,,,CVCL_0028,AN3 CA,Cello Cell line Synonym,an3ca
GSM1230632,GSM1230632,AN3 CA_control_3,Public on Oct 02 2014,Sep 12 2013,Oct 02 2014,RNA,1.0,AN3 CA Control,Homo sapiens,cell line: AN3 CA,GPL570,USA,Eisai Inc,GSE50830,GSE50830_series_matrix.txt.gz,AN3 CA,,,CVCL_0028,AN3 CA,Cello Cell line Synonym,an3ca
GSM1230633,GSM1230633,AN3 CA_ERI_1,Public on Oct 02 2014,Sep 12 2013,Oct 02 2014,RNA,1.0,AN3 CA Eribulin 24h,Homo sapiens,cell line: AN3 CA,GPL570,USA,Eisai Inc,GSE50830,GSE50830_series_matrix.txt.gz,AN3 CA,,,CVCL_0028,AN3 CA,Cello Cell line Synonym,an3ca
GSM1230634,GSM1230634,AN3 CA_ERI_2,Public on Oct 02 2014,Sep 12 2013,Oct 02 2014,RNA,1.0,AN3 CA Eribulin 24h,Homo sapiens,cell line: AN3 CA,GPL570,USA,Eisai Inc,GSE50830,GSE50830_series_matrix.txt.gz,AN3 CA,,,CVCL_0028,AN3 CA,Cello Cell line Synonym,an3ca
GSM1230635,GSM1230635,AN3 CA_ERI_3,Public on Oct 02 2014,Sep 12 2013,Oct 02 2014,RNA,1.0,AN3 CA Eribulin 24h,Homo sapiens,cell line: AN3 CA,GPL570,USA,Eisai Inc,GSE50830,GSE50830_series_matrix.txt.gz,AN3 CA,,,CVCL_0028,AN3 CA,Cello Cell line Synonym,an3ca
GSM1230636,GSM1230636,AN3 CA_PTX_1,Public on Oct 02 2014,Sep 12 2013,Oct 02 2014,RNA,1.0,AN3 CA Paclitaxel 24h,Homo sapiens,cell line: AN3 CA,GPL570,USA,Eisai Inc,GSE50830,GSE50830_series_matrix.txt.gz,AN3 CA,,,CVCL_0028,AN3 CA,Cello Cell line Synonym,an3ca
GSM1230637,GSM1230637,AN3 CA_PTX_2,Public on Oct 02 2014,Sep 12 2013,Oct 02 2014,RNA,1.0,AN3 CA Paclitaxel 24h,Homo sapiens,cell line: AN3 CA,GPL570,USA,Eisai Inc,GSE50830,GSE50830_series_matrix.txt.gz,AN3 CA,,,CVCL_0028,AN3 CA,Cello Cell line Synonym,an3ca
GSM1230638,GSM1230638,AN3 CA_PTX_3,Public on Oct 02 2014,Sep 12 2013,Oct 02 2014,RNA,1.0,AN3 CA Paclitaxel 24h,Homo sapiens,cell line: AN3 CA,GPL570,USA,Eisai Inc,GSE50830,GSE50830_series_matrix.txt.gz,AN3 CA,,,CVCL_0028,AN3 CA,Cello Cell line Synonym,an3ca
GSM1230639,GSM1230639,HEC-1_control_1,Public on Oct 02 2014,Sep 12 2013,Oct 02 2014,RNA,1.0,HEC-1 Control,Homo sapiens,cell line: HEC-1,GPL570,USA,Eisai Inc,GSE50830,GSE50830_series_matrix.txt.gz,HEC-1,,,CVCL_1274,HEC-1,Cello Cell line Name,hec1
GSM1230640,GSM1230640,HEC-1_control_2,Public on Oct 02 2014,Sep 12 2013,Oct 02 2014,RNA,1.0,HEC-1 Control,Homo sapiens,cell line: HEC-1,GPL570,USA,Eisai Inc,GSE50830,GSE50830_series_matrix.txt.gz,HEC-1,,,CVCL_1274,HEC-1,Cello Cell line Name,hec1
GSM1230641,GSM1230641,HEC-1_control_3,Public on Oct 02 2014,Sep 12 2013,Oct 02 2014,RNA,1.0,HEC-1 Control,Homo sapiens,cell line: HEC-1,GPL570,USA,Eisai Inc,GSE50830,GSE50830_series_matrix.txt.gz,HEC-1,,,CVCL_1274,HEC-1,Cello Cell line Name,hec1
GSM1230642,GSM1230642,HEC-1_ERI_1,Public on Oct 02 2014,Sep 12 2013,Oct 02 2014,RNA,1.0,HEC-1 Eribulin 24h,Homo sapiens,cell line: HEC-1,GPL570,USA,Eisai Inc,GSE50830,GSE50830_series_matrix.txt.gz,HEC-1,,,CVCL_1274,HEC-1,Cello Cell line Name,hec1
GSM1230643,GSM1230643,HEC-1_ERI_2,Public on Oct 02 2014,Sep 12 2013,Oct 02 2014,RNA,1.0,HEC-1 Eribulin 24h,Homo sapiens,cell line: HEC-1,GPL570,USA,Eisai Inc,GSE50830,GSE50830_series_matrix.txt.gz,HEC-1,,,CVCL_1274,HEC-1,Cello Cell line Name,hec1
GSM1230644,GSM1230644,HEC-1_ERI_3,Public on Oct 02 2014,Sep 12 2013,Oct 02 2014,RNA,1.0,HEC-1 Eribulin 24h,Homo sapiens,cell line: HEC-1,GPL570,USA,Eisai Inc,GSE50830,GSE50830_series_matrix.txt.gz,HEC-1,,,CVCL_1274,HEC-1,Cello Cell line Name,hec1
GSM1230645,GSM1230645,HEC-1_PTX_1,Public on Oct 02 2014,Sep 12 2013,Oct 02 2014,RNA,1.0,HEC-1 Paclitaxel 24h,Homo sapiens,cell line: HEC-1,GPL570,USA,Eisai Inc,GSE50830,GSE50830_series_matrix.txt.gz,HEC-1,,,CVCL_1274,HEC-1,Cello Cell line Name,hec1
GSM1230646,GSM1230646,HEC-1_PTX_2,Public on Oct 02 2014,Sep 12 2013,Oct 02 2014,RNA,1.0,HEC-1 Paclitaxel 24h,Homo sapiens,cell line: HEC-1,GPL570,USA,Eisai Inc,GSE50830,GSE50830_series_matrix.txt.gz,HEC-1,,,CVCL_1274,HEC-1,Cello Cell line Name,hec1
GSM1230647,GSM1230647,HEC-1_PTX_3,Public on Oct 02 2014,Sep 12 2013,Oct 02 2014,RNA,1.0,HEC-1 Paclitaxel 24h,Homo sapiens,cell line: HEC-1,GPL570,USA,Eisai Inc,GSE50830,GSE50830_series_matrix.txt.gz,HEC-1,,,CVCL_1274,HEC-1,Cello Cell line Name,hec1
GSM1230648,GSM1230648,HEC-6_control_1,Public on Oct 02 2014,Sep 12 2013,Oct 02 2014,RNA,1.0,HEC-6 Control,Homo sapiens,cell line: HEC-6,GPL570,USA,Eisai Inc,GSE50830,GSE50830_series_matrix.txt.gz,HEC-6,,,CVCL_2931,HEC-6,Cello Cell line Name,hec6
GSM1230649,GSM1230649,HEC-6_control_2,Public on Oct 02 2014,Sep 12 2013,Oct 02 2014,RNA,1.0,HEC-6 Control,Homo sapiens,cell line: HEC-6,GPL570,USA,Eisai Inc,GSE50830,GSE50830_series_matrix.txt.gz,HEC-6,,,CVCL_2931,HEC-6,Cello Cell line Name,hec6
GSM1230650,GSM1230650,HEC-6_control_3,Public on Oct 02 2014,Sep 12 2013,Oct 02 2014,RNA,1.0,HEC-6 Control,Homo sapiens,cell line: HEC-6,GPL570,USA,Eisai Inc,GSE50830,GSE50830_series_matrix.txt.gz,HEC-6,,,CVCL_2931,HEC-6,Cello Cell line Name,hec6
GSM1230651,GSM1230651,HEC-6_ERI_1,Public on Oct 02 2014,Sep 12 2013,Oct 02 2014,RNA,1.0,HEC-6 Eribulin 24h,Homo sapiens,cell line: HEC-6,GPL570,USA,Eisai Inc,GSE50830,GSE50830_series_matrix.txt.gz,HEC-6,,,CVCL_2931,HEC-6,Cello Cell line Name,hec6
GSM1230652,GSM1230652,HEC-6_ERI_2,Public on Oct 02 2014,Sep 12 2013,Oct 02 2014,RNA,1.0,HEC-6 Eribulin 24h,Homo sapiens,cell line: HEC-6,GPL570,USA,Eisai Inc,GSE50830,GSE50830_series_matrix.txt.gz,HEC-6,,,CVCL_2931,HEC-6,Cello Cell line Name,hec6
GSM1230653,GSM1230653,HEC-6_ERI_3,Public on Oct 02 2014,Sep 12 2013,Oct 02 2014,RNA,1.0,HEC-6 Eribulin 24h,Homo sapiens,cell line: HEC-6,GPL570,USA,Eisai Inc,GSE50830,GSE50830_series_matrix.txt.gz,HEC-6,,,CVCL_2931,HEC-6,Cello Cell line Name,hec6
GSM1230654,GSM1230654,HEC-6_PTX_1,Public on Oct 02 2014,Sep 12 2013,Oct 02 2014,RNA,1.0,HEC-6 Paclitaxel 24h,Homo sapiens,cell line: HEC-6,GPL570,USA,Eisai Inc,GSE50830,GSE50830_series_matrix.txt.gz,HEC-6,,,CVCL_2931,HEC-6,Cello Cell line Name,hec6
GSM1230655,GSM1230655,HEC-6_PTX_2,Public on Oct 02 2014,Sep 12 2013,Oct 02 2014,RNA,1.0,HEC-6 Paclitaxel 24h,Homo sapiens,cell line: HEC-6,GPL570,USA,Eisai Inc,GSE50830,GSE50830_series_matrix.txt.gz,HEC-6,,,CVCL_2931,HEC-6,Cello Cell line Name,hec6
GSM1230656,GSM1230656,HEC-6_PTX_3,Public on Oct 02 2014,Sep 12 2013,Oct 02 2014,RNA,1.0,HEC-6 Paclitaxel 24h,Homo sapiens,cell line: HEC-6,GPL570,USA,Eisai Inc,GSE50830,GSE50830_series_matrix.txt.gz,HEC-6,,,CVCL_2931,HEC-6,Cello Cell line Name,hec6
GSM1230657,GSM1230657,MFE-280_control_1,Public on Oct 02 2014,Sep 12 2013,Oct 02 2014,RNA,1.0,MFE-280 Control,Homo sapiens,cell line: MFE-280,GPL570,USA,Eisai Inc,GSE50830,GSE50830_series_matrix.txt.gz,MFE-280,,,CVCL_1405,MFE-280,Cello Cell line Name,mfe280
GSM1230658,GSM1230658,MFE-280_control_2,Public on Oct 02 2014,Sep 12 2013,Oct 02 2014,RNA,1.0,MFE-280 Control,Homo sapiens,cell line: MFE-280,GPL570,USA,Eisai Inc,GSE50830,GSE50830_series_matrix.txt.gz,MFE-280,,,CVCL_1405,MFE-280,Cello Cell line Name,mfe280
GSM1230659,GSM1230659,MFE-280_control_3,Public on Oct 02 2014,Sep 12 2013,Oct 02 2014,RNA,1.0,MFE-280 Control,Homo sapiens,cell line: MFE-280,GPL570,USA,Eisai Inc,GSE50830,GSE50830_series_matrix.txt.gz,MFE-280,,,CVCL_1405,MFE-280,Cello Cell line Name,mfe280
GSM1230660,GSM1230660,MFE-280_ERI_1,Public on Oct 02 2014,Sep 12 2013,Oct 02 2014,RNA,1.0,MFE-280 Eribulin 24h,Homo sapiens,cell line: MFE-280,GPL570,USA,Eisai Inc,GSE50830,GSE50830_series_matrix.txt.gz,MFE-280,,,CVCL_1405,MFE-280,Cello Cell line Name,mfe280
GSM1230661,GSM1230661,MFE-280_ERI_2,Public on Oct 02 2014,Sep 12 2013,Oct 02 2014,RNA,1.0,MFE-280 Eribulin 24h,Homo sapiens,cell line: MFE-280,GPL570,USA,Eisai Inc,GSE50830,GSE50830_series_matrix.txt.gz,MFE-280,,,CVCL_1405,MFE-280,Cello Cell line Name,mfe280
GSM1230662,GSM1230662,MFE-280_ERI_3,Public on Oct 02 2014,Sep 12 2013,Oct 02 2014,RNA,1.0,MFE-280 Eribulin 24h,Homo sapiens,cell line: MFE-280,GPL570,USA,Eisai Inc,GSE50830,GSE50830_series_matrix.txt.gz,MFE-280,,,CVCL_1405,MFE-280,Cello Cell line Name,mfe280
GSM1230663,GSM1230663,MFE-280_PTX_1,Public on Oct 02 2014,Sep 12 2013,Oct 02 2014,RNA,1.0,MFE-280 Paclitaxel 24h,Homo sapiens,cell line: MFE-280,GPL570,USA,Eisai Inc,GSE50830,GSE50830_series_matrix.txt.gz,MFE-280,,,CVCL_1405,MFE-280,Cello Cell line Name,mfe280
GSM1230664,GSM1230664,MFE-280_PTX_2,Public on Oct 02 2014,Sep 12 2013,Oct 02 2014,RNA,1.0,MFE-280 Paclitaxel 24h,Homo sapiens,cell line: MFE-280,GPL570,USA,Eisai Inc,GSE50830,GSE50830_series_matrix.txt.gz,MFE-280,,,CVCL_1405,MFE-280,Cello Cell line Name,mfe280
GSM1230665,GSM1230665,MFE-280_PTX_3,Public on Oct 02 2014,Sep 12 2013,Oct 02 2014,RNA,1.0,MFE-280 Paclitaxel 24h,Homo sapiens,cell line: MFE-280,GPL570,USA,Eisai Inc,GSE50830,GSE50830_series_matrix.txt.gz,MFE-280,,,CVCL_1405,MFE-280,Cello Cell line Name,mfe280
GSM1230666,GSM1230666,RL95-2 _control_1,Public on Oct 02 2014,Sep 12 2013,Oct 02 2014,RNA,1.0,RL95-2  Control,Homo sapiens,cell line: RL95-2,GPL570,USA,Eisai Inc,GSE50830,GSE50830_series_matrix.txt.gz,RL95-2,,,CVCL_0505,RL95-2,Cello Cell line Name,rl952
GSM1230667,GSM1230667,RL95-2 _control_2,Public on Oct 02 2014,Sep 12 2013,Oct 02 2014,RNA,1.0,RL95-2  Control,Homo sapiens,cell line: RL95-2,GPL570,USA,Eisai Inc,GSE50830,GSE50830_series_matrix.txt.gz,RL95-2,,,CVCL_0505,RL95-2,Cello Cell line Name,rl952
GSM1230668,GSM1230668,RL95-2 _control_3,Public on Oct 02 2014,Sep 12 2013,Oct 02 2014,RNA,1.0,RL95-2  Control,Homo sapiens,cell line: RL95-2,GPL570,USA,Eisai Inc,GSE50830,GSE50830_series_matrix.txt.gz,RL95-2,,,CVCL_0505,RL95-2,Cello Cell line Name,rl952
GSM1230669,GSM1230669,RL95-2 _ERI_1,Public on Oct 02 2014,Sep 12 2013,Oct 02 2014,RNA,1.0,RL95-2  Eribulin 24h,Homo sapiens,cell line: RL95-2,GPL570,USA,Eisai Inc,GSE50830,GSE50830_series_matrix.txt.gz,RL95-2,,,CVCL_0505,RL95-2,Cello Cell line Name,rl952
GSM1230670,GSM1230670,RL95-2 _ERI_2,Public on Oct 02 2014,Sep 12 2013,Oct 02 2014,RNA,1.0,RL95-2  Eribulin 24h,Homo sapiens,cell line: RL95-2,GPL570,USA,Eisai Inc,GSE50830,GSE50830_series_matrix.txt.gz,RL95-2,,,CVCL_0505,RL95-2,Cello Cell line Name,rl952
GSM1230671,GSM1230671,RL95-2 _PTX_1,Public on Oct 02 2014,Sep 12 2013,Oct 02 2014,RNA,1.0,RL95-2  Paclitaxel 24h,Homo sapiens,cell line: RL95-2,GPL570,USA,Eisai Inc,GSE50830,GSE50830_series_matrix.txt.gz,RL95-2,,,CVCL_0505,RL95-2,Cello Cell line Name,rl952
GSM1230672,GSM1230672,RL95-2 _PTX_2,Public on Oct 02 2014,Sep 12 2013,Oct 02 2014,RNA,1.0,RL95-2  Paclitaxel 24h,Homo sapiens,cell line: RL95-2,GPL570,USA,Eisai Inc,GSE50830,GSE50830_series_matrix.txt.gz,RL95-2,,,CVCL_0505,RL95-2,Cello Cell line Name,rl952
GSM1230673,GSM1230673,RL95-2 _PTX_3,Public on Oct 02 2014,Sep 12 2013,Oct 02 2014,RNA,1.0,RL95-2  Paclitaxel 24h,Homo sapiens,cell line: RL95-2,GPL570,USA,Eisai Inc,GSE50830,GSE50830_series_matrix.txt.gz,RL95-2,,,CVCL_0505,RL95-2,Cello Cell line Name,rl952
GSM1230674,GSM1230674,KLE_control_1,Public on Oct 02 2014,Sep 12 2013,Oct 02 2014,RNA,1.0,KLE Control,Homo sapiens,cell line: KLE,GPL570,USA,Eisai Inc,GSE50830,GSE50830_series_matrix.txt.gz,KLE,,,CVCL_1329,KLE,Cello Cell line Name,kle
GSM1230675,GSM1230675,KLE_control_2,Public on Oct 02 2014,Sep 12 2013,Oct 02 2014,RNA,1.0,KLE Control,Homo sapiens,cell line: KLE,GPL570,USA,Eisai Inc,GSE50830,GSE50830_series_matrix.txt.gz,KLE,,,CVCL_1329,KLE,Cello Cell line Name,kle
GSM1230676,GSM1230676,KLE_control_3,Public on Oct 02 2014,Sep 12 2013,Oct 02 2014,RNA,1.0,KLE Control,Homo sapiens,cell line: KLE,GPL570,USA,Eisai Inc,GSE50830,GSE50830_series_matrix.txt.gz,KLE,,,CVCL_1329,KLE,Cello Cell line Name,kle
GSM1230677,GSM1230677,KLE_ERI_1,Public on Oct 02 2014,Sep 12 2013,Oct 02 2014,RNA,1.0,KLE Eribulin 24h,Homo sapiens,cell line: KLE,GPL570,USA,Eisai Inc,GSE50830,GSE50830_series_matrix.txt.gz,KLE,,,CVCL_1329,KLE,Cello Cell line Name,kle
GSM1230678,GSM1230678,KLE_ERI_2,Public on Oct 02 2014,Sep 12 2013,Oct 02 2014,RNA,1.0,KLE Eribulin 24h,Homo sapiens,cell line: KLE,GPL570,USA,Eisai Inc,GSE50830,GSE50830_series_matrix.txt.gz,KLE,,,CVCL_1329,KLE,Cello Cell line Name,kle
GSM1230679,GSM1230679,KLE_ERI_3,Public on Oct 02 2014,Sep 12 2013,Oct 02 2014,RNA,1.0,KLE Eribulin 24h,Homo sapiens,cell line: KLE,GPL570,USA,Eisai Inc,GSE50830,GSE50830_series_matrix.txt.gz,KLE,,,CVCL_1329,KLE,Cello Cell line Name,kle
GSM1230680,GSM1230680,KLE_PTX_1,Public on Oct 02 2014,Sep 12 2013,Oct 02 2014,RNA,1.0,KLE Paclitaxel 24h,Homo sapiens,cell line: KLE,GPL570,USA,Eisai Inc,GSE50830,GSE50830_series_matrix.txt.gz,KLE,,,CVCL_1329,KLE,Cello Cell line Name,kle
GSM1230681,GSM1230681,KLE_PTX_2,Public on Oct 02 2014,Sep 12 2013,Oct 02 2014,RNA,1.0,KLE Paclitaxel 24h,Homo sapiens,cell line: KLE,GPL570,USA,Eisai Inc,GSE50830,GSE50830_series_matrix.txt.gz,KLE,,,CVCL_1329,KLE,Cello Cell line Name,kle
GSM1230682,GSM1230682,KLE_PTX_3,Public on Oct 02 2014,Sep 12 2013,Oct 02 2014,RNA,1.0,KLE Paclitaxel 24h,Homo sapiens,cell line: KLE,GPL570,USA,Eisai Inc,GSE50830,GSE50830_series_matrix.txt.gz,KLE,,,CVCL_1329,KLE,Cello Cell line Name,kle
GSM1230683,GSM1230683,HEC-1-B_control_1,Public on Oct 02 2014,Sep 12 2013,Oct 02 2014,RNA,1.0,HEC-1-B Control,Homo sapiens,cell line: HEC-1-B,GPL570,USA,Eisai Inc,GSE50830,GSE50830_series_matrix.txt.gz,HEC-1-B,,,CVCL_0294,HEC-1-B,Cello Cell line Name,hec1b
GSM1230684,GSM1230684,HEC-1-B_control_2,Public on Oct 02 2014,Sep 12 2013,Oct 02 2014,RNA,1.0,HEC-1-B Control,Homo sapiens,cell line: HEC-1-B,GPL570,USA,Eisai Inc,GSE50830,GSE50830_series_matrix.txt.gz,HEC-1-B,,,CVCL_0294,HEC-1-B,Cello Cell line Name,hec1b
GSM1230685,GSM1230685,HEC-1-B_control_3,Public on Oct 02 2014,Sep 12 2013,Oct 02 2014,RNA,1.0,HEC-1-B Control,Homo sapiens,cell line: HEC-1-B,GPL570,USA,Eisai Inc,GSE50830,GSE50830_series_matrix.txt.gz,HEC-1-B,,,CVCL_0294,HEC-1-B,Cello Cell line Name,hec1b
GSM1230686,GSM1230686,HEC-1-B_ERI_1,Public on Oct 02 2014,Sep 12 2013,Oct 02 2014,RNA,1.0,HEC-1-B Eribulin 24h,Homo sapiens,cell line: HEC-1-B,GPL570,USA,Eisai Inc,GSE50830,GSE50830_series_matrix.txt.gz,HEC-1-B,,,CVCL_0294,HEC-1-B,Cello Cell line Name,hec1b
GSM1230687,GSM1230687,HEC-1-B_ERI_2,Public on Oct 02 2014,Sep 12 2013,Oct 02 2014,RNA,1.0,HEC-1-B Eribulin 24h,Homo sapiens,cell line: HEC-1-B,GPL570,USA,Eisai Inc,GSE50830,GSE50830_series_matrix.txt.gz,HEC-1-B,,,CVCL_0294,HEC-1-B,Cello Cell line Name,hec1b
GSM1230688,GSM1230688,HEC-1-B_ERI_3,Public on Oct 02 2014,Sep 12 2013,Oct 02 2014,RNA,1.0,HEC-1-B Eribulin 24h,Homo sapiens,cell line: HEC-1-B,GPL570,USA,Eisai Inc,GSE50830,GSE50830_series_matrix.txt.gz,HEC-1-B,,,CVCL_0294,HEC-1-B,Cello Cell line Name,hec1b
GSM1230689,GSM1230689,HEC-1-B_PTX_1,Public on Oct 02 2014,Sep 12 2013,Oct 02 2014,RNA,1.0,HEC-1-B Paclitaxel 24h,Homo sapiens,cell line: HEC-1-B,GPL570,USA,Eisai Inc,GSE50830,GSE50830_series_matrix.txt.gz,HEC-1-B,,,CVCL_0294,HEC-1-B,Cello Cell line Name,hec1b
GSM1230690,GSM1230690,HEC-1-B_PTX_2,Public on Oct 02 2014,Sep 12 2013,Oct 02 2014,RNA,1.0,HEC-1-B Paclitaxel 24h,Homo sapiens,cell line: HEC-1-B,GPL570,USA,Eisai Inc,GSE50830,GSE50830_series_matrix.txt.gz,HEC-1-B,,,CVCL_0294,HEC-1-B,Cello Cell line Name,hec1b
GSM1230691,GSM1230691,HEC-1-B_PTX_3,Public on Oct 02 2014,Sep 12 2013,Oct 02 2014,RNA,1.0,HEC-1-B Paclitaxel 24h,Homo sapiens,cell line: HEC-1-B,GPL570,USA,Eisai Inc,GSE50830,GSE50830_series_matrix.txt.gz,HEC-1-B,,,CVCL_0294,HEC-1-B,Cello Cell line Name,hec1b
GSM1230692,GSM1230692,SNG-M_control_1,Public on Oct 02 2014,Sep 12 2013,Oct 02 2014,RNA,1.0,SNG-M Control,Homo sapiens,cell line: SNG-M,GPL570,USA,Eisai Inc,GSE50830,GSE50830_series_matrix.txt.gz,SNG-M,,,CVCL_1707,SNG-M,Cello Cell line Name,sngm
GSM1230693,GSM1230693,SNG-M_control_2,Public on Oct 02 2014,Sep 12 2013,Oct 02 2014,RNA,1.0,SNG-M Control,Homo sapiens,cell line: SNG-M,GPL570,USA,Eisai Inc,GSE50830,GSE50830_series_matrix.txt.gz,SNG-M,,,CVCL_1707,SNG-M,Cello Cell line Name,sngm
GSM1230694,GSM1230694,SNG-M_control_3,Public on Oct 02 2014,Sep 12 2013,Oct 02 2014,RNA,1.0,SNG-M Control,Homo sapiens,cell line: SNG-M,GPL570,USA,Eisai Inc,GSE50830,GSE50830_series_matrix.txt.gz,SNG-M,,,CVCL_1707,SNG-M,Cello Cell line Name,sngm
GSM1230695,GSM1230695,SNG-M_ERI_1,Public on Oct 02 2014,Sep 12 2013,Oct 02 2014,RNA,1.0,SNG-M Eribulin 24h,Homo sapiens,cell line: SNG-M,GPL570,USA,Eisai Inc,GSE50830,GSE50830_series_matrix.txt.gz,SNG-M,,,CVCL_1707,SNG-M,Cello Cell line Name,sngm
GSM1230696,GSM1230696,SNG-M_ERI_2,Public on Oct 02 2014,Sep 12 2013,Oct 02 2014,RNA,1.0,SNG-M Eribulin 24h,Homo sapiens,cell line: SNG-M,GPL570,USA,Eisai Inc,GSE50830,GSE50830_series_matrix.txt.gz,SNG-M,,,CVCL_1707,SNG-M,Cello Cell line Name,sngm
GSM1230697,GSM1230697,SNG-M_ERI_3,Public on Oct 02 2014,Sep 12 2013,Oct 02 2014,RNA,1.0,SNG-M Eribulin 24h,Homo sapiens,cell line: SNG-M,GPL570,USA,Eisai Inc,GSE50830,GSE50830_series_matrix.txt.gz,SNG-M,,,CVCL_1707,SNG-M,Cello Cell line Name,sngm
GSM1230698,GSM1230698,SNG-M_PTX_1,Public on Oct 02 2014,Sep 12 2013,Oct 02 2014,RNA,1.0,SNG-M Paclitaxel 24h,Homo sapiens,cell line: SNG-M,GPL570,USA,Eisai Inc,GSE50830,GSE50830_series_matrix.txt.gz,SNG-M,,,CVCL_1707,SNG-M,Cello Cell line Name,sngm
GSM1230699,GSM1230699,SNG-M_PTX_2,Public on Oct 02 2014,Sep 12 2013,Oct 02 2014,RNA,1.0,SNG-M Paclitaxel 24h,Homo sapiens,cell line: SNG-M,GPL570,USA,Eisai Inc,GSE50830,GSE50830_series_matrix.txt.gz,SNG-M,,,CVCL_1707,SNG-M,Cello Cell line Name,sngm
GSM1230700,GSM1230700,SNG-M_PTX_3,Public on Oct 02 2014,Sep 12 2013,Oct 02 2014,RNA,1.0,SNG-M Paclitaxel 24h,Homo sapiens,cell line: SNG-M,GPL570,USA,Eisai Inc,GSE50830,GSE50830_series_matrix.txt.gz,SNG-M,,,CVCL_1707,SNG-M,Cello Cell line Name,sngm
GSM1230701,GSM1230701,SK-OV-3:Ctrl_1,Public on Oct 02 2014,Sep 12 2013,Oct 02 2014,RNA,1.0,SK-OV-3 Control,Homo sapiens,cell line: SK-OV-3,GPL570,USA,Eisai Inc,GSE50831,GSE50831_series_matrix.txt.gz,SK-OV-3,,,CVCL_0532,SK-OV-3,Cello Cell line Name,skov3
GSM1230702,GSM1230702,SK-OV-3:Ctrl_2,Public on Oct 02 2014,Sep 12 2013,Oct 02 2014,RNA,1.0,SK-OV-3 Control,Homo sapiens,cell line: SK-OV-3,GPL570,USA,Eisai Inc,GSE50831,GSE50831_series_matrix.txt.gz,SK-OV-3,,,CVCL_0532,SK-OV-3,Cello Cell line Name,skov3
GSM1230703,GSM1230703,SK-OV-3:Ctrl_3,Public on Oct 02 2014,Sep 12 2013,Oct 02 2014,RNA,1.0,SK-OV-3 Control,Homo sapiens,cell line: SK-OV-3,GPL570,USA,Eisai Inc,GSE50831,GSE50831_series_matrix.txt.gz,SK-OV-3,,,CVCL_0532,SK-OV-3,Cello Cell line Name,skov3
GSM1230704,GSM1230704,SK-OV-3:ERI_1,Public on Oct 02 2014,Sep 12 2013,Oct 02 2014,RNA,1.0,SK-OV-3 Eribulin 24h,Homo sapiens,cell line: SK-OV-3,GPL570,USA,Eisai Inc,GSE50831,GSE50831_series_matrix.txt.gz,SK-OV-3,,,CVCL_0532,SK-OV-3,Cello Cell line Name,skov3
GSM1230705,GSM1230705,SK-OV-3:ERI_2,Public on Oct 02 2014,Sep 12 2013,Oct 02 2014,RNA,1.0,SK-OV-3 Eribulin 24h,Homo sapiens,cell line: SK-OV-3,GPL570,USA,Eisai Inc,GSE50831,GSE50831_series_matrix.txt.gz,SK-OV-3,,,CVCL_0532,SK-OV-3,Cello Cell line Name,skov3
GSM1230706,GSM1230706,SK-OV-3:ERI_3,Public on Oct 02 2014,Sep 12 2013,Oct 02 2014,RNA,1.0,SK-OV-3 Eribulin 24h,Homo sapiens,cell line: SK-OV-3,GPL570,USA,Eisai Inc,GSE50831,GSE50831_series_matrix.txt.gz,SK-OV-3,,,CVCL_0532,SK-OV-3,Cello Cell line Name,skov3
GSM1230707,GSM1230707,SK-OV-3:PTX_1,Public on Oct 02 2014,Sep 12 2013,Oct 02 2014,RNA,1.0,SK-OV-3 Paclitaxel 24h,Homo sapiens,cell line: SK-OV-3,GPL570,USA,Eisai Inc,GSE50831,GSE50831_series_matrix.txt.gz,SK-OV-3,,,CVCL_0532,SK-OV-3,Cello Cell line Name,skov3
GSM1230708,GSM1230708,SK-OV-3:PTX_2,Public on Oct 02 2014,Sep 12 2013,Oct 02 2014,RNA,1.0,SK-OV-3 Paclitaxel 24h,Homo sapiens,cell line: SK-OV-3,GPL570,USA,Eisai Inc,GSE50831,GSE50831_series_matrix.txt.gz,SK-OV-3,,,CVCL_0532,SK-OV-3,Cello Cell line Name,skov3
GSM1230709,GSM1230709,SK-OV-3:PTX_3,Public on Oct 02 2014,Sep 12 2013,Oct 02 2014,RNA,1.0,SK-OV-3 Paclitaxel 24h,Homo sapiens,cell line: SK-OV-3,GPL570,USA,Eisai Inc,GSE50831,GSE50831_series_matrix.txt.gz,SK-OV-3,,,CVCL_0532,SK-OV-3,Cello Cell line Name,skov3
GSM1230710,GSM1230710,TOV-21G:Ctrl_1,Public on Oct 02 2014,Sep 12 2013,Oct 02 2014,RNA,1.0,TOV-21G Control,Homo sapiens,cell line: TOV-21G,GPL570,USA,Eisai Inc,GSE50831,GSE50831_series_matrix.txt.gz,TOV-21G,,,CVCL_3613,TOV-21G,Cello Cell line Name,tov21g
GSM1230711,GSM1230711,TOV-21G:Ctrl_2,Public on Oct 02 2014,Sep 12 2013,Oct 02 2014,RNA,1.0,TOV-21G Control,Homo sapiens,cell line: TOV-21G,GPL570,USA,Eisai Inc,GSE50831,GSE50831_series_matrix.txt.gz,TOV-21G,,,CVCL_3613,TOV-21G,Cello Cell line Name,tov21g
GSM1230712,GSM1230712,TOV-21G:Ctrl_3,Public on Oct 02 2014,Sep 12 2013,Oct 02 2014,RNA,1.0,TOV-21G Control,Homo sapiens,cell line: TOV-21G,GPL570,USA,Eisai Inc,GSE50831,GSE50831_series_matrix.txt.gz,TOV-21G,,,CVCL_3613,TOV-21G,Cello Cell line Name,tov21g
GSM1230713,GSM1230713,TOV-21G:ERI_1,Public on Oct 02 2014,Sep 12 2013,Oct 02 2014,RNA,1.0,TOV-21G Eribulin 24h,Homo sapiens,cell line: TOV-21G,GPL570,USA,Eisai Inc,GSE50831,GSE50831_series_matrix.txt.gz,TOV-21G,,,CVCL_3613,TOV-21G,Cello Cell line Name,tov21g
GSM1230714,GSM1230714,TOV-21G:ERI_2,Public on Oct 02 2014,Sep 12 2013,Oct 02 2014,RNA,1.0,TOV-21G Eribulin 24h,Homo sapiens,cell line: TOV-21G,GPL570,USA,Eisai Inc,GSE50831,GSE50831_series_matrix.txt.gz,TOV-21G,,,CVCL_3613,TOV-21G,Cello Cell line Name,tov21g
GSM1230715,GSM1230715,TOV-21G:ERI_3,Public on Oct 02 2014,Sep 12 2013,Oct 02 2014,RNA,1.0,TOV-21G Eribulin 24h,Homo sapiens,cell line: TOV-21G,GPL570,USA,Eisai Inc,GSE50831,GSE50831_series_matrix.txt.gz,TOV-21G,,,CVCL_3613,TOV-21G,Cello Cell line Name,tov21g
GSM1230716,GSM1230716,TOV-21G:PTX_1,Public on Oct 02 2014,Sep 12 2013,Oct 02 2014,RNA,1.0,TOV-21G Paclitaxel 24h,Homo sapiens,cell line: TOV-21G,GPL570,USA,Eisai Inc,GSE50831,GSE50831_series_matrix.txt.gz,TOV-21G,,,CVCL_3613,TOV-21G,Cello Cell line Name,tov21g
GSM1230717,GSM1230717,TOV-21G:PTX_2,Public on Oct 02 2014,Sep 12 2013,Oct 02 2014,RNA,1.0,TOV-21G Paclitaxel 24h,Homo sapiens,cell line: TOV-21G,GPL570,USA,Eisai Inc,GSE50831,GSE50831_series_matrix.txt.gz,TOV-21G,,,CVCL_3613,TOV-21G,Cello Cell line Name,tov21g
GSM1230718,GSM1230718,TOV-21G:PTX_3,Public on Oct 02 2014,Sep 12 2013,Oct 02 2014,RNA,1.0,TOV-21G Paclitaxel 24h,Homo sapiens,cell line: TOV-21G,GPL570,USA,Eisai Inc,GSE50831,GSE50831_series_matrix.txt.gz,TOV-21G,,,CVCL_3613,TOV-21G,Cello Cell line Name,tov21g
GSM1230719,GSM1230719,OVISE:Ctrl_1,Public on Oct 02 2014,Sep 12 2013,Oct 02 2014,RNA,1.0,OVISE Control,Homo sapiens,cell line: OVISE,GPL570,USA,Eisai Inc,GSE50831,GSE50831_series_matrix.txt.gz,OVISE,,,CVCL_3116,OVISE,Cello Cell line Name,ovise
GSM1230720,GSM1230720,OVISE:Ctrl_2,Public on Oct 02 2014,Sep 12 2013,Oct 02 2014,RNA,1.0,OVISE Control,Homo sapiens,cell line: OVISE,GPL570,USA,Eisai Inc,GSE50831,GSE50831_series_matrix.txt.gz,OVISE,,,CVCL_3116,OVISE,Cello Cell line Name,ovise
GSM1230721,GSM1230721,OVISE:Ctrl_3,Public on Oct 02 2014,Sep 12 2013,Oct 02 2014,RNA,1.0,OVISE Control,Homo sapiens,cell line: OVISE,GPL570,USA,Eisai Inc,GSE50831,GSE50831_series_matrix.txt.gz,OVISE,,,CVCL_3116,OVISE,Cello Cell line Name,ovise
GSM1230722,GSM1230722,OVISE:ERI_1,Public on Oct 02 2014,Sep 12 2013,Oct 02 2014,RNA,1.0,OVISE Eribulin 24h,Homo sapiens,cell line: OVISE,GPL570,USA,Eisai Inc,GSE50831,GSE50831_series_matrix.txt.gz,OVISE,,,CVCL_3116,OVISE,Cello Cell line Name,ovise
GSM1230723,GSM1230723,OVISE:ERI_2,Public on Oct 02 2014,Sep 12 2013,Oct 02 2014,RNA,1.0,OVISE Eribulin 24h,Homo sapiens,cell line: OVISE,GPL570,USA,Eisai Inc,GSE50831,GSE50831_series_matrix.txt.gz,OVISE,,,CVCL_3116,OVISE,Cello Cell line Name,ovise
GSM1230724,GSM1230724,OVISE:ERI_3,Public on Oct 02 2014,Sep 12 2013,Oct 02 2014,RNA,1.0,OVISE Eribulin 24h,Homo sapiens,cell line: OVISE,GPL570,USA,Eisai Inc,GSE50831,GSE50831_series_matrix.txt.gz,OVISE,,,CVCL_3116,OVISE,Cello Cell line Name,ovise
GSM1230725,GSM1230725,OVISE:PTX_1,Public on Oct 02 2014,Sep 12 2013,Oct 02 2014,RNA,1.0,OVISE Paclitaxel 24h,Homo sapiens,cell line: OVISE,GPL570,USA,Eisai Inc,GSE50831,GSE50831_series_matrix.txt.gz,OVISE,,,CVCL_3116,OVISE,Cello Cell line Name,ovise
GSM1230726,GSM1230726,OVISE:PTX_2,Public on Oct 02 2014,Sep 12 2013,Oct 02 2014,RNA,1.0,OVISE Paclitaxel 24h,Homo sapiens,cell line: OVISE,GPL570,USA,Eisai Inc,GSE50831,GSE50831_series_matrix.txt.gz,OVISE,,,CVCL_3116,OVISE,Cello Cell line Name,ovise
GSM1230727,GSM1230727,OVISE:PTX_3,Public on Oct 02 2014,Sep 12 2013,Oct 02 2014,RNA,1.0,OVISE Paclitaxel 24h,Homo sapiens,cell line: OVISE,GPL570,USA,Eisai Inc,GSE50831,GSE50831_series_matrix.txt.gz,OVISE,,,CVCL_3116,OVISE,Cello Cell line Name,ovise
GSM1230728,GSM1230728,TOV-112D:Ctrl_1,Public on Oct 02 2014,Sep 12 2013,Oct 02 2014,RNA,1.0,TOV-112D Control,Homo sapiens,cell line: TOV-112D,GPL570,USA,Eisai Inc,GSE50831,GSE50831_series_matrix.txt.gz,TOV-112D,,,CVCL_3612,TOV-112D,Cello Cell line Name,tov112d
GSM1230729,GSM1230729,TOV-112D:Ctrl_2,Public on Oct 02 2014,Sep 12 2013,Oct 02 2014,RNA,1.0,TOV-112D Control,Homo sapiens,cell line: TOV-112D,GPL570,USA,Eisai Inc,GSE50831,GSE50831_series_matrix.txt.gz,TOV-112D,,,CVCL_3612,TOV-112D,Cello Cell line Name,tov112d
GSM1230730,GSM1230730,TOV-112D:Ctrl_3,Public on Oct 02 2014,Sep 12 2013,Oct 02 2014,RNA,1.0,TOV-112D Control,Homo sapiens,cell line: TOV-112D,GPL570,USA,Eisai Inc,GSE50831,GSE50831_series_matrix.txt.gz,TOV-112D,,,CVCL_3612,TOV-112D,Cello Cell line Name,tov112d
GSM1230731,GSM1230731,TOV-112D:ERI_1,Public on Oct 02 2014,Sep 12 2013,Oct 02 2014,RNA,1.0,TOV-112D Eribulin 24h,Homo sapiens,cell line: TOV-112D,GPL570,USA,Eisai Inc,GSE50831,GSE50831_series_matrix.txt.gz,TOV-112D,,,CVCL_3612,TOV-112D,Cello Cell line Name,tov112d
GSM1230732,GSM1230732,TOV-112D:ERI_2,Public on Oct 02 2014,Sep 12 2013,Oct 02 2014,RNA,1.0,TOV-112D Eribulin 24h,Homo sapiens,cell line: TOV-112D,GPL570,USA,Eisai Inc,GSE50831,GSE50831_series_matrix.txt.gz,TOV-112D,,,CVCL_3612,TOV-112D,Cello Cell line Name,tov112d
GSM1230733,GSM1230733,TOV-112D:ERI_3,Public on Oct 02 2014,Sep 12 2013,Oct 02 2014,RNA,1.0,TOV-112D Eribulin 24h,Homo sapiens,cell line: TOV-112D,GPL570,USA,Eisai Inc,GSE50831,GSE50831_series_matrix.txt.gz,TOV-112D,,,CVCL_3612,TOV-112D,Cello Cell line Name,tov112d
GSM1230734,GSM1230734,TOV-112D:PTX_1,Public on Oct 02 2014,Sep 12 2013,Oct 02 2014,RNA,1.0,TOV-112D Paclitaxel 24h,Homo sapiens,cell line: TOV-112D,GPL570,USA,Eisai Inc,GSE50831,GSE50831_series_matrix.txt.gz,TOV-112D,,,CVCL_3612,TOV-112D,Cello Cell line Name,tov112d
GSM1230735,GSM1230735,TOV-112D:PTX_2,Public on Oct 02 2014,Sep 12 2013,Oct 02 2014,RNA,1.0,TOV-112D Paclitaxel 24h,Homo sapiens,cell line: TOV-112D,GPL570,USA,Eisai Inc,GSE50831,GSE50831_series_matrix.txt.gz,TOV-112D,,,CVCL_3612,TOV-112D,Cello Cell line Name,tov112d
GSM1230736,GSM1230736,TOV-112D:PTX_3,Public on Oct 02 2014,Sep 12 2013,Oct 02 2014,RNA,1.0,TOV-112D Paclitaxel 24h,Homo sapiens,cell line: TOV-112D,GPL570,USA,Eisai Inc,GSE50831,GSE50831_series_matrix.txt.gz,TOV-112D,,,CVCL_3612,TOV-112D,Cello Cell line Name,tov112d
GSM1230737,GSM1230737,OV56:Ctrl_1,Public on Oct 02 2014,Sep 12 2013,Oct 02 2014,RNA,1.0,OV56 Control,Homo sapiens,cell line: OV56,GPL570,USA,Eisai Inc,GSE50831,GSE50831_series_matrix.txt.gz,OV56,,,CVCL_2673,OV56,Cello Cell line Name,ov56
GSM1230738,GSM1230738,OV56:Ctrl_2,Public on Oct 02 2014,Sep 12 2013,Oct 02 2014,RNA,1.0,OV56 Control,Homo sapiens,cell line: OV56,GPL570,USA,Eisai Inc,GSE50831,GSE50831_series_matrix.txt.gz,OV56,,,CVCL_2673,OV56,Cello Cell line Name,ov56
GSM1230739,GSM1230739,OV56:Ctrl_3,Public on Oct 02 2014,Sep 12 2013,Oct 02 2014,RNA,1.0,OV56 Control,Homo sapiens,cell line: OV56,GPL570,USA,Eisai Inc,GSE50831,GSE50831_series_matrix.txt.gz,OV56,,,CVCL_2673,OV56,Cello Cell line Name,ov56
GSM1230740,GSM1230740,OV56:ERI_1,Public on Oct 02 2014,Sep 12 2013,Oct 02 2014,RNA,1.0,OV56 Eribulin 24h,Homo sapiens,cell line: OV56,GPL570,USA,Eisai Inc,GSE50831,GSE50831_series_matrix.txt.gz,OV56,,,CVCL_2673,OV56,Cello Cell line Name,ov56
GSM1230741,GSM1230741,OV56:ERI_2,Public on Oct 02 2014,Sep 12 2013,Oct 02 2014,RNA,1.0,OV56 Eribulin 24h,Homo sapiens,cell line: OV56,GPL570,USA,Eisai Inc,GSE50831,GSE50831_series_matrix.txt.gz,OV56,,,CVCL_2673,OV56,Cello Cell line Name,ov56
GSM1230742,GSM1230742,OV56:ERI_3,Public on Oct 02 2014,Sep 12 2013,Oct 02 2014,RNA,1.0,OV56 Eribulin 24h,Homo sapiens,cell line: OV56,GPL570,USA,Eisai Inc,GSE50831,GSE50831_series_matrix.txt.gz,OV56,,,CVCL_2673,OV56,Cello Cell line Name,ov56
GSM1230743,GSM1230743,OV56:PTX_1,Public on Oct 02 2014,Sep 12 2013,Oct 02 2014,RNA,1.0,OV56 Paclitaxel 24h,Homo sapiens,cell line: OV56,GPL570,USA,Eisai Inc,GSE50831,GSE50831_series_matrix.txt.gz,OV56,,,CVCL_2673,OV56,Cello Cell line Name,ov56
GSM1230744,GSM1230744,OV56:PTX_2,Public on Oct 02 2014,Sep 12 2013,Oct 02 2014,RNA,1.0,OV56 Paclitaxel 24h,Homo sapiens,cell line: OV56,GPL570,USA,Eisai Inc,GSE50831,GSE50831_series_matrix.txt.gz,OV56,,,CVCL_2673,OV56,Cello Cell line Name,ov56
GSM1230745,GSM1230745,OV56:PTX_3,Public on Oct 02 2014,Sep 12 2013,Oct 02 2014,RNA,1.0,OV56 Paclitaxel 24h,Homo sapiens,cell line: OV56,GPL570,USA,Eisai Inc,GSE50831,GSE50831_series_matrix.txt.gz,OV56,,,CVCL_2673,OV56,Cello Cell line Name,ov56
GSM1230746,GSM1230746,COV362:Ctrl_1,Public on Oct 02 2014,Sep 12 2013,Oct 02 2014,RNA,1.0,COV362 Control,Homo sapiens,cell line: COV362,GPL570,USA,Eisai Inc,GSE50831,GSE50831_series_matrix.txt.gz,COV362,,,CVCL_2420,COV362,Cello Cell line Name,cov362
GSM1230747,GSM1230747,COV362:Ctrl_2,Public on Oct 02 2014,Sep 12 2013,Oct 02 2014,RNA,1.0,COV362 Control,Homo sapiens,cell line: COV362,GPL570,USA,Eisai Inc,GSE50831,GSE50831_series_matrix.txt.gz,COV362,,,CVCL_2420,COV362,Cello Cell line Name,cov362
GSM1230748,GSM1230748,COV362:Ctrl_3,Public on Oct 02 2014,Sep 12 2013,Oct 02 2014,RNA,1.0,COV362 Control,Homo sapiens,cell line: COV362,GPL570,USA,Eisai Inc,GSE50831,GSE50831_series_matrix.txt.gz,COV362,,,CVCL_2420,COV362,Cello Cell line Name,cov362
GSM1230749,GSM1230749,COV362:ERI_1,Public on Oct 02 2014,Sep 12 2013,Oct 02 2014,RNA,1.0,COV362 Eribulin 24h,Homo sapiens,cell line: COV362,GPL570,USA,Eisai Inc,GSE50831,GSE50831_series_matrix.txt.gz,COV362,,,CVCL_2420,COV362,Cello Cell line Name,cov362
GSM1230750,GSM1230750,COV362:ERI_2,Public on Oct 02 2014,Sep 12 2013,Oct 02 2014,RNA,1.0,COV362 Eribulin 24h,Homo sapiens,cell line: COV362,GPL570,USA,Eisai Inc,GSE50831,GSE50831_series_matrix.txt.gz,COV362,,,CVCL_2420,COV362,Cello Cell line Name,cov362
GSM1230751,GSM1230751,COV362:ERI_3,Public on Oct 02 2014,Sep 12 2013,Oct 02 2014,RNA,1.0,COV362 Eribulin 24h,Homo sapiens,cell line: COV362,GPL570,USA,Eisai Inc,GSE50831,GSE50831_series_matrix.txt.gz,COV362,,,CVCL_2420,COV362,Cello Cell line Name,cov362
GSM1230752,GSM1230752,COV362:PTX_1,Public on Oct 02 2014,Sep 12 2013,Oct 02 2014,RNA,1.0,COV362 Paclitaxel 24h,Homo sapiens,cell line: COV362,GPL570,USA,Eisai Inc,GSE50831,GSE50831_series_matrix.txt.gz,COV362,,,CVCL_2420,COV362,Cello Cell line Name,cov362
GSM1230753,GSM1230753,COV362:PTX_2,Public on Oct 02 2014,Sep 12 2013,Oct 02 2014,RNA,1.0,COV362 Paclitaxel 24h,Homo sapiens,cell line: COV362,GPL570,USA,Eisai Inc,GSE50831,GSE50831_series_matrix.txt.gz,COV362,,,CVCL_2420,COV362,Cello Cell line Name,cov362
GSM1230754,GSM1230754,COV362:PTX_3,Public on Oct 02 2014,Sep 12 2013,Oct 02 2014,RNA,1.0,COV362 Paclitaxel 24h,Homo sapiens,cell line: COV362,GPL570,USA,Eisai Inc,GSE50831,GSE50831_series_matrix.txt.gz,COV362,,,CVCL_2420,COV362,Cello Cell line Name,cov362
GSM1230755,GSM1230755,COV504:Ctrl_1,Public on Oct 02 2014,Sep 12 2013,Oct 02 2014,RNA,1.0,COV504 Control,Homo sapiens,cell line: COV504,GPL570,USA,Eisai Inc,GSE50831,GSE50831_series_matrix.txt.gz,COV504,,,CVCL_2424,COV504,Cello Cell line Name,cov504
GSM1230756,GSM1230756,COV504:Ctrl_2,Public on Oct 02 2014,Sep 12 2013,Oct 02 2014,RNA,1.0,COV504 Control,Homo sapiens,cell line: COV504,GPL570,USA,Eisai Inc,GSE50831,GSE50831_series_matrix.txt.gz,COV504,,,CVCL_2424,COV504,Cello Cell line Name,cov504
GSM1230757,GSM1230757,COV504:Ctrl_3,Public on Oct 02 2014,Sep 12 2013,Oct 02 2014,RNA,1.0,COV504 Control,Homo sapiens,cell line: COV504,GPL570,USA,Eisai Inc,GSE50831,GSE50831_series_matrix.txt.gz,COV504,,,CVCL_2424,COV504,Cello Cell line Name,cov504
GSM1230758,GSM1230758,COV504:ERI_1,Public on Oct 02 2014,Sep 12 2013,Oct 02 2014,RNA,1.0,COV504 Eribulin 24h,Homo sapiens,cell line: COV504,GPL570,USA,Eisai Inc,GSE50831,GSE50831_series_matrix.txt.gz,COV504,,,CVCL_2424,COV504,Cello Cell line Name,cov504
GSM1230759,GSM1230759,COV504:ERI_2,Public on Oct 02 2014,Sep 12 2013,Oct 02 2014,RNA,1.0,COV504 Eribulin 24h,Homo sapiens,cell line: COV504,GPL570,USA,Eisai Inc,GSE50831,GSE50831_series_matrix.txt.gz,COV504,,,CVCL_2424,COV504,Cello Cell line Name,cov504
GSM1230760,GSM1230760,COV504:ERI_3,Public on Oct 02 2014,Sep 12 2013,Oct 02 2014,RNA,1.0,COV504 Eribulin 24h,Homo sapiens,cell line: COV504,GPL570,USA,Eisai Inc,GSE50831,GSE50831_series_matrix.txt.gz,COV504,,,CVCL_2424,COV504,Cello Cell line Name,cov504
GSM1230761,GSM1230761,COV504:PTX_1,Public on Oct 02 2014,Sep 12 2013,Oct 02 2014,RNA,1.0,COV504 Paclitaxel 24h,Homo sapiens,cell line: COV504,GPL570,USA,Eisai Inc,GSE50831,GSE50831_series_matrix.txt.gz,COV504,,,CVCL_2424,COV504,Cello Cell line Name,cov504
GSM1230762,GSM1230762,COV504:PTX_2,Public on Oct 02 2014,Sep 12 2013,Oct 02 2014,RNA,1.0,COV504 Paclitaxel 24h,Homo sapiens,cell line: COV504,GPL570,USA,Eisai Inc,GSE50831,GSE50831_series_matrix.txt.gz,COV504,,,CVCL_2424,COV504,Cello Cell line Name,cov504
GSM1230763,GSM1230763,COV504:PTX_3,Public on Oct 02 2014,Sep 12 2013,Oct 02 2014,RNA,1.0,COV504 Paclitaxel 24h,Homo sapiens,cell line: COV504,GPL570,USA,Eisai Inc,GSE50831,GSE50831_series_matrix.txt.gz,COV504,,,CVCL_2424,COV504,Cello Cell line Name,cov504
GSM1230764,GSM1230764,COLO-704:Ctrl_1,Public on Oct 02 2014,Sep 12 2013,Oct 02 2014,RNA,1.0,COLO-704 Control,Homo sapiens,cell line: COLO-704,GPL570,USA,Eisai Inc,GSE50831,GSE50831_series_matrix.txt.gz,COLO-704,,,CVCL_1994,COLO-704,Cello Cell line Synonym,colo704
GSM1230765,GSM1230765,COLO-704:Ctrl_2,Public on Oct 02 2014,Sep 12 2013,Oct 02 2014,RNA,1.0,COLO-704 Control,Homo sapiens,cell line: COLO-704,GPL570,USA,Eisai Inc,GSE50831,GSE50831_series_matrix.txt.gz,COLO-704,,,CVCL_1994,COLO-704,Cello Cell line Synonym,colo704
GSM1230766,GSM1230766,COLO-704:Ctrl_3,Public on Oct 02 2014,Sep 12 2013,Oct 02 2014,RNA,1.0,COLO-704 Control,Homo sapiens,cell line: COLO-704,GPL570,USA,Eisai Inc,GSE50831,GSE50831_series_matrix.txt.gz,COLO-704,,,CVCL_1994,COLO-704,Cello Cell line Synonym,colo704
GSM1230767,GSM1230767,COLO-704:ERI_1,Public on Oct 02 2014,Sep 12 2013,Oct 02 2014,RNA,1.0,COLO-704 Eribulin 24h,Homo sapiens,cell line: COLO-704,GPL570,USA,Eisai Inc,GSE50831,GSE50831_series_matrix.txt.gz,COLO-704,,,CVCL_1994,COLO-704,Cello Cell line Synonym,colo704
GSM1230768,GSM1230768,COLO-704:ERI_2,Public on Oct 02 2014,Sep 12 2013,Oct 02 2014,RNA,1.0,COLO-704 Eribulin 24h,Homo sapiens,cell line: COLO-704,GPL570,USA,Eisai Inc,GSE50831,GSE50831_series_matrix.txt.gz,COLO-704,,,CVCL_1994,COLO-704,Cello Cell line Synonym,colo704
GSM1230769,GSM1230769,COLO-704:ERI_3,Public on Oct 02 2014,Sep 12 2013,Oct 02 2014,RNA,1.0,COLO-704 Eribulin 24h,Homo sapiens,cell line: COLO-704,GPL570,USA,Eisai Inc,GSE50831,GSE50831_series_matrix.txt.gz,COLO-704,,,CVCL_1994,COLO-704,Cello Cell line Synonym,colo704
GSM1230770,GSM1230770,COLO-704:PTX_1,Public on Oct 02 2014,Sep 12 2013,Oct 02 2014,RNA,1.0,COLO-704 Paclitaxel 24h,Homo sapiens,cell line: COLO-704,GPL570,USA,Eisai Inc,GSE50831,GSE50831_series_matrix.txt.gz,COLO-704,,,CVCL_1994,COLO-704,Cello Cell line Synonym,colo704
GSM1230771,GSM1230771,COLO-704:PTX_2,Public on Oct 02 2014,Sep 12 2013,Oct 02 2014,RNA,1.0,COLO-704 Paclitaxel 24h,Homo sapiens,cell line: COLO-704,GPL570,USA,Eisai Inc,GSE50831,GSE50831_series_matrix.txt.gz,COLO-704,,,CVCL_1994,COLO-704,Cello Cell line Synonym,colo704
GSM1230772,GSM1230772,COLO-704:PTX_3,Public on Oct 02 2014,Sep 12 2013,Oct 02 2014,RNA,1.0,COLO-704 Paclitaxel 24h,Homo sapiens,cell line: COLO-704,GPL570,USA,Eisai Inc,GSE50831,GSE50831_series_matrix.txt.gz,COLO-704,,,CVCL_1994,COLO-704,Cello Cell line Synonym,colo704
GSM1230773,GSM1230773,COLO 720E:Ctrl_1,Public on Oct 02 2014,Sep 12 2013,Oct 02 2014,RNA,1.0,COLO 720E Control,Homo sapiens,cell line: COLO 720E,GPL570,USA,Eisai Inc,GSE50831,GSE50831_series_matrix.txt.gz,COLO 720E,,,CVCL_1995,COLO 720E,Cello Cell line Name,colo720e
GSM1230774,GSM1230774,COLO 720E:Ctrl_2,Public on Oct 02 2014,Sep 12 2013,Oct 02 2014,RNA,1.0,COLO 720E Control,Homo sapiens,cell line: COLO 720E,GPL570,USA,Eisai Inc,GSE50831,GSE50831_series_matrix.txt.gz,COLO 720E,,,CVCL_1995,COLO 720E,Cello Cell line Name,colo720e
GSM1230775,GSM1230775,COLO 720E:Ctrl_3,Public on Oct 02 2014,Sep 12 2013,Oct 02 2014,RNA,1.0,COLO 720E Control,Homo sapiens,cell line: COLO 720E,GPL570,USA,Eisai Inc,GSE50831,GSE50831_series_matrix.txt.gz,COLO 720E,,,CVCL_1995,COLO 720E,Cello Cell line Name,colo720e
GSM1230776,GSM1230776,COLO 720E:ERI_1,Public on Oct 02 2014,Sep 12 2013,Oct 02 2014,RNA,1.0,COLO 720E Eribulin 24h,Homo sapiens,cell line: COLO 720E,GPL570,USA,Eisai Inc,GSE50831,GSE50831_series_matrix.txt.gz,COLO 720E,,,CVCL_1995,COLO 720E,Cello Cell line Name,colo720e
GSM1230777,GSM1230777,COLO 720E:ERI_2,Public on Oct 02 2014,Sep 12 2013,Oct 02 2014,RNA,1.0,COLO 720E Eribulin 24h,Homo sapiens,cell line: COLO 720E,GPL570,USA,Eisai Inc,GSE50831,GSE50831_series_matrix.txt.gz,COLO 720E,,,CVCL_1995,COLO 720E,Cello Cell line Name,colo720e
GSM1230778,GSM1230778,COLO 720E:ERI_3,Public on Oct 02 2014,Sep 12 2013,Oct 02 2014,RNA,1.0,COLO 720E Eribulin 24h,Homo sapiens,cell line: COLO 720E,GPL570,USA,Eisai Inc,GSE50831,GSE50831_series_matrix.txt.gz,COLO 720E,,,CVCL_1995,COLO 720E,Cello Cell line Name,colo720e
GSM1230779,GSM1230779,COLO 720E:PTX_1,Public on Oct 02 2014,Sep 12 2013,Oct 02 2014,RNA,1.0,COLO 720E Paclitaxel 24h,Homo sapiens,cell line: COLO 720E,GPL570,USA,Eisai Inc,GSE50831,GSE50831_series_matrix.txt.gz,COLO 720E,,,CVCL_1995,COLO 720E,Cello Cell line Name,colo720e
GSM1230780,GSM1230780,COLO 720E:PTX_2,Public on Oct 02 2014,Sep 12 2013,Oct 02 2014,RNA,1.0,COLO 720E Paclitaxel 24h,Homo sapiens,cell line: COLO 720E,GPL570,USA,Eisai Inc,GSE50831,GSE50831_series_matrix.txt.gz,COLO 720E,,,CVCL_1995,COLO 720E,Cello Cell line Name,colo720e
GSM1230781,GSM1230781,COLO 720E:PTX_3,Public on Oct 02 2014,Sep 12 2013,Oct 02 2014,RNA,1.0,COLO 720E Paclitaxel 24h,Homo sapiens,cell line: COLO 720E,GPL570,USA,Eisai Inc,GSE50831,GSE50831_series_matrix.txt.gz,COLO 720E,,,CVCL_1995,COLO 720E,Cello Cell line Name,colo720e
GSM1230782,GSM1230782,A2780:Ctrl_1,Public on Oct 02 2014,Sep 12 2013,Oct 02 2014,RNA,1.0,A2780 Control,Homo sapiens,cell line: A2780,GPL570,USA,Eisai Inc,GSE50831,GSE50831_series_matrix.txt.gz,A2780,,,CVCL_0134,A2780,Cello Cell line Name,a2780
GSM1230783,GSM1230783,A2780:Ctrl_2,Public on Oct 02 2014,Sep 12 2013,Oct 02 2014,RNA,1.0,A2780 Control,Homo sapiens,cell line: A2780,GPL570,USA,Eisai Inc,GSE50831,GSE50831_series_matrix.txt.gz,A2780,,,CVCL_0134,A2780,Cello Cell line Name,a2780
GSM1230784,GSM1230784,A2780:Ctrl_3,Public on Oct 02 2014,Sep 12 2013,Oct 02 2014,RNA,1.0,A2780 Control,Homo sapiens,cell line: A2780,GPL570,USA,Eisai Inc,GSE50831,GSE50831_series_matrix.txt.gz,A2780,,,CVCL_0134,A2780,Cello Cell line Name,a2780
GSM1230785,GSM1230785,A2780:ERI_1,Public on Oct 02 2014,Sep 12 2013,Oct 02 2014,RNA,1.0,A2780 Eribulin 24h,Homo sapiens,cell line: A2780,GPL570,USA,Eisai Inc,GSE50831,GSE50831_series_matrix.txt.gz,A2780,,,CVCL_0134,A2780,Cello Cell line Name,a2780
GSM1230786,GSM1230786,A2780:ERI_2,Public on Oct 02 2014,Sep 12 2013,Oct 02 2014,RNA,1.0,A2780 Eribulin 24h,Homo sapiens,cell line: A2780,GPL570,USA,Eisai Inc,GSE50831,GSE50831_series_matrix.txt.gz,A2780,,,CVCL_0134,A2780,Cello Cell line Name,a2780
GSM1230787,GSM1230787,A2780:ERI_3,Public on Oct 02 2014,Sep 12 2013,Oct 02 2014,RNA,1.0,A2780 Eribulin 24h,Homo sapiens,cell line: A2780,GPL570,USA,Eisai Inc,GSE50831,GSE50831_series_matrix.txt.gz,A2780,,,CVCL_0134,A2780,Cello Cell line Name,a2780
GSM1230788,GSM1230788,A2780:PTX_1,Public on Oct 02 2014,Sep 12 2013,Oct 02 2014,RNA,1.0,A2780 Paclitaxel 24h,Homo sapiens,cell line: A2780,GPL570,USA,Eisai Inc,GSE50831,GSE50831_series_matrix.txt.gz,A2780,,,CVCL_0134,A2780,Cello Cell line Name,a2780
GSM1230789,GSM1230789,A2780:PTX_2,Public on Oct 02 2014,Sep 12 2013,Oct 02 2014,RNA,1.0,A2780 Paclitaxel 24h,Homo sapiens,cell line: A2780,GPL570,USA,Eisai Inc,GSE50831,GSE50831_series_matrix.txt.gz,A2780,,,CVCL_0134,A2780,Cello Cell line Name,a2780
GSM1230790,GSM1230790,A2780:PTX_3,Public on Oct 02 2014,Sep 12 2013,Oct 02 2014,RNA,1.0,A2780 Paclitaxel 24h,Homo sapiens,cell line: A2780,GPL570,USA,Eisai Inc,GSE50831,GSE50831_series_matrix.txt.gz,A2780,,,CVCL_0134,A2780,Cello Cell line Name,a2780
GSM1230791,GSM1230791,COV644:Ctrl_1,Public on Oct 02 2014,Sep 12 2013,Oct 02 2014,RNA,1.0,COV644 Control,Homo sapiens,cell line: COV644,GPL570,USA,Eisai Inc,GSE50831,GSE50831_series_matrix.txt.gz,COV644,,,CVCL_2425,COV644,Cello Cell line Name,cov644
GSM1230792,GSM1230792,COV644:Ctrl_2,Public on Oct 02 2014,Sep 12 2013,Oct 02 2014,RNA,1.0,COV644 Control,Homo sapiens,cell line: COV644,GPL570,USA,Eisai Inc,GSE50831,GSE50831_series_matrix.txt.gz,COV644,,,CVCL_2425,COV644,Cello Cell line Name,cov644
GSM1230793,GSM1230793,COV644:Ctrl_3,Public on Oct 02 2014,Sep 12 2013,Oct 02 2014,RNA,1.0,COV644 Control,Homo sapiens,cell line: COV644,GPL570,USA,Eisai Inc,GSE50831,GSE50831_series_matrix.txt.gz,COV644,,,CVCL_2425,COV644,Cello Cell line Name,cov644
GSM1230794,GSM1230794,COV644:ERI_1,Public on Oct 02 2014,Sep 12 2013,Oct 02 2014,RNA,1.0,COV644 Eribulin 24h,Homo sapiens,cell line: COV644,GPL570,USA,Eisai Inc,GSE50831,GSE50831_series_matrix.txt.gz,COV644,,,CVCL_2425,COV644,Cello Cell line Name,cov644
GSM1230795,GSM1230795,COV644:ERI_2,Public on Oct 02 2014,Sep 12 2013,Oct 02 2014,RNA,1.0,COV644 Eribulin 24h,Homo sapiens,cell line: COV644,GPL570,USA,Eisai Inc,GSE50831,GSE50831_series_matrix.txt.gz,COV644,,,CVCL_2425,COV644,Cello Cell line Name,cov644
GSM1230796,GSM1230796,COV644:ERI_3,Public on Oct 02 2014,Sep 12 2013,Oct 02 2014,RNA,1.0,COV644 Eribulin 24h,Homo sapiens,cell line: COV644,GPL570,USA,Eisai Inc,GSE50831,GSE50831_series_matrix.txt.gz,COV644,,,CVCL_2425,COV644,Cello Cell line Name,cov644
GSM1230797,GSM1230797,COV644:PTX_1,Public on Oct 02 2014,Sep 12 2013,Oct 02 2014,RNA,1.0,COV644 Paclitaxel 24h,Homo sapiens,cell line: COV644,GPL570,USA,Eisai Inc,GSE50831,GSE50831_series_matrix.txt.gz,COV644,,,CVCL_2425,COV644,Cello Cell line Name,cov644
GSM1230798,GSM1230798,COV644:PTX_2,Public on Oct 02 2014,Sep 12 2013,Oct 02 2014,RNA,1.0,COV644 Paclitaxel 24h,Homo sapiens,cell line: COV644,GPL570,USA,Eisai Inc,GSE50831,GSE50831_series_matrix.txt.gz,COV644,,,CVCL_2425,COV644,Cello Cell line Name,cov644
GSM1230799,GSM1230799,COV644:PTX_3,Public on Oct 02 2014,Sep 12 2013,Oct 02 2014,RNA,1.0,COV644 Paclitaxel 24h,Homo sapiens,cell line: COV644,GPL570,USA,Eisai Inc,GSE50831,GSE50831_series_matrix.txt.gz,COV644,,,CVCL_2425,COV644,Cello Cell line Name,cov644
GSM1230800,GSM1230800,EFO-27:Ctrl_1,Public on Oct 02 2014,Sep 12 2013,Oct 02 2014,RNA,1.0,EFO-27 Control,Homo sapiens,cell line: EFO-27,GPL570,USA,Eisai Inc,GSE50831,GSE50831_series_matrix.txt.gz,EFO-27,,,CVCL_1192,EFO-27,Cello Cell line Name,efo27
GSM1230801,GSM1230801,EFO-27:Ctrl_2,Public on Oct 02 2014,Sep 12 2013,Oct 02 2014,RNA,1.0,EFO-27 Control,Homo sapiens,cell line: EFO-27,GPL570,USA,Eisai Inc,GSE50831,GSE50831_series_matrix.txt.gz,EFO-27,,,CVCL_1192,EFO-27,Cello Cell line Name,efo27
GSM1230802,GSM1230802,EFO-27:Ctrl_3,Public on Oct 02 2014,Sep 12 2013,Oct 02 2014,RNA,1.0,EFO-27 Control,Homo sapiens,cell line: EFO-27,GPL570,USA,Eisai Inc,GSE50831,GSE50831_series_matrix.txt.gz,EFO-27,,,CVCL_1192,EFO-27,Cello Cell line Name,efo27
GSM1230803,GSM1230803,EFO-27:ERI_1,Public on Oct 02 2014,Sep 12 2013,Oct 02 2014,RNA,1.0,EFO-27 Eribulin 24h,Homo sapiens,cell line: EFO-27,GPL570,USA,Eisai Inc,GSE50831,GSE50831_series_matrix.txt.gz,EFO-27,,,CVCL_1192,EFO-27,Cello Cell line Name,efo27
GSM1230804,GSM1230804,EFO-27:ERI_2,Public on Oct 02 2014,Sep 12 2013,Oct 02 2014,RNA,1.0,EFO-27 Eribulin 24h,Homo sapiens,cell line: EFO-27,GPL570,USA,Eisai Inc,GSE50831,GSE50831_series_matrix.txt.gz,EFO-27,,,CVCL_1192,EFO-27,Cello Cell line Name,efo27
GSM1230805,GSM1230805,EFO-27:ERI_3,Public on Oct 02 2014,Sep 12 2013,Oct 02 2014,RNA,1.0,EFO-27 Eribulin 24h,Homo sapiens,cell line: EFO-27,GPL570,USA,Eisai Inc,GSE50831,GSE50831_series_matrix.txt.gz,EFO-27,,,CVCL_1192,EFO-27,Cello Cell line Name,efo27
GSM1230806,GSM1230806,EFO-27:PTX_1,Public on Oct 02 2014,Sep 12 2013,Oct 02 2014,RNA,1.0,EFO-27 Paclitaxel 24h,Homo sapiens,cell line: EFO-27,GPL570,USA,Eisai Inc,GSE50831,GSE50831_series_matrix.txt.gz,EFO-27,,,CVCL_1192,EFO-27,Cello Cell line Name,efo27
GSM1230807,GSM1230807,EFO-27:PTX_2,Public on Oct 02 2014,Sep 12 2013,Oct 02 2014,RNA,1.0,EFO-27 Paclitaxel 24h,Homo sapiens,cell line: EFO-27,GPL570,USA,Eisai Inc,GSE50831,GSE50831_series_matrix.txt.gz,EFO-27,,,CVCL_1192,EFO-27,Cello Cell line Name,efo27
GSM1230808,GSM1230808,EFO-27:PTX_3,Public on Oct 02 2014,Sep 12 2013,Oct 02 2014,RNA,1.0,EFO-27 Paclitaxel 24h,Homo sapiens,cell line: EFO-27,GPL570,USA,Eisai Inc,GSE50831,GSE50831_series_matrix.txt.gz,EFO-27,,,CVCL_1192,EFO-27,Cello Cell line Name,efo27
GSM1230809,GSM1230809,OVCAR-3:Ctrl_1,Public on Oct 02 2014,Sep 12 2013,Oct 02 2014,RNA,1.0,OVCAR-3 Control,Homo sapiens,cell line: OVCAR-3,GPL570,USA,Eisai Inc,GSE50831,GSE50831_series_matrix.txt.gz,OVCAR-3,,,CVCL_0465,OVCAR-3,Cello Cell line Name,ovcar3
GSM1230810,GSM1230810,OVCAR-3:Ctrl_2,Public on Oct 02 2014,Sep 12 2013,Oct 02 2014,RNA,1.0,OVCAR-3 Control,Homo sapiens,cell line: OVCAR-3,GPL570,USA,Eisai Inc,GSE50831,GSE50831_series_matrix.txt.gz,OVCAR-3,,,CVCL_0465,OVCAR-3,Cello Cell line Name,ovcar3
GSM1230811,GSM1230811,OVCAR-3:Ctrl_3,Public on Oct 02 2014,Sep 12 2013,Oct 02 2014,RNA,1.0,OVCAR-3 Control,Homo sapiens,cell line: OVCAR-3,GPL570,USA,Eisai Inc,GSE50831,GSE50831_series_matrix.txt.gz,OVCAR-3,,,CVCL_0465,OVCAR-3,Cello Cell line Name,ovcar3
GSM1230812,GSM1230812,OVCAR-3:ERI_1,Public on Oct 02 2014,Sep 12 2013,Oct 02 2014,RNA,1.0,OVCAR-3 Eribulin 24h,Homo sapiens,cell line: OVCAR-3,GPL570,USA,Eisai Inc,GSE50831,GSE50831_series_matrix.txt.gz,OVCAR-3,,,CVCL_0465,OVCAR-3,Cello Cell line Name,ovcar3
GSM1230813,GSM1230813,OVCAR-3:ERI_2,Public on Oct 02 2014,Sep 12 2013,Oct 02 2014,RNA,1.0,OVCAR-3 Eribulin 24h,Homo sapiens,cell line: OVCAR-3,GPL570,USA,Eisai Inc,GSE50831,GSE50831_series_matrix.txt.gz,OVCAR-3,,,CVCL_0465,OVCAR-3,Cello Cell line Name,ovcar3
GSM1230814,GSM1230814,OVCAR-3:ERI_3,Public on Oct 02 2014,Sep 12 2013,Oct 02 2014,RNA,1.0,OVCAR-3 Eribulin 24h,Homo sapiens,cell line: OVCAR-3,GPL570,USA,Eisai Inc,GSE50831,GSE50831_series_matrix.txt.gz,OVCAR-3,,,CVCL_0465,OVCAR-3,Cello Cell line Name,ovcar3
GSM1230815,GSM1230815,OVCAR-3:PTX_1,Public on Oct 02 2014,Sep 12 2013,Oct 02 2014,RNA,1.0,OVCAR-3 Paclitaxel 24h,Homo sapiens,cell line: OVCAR-3,GPL570,USA,Eisai Inc,GSE50831,GSE50831_series_matrix.txt.gz,OVCAR-3,,,CVCL_0465,OVCAR-3,Cello Cell line Name,ovcar3
GSM1230816,GSM1230816,OVCAR-3:PTX_2,Public on Oct 02 2014,Sep 12 2013,Oct 02 2014,RNA,1.0,OVCAR-3 Paclitaxel 24h,Homo sapiens,cell line: OVCAR-3,GPL570,USA,Eisai Inc,GSE50831,GSE50831_series_matrix.txt.gz,OVCAR-3,,,CVCL_0465,OVCAR-3,Cello Cell line Name,ovcar3
GSM1230817,GSM1230817,OVCAR-3:PTX_3,Public on Oct 02 2014,Sep 12 2013,Oct 02 2014,RNA,1.0,OVCAR-3 Paclitaxel 24h,Homo sapiens,cell line: OVCAR-3,GPL570,USA,Eisai Inc,GSE50831,GSE50831_series_matrix.txt.gz,OVCAR-3,,,CVCL_0465,OVCAR-3,Cello Cell line Name,ovcar3
GSM1230818,GSM1230818,OV-90:Ctrl_1,Public on Oct 02 2014,Sep 12 2013,Oct 02 2014,RNA,1.0,OV-90 Control,Homo sapiens,cell line: OV-90,GPL570,USA,Eisai Inc,GSE50831,GSE50831_series_matrix.txt.gz,OV-90,,,CVCL_3768,OV-90,Cello Cell line Name,ov90
GSM1230819,GSM1230819,OV-90:Ctrl_2,Public on Oct 02 2014,Sep 12 2013,Oct 02 2014,RNA,1.0,OV-90 Control,Homo sapiens,cell line: OV-90,GPL570,USA,Eisai Inc,GSE50831,GSE50831_series_matrix.txt.gz,OV-90,,,CVCL_3768,OV-90,Cello Cell line Name,ov90
GSM1230820,GSM1230820,OV-90:Ctrl_3,Public on Oct 02 2014,Sep 12 2013,Oct 02 2014,RNA,1.0,OV-90 Control,Homo sapiens,cell line: OV-90,GPL570,USA,Eisai Inc,GSE50831,GSE50831_series_matrix.txt.gz,OV-90,,,CVCL_3768,OV-90,Cello Cell line Name,ov90
GSM1230821,GSM1230821,OV-90:ERI_1,Public on Oct 02 2014,Sep 12 2013,Oct 02 2014,RNA,1.0,OV-90 Eribulin 24h,Homo sapiens,cell line: OV-90,GPL570,USA,Eisai Inc,GSE50831,GSE50831_series_matrix.txt.gz,OV-90,,,CVCL_3768,OV-90,Cello Cell line Name,ov90
GSM1230822,GSM1230822,OV-90:ERI_2,Public on Oct 02 2014,Sep 12 2013,Oct 02 2014,RNA,1.0,OV-90 Eribulin 24h,Homo sapiens,cell line: OV-90,GPL570,USA,Eisai Inc,GSE50831,GSE50831_series_matrix.txt.gz,OV-90,,,CVCL_3768,OV-90,Cello Cell line Name,ov90
GSM1230823,GSM1230823,OV-90:ERI_3,Public on Oct 02 2014,Sep 12 2013,Oct 02 2014,RNA,1.0,OV-90 Eribulin 24h,Homo sapiens,cell line: OV-90,GPL570,USA,Eisai Inc,GSE50831,GSE50831_series_matrix.txt.gz,OV-90,,,CVCL_3768,OV-90,Cello Cell line Name,ov90
GSM1230824,GSM1230824,OV-90:PTX_1,Public on Oct 02 2014,Sep 12 2013,Oct 02 2014,RNA,1.0,OV-90 Paclitaxel 24h,Homo sapiens,cell line: OV-90,GPL570,USA,Eisai Inc,GSE50831,GSE50831_series_matrix.txt.gz,OV-90,,,CVCL_3768,OV-90,Cello Cell line Name,ov90
GSM1230825,GSM1230825,OV-90:PTX_2,Public on Oct 02 2014,Sep 12 2013,Oct 02 2014,RNA,1.0,OV-90 Paclitaxel 24h,Homo sapiens,cell line: OV-90,GPL570,USA,Eisai Inc,GSE50831,GSE50831_series_matrix.txt.gz,OV-90,,,CVCL_3768,OV-90,Cello Cell line Name,ov90
GSM1230826,GSM1230826,OV-90:PTX_3,Public on Oct 02 2014,Sep 12 2013,Oct 02 2014,RNA,1.0,OV-90 Paclitaxel 24h,Homo sapiens,cell line: OV-90,GPL570,USA,Eisai Inc,GSE50831,GSE50831_series_matrix.txt.gz,OV-90,,,CVCL_3768,OV-90,Cello Cell line Name,ov90
GSM1230827,GSM1230827,KURAMOCHI:Ctrl_1,Public on Oct 02 2014,Sep 12 2013,Oct 02 2014,RNA,1.0,KURAMOCHI Control,Homo sapiens,cell line: KURAMOCHI,GPL570,USA,Eisai Inc,GSE50831,GSE50831_series_matrix.txt.gz,KURAMOCHI,,,CVCL_1345,KURAMOCHI,Cello Cell line Synonym,kuramochi
GSM1230828,GSM1230828,KURAMOCHI:Ctrl_2,Public on Oct 02 2014,Sep 12 2013,Oct 02 2014,RNA,1.0,KURAMOCHI Control,Homo sapiens,cell line: KURAMOCHI,GPL570,USA,Eisai Inc,GSE50831,GSE50831_series_matrix.txt.gz,KURAMOCHI,,,CVCL_1345,KURAMOCHI,Cello Cell line Synonym,kuramochi
GSM1230829,GSM1230829,KURAMOCHI:Ctrl_3,Public on Oct 02 2014,Sep 12 2013,Oct 02 2014,RNA,1.0,KURAMOCHI Control,Homo sapiens,cell line: KURAMOCHI,GPL570,USA,Eisai Inc,GSE50831,GSE50831_series_matrix.txt.gz,KURAMOCHI,,,CVCL_1345,KURAMOCHI,Cello Cell line Synonym,kuramochi
GSM1230830,GSM1230830,KURAMOCHI:ERI_1,Public on Oct 02 2014,Sep 12 2013,Oct 02 2014,RNA,1.0,KURAMOCHI Eribulin 24h,Homo sapiens,cell line: KURAMOCHI,GPL570,USA,Eisai Inc,GSE50831,GSE50831_series_matrix.txt.gz,KURAMOCHI,,,CVCL_1345,KURAMOCHI,Cello Cell line Synonym,kuramochi
GSM1230831,GSM1230831,KURAMOCHI:ERI_2,Public on Oct 02 2014,Sep 12 2013,Oct 02 2014,RNA,1.0,KURAMOCHI Eribulin 24h,Homo sapiens,cell line: KURAMOCHI,GPL570,USA,Eisai Inc,GSE50831,GSE50831_series_matrix.txt.gz,KURAMOCHI,,,CVCL_1345,KURAMOCHI,Cello Cell line Synonym,kuramochi
GSM1230832,GSM1230832,KURAMOCHI:ERI_3,Public on Oct 02 2014,Sep 12 2013,Oct 02 2014,RNA,1.0,KURAMOCHI Eribulin 24h,Homo sapiens,cell line: KURAMOCHI,GPL570,USA,Eisai Inc,GSE50831,GSE50831_series_matrix.txt.gz,KURAMOCHI,,,CVCL_1345,KURAMOCHI,Cello Cell line Synonym,kuramochi
GSM1230833,GSM1230833,KURAMOCHI:PTX_1,Public on Oct 02 2014,Sep 12 2013,Oct 02 2014,RNA,1.0,KURAMOCHI Paclitaxel 24h,Homo sapiens,cell line: KURAMOCHI,GPL570,USA,Eisai Inc,GSE50831,GSE50831_series_matrix.txt.gz,KURAMOCHI,,,CVCL_1345,KURAMOCHI,Cello Cell line Synonym,kuramochi
GSM1230834,GSM1230834,KURAMOCHI:PTX_2,Public on Oct 02 2014,Sep 12 2013,Oct 02 2014,RNA,1.0,KURAMOCHI Paclitaxel 24h,Homo sapiens,cell line: KURAMOCHI,GPL570,USA,Eisai Inc,GSE50831,GSE50831_series_matrix.txt.gz,KURAMOCHI,,,CVCL_1345,KURAMOCHI,Cello Cell line Synonym,kuramochi
GSM1230835,GSM1230835,KURAMOCHI:PTX_3,Public on Oct 02 2014,Sep 12 2013,Oct 02 2014,RNA,1.0,KURAMOCHI Paclitaxel 24h,Homo sapiens,cell line: KURAMOCHI,GPL570,USA,Eisai Inc,GSE50831,GSE50831_series_matrix.txt.gz,KURAMOCHI,,,CVCL_1345,KURAMOCHI,Cello Cell line Synonym,kuramochi
GSM1230836,GSM1230836,OVTOKO:Ctrl_1,Public on Oct 02 2014,Sep 12 2013,Oct 02 2014,RNA,1.0,OVTOKO Control,Homo sapiens,cell line: OVTOKO,GPL570,USA,Eisai Inc,GSE50831,GSE50831_series_matrix.txt.gz,OVTOKO,,,CVCL_3117,OVTOKO,Cello Cell line Name,ovtoko
GSM1230837,GSM1230837,OVTOKO:Ctrl_2,Public on Oct 02 2014,Sep 12 2013,Oct 02 2014,RNA,1.0,OVTOKO Control,Homo sapiens,cell line: OVTOKO,GPL570,USA,Eisai Inc,GSE50831,GSE50831_series_matrix.txt.gz,OVTOKO,,,CVCL_3117,OVTOKO,Cello Cell line Name,ovtoko
GSM1230838,GSM1230838,OVTOKO:Ctrl_3,Public on Oct 02 2014,Sep 12 2013,Oct 02 2014,RNA,1.0,OVTOKO Control,Homo sapiens,cell line: OVTOKO,GPL570,USA,Eisai Inc,GSE50831,GSE50831_series_matrix.txt.gz,OVTOKO,,,CVCL_3117,OVTOKO,Cello Cell line Name,ovtoko
GSM1230839,GSM1230839,OVTOKO:ERI_1,Public on Oct 02 2014,Sep 12 2013,Oct 02 2014,RNA,1.0,OVTOKO Eribulin 24h,Homo sapiens,cell line: OVTOKO,GPL570,USA,Eisai Inc,GSE50831,GSE50831_series_matrix.txt.gz,OVTOKO,,,CVCL_3117,OVTOKO,Cello Cell line Name,ovtoko
GSM1230840,GSM1230840,OVTOKO:ERI_2,Public on Oct 02 2014,Sep 12 2013,Oct 02 2014,RNA,1.0,OVTOKO Eribulin 24h,Homo sapiens,cell line: OVTOKO,GPL570,USA,Eisai Inc,GSE50831,GSE50831_series_matrix.txt.gz,OVTOKO,,,CVCL_3117,OVTOKO,Cello Cell line Name,ovtoko
GSM1230841,GSM1230841,OVTOKO:ERI_3,Public on Oct 02 2014,Sep 12 2013,Oct 02 2014,RNA,1.0,OVTOKO Eribulin 24h,Homo sapiens,cell line: OVTOKO,GPL570,USA,Eisai Inc,GSE50831,GSE50831_series_matrix.txt.gz,OVTOKO,,,CVCL_3117,OVTOKO,Cello Cell line Name,ovtoko
GSM1230842,GSM1230842,OVTOKO:PTX_1,Public on Oct 02 2014,Sep 12 2013,Oct 02 2014,RNA,1.0,OVTOKO Paclitaxel 24h,Homo sapiens,cell line: OVTOKO,GPL570,USA,Eisai Inc,GSE50831,GSE50831_series_matrix.txt.gz,OVTOKO,,,CVCL_3117,OVTOKO,Cello Cell line Name,ovtoko
GSM1230843,GSM1230843,OVTOKO:PTX_2,Public on Oct 02 2014,Sep 12 2013,Oct 02 2014,RNA,1.0,OVTOKO Paclitaxel 24h,Homo sapiens,cell line: OVTOKO,GPL570,USA,Eisai Inc,GSE50831,GSE50831_series_matrix.txt.gz,OVTOKO,,,CVCL_3117,OVTOKO,Cello Cell line Name,ovtoko
GSM1230844,GSM1230844,OVTOKO:PTX_3,Public on Oct 02 2014,Sep 12 2013,Oct 02 2014,RNA,1.0,OVTOKO Paclitaxel 24h,Homo sapiens,cell line: OVTOKO,GPL570,USA,Eisai Inc,GSE50831,GSE50831_series_matrix.txt.gz,OVTOKO,,,CVCL_3117,OVTOKO,Cello Cell line Name,ovtoko
GSM1230845,GSM1230845,OVCAR-4:Ctrl_1,Public on Oct 02 2014,Sep 12 2013,Oct 02 2014,RNA,1.0,OVCAR-4 Control,Homo sapiens,cell line: OVCAR-4,GPL570,USA,Eisai Inc,GSE50831,GSE50831_series_matrix.txt.gz,OVCAR-4,,,CVCL_1627,OVCAR-4,Cello Cell line Name,ovcar4
GSM1230846,GSM1230846,OVCAR-4:Ctrl_2,Public on Oct 02 2014,Sep 12 2013,Oct 02 2014,RNA,1.0,OVCAR-4 Control,Homo sapiens,cell line: OVCAR-4,GPL570,USA,Eisai Inc,GSE50831,GSE50831_series_matrix.txt.gz,OVCAR-4,,,CVCL_1627,OVCAR-4,Cello Cell line Name,ovcar4
GSM1230847,GSM1230847,OVCAR-4:Ctrl_3,Public on Oct 02 2014,Sep 12 2013,Oct 02 2014,RNA,1.0,OVCAR-4 Control,Homo sapiens,cell line: OVCAR-4,GPL570,USA,Eisai Inc,GSE50831,GSE50831_series_matrix.txt.gz,OVCAR-4,,,CVCL_1627,OVCAR-4,Cello Cell line Name,ovcar4
GSM1230848,GSM1230848,OVCAR-4:ERI_1,Public on Oct 02 2014,Sep 12 2013,Oct 02 2014,RNA,1.0,OVCAR-4 Eribulin 24h,Homo sapiens,cell line: OVCAR-4,GPL570,USA,Eisai Inc,GSE50831,GSE50831_series_matrix.txt.gz,OVCAR-4,,,CVCL_1627,OVCAR-4,Cello Cell line Name,ovcar4
GSM1230849,GSM1230849,OVCAR-4:ERI_2,Public on Oct 02 2014,Sep 12 2013,Oct 02 2014,RNA,1.0,OVCAR-4 Eribulin 24h,Homo sapiens,cell line: OVCAR-4,GPL570,USA,Eisai Inc,GSE50831,GSE50831_series_matrix.txt.gz,OVCAR-4,,,CVCL_1627,OVCAR-4,Cello Cell line Name,ovcar4
GSM1230850,GSM1230850,OVCAR-4:ERI_3,Public on Oct 02 2014,Sep 12 2013,Oct 02 2014,RNA,1.0,OVCAR-4 Eribulin 24h,Homo sapiens,cell line: OVCAR-4,GPL570,USA,Eisai Inc,GSE50831,GSE50831_series_matrix.txt.gz,OVCAR-4,,,CVCL_1627,OVCAR-4,Cello Cell line Name,ovcar4
GSM1230851,GSM1230851,OVCAR-4:PTX_1,Public on Oct 02 2014,Sep 12 2013,Oct 02 2014,RNA,1.0,OVCAR-4 Paclitaxel 24h,Homo sapiens,cell line: OVCAR-4,GPL570,USA,Eisai Inc,GSE50831,GSE50831_series_matrix.txt.gz,OVCAR-4,,,CVCL_1627,OVCAR-4,Cello Cell line Name,ovcar4
GSM1230852,GSM1230852,OVCAR-4:PTX_2,Public on Oct 02 2014,Sep 12 2013,Oct 02 2014,RNA,1.0,OVCAR-4 Paclitaxel 24h,Homo sapiens,cell line: OVCAR-4,GPL570,USA,Eisai Inc,GSE50831,GSE50831_series_matrix.txt.gz,OVCAR-4,,,CVCL_1627,OVCAR-4,Cello Cell line Name,ovcar4
GSM1230853,GSM1230853,OVCAR-4:PTX_3,Public on Oct 02 2014,Sep 12 2013,Oct 02 2014,RNA,1.0,OVCAR-4 Paclitaxel 24h,Homo sapiens,cell line: OVCAR-4,GPL570,USA,Eisai Inc,GSE50831,GSE50831_series_matrix.txt.gz,OVCAR-4,,,CVCL_1627,OVCAR-4,Cello Cell line Name,ovcar4
GSM1230854,GSM1230854,OVSAHO:Ctrl_1,Public on Oct 02 2014,Sep 12 2013,Oct 02 2014,RNA,1.0,OVSAHO Control,Homo sapiens,cell line: OVSAHO,GPL570,USA,Eisai Inc,GSE50831,GSE50831_series_matrix.txt.gz,OVSAHO,,,CVCL_3114,OVSAHO,Cello Cell line Name,ovsaho
GSM1230855,GSM1230855,OVSAHO:Ctrl_2,Public on Oct 02 2014,Sep 12 2013,Oct 02 2014,RNA,1.0,OVSAHO Control,Homo sapiens,cell line: OVSAHO,GPL570,USA,Eisai Inc,GSE50831,GSE50831_series_matrix.txt.gz,OVSAHO,,,CVCL_3114,OVSAHO,Cello Cell line Name,ovsaho
GSM1230856,GSM1230856,OVSAHO:Ctrl_3,Public on Oct 02 2014,Sep 12 2013,Oct 02 2014,RNA,1.0,OVSAHO Control,Homo sapiens,cell line: OVSAHO,GPL570,USA,Eisai Inc,GSE50831,GSE50831_series_matrix.txt.gz,OVSAHO,,,CVCL_3114,OVSAHO,Cello Cell line Name,ovsaho
GSM1230857,GSM1230857,OVSAHO:ERI_1,Public on Oct 02 2014,Sep 12 2013,Oct 02 2014,RNA,1.0,OVSAHO Eribulin 24h,Homo sapiens,cell line: OVSAHO,GPL570,USA,Eisai Inc,GSE50831,GSE50831_series_matrix.txt.gz,OVSAHO,,,CVCL_3114,OVSAHO,Cello Cell line Name,ovsaho
GSM1230858,GSM1230858,OVSAHO:ERI_2,Public on Oct 02 2014,Sep 12 2013,Oct 02 2014,RNA,1.0,OVSAHO Eribulin 24h,Homo sapiens,cell line: OVSAHO,GPL570,USA,Eisai Inc,GSE50831,GSE50831_series_matrix.txt.gz,OVSAHO,,,CVCL_3114,OVSAHO,Cello Cell line Name,ovsaho
GSM1230859,GSM1230859,OVSAHO:ERI_3,Public on Oct 02 2014,Sep 12 2013,Oct 02 2014,RNA,1.0,OVSAHO Eribulin 24h,Homo sapiens,cell line: OVSAHO,GPL570,USA,Eisai Inc,GSE50831,GSE50831_series_matrix.txt.gz,OVSAHO,,,CVCL_3114,OVSAHO,Cello Cell line Name,ovsaho
GSM1230860,GSM1230860,OVSAHO:PTX_1,Public on Oct 02 2014,Sep 12 2013,Oct 02 2014,RNA,1.0,OVSAHO Paclitaxel 24h,Homo sapiens,cell line: OVSAHO,GPL570,USA,Eisai Inc,GSE50831,GSE50831_series_matrix.txt.gz,OVSAHO,,,CVCL_3114,OVSAHO,Cello Cell line Name,ovsaho
GSM1230861,GSM1230861,OVSAHO:PTX_2,Public on Oct 02 2014,Sep 12 2013,Oct 02 2014,RNA,1.0,OVSAHO Paclitaxel 24h,Homo sapiens,cell line: OVSAHO,GPL570,USA,Eisai Inc,GSE50831,GSE50831_series_matrix.txt.gz,OVSAHO,,,CVCL_3114,OVSAHO,Cello Cell line Name,ovsaho
GSM1230862,GSM1230862,OVSAHO:PTX_3,Public on Oct 02 2014,Sep 12 2013,Oct 02 2014,RNA,1.0,OVSAHO Paclitaxel 24h,Homo sapiens,cell line: OVSAHO,GPL570,USA,Eisai Inc,GSE50831,GSE50831_series_matrix.txt.gz,OVSAHO,,,CVCL_3114,OVSAHO,Cello Cell line Name,ovsaho
GSM1230863,GSM1230863,EFO-21:Ctrl_1,Public on Oct 02 2014,Sep 12 2013,Oct 02 2014,RNA,1.0,EFO-21 Control,Homo sapiens,cell line: EFO-21,GPL570,USA,Eisai Inc,GSE50831,GSE50831_series_matrix.txt.gz,EFO-21,,,CVCL_0029,EFO-21,Cello Cell line Name,efo21
GSM1230864,GSM1230864,EFO-21:Ctrl_2,Public on Oct 02 2014,Sep 12 2013,Oct 02 2014,RNA,1.0,EFO-21 Control,Homo sapiens,cell line: EFO-21,GPL570,USA,Eisai Inc,GSE50831,GSE50831_series_matrix.txt.gz,EFO-21,,,CVCL_0029,EFO-21,Cello Cell line Name,efo21
GSM1230865,GSM1230865,EFO-21:Ctrl_3,Public on Oct 02 2014,Sep 12 2013,Oct 02 2014,RNA,1.0,EFO-21 Control,Homo sapiens,cell line: EFO-21,GPL570,USA,Eisai Inc,GSE50831,GSE50831_series_matrix.txt.gz,EFO-21,,,CVCL_0029,EFO-21,Cello Cell line Name,efo21
GSM1230866,GSM1230866,EFO-21:ERI_1,Public on Oct 02 2014,Sep 12 2013,Oct 02 2014,RNA,1.0,EFO-21 Eribulin 24h,Homo sapiens,cell line: EFO-21,GPL570,USA,Eisai Inc,GSE50831,GSE50831_series_matrix.txt.gz,EFO-21,,,CVCL_0029,EFO-21,Cello Cell line Name,efo21
GSM1230867,GSM1230867,EFO-21:ERI_2,Public on Oct 02 2014,Sep 12 2013,Oct 02 2014,RNA,1.0,EFO-21 Eribulin 24h,Homo sapiens,cell line: EFO-21,GPL570,USA,Eisai Inc,GSE50831,GSE50831_series_matrix.txt.gz,EFO-21,,,CVCL_0029,EFO-21,Cello Cell line Name,efo21
GSM1230868,GSM1230868,EFO-21:ERI_3,Public on Oct 02 2014,Sep 12 2013,Oct 02 2014,RNA,1.0,EFO-21 Eribulin 24h,Homo sapiens,cell line: EFO-21,GPL570,USA,Eisai Inc,GSE50831,GSE50831_series_matrix.txt.gz,EFO-21,,,CVCL_0029,EFO-21,Cello Cell line Name,efo21
GSM1230869,GSM1230869,EFO-21:PTX_1,Public on Oct 02 2014,Sep 12 2013,Oct 02 2014,RNA,1.0,EFO-21 Paclitaxel 24h,Homo sapiens,cell line: EFO-21,GPL570,USA,Eisai Inc,GSE50831,GSE50831_series_matrix.txt.gz,EFO-21,,,CVCL_0029,EFO-21,Cello Cell line Name,efo21
GSM1230870,GSM1230870,EFO-21:PTX_2,Public on Oct 02 2014,Sep 12 2013,Oct 02 2014,RNA,1.0,EFO-21 Paclitaxel 24h,Homo sapiens,cell line: EFO-21,GPL570,USA,Eisai Inc,GSE50831,GSE50831_series_matrix.txt.gz,EFO-21,,,CVCL_0029,EFO-21,Cello Cell line Name,efo21
GSM1230871,GSM1230871,EFO-21:PTX_3,Public on Oct 02 2014,Sep 12 2013,Oct 02 2014,RNA,1.0,EFO-21 Paclitaxel 24h,Homo sapiens,cell line: EFO-21,GPL570,USA,Eisai Inc,GSE50831,GSE50831_series_matrix.txt.gz,EFO-21,,,CVCL_0029,EFO-21,Cello Cell line Name,efo21
GSM1230872,GSM1230872,COV434:Ctrl_1,Public on Oct 02 2014,Sep 12 2013,Oct 02 2014,RNA,1.0,COV434 Control,Homo sapiens,cell line: COV434,GPL570,USA,Eisai Inc,GSE50831,GSE50831_series_matrix.txt.gz,COV434,,,CVCL_2010,COV434,Cello Cell line Name,cov434
GSM1230873,GSM1230873,COV434:Ctrl_2,Public on Oct 02 2014,Sep 12 2013,Oct 02 2014,RNA,1.0,COV434 Control,Homo sapiens,cell line: COV434,GPL570,USA,Eisai Inc,GSE50831,GSE50831_series_matrix.txt.gz,COV434,,,CVCL_2010,COV434,Cello Cell line Name,cov434
GSM1230874,GSM1230874,COV434:Ctrl_3,Public on Oct 02 2014,Sep 12 2013,Oct 02 2014,RNA,1.0,COV434 Control,Homo sapiens,cell line: COV434,GPL570,USA,Eisai Inc,GSE50831,GSE50831_series_matrix.txt.gz,COV434,,,CVCL_2010,COV434,Cello Cell line Name,cov434
GSM1230875,GSM1230875,COV434:ERI_1,Public on Oct 02 2014,Sep 12 2013,Oct 02 2014,RNA,1.0,COV434 Eribulin 24h,Homo sapiens,cell line: COV434,GPL570,USA,Eisai Inc,GSE50831,GSE50831_series_matrix.txt.gz,COV434,,,CVCL_2010,COV434,Cello Cell line Name,cov434
GSM1230876,GSM1230876,COV434:ERI_2,Public on Oct 02 2014,Sep 12 2013,Oct 02 2014,RNA,1.0,COV434 Eribulin 24h,Homo sapiens,cell line: COV434,GPL570,USA,Eisai Inc,GSE50831,GSE50831_series_matrix.txt.gz,COV434,,,CVCL_2010,COV434,Cello Cell line Name,cov434
GSM1230877,GSM1230877,COV434:ERI_3,Public on Oct 02 2014,Sep 12 2013,Oct 02 2014,RNA,1.0,COV434 Eribulin 24h,Homo sapiens,cell line: COV434,GPL570,USA,Eisai Inc,GSE50831,GSE50831_series_matrix.txt.gz,COV434,,,CVCL_2010,COV434,Cello Cell line Name,cov434
GSM1230878,GSM1230878,COV434:PTX_1,Public on Oct 02 2014,Sep 12 2013,Oct 02 2014,RNA,1.0,COV434 Paclitaxel 24h,Homo sapiens,cell line: COV434,GPL570,USA,Eisai Inc,GSE50831,GSE50831_series_matrix.txt.gz,COV434,,,CVCL_2010,COV434,Cello Cell line Name,cov434
GSM1230879,GSM1230879,COV434:PTX_2,Public on Oct 02 2014,Sep 12 2013,Oct 02 2014,RNA,1.0,COV434 Paclitaxel 24h,Homo sapiens,cell line: COV434,GPL570,USA,Eisai Inc,GSE50831,GSE50831_series_matrix.txt.gz,COV434,,,CVCL_2010,COV434,Cello Cell line Name,cov434
GSM1230880,GSM1230880,COV434:PTX_3,Public on Oct 02 2014,Sep 12 2013,Oct 02 2014,RNA,1.0,COV434 Paclitaxel 24h,Homo sapiens,cell line: COV434,GPL570,USA,Eisai Inc,GSE50831,GSE50831_series_matrix.txt.gz,COV434,,,CVCL_2010,COV434,Cello Cell line Name,cov434
GSM1230881,GSM1230881,CaOv3:Ctrl_1,Public on Oct 02 2014,Sep 12 2013,Oct 02 2014,RNA,1.0,CaOv3 Control,Homo sapiens,cell line: CaOv3,GPL570,USA,Eisai Inc,GSE50831,GSE50831_series_matrix.txt.gz,CaOv3,,,CVCL_0201,CaOv3,Cello Cell line Synonym,caov3
GSM1230882,GSM1230882,CaOv3:Ctrl_2,Public on Oct 02 2014,Sep 12 2013,Oct 02 2014,RNA,1.0,CaOv3 Control,Homo sapiens,cell line: CaOv3,GPL570,USA,Eisai Inc,GSE50831,GSE50831_series_matrix.txt.gz,CaOv3,,,CVCL_0201,CaOv3,Cello Cell line Synonym,caov3
GSM1230883,GSM1230883,CaOv3:Ctrl_3,Public on Oct 02 2014,Sep 12 2013,Oct 02 2014,RNA,1.0,CaOv3 Control,Homo sapiens,cell line: CaOv3,GPL570,USA,Eisai Inc,GSE50831,GSE50831_series_matrix.txt.gz,CaOv3,,,CVCL_0201,CaOv3,Cello Cell line Synonym,caov3
GSM1230884,GSM1230884,CaOv3:ERI_1,Public on Oct 02 2014,Sep 12 2013,Oct 02 2014,RNA,1.0,CaOv3 Eribulin 24h,Homo sapiens,cell line: CaOv3,GPL570,USA,Eisai Inc,GSE50831,GSE50831_series_matrix.txt.gz,CaOv3,,,CVCL_0201,CaOv3,Cello Cell line Synonym,caov3
GSM1230885,GSM1230885,CaOv3:ERI_2,Public on Oct 02 2014,Sep 12 2013,Oct 02 2014,RNA,1.0,CaOv3 Eribulin 24h,Homo sapiens,cell line: CaOv3,GPL570,USA,Eisai Inc,GSE50831,GSE50831_series_matrix.txt.gz,CaOv3,,,CVCL_0201,CaOv3,Cello Cell line Synonym,caov3
GSM1230886,GSM1230886,CaOv3:ERI_3,Public on Oct 02 2014,Sep 12 2013,Oct 02 2014,RNA,1.0,CaOv3 Eribulin 24h,Homo sapiens,cell line: CaOv3,GPL570,USA,Eisai Inc,GSE50831,GSE50831_series_matrix.txt.gz,CaOv3,,,CVCL_0201,CaOv3,Cello Cell line Synonym,caov3
GSM1230887,GSM1230887,CaOv3:PTX_1,Public on Oct 02 2014,Sep 12 2013,Oct 02 2014,RNA,1.0,CaOv3 Paclitaxel 24h,Homo sapiens,cell line: CaOv3,GPL570,USA,Eisai Inc,GSE50831,GSE50831_series_matrix.txt.gz,CaOv3,,,CVCL_0201,CaOv3,Cello Cell line Synonym,caov3
GSM1230888,GSM1230888,CaOv3:PTX_2,Public on Oct 02 2014,Sep 12 2013,Oct 02 2014,RNA,1.0,CaOv3 Paclitaxel 24h,Homo sapiens,cell line: CaOv3,GPL570,USA,Eisai Inc,GSE50831,GSE50831_series_matrix.txt.gz,CaOv3,,,CVCL_0201,CaOv3,Cello Cell line Synonym,caov3
GSM1230889,GSM1230889,CaOv3:PTX_3,Public on Oct 02 2014,Sep 12 2013,Oct 02 2014,RNA,1.0,CaOv3 Paclitaxel 24h,Homo sapiens,cell line: CaOv3,GPL570,USA,Eisai Inc,GSE50831,GSE50831_series_matrix.txt.gz,CaOv3,,,CVCL_0201,CaOv3,Cello Cell line Synonym,caov3
GSM1300941,GSM1300941,Cell line drug naive_DB,Public on Apr 19 2015,Jan 03 2014,Nov 06 2015,RNA,1.0,malignant human B-cell cell line,Homo sapiens,cell line: DB,GPL570,Denmark,Aalborg University Hospital,GSE53798,GSE53798_series_matrix.txt.gz,DB,Diffuse large B-cell lymphoma,,CVCL_1168,DB,Cello Cell line Name,db
GSM1300942,GSM1300942,Cell line drug naive_FARAGE,Public on Apr 19 2015,Jan 03 2014,Apr 19 2015,RNA,1.0,malignant human B-cell cell line,Homo sapiens,cell line: FARAGE,GPL570,Denmark,Aalborg University Hospital,GSE53798,GSE53798_series_matrix.txt.gz,FARAGE,Diffuse large B-cell lymphoma,,CVCL_3302,FARAGE,Cello Cell line Synonym,farage
GSM1300943,GSM1300943,Cell line drug naive_HBL-1,Public on Apr 19 2015,Jan 03 2014,Apr 19 2015,RNA,1.0,malignant human B-cell cell line,Homo sapiens,cell line: HBL-1,GPL570,Denmark,Aalborg University Hospital,GSE53798,GSE53798_series_matrix.txt.gz,HBL-1,Diffuse large B-cell lymphoma,,CVCL_M572,HBL1,Cello match alphanum,hbl1
GSM1300944,GSM1300944,Cell line drug naive_NU-DHL-1,Public on Apr 19 2015,Jan 03 2014,Apr 19 2015,RNA,1.0,malignant human B-cell cell line,Homo sapiens,cell line: NU-DHL-1,GPL570,Denmark,Aalborg University Hospital,GSE53798,GSE53798_series_matrix.txt.gz,NU-DHL-1,Diffuse large B-cell lymphoma,,CVCL_1876,NU-DHL-1,Cello Cell line Name,nudhl1
GSM1300945,GSM1300945,Cell line drug naive_NU-DUL-1,Public on Apr 19 2015,Jan 03 2014,Apr 19 2015,RNA,1.0,malignant human B-cell cell line,Homo sapiens,cell line: NU-DUL-1,GPL570,Denmark,Aalborg University Hospital,GSE53798,GSE53798_series_matrix.txt.gz,NU-DUL-1,Diffuse large B-cell lymphoma,,CVCL_1877,NU-DUL-1,Cello Cell line Name,nudul1
GSM1300946,GSM1300946,Cell line drug naive_OCI-Ly3,Public on Apr 19 2015,Jan 03 2014,Apr 19 2015,RNA,1.0,malignant human B-cell cell line,Homo sapiens,cell line: OCI-Ly3,GPL570,Denmark,Aalborg University Hospital,GSE53798,GSE53798_series_matrix.txt.gz,OCI-Ly3,Diffuse large B-cell lymphoma,,CVCL_8800,OCI-Ly3,Cello Cell line Name,ocily3
GSM1300947,GSM1300947,Cell line drug naive_OCI-Ly7,Public on Apr 19 2015,Jan 03 2014,Nov 06 2015,RNA,1.0,malignant human B-cell cell line,Homo sapiens,cell line: OCI-Ly7,GPL570,Denmark,Aalborg University Hospital,GSE53798,GSE53798_series_matrix.txt.gz,OCI-Ly7,Diffuse large B-cell lymphoma,,CVCL_1881,OCI-Ly7,Cello Cell line Name,ocily7
GSM1300948,GSM1300948,Cell line drug naive_OCI-Ly19,Public on Apr 19 2015,Jan 03 2014,Apr 19 2015,RNA,1.0,malignant human B-cell cell line,Homo sapiens,cell line: OCI-Ly19,GPL570,Denmark,Aalborg University Hospital,GSE53798,GSE53798_series_matrix.txt.gz,OCI-Ly19,Diffuse large B-cell lymphoma,,CVCL_1878,OCI-Ly19,Cello Cell line Name,ocily19
GSM1300949,GSM1300949,Cell line drug naive_RIVA,Public on Apr 19 2015,Jan 03 2014,Apr 19 2015,RNA,1.0,malignant human B-cell cell line,Homo sapiens,cell line: RIVA,GPL570,Denmark,Aalborg University Hospital,GSE53798,GSE53798_series_matrix.txt.gz,RIVA,Diffuse large B-cell lymphoma,,CVCL_1885,RIVA,Cello Cell line Synonym,riva
GSM1300950,GSM1300950,Cell line drug naive_SU-DHL-4,Public on Apr 19 2015,Jan 03 2014,Apr 19 2015,RNA,1.0,malignant human B-cell cell line,Homo sapiens,cell line: SU-DHL-4,GPL570,Denmark,Aalborg University Hospital,GSE53798,GSE53798_series_matrix.txt.gz,SU-DHL-4,Diffuse large B-cell lymphoma,,CVCL_0539,SU-DHL-4,Cello Cell line Name,sudhl4
GSM1300951,GSM1300951,Cell line drug naive_SU-DHL-5,Public on Apr 19 2015,Jan 03 2014,Apr 19 2015,RNA,1.0,malignant human B-cell cell line,Homo sapiens,cell line: SU-DHL-5,GPL570,Denmark,Aalborg University Hospital,GSE53798,GSE53798_series_matrix.txt.gz,SU-DHL-5,Diffuse large B-cell lymphoma,,CVCL_1735,SU-DHL-5,Cello Cell line Name,sudhl5
GSM1300952,GSM1300952,Cell line drug naive_SU-DHL-8,Public on Apr 19 2015,Jan 03 2014,Apr 19 2015,RNA,1.0,malignant human B-cell cell line,Homo sapiens,cell line: SU-DHL-8,GPL570,Denmark,Aalborg University Hospital,GSE53798,GSE53798_series_matrix.txt.gz,SU-DHL-8,Diffuse large B-cell lymphoma,,CVCL_2207,SU-DHL-8,Cello Cell line Name,sudhl8
GSM1300953,GSM1300953,Cell line drug naive_U2932,Public on Apr 19 2015,Jan 03 2014,Apr 19 2015,RNA,1.0,malignant human B-cell cell line,Homo sapiens,cell line: U2932,GPL570,Denmark,Aalborg University Hospital,GSE53798,GSE53798_series_matrix.txt.gz,U2932,Diffuse large B-cell lymphoma,,CVCL_1896,U2932,Cello Cell line Synonym,u2932
GSM1300954,GSM1300954,Cell line drug naive_MC-116,Public on Apr 19 2015,Jan 03 2014,Apr 19 2015,RNA,1.0,malignant human B-cell cell line,Homo sapiens,cell line: MC-116,GPL570,Denmark,Aalborg University Hospital,GSE53798,GSE53798_series_matrix.txt.gz,MC-116,Undifferentiated lymphoma,,CVCL_1399,MC-116,Cello Cell line Synonym,mc116
GSM1300955,GSM1300955,Cell line drug naive_KMM-1,Public on Apr 19 2015,Jan 03 2014,Nov 06 2015,RNA,1.0,malignant human B-cell cell line,Homo sapiens,cell line: KMM-1,GPL570,Denmark,Aalborg University Hospital,GSE53798,GSE53798_series_matrix.txt.gz,KMM-1,Multiple myeloma,,CVCL_2981,KMM-1,Cello Cell line Name,kmm1
GSM1300956,GSM1300956,Cell line drug naive_KMS-11,Public on Apr 19 2015,Jan 03 2014,Nov 06 2015,RNA,1.0,malignant human B-cell cell line,Homo sapiens,cell line: KMS-11,GPL570,Denmark,Aalborg University Hospital,GSE53798,GSE53798_series_matrix.txt.gz,KMS-11,Multiple myeloma,,CVCL_2989,KMS-11,Cello Cell line Name,kms11
GSM1300957,GSM1300957,Cell line drug naive_KMS-12-BM,Public on Apr 19 2015,Jan 03 2014,Nov 06 2015,RNA,1.0,malignant human B-cell cell line,Homo sapiens,cell line: KMS-12-BM,GPL570,Denmark,Aalborg University Hospital,GSE53798,GSE53798_series_matrix.txt.gz,KMS-12-BM,Multiple myeloma,,CVCL_1334,KMS-12-BM,Cello Cell line Name,kms12bm
GSM1300958,GSM1300958,Cell line drug naive_KMS-12-PE,Public on Apr 19 2015,Jan 03 2014,Apr 19 2015,RNA,1.0,malignant human B-cell cell line,Homo sapiens,cell line: KMS-12-PE,GPL570,Denmark,Aalborg University Hospital,GSE53798,GSE53798_series_matrix.txt.gz,KMS-12-PE,Multiple myeloma,,CVCL_1333,KMS-12-PE,Cello Cell line Name,kms12pe
GSM1300959,GSM1300959,Cell line drug naive_LP-1,Public on Apr 19 2015,Jan 03 2014,Nov 06 2015,RNA,1.0,malignant human B-cell cell line,Homo sapiens,cell line: LP-1,GPL570,Denmark,Aalborg University Hospital,GSE53798,GSE53798_series_matrix.txt.gz,LP-1,Multiple myeloma,,CVCL_0012,LP-1,Cello Cell line Name,lp1
GSM1300960,GSM1300960,Cell line drug naive_MM1S,Public on Apr 19 2015,Jan 03 2014,Nov 06 2015,RNA,1.0,malignant human B-cell cell line,Homo sapiens,cell line: MM1S,GPL570,Denmark,Aalborg University Hospital,GSE53798,GSE53798_series_matrix.txt.gz,MM1S,Multiple myeloma,,CVCL_8792,MM1S,Cello Cell line Synonym,mm1s
GSM1300961,GSM1300961,Cell line drug naive_MOLP-8,Public on Apr 19 2015,Jan 03 2014,Nov 06 2015,RNA,1.0,malignant human B-cell cell line,Homo sapiens,cell line: MOLP-8,GPL570,Denmark,Aalborg University Hospital,GSE53798,GSE53798_series_matrix.txt.gz,MOLP-8,Multiple myeloma,,CVCL_2124,MOLP-8,Cello Cell line Name,molp8
GSM1300962,GSM1300962,Cell line drug naive_NCI-H929,Public on Apr 19 2015,Jan 03 2014,Apr 19 2015,RNA,1.0,malignant human B-cell cell line,Homo sapiens,cell line: NCI-H929,GPL570,Denmark,Aalborg University Hospital,GSE53798,GSE53798_series_matrix.txt.gz,NCI-H929,Multiple myeloma,,CVCL_1600,NCI-H929,Cello Cell line Name,ncih929
GSM1300963,GSM1300963,Cell line drug naive_OPM-2,Public on Apr 19 2015,Jan 03 2014,Nov 06 2015,RNA,1.0,malignant human B-cell cell line,Homo sapiens,cell line: OPM-2,GPL570,Denmark,Aalborg University Hospital,GSE53798,GSE53798_series_matrix.txt.gz,OPM-2,Multiple myeloma,,CVCL_1625,OPM-2,Cello Cell line Name,opm2
GSM1300964,GSM1300964,Cell line drug naive_RPMI-8226,Public on Apr 19 2015,Jan 03 2014,Nov 06 2015,RNA,1.0,malignant human B-cell cell line,Homo sapiens,cell line: RPMI-8226,GPL570,Denmark,Aalborg University Hospital,GSE53798,GSE53798_series_matrix.txt.gz,RPMI-8226,Multiple myeloma,,CVCL_0014,RPMI-8226,Cello Cell line Name,rpmi8226
GSM1300965,GSM1300965,Cell line drug naive_U-266,Public on Apr 19 2015,Jan 03 2014,Apr 19 2015,RNA,1.0,malignant human B-cell cell line,Homo sapiens,cell line: U-266,GPL570,Denmark,Aalborg University Hospital,GSE53798,GSE53798_series_matrix.txt.gz,U-266,Multiple myeloma,,CVCL_0566,U-266,Cello Cell line Synonym,u266
GSM1300966,GSM1300966,Cell line drug naive_AMO-1,Public on Apr 19 2015,Jan 03 2014,Nov 06 2015,RNA,1.0,malignant human B-cell cell line,Homo sapiens,cell line: AMO-1,GPL570,Denmark,Aalborg University Hospital,GSE53798,GSE53798_series_matrix.txt.gz,AMO-1,Plasmacytoma,,CVCL_1806,AMO-1,Cello Cell line Synonym,amo1
GSM1374369,GSM1374369,A1631-07,Public on Apr 28 2014,Apr 25 2014,Apr 28 2014,RNA,1.0,AZ GENE EXPRESSION,Homo sapiens,cell line: 977,GPL570,United Kingdom,AstraZeneca,GSE57083,GSE57083_series_matrix.txt.gz,977,,Bladder,CVCL_8625,97-7,Cello match alphanum,977
GSM1374370,GSM1374370,SR5076_HUMAN_U133_PLUS2_250310,Public on Apr 28 2014,Apr 25 2014,Apr 28 2014,RNA,1.0,AZ GENE EXPRESSION,Homo sapiens,cell line: 5637,GPL570,United Kingdom,AstraZeneca,GSE57083,GSE57083_series_matrix.txt.gz,5637,,Bladder,CVCL_0126,5637,Cello Cell line Name,5637
GSM1374371,GSM1374371,Bx056_08 HG2,Public on Apr 28 2014,Apr 25 2014,Apr 28 2014,RNA,1.0,AZ GENE EXPRESSION,Homo sapiens,cell line: 2313287,GPL570,United Kingdom,AstraZeneca,GSE57083,GSE57083_series_matrix.txt.gz,2313287,gastric adenocarcinoma,Stomach,CVCL_1046,23132/87,Cello GEO GSM,2313287
GSM1374372,GSM1374372,SBCG2008008-D1S1CO26R,Public on Apr 28 2014,Apr 25 2014,Apr 28 2014,RNA,1.0,AZ GENE EXPRESSION,Homo sapiens,cell line: 2313287,GPL570,United Kingdom,AstraZeneca,GSE57083,GSE57083_series_matrix.txt.gz,2313287,Gastric Cancer,Stomach,CVCL_1046,23132/87,Cello GEO GSM,2313287
GSM1374373,GSM1374373,Bx058-03 HG2,Public on Apr 28 2014,Apr 25 2014,Apr 28 2014,RNA,1.0,AZ GENE EXPRESSION,Homo sapiens,cell line: 1321N1,GPL570,United Kingdom,AstraZeneca,GSE57083,GSE57083_series_matrix.txt.gz,1321N1,Astrocytoma,Brain,CVCL_0110,1321N1,Cello Cell line Name,1321n1
GSM1374374,GSM1374374,SR5077_HUMAN_U133_PLUS2_250310,Public on Apr 28 2014,Apr 25 2014,Apr 28 2014,RNA,1.0,AZ GENE EXPRESSION,Homo sapiens,cell line: 1A6,GPL570,United Kingdom,AstraZeneca,GSE57083,GSE57083_series_matrix.txt.gz,1A6,,Bladder,CVCL_6344,1A6,Cello Cell line Synonym,1a6
GSM1374375,GSM1374375,SR5066_HUMAN_U133_PLUS2_250310,Public on Apr 28 2014,Apr 25 2014,Apr 28 2014,RNA,1.0,AZ GENE EXPRESSION,Homo sapiens,cell line: 22RV1,GPL570,United Kingdom,AstraZeneca,GSE57083,GSE57083_series_matrix.txt.gz,22RV1,,Prostate,CVCL_1045,22Rv1,Cello GEO GSM,22rv1
GSM1374376,GSM1374376,Bx051b_092 HG2,Public on Apr 28 2014,Apr 25 2014,Apr 28 2014,RNA,1.0,Kudos 95 Cell Panel,Homo sapiens,cell line: 59M,GPL570,United Kingdom,AstraZeneca,GSE57083,GSE57083_series_matrix.txt.gz,59M,Ovarian carcinoma,Ovary,CVCL_2291,59M,Cello Cell line Name,59m
GSM1374377,GSM1374377,SR5070_HUMAN_U133_PLUS2_250310,Public on Apr 28 2014,Apr 25 2014,Apr 28 2014,RNA,1.0,AZ GENE EXPRESSION,Homo sapiens,cell line: 647V,GPL570,United Kingdom,AstraZeneca,GSE57083,GSE57083_series_matrix.txt.gz,647V,,Bladder,CVCL_1049,647V,Cello Cell line Name,647v
GSM1374378,GSM1374378,Bx058-12 HG2,Public on Apr 28 2014,Apr 25 2014,Apr 28 2014,RNA,1.0,AZ GENE EXPRESSION,Homo sapiens,cell line: A172,GPL570,United Kingdom,AstraZeneca,GSE57083,GSE57083_series_matrix.txt.gz,A172,glioblastoma,Brain,CVCL_0131,A-172,Cello GEO GSM,a172
GSM1374379,GSM1374379,A2058,Public on Apr 28 2014,Apr 25 2014,Apr 28 2014,RNA,1.0,AZ GENE EXPRESSION,Homo sapiens,cell line: A2058,GPL570,United Kingdom,AstraZeneca,GSE57083,GSE57083_series_matrix.txt.gz,A2058,melanoma Derived from metastatic site: lymph node,Skin,CVCL_1059,A2058,Cello Cell line Name,a2058
GSM1374380,GSM1374380,Bx051b_055 HG2,Public on Apr 28 2014,Apr 25 2014,Apr 28 2014,RNA,1.0,Kudos 95 Cell Panel,Homo sapiens,cell line: A2780,GPL570,United Kingdom,AstraZeneca,GSE57083,GSE57083_series_matrix.txt.gz,A2780,Ovarian carcinoma,Ovary,CVCL_0134,A2780,Cello Cell line Name,a2780
GSM1374381,GSM1374381,A2780 ap101105,Public on Apr 28 2014,Apr 25 2014,Apr 28 2014,RNA,1.0,AZ GENE EXPRESSION,Homo sapiens,cell line: A2780,GPL570,United Kingdom,AstraZeneca,GSE57083,GSE57083_series_matrix.txt.gz,A2780,Ovarian Carcinoma,Ovary,CVCL_0134,A2780,Cello Cell line Name,a2780
GSM1374382,GSM1374382,A375,Public on Apr 28 2014,Apr 25 2014,Apr 28 2014,RNA,1.0,AZ GENE EXPRESSION,Homo sapiens,cell line: A375,GPL570,United Kingdom,AstraZeneca,GSE57083,GSE57083_series_matrix.txt.gz,A375,malignant melanoma,Skin,CVCL_0132,A-375,Cello GEO GSM,a375
GSM1374383,GSM1374383,A427 ghp030206,Public on Apr 28 2014,Apr 25 2014,Apr 28 2014,RNA,1.0,AZ GENE EXPRESSION,Homo sapiens,cell line: A427,GPL570,United Kingdom,AstraZeneca,GSE57083,GSE57083_series_matrix.txt.gz,A427,Carcinoma,Lung,CVCL_1055,A-427,Cello GEO GSM,a427
GSM1374384,GSM1374384,A431,Public on Apr 28 2014,Apr 25 2014,Apr 28 2014,RNA,1.0,AZ GENE EXPRESSION,Homo sapiens,cell line: A431,GPL570,United Kingdom,AstraZeneca,GSE57083,GSE57083_series_matrix.txt.gz,A431,epidermoid carcinoma,Skin,CVCL_0037,A-431,Cello GEO GSM,a431
GSM1374385,GSM1374385,Bx051b_037 HG2,Public on Apr 28 2014,Apr 25 2014,Apr 28 2014,RNA,1.0,Kudos 95 Cell Panel,Homo sapiens,cell line: A549,GPL570,United Kingdom,AstraZeneca,GSE57083,GSE57083_series_matrix.txt.gz,A549,Carcinoma,Lung,CVCL_0023,A-549,Cello GEO GSM,a549
GSM1374386,GSM1374386,A549,Public on Apr 28 2014,Apr 25 2014,Apr 28 2014,RNA,1.0,AZ GENE EXPRESSION,Homo sapiens,cell line: A549,GPL570,United Kingdom,AstraZeneca,GSE57083,GSE57083_series_matrix.txt.gz,A549,carcinoma,Lung,CVCL_0023,A-549,Cello GEO GSM,a549
GSM1374387,GSM1374387,A549_2,Public on Apr 28 2014,Apr 25 2014,Apr 28 2014,RNA,1.0,AZ GENE EXPRESSION,Homo sapiens,cell line: A549,GPL570,United Kingdom,AstraZeneca,GSE57083,GSE57083_series_matrix.txt.gz,A549,carcinoma,Lung,CVCL_0023,A-549,Cello GEO GSM,a549
GSM1374388,GSM1374388,A549-R ghp030206,Public on Apr 28 2014,Apr 25 2014,Apr 28 2014,RNA,1.0,AZ GENE EXPRESSION,Homo sapiens,cell line: A549,GPL570,United Kingdom,AstraZeneca,GSE57083,GSE57083_series_matrix.txt.gz,A549,Carcinoma,Lung,CVCL_0023,A549,Cello Cell line Synonym,a549
GSM1374389,GSM1374389,Bx056_13 HG2,Public on Apr 28 2014,Apr 25 2014,Apr 28 2014,RNA,1.0,AZ GENE EXPRESSION,Homo sapiens,cell line: AGS,GPL570,United Kingdom,AstraZeneca,GSE57083,GSE57083_series_matrix.txt.gz,AGS,gastric adenocarcinoma,Stomach,CVCL_0139,AGS,Cello Cell line Name,ags
GSM1374390,GSM1374390,SBCG2008008-D1S1CO005R,Public on Apr 28 2014,Apr 25 2014,Apr 28 2014,RNA,1.0,AZ GENE EXPRESSION,Homo sapiens,cell line: AGS,GPL570,United Kingdom,AstraZeneca,GSE57083,GSE57083_series_matrix.txt.gz,AGS,Gastric Cancer,Stomach,CVCL_0139,AGS,Cello Cell line Name,ags
GSM1374391,GSM1374391,Bx030_019 HG2,Public on Apr 28 2014,Apr 25 2014,Apr 28 2014,RNA,1.0,AZ GENE EXPRESSION,Homo sapiens,cell line: AML143D10,GPL570,United Kingdom,AstraZeneca,GSE57083,GSE57083_series_matrix.txt.gz,AML143D10,,Hematopoietic System,CVCL_0141,AML143D10,Cello Cell line Synonym,aml143d10
GSM1374392,GSM1374392,AMO1 ghp280606,Public on Apr 28 2014,Apr 25 2014,Apr 28 2014,RNA,1.0,AZ GENE EXPRESSION,Homo sapiens,cell line: AMO1,GPL570,United Kingdom,AstraZeneca,GSE57083,GSE57083_series_matrix.txt.gz,AMO1,Myeloma,Hematopoietic System,CVCL_1806,AMO1,Cello Cell line Name,amo1
GSM1374393,GSM1374393,ARH77 ghp280606,Public on Apr 28 2014,Apr 25 2014,Apr 28 2014,RNA,1.0,AZ GENE EXPRESSION,Homo sapiens,cell line: ARH77,GPL570,United Kingdom,AstraZeneca,GSE57083,GSE57083_series_matrix.txt.gz,ARH77,Myeloma,Hematopoietic System,CVCL_1072,ARH77,Cello Cell line Synonym,arh77
GSM1374394,GSM1374394,Bx040_0001_R,Public on Apr 28 2014,Apr 25 2014,Apr 28 2014,RNA,1.0,AZ GENE EXPRESSION,Homo sapiens,cell line: ASPC1,GPL570,United Kingdom,AstraZeneca,GSE57083,GSE57083_series_matrix.txt.gz,ASPC1,adenocarcinoma Derived from metastatic site: ascites,Pancreas,CVCL_0152,AsPC-1,Cello GEO GSM,aspc1
GSM1374395,GSM1374395,Bx051b_103 HG2,Public on Apr 28 2014,Apr 25 2014,Apr 28 2014,RNA,1.0,Kudos 95 Cell Panel,Homo sapiens,cell line: ASPC1,GPL570,United Kingdom,AstraZeneca,GSE57083,GSE57083_series_matrix.txt.gz,ASPC1,Adenocarcinoma,Pancreas,CVCL_0152,AsPC-1,Cello GEO GSM,aspc1
GSM1374396,GSM1374396,A1385-01,Public on Apr 28 2014,Apr 25 2014,Apr 28 2014,RNA,1.0,AZ GENE EXPRESSION,Homo sapiens,cell line: ASPC1,GPL570,United Kingdom,AstraZeneca,GSE57083,GSE57083_series_matrix.txt.gz,ASPC1,,Pancreas,CVCL_0152,AsPC-1,Cello GEO GSM,aspc1
GSM1374397,GSM1374397,SBCG2008008-D1S1CO21R,Public on Apr 28 2014,Apr 25 2014,Apr 28 2014,RNA,1.0,AZ GENE EXPRESSION,Homo sapiens,cell line: AZ521,GPL570,United Kingdom,AstraZeneca,GSE57083,GSE57083_series_matrix.txt.gz,AZ521,Gastric Cancer,Stomach,CVCL_2862,AZ521,Cello Cell line Synonym,az521
GSM1374398,GSM1374398,Bx051b_045 HG2,Public on Apr 28 2014,Apr 25 2014,Apr 28 2014,RNA,1.0,Kudos 95 Cell Panel,Homo sapiens,cell line: BE,GPL570,United Kingdom,AstraZeneca,GSE57083,GSE57083_series_matrix.txt.gz,BE,Carcinoma,Colon,CVCL_AT71,BE,Cello Cell line Synonym,be
GSM1374399,GSM1374399,BE,Public on Apr 28 2014,Apr 25 2014,Apr 28 2014,RNA,1.0,AZ GENE EXPRESSION,Homo sapiens,cell line: BE,GPL570,United Kingdom,AstraZeneca,GSE57083,GSE57083_series_matrix.txt.gz,BE,Colon carcinoma,Colon,CVCL_AT71,BE,Cello Cell line Synonym,be
GSM1374400,GSM1374400,SBCG2008008-D2S1CO04R,Public on Apr 28 2014,Apr 25 2014,Apr 28 2014,RNA,1.0,AZ GENE EXPRESSION,Homo sapiens,cell line: BEL7402,GPL570,United Kingdom,AstraZeneca,GSE57083,GSE57083_series_matrix.txt.gz,BEL7402,Liver Cancer,Liver,CVCL_5492,BEL7402,Cello Cell line Synonym,bel7402
GSM1374401,GSM1374401,SBCG2008008-D2S1CO08R,Public on Apr 28 2014,Apr 25 2014,Apr 28 2014,RNA,1.0,AZ GENE EXPRESSION,Homo sapiens,cell line: BEL7404,GPL570,United Kingdom,AstraZeneca,GSE57083,GSE57083_series_matrix.txt.gz,BEL7404,Liver Cancer,Liver,CVCL_6568,BEL7404,Cello Cell line Synonym,bel7404
GSM1374402,GSM1374402,SBCG2008008-D2S1CO11R,Public on Apr 28 2014,Apr 25 2014,Apr 28 2014,RNA,1.0,AZ GENE EXPRESSION,Homo sapiens,cell line: BEL7405,GPL570,United Kingdom,AstraZeneca,GSE57083,GSE57083_series_matrix.txt.gz,BEL7405,Liver Cancer,Liver,CVCL_6569,BEL7405,Cello Cell line Synonym,bel7405
GSM1374403,GSM1374403,SR5071_HUMAN_U133_PLUS2_250310,Public on Apr 28 2014,Apr 25 2014,Apr 28 2014,RNA,1.0,AZ GENE EXPRESSION,Homo sapiens,cell line: BFTC905,GPL570,United Kingdom,AstraZeneca,GSE57083,GSE57083_series_matrix.txt.gz,BFTC905,,Bladder,CVCL_1083,BFTC-905,Cello GEO GSM,bftc905
GSM1374404,GSM1374404,SBCG2008008-D1S1COO3R,Public on Apr 28 2014,Apr 25 2014,Apr 28 2014,RNA,1.0,AZ GENE EXPRESSION,Homo sapiens,cell line: BGC823,GPL570,United Kingdom,AstraZeneca,GSE57083,GSE57083_series_matrix.txt.gz,BGC823,Gastric Cancer,Stomach,CVCL_3360,BGC823,Cello Cell line Synonym,bgc823
GSM1374405,GSM1374405,A1631-13,Public on Apr 28 2014,Apr 25 2014,Apr 28 2014,RNA,1.0,AZ GENE EXPRESSION,Homo sapiens,cell line: BPH1,GPL570,United Kingdom,AstraZeneca,GSE57083,GSE57083_series_matrix.txt.gz,BPH1,,Prostate,CVCL_1091,BPH-1,Cello GEO GSM,bph1
GSM1374406,GSM1374406,Bx051b_005 HG2,Public on Apr 28 2014,Apr 25 2014,Apr 28 2014,RNA,1.0,Kudos 95 Cell Panel,Homo sapiens,cell line: BT20,GPL570,United Kingdom,AstraZeneca,GSE57083,GSE57083_series_matrix.txt.gz,BT20,Carcinoma,Breast,CVCL_0178,BT-20,Cello GEO GSM,bt20
GSM1374407,GSM1374407,EA08079_80498_BT-20,Public on Apr 28 2014,Apr 25 2014,Apr 28 2014,RNA,1.0,AZ GENE EXPRESSION,Homo sapiens,cell line: BT20,GPL570,United Kingdom,AstraZeneca,GSE57083,GSE57083_series_matrix.txt.gz,BT20,,Breast,CVCL_0178,BT-20,Cello GEO GSM,bt20
GSM1374408,GSM1374408,Bx051b_035 HG2,Public on Apr 28 2014,Apr 25 2014,Apr 28 2014,RNA,1.0,Kudos 95 Cell Panel,Homo sapiens,cell line: BT474,GPL570,United Kingdom,AstraZeneca,GSE57083,GSE57083_series_matrix.txt.gz,BT474,Ductal Carcinoma,Breast,CVCL_0179,BT-474,Cello GEO GSM,bt474
GSM1374409,GSM1374409,BT474 ap071105,Public on Apr 28 2014,Apr 25 2014,Apr 28 2014,RNA,1.0,AZ GENE EXPRESSION,Homo sapiens,cell line: BT474,GPL570,United Kingdom,AstraZeneca,GSE57083,GSE57083_series_matrix.txt.gz,BT474,ductal carcinoma,Breast,CVCL_0179,BT-474,Cello GEO GSM,bt474
GSM1374410,GSM1374410,EA08079_80494_BT-474,Public on Apr 28 2014,Apr 25 2014,Apr 28 2014,RNA,1.0,AZ GENE EXPRESSION,Homo sapiens,cell line: BT474,GPL570,United Kingdom,AstraZeneca,GSE57083,GSE57083_series_matrix.txt.gz,BT474,,Breast,CVCL_0179,BT-474,Cello GEO GSM,bt474
GSM1374411,GSM1374411,BT474C ap071105,Public on Apr 28 2014,Apr 25 2014,Apr 28 2014,RNA,1.0,AZ GENE EXPRESSION,Homo sapiens,cell line: BT474C1,GPL570,United Kingdom,AstraZeneca,GSE57083,GSE57083_series_matrix.txt.gz,BT474C1,Breast Ductal Carcinoma,Breast,CVCL_IP20,BT474C1,Cello Cell line Synonym,bt474c1
GSM1374412,GSM1374412,Bx051b_011 HG2,Public on Apr 28 2014,Apr 25 2014,Apr 28 2014,RNA,1.0,Kudos 95 Cell Panel,Homo sapiens,cell line: BT549,GPL570,United Kingdom,AstraZeneca,GSE57083,GSE57083_series_matrix.txt.gz,BT549,Ductal Carcinoma,Breast,CVCL_1092,BT-549,Cello GEO GSM,bt549
GSM1374413,GSM1374413,EA08079_80502_BT-549,Public on Apr 28 2014,Apr 25 2014,Apr 28 2014,RNA,1.0,AZ GENE EXPRESSION,Homo sapiens,cell line: BT549,GPL570,United Kingdom,AstraZeneca,GSE57083,GSE57083_series_matrix.txt.gz,BT549,,Breast,CVCL_1092,BT-549,Cello GEO GSM,bt549
GSM1374414,GSM1374414,Bx030_010 HG2,Public on Apr 28 2014,Apr 25 2014,Apr 28 2014,RNA,1.0,AZ GENE EXPRESSION,Homo sapiens,cell line: BV173,GPL570,United Kingdom,AstraZeneca,GSE57083,GSE57083_series_matrix.txt.gz,BV173,,Hematopoietic System,CVCL_0181,BV-173,Cello GEO GSM,bv173
GSM1374415,GSM1374415,Bx040_0002_R,Public on Apr 28 2014,Apr 25 2014,Apr 28 2014,RNA,1.0,AZ GENE EXPRESSION,Homo sapiens,cell line: BXPC3,GPL570,United Kingdom,AstraZeneca,GSE57083,GSE57083_series_matrix.txt.gz,BXPC3,Adenocarcinoma,Pancreas,CVCL_0186,BxPC-3,Cello GEO GSM,bxpc3
GSM1374416,GSM1374416,Bx051b_096 HG2,Public on Apr 28 2014,Apr 25 2014,Apr 28 2014,RNA,1.0,Kudos 95 Cell Panel,Homo sapiens,cell line: BXPC3,GPL570,United Kingdom,AstraZeneca,GSE57083,GSE57083_series_matrix.txt.gz,BXPC3,Adenocarcinoma,Pancreas,CVCL_0186,BxPC-3,Cello GEO GSM,bxpc3
GSM1374417,GSM1374417,BxPC3 ap121105,Public on Apr 28 2014,Apr 25 2014,Apr 28 2014,RNA,1.0,AZ GENE EXPRESSION,Homo sapiens,cell line: BXPC3,GPL570,United Kingdom,AstraZeneca,GSE57083,GSE57083_series_matrix.txt.gz,BXPC3,adenocarcinoma,Pancreas,CVCL_0186,BxPC-3,Cello GEO GSM,bxpc3
GSM1374418,GSM1374418,EA09076_118381_HG-U133_PLUS_2_CO015_11,Public on Apr 28 2014,Apr 25 2014,Apr 28 2014,RNA,1.0,AZ GENE EXPRESSION,Homo sapiens,cell line: C10,GPL570,United Kingdom,AstraZeneca,GSE57083,GSE57083_series_matrix.txt.gz,C10,,Colon,CVCL_5245,C10,Cello Cell line Name,c10
GSM1374419,GSM1374419,Bx042-012,Public on Apr 28 2014,Apr 25 2014,Apr 28 2014,RNA,1.0,AZ GENE EXPRESSION,Homo sapiens,cell line: C106,GPL570,United Kingdom,AstraZeneca,GSE57083,GSE57083_series_matrix.txt.gz,C106,,Colon,,,,c106
GSM1374420,GSM1374420,EA09076_118382_HG-U133_PLUS_2_CO015_12,Public on Apr 28 2014,Apr 25 2014,Apr 28 2014,RNA,1.0,AZ GENE EXPRESSION,Homo sapiens,cell line: C125PM,GPL570,United Kingdom,AstraZeneca,GSE57083,GSE57083_series_matrix.txt.gz,C125PM,,Colon,CVCL_8175,C125-PM,Cello GEO GSM,c125pm
GSM1374421,GSM1374421,Bx042-058,Public on Apr 28 2014,Apr 25 2014,Apr 28 2014,RNA,1.0,AZ GENE EXPRESSION,Homo sapiens,cell line: C32COLON,GPL570,United Kingdom,AstraZeneca,GSE57083,GSE57083_series_matrix.txt.gz,C32COLON,,Colon,CVCL_5246,C32COLON,Cello Cell line Synonym,c32colon
GSM1374422,GSM1374422,Bx042-057,Public on Apr 28 2014,Apr 25 2014,Apr 28 2014,RNA,1.0,AZ GENE EXPRESSION,Homo sapiens,cell line: C75,GPL570,United Kingdom,AstraZeneca,GSE57083,GSE57083_series_matrix.txt.gz,C75,,Colon,CVCL_5248,C75,Cello Cell line Name,c75
GSM1374423,GSM1374423,EA09076_118371_HG-U133_PLUS_2_CO015_01,Public on Apr 28 2014,Apr 25 2014,Apr 28 2014,RNA,1.0,AZ GENE EXPRESSION,Homo sapiens,cell line: C80,GPL570,United Kingdom,AstraZeneca,GSE57083,GSE57083_series_matrix.txt.gz,C80,,Colon,CVCL_5249,C80,Cello Cell line Name,c80
GSM1374424,GSM1374424,Bx042-002,Public on Apr 28 2014,Apr 25 2014,Apr 28 2014,RNA,1.0,AZ GENE EXPRESSION,Homo sapiens,cell line: C84,GPL570,United Kingdom,AstraZeneca,GSE57083,GSE57083_series_matrix.txt.gz,C84,,Colon,CVCL_5250,C84,Cello Cell line Name,c84
GSM1374425,GSM1374425,EA09076_118372_HG-U133_PLUS_2_CO015_02,Public on Apr 28 2014,Apr 25 2014,Apr 28 2014,RNA,1.0,AZ GENE EXPRESSION,Homo sapiens,cell line: C99,GPL570,United Kingdom,AstraZeneca,GSE57083,GSE57083_series_matrix.txt.gz,C99,,Colon,CVCL_8176,C99,Cello Cell line Name,c99
GSM1374426,GSM1374426,Bx042-056,Public on Apr 28 2014,Apr 25 2014,Apr 28 2014,RNA,1.0,AZ GENE EXPRESSION,Homo sapiens,cell line: CACO2,GPL570,United Kingdom,AstraZeneca,GSE57083,GSE57083_series_matrix.txt.gz,CACO2,colorectal adenocarcinoma,Colon,CVCL_0025,Caco-2,Cello GEO GSM,caco2
GSM1374427,GSM1374427,Bx051b_062 HG2,Public on Apr 28 2014,Apr 25 2014,Apr 28 2014,RNA,1.0,Kudos 95 Cell Panel,Homo sapiens,cell line: CAL27,GPL570,United Kingdom,AstraZeneca,GSE57083,GSE57083_series_matrix.txt.gz,CAL27,Squamous Cell Carcinoma,Tongue,CVCL_1107,CAL-27,Cello GEO GSM,cal27
GSM1374428,GSM1374428,CAL27 ap270406,Public on Apr 28 2014,Apr 25 2014,Apr 28 2014,RNA,1.0,AZ GENE EXPRESSION,Homo sapiens,cell line: CAL27,GPL570,United Kingdom,AstraZeneca,GSE57083,GSE57083_series_matrix.txt.gz,CAL27,Squamous Cell Carcinoma,Tongue,CVCL_1107,CAL-27,Cello GEO GSM,cal27
GSM1374429,GSM1374429,Bx051b_058 HG2,Public on Apr 28 2014,Apr 25 2014,Apr 28 2014,RNA,1.0,Kudos 95 Cell Panel,Homo sapiens,cell line: CAL51,GPL570,United Kingdom,AstraZeneca,GSE57083,GSE57083_series_matrix.txt.gz,CAL51,Adenocarcinoma,Breast,CVCL_1110,CAL-51,Cello GEO GSM,cal51
GSM1374430,GSM1374430,Bx056_07 HG2,Public on Apr 28 2014,Apr 25 2014,Apr 28 2014,RNA,1.0,AZ GENE EXPRESSION,Homo sapiens,cell line: CALU1,GPL570,United Kingdom,AstraZeneca,GSE57083,GSE57083_series_matrix.txt.gz,CALU1,epidermoid carcinoma,Lung,CVCL_0608,Calu-1,Cello GEO GSM,calu1
GSM1374431,GSM1374431,CaLu 1 ap071105,Public on Apr 28 2014,Apr 25 2014,Apr 28 2014,RNA,1.0,AZ GENE EXPRESSION,Homo sapiens,cell line: CALU1,GPL570,United Kingdom,AstraZeneca,GSE57083,GSE57083_series_matrix.txt.gz,CALU1,epidermoid carcinoma,Lung,CVCL_0608,Calu-1,Cello GEO GSM,calu1
GSM1374432,GSM1374432,CaLu-1 ghp030206,Public on Apr 28 2014,Apr 25 2014,Apr 28 2014,RNA,1.0,AZ GENE EXPRESSION,Homo sapiens,cell line: CALU1,GPL570,United Kingdom,AstraZeneca,GSE57083,GSE57083_series_matrix.txt.gz,CALU1,epidermoid carcinoma,Lung,CVCL_0608,Calu-1,Cello GEO GSM,calu1
GSM1374433,GSM1374433,Bx051b_072 HG2,Public on Apr 28 2014,Apr 25 2014,Apr 28 2014,RNA,1.0,Kudos 95 Cell Panel,Homo sapiens,cell line: CALU3,GPL570,United Kingdom,AstraZeneca,GSE57083,GSE57083_series_matrix.txt.gz,CALU3,adenocarcinoma,Lung,CVCL_0609,Calu-3,Cello GEO GSM,calu3
GSM1374434,GSM1374434,CaLu-3 ap050706,Public on Apr 28 2014,Apr 25 2014,Apr 28 2014,RNA,1.0,AZ GENE EXPRESSION,Homo sapiens,cell line: CALU3,GPL570,United Kingdom,AstraZeneca,GSE57083,GSE57083_series_matrix.txt.gz,CALU3,adenocarcinoma,Lung,CVCL_0609,Calu-3,Cello GEO GSM,calu3
GSM1374435,GSM1374435,Bx051b_052 HG2,Public on Apr 28 2014,Apr 25 2014,Apr 28 2014,RNA,1.0,Kudos 95 Cell Panel,Homo sapiens,cell line: CALU6,GPL570,United Kingdom,AstraZeneca,GSE57083,GSE57083_series_matrix.txt.gz,CALU6,anaplastic carcinoma,Lung,CVCL_0236,Calu-6,Cello GEO GSM,calu6
GSM1374436,GSM1374436,CaLu-6,Public on Apr 28 2014,Apr 25 2014,Apr 28 2014,RNA,1.0,AZ GENE EXPRESSION,Homo sapiens,cell line: CALU6,GPL570,United Kingdom,AstraZeneca,GSE57083,GSE57083_series_matrix.txt.gz,CALU6,anaplastic carcinoma,Lung,CVCL_0236,Calu-6,Cello GEO GSM,calu6
GSM1374437,GSM1374437,EA08079_80510_CAMA-1,Public on Apr 28 2014,Apr 25 2014,Apr 28 2014,RNA,1.0,AZ GENE EXPRESSION,Homo sapiens,cell line: CAMA1,GPL570,United Kingdom,AstraZeneca,GSE57083,GSE57083_series_matrix.txt.gz,CAMA1,,Breast,CVCL_1115,CAMA-1,Cello GEO GSM,cama1
GSM1374438,GSM1374438,Bx051b_078 HG2,Public on Apr 28 2014,Apr 25 2014,Apr 28 2014,RNA,1.0,Kudos 95 Cell Panel,Homo sapiens,cell line: CAPAN1,GPL570,United Kingdom,AstraZeneca,GSE57083,GSE57083_series_matrix.txt.gz,CAPAN1,adenocarcinoma,Pancreas,CVCL_0237,Capan-1,Cello GEO GSM,capan1
GSM1374439,GSM1374439,Capan 1 ap071105,Public on Apr 28 2014,Apr 25 2014,Apr 28 2014,RNA,1.0,AZ GENE EXPRESSION,Homo sapiens,cell line: CAPAN1,GPL570,United Kingdom,AstraZeneca,GSE57083,GSE57083_series_matrix.txt.gz,CAPAN1,adenocarcinoma Derived from metastatic site: liver,Pancreas,CVCL_0237,Capan-1,Cello GEO GSM,capan1
GSM1374440,GSM1374440,A1385-02,Public on Apr 28 2014,Apr 25 2014,Apr 28 2014,RNA,1.0,AZ GENE EXPRESSION,Homo sapiens,cell line: CAPAN2,GPL570,United Kingdom,AstraZeneca,GSE57083,GSE57083_series_matrix.txt.gz,CAPAN2,,Pancreas,CVCL_0026,Capan-2,Cello GEO GSM,capan2
GSM1374441,GSM1374441,Bx042-014,Public on Apr 28 2014,Apr 25 2014,Apr 28 2014,RNA,1.0,AZ GENE EXPRESSION,Homo sapiens,cell line: CAR1,GPL570,United Kingdom,AstraZeneca,GSE57083,GSE57083_series_matrix.txt.gz,CAR1,rectum adenocarcinoma,Colon,CVCL_1116,CaR-1,Cello GEO GSM,car1
GSM1374442,GSM1374442,Bx042-006,Public on Apr 28 2014,Apr 25 2014,Apr 28 2014,RNA,1.0,AZ GENE EXPRESSION,Homo sapiens,cell line: CC20,GPL570,United Kingdom,AstraZeneca,GSE57083,GSE57083_series_matrix.txt.gz,CC20,,Colon,,,,cc20
GSM1374443,GSM1374443,Bx058-20 HG2,Public on Apr 28 2014,Apr 25 2014,Apr 28 2014,RNA,1.0,AZ GENE EXPRESSION,Homo sapiens,cell line: CCFSTTG1,GPL570,United Kingdom,AstraZeneca,GSE57083,GSE57083_series_matrix.txt.gz,CCFSTTG1,astrocytoma,Brain,CVCL_1118,CCF-STTG1,Cello GEO GSM,ccfsttg1
GSM1374444,GSM1374444,EA09076_118373_HG-U133_PLUS_2_CO015_03,Public on Apr 28 2014,Apr 25 2014,Apr 28 2014,RNA,1.0,AZ GENE EXPRESSION,Homo sapiens,cell line: CCK81,GPL570,United Kingdom,AstraZeneca,GSE57083,GSE57083_series_matrix.txt.gz,CCK81,adenocarcinoma,Colon,CVCL_2873,CCK-81,Cello GEO GSM,cck81
GSM1374445,GSM1374445,CCRFCEM,Public on Apr 28 2014,Apr 25 2014,Apr 28 2014,RNA,1.0,AZ GENE EXPRESSION,Homo sapiens,cell line: CCRFCEM,GPL570,United Kingdom,AstraZeneca,GSE57083,GSE57083_series_matrix.txt.gz,CCRFCEM,acute lymphoblastic leukemia,Hematopoietic System,CVCL_0207,CCRFCEM,Cello Cell line Synonym,ccrfcem
GSM1374446,GSM1374446,Bx040_0004_R,Public on Apr 28 2014,Apr 25 2014,Apr 28 2014,RNA,1.0,AZ GENE EXPRESSION,Homo sapiens,cell line: CFPAC1,GPL570,United Kingdom,AstraZeneca,GSE57083,GSE57083_series_matrix.txt.gz,CFPAC1,Carcinoma,Pancreas,CVCL_1119,CFPAC-1,Cello GEO GSM,cfpac1
GSM1374447,GSM1374447,Bx051b_086 HG2,Public on Apr 28 2014,Apr 25 2014,Apr 28 2014,RNA,1.0,Kudos 95 Cell Panel,Homo sapiens,cell line: CFPAC1,GPL570,United Kingdom,AstraZeneca,GSE57083,GSE57083_series_matrix.txt.gz,CFPAC1,ductal adenocarcinoma; cystic fibrosis,Pancreas,CVCL_1119,CFPAC-1,Cello GEO GSM,cfpac1
GSM1374448,GSM1374448,A1385-03,Public on Apr 28 2014,Apr 25 2014,Apr 28 2014,RNA,1.0,AZ GENE EXPRESSION,Homo sapiens,cell line: CFPAC1,GPL570,United Kingdom,AstraZeneca,GSE57083,GSE57083_series_matrix.txt.gz,CFPAC1,,Pancreas,CVCL_1119,CFPAC-1,Cello GEO GSM,cfpac1
GSM1374449,GSM1374449,Bx030_001 HG2,Public on Apr 28 2014,Apr 25 2014,Apr 28 2014,RNA,1.0,AZ GENE EXPRESSION,Homo sapiens,cell line: CMK,GPL570,United Kingdom,AstraZeneca,GSE57083,GSE57083_series_matrix.txt.gz,CMK,,Hematopoietic System,CVCL_0216,CMK,Cello Cell line Name,cmk
GSM1374450,GSM1374450,Bx042-015,Public on Apr 28 2014,Apr 25 2014,Apr 28 2014,RNA,1.0,AZ GENE EXPRESSION,Homo sapiens,cell line: COLO201,GPL570,United Kingdom,AstraZeneca,GSE57083,GSE57083_series_matrix.txt.gz,COLO201,colorectal adenocarcinoma,Colon,CVCL_F399,COLO201,Cello Cell line Name,colo201
GSM1374451,GSM1374451,COLO205,Public on Apr 28 2014,Apr 25 2014,Apr 28 2014,RNA,1.0,AZ GENE EXPRESSION,Homo sapiens,cell line: COLO205,GPL570,United Kingdom,AstraZeneca,GSE57083,GSE57083_series_matrix.txt.gz,COLO205,colorectal adenocarcinoma,Colon,CVCL_F402,COLO205,Cello Cell line Name,colo205
GSM1374452,GSM1374452,COLO205_2,Public on Apr 28 2014,Apr 25 2014,Apr 28 2014,RNA,1.0,AZ GENE EXPRESSION,Homo sapiens,cell line: COLO205,GPL570,United Kingdom,AstraZeneca,GSE57083,GSE57083_series_matrix.txt.gz,COLO205,colorectal adenocarcinoma,Colon,CVCL_F402,COLO205,Cello Cell line Name,colo205
GSM1374453,GSM1374453,Bx042-018,Public on Apr 28 2014,Apr 25 2014,Apr 28 2014,RNA,1.0,AZ GENE EXPRESSION,Homo sapiens,cell line: COLO206,GPL570,United Kingdom,AstraZeneca,GSE57083,GSE57083_series_matrix.txt.gz,COLO206,colorectal adenocarcinoma,Colon,CVCL_1988,COLO 206F,Cello GEO GSM,colo206
GSM1374454,GSM1374454,Colo320DM,Public on Apr 28 2014,Apr 25 2014,Apr 28 2014,RNA,1.0,AZ GENE EXPRESSION,Homo sapiens,cell line: COLO320DM,GPL570,United Kingdom,AstraZeneca,GSE57083,GSE57083_series_matrix.txt.gz,COLO320DM,colorectal adenocarcinoma,Colon,CVCL_0219,COLO 320DM,Cello GEO GSM,colo320dm
GSM1374455,GSM1374455,Bx042-003,Public on Apr 28 2014,Apr 25 2014,Apr 28 2014,RNA,1.0,AZ GENE EXPRESSION,Homo sapiens,cell line: COLO320DM,GPL570,United Kingdom,AstraZeneca,GSE57083,GSE57083_series_matrix.txt.gz,COLO320DM,colorectal adenocarcinoma,Colon,CVCL_0219,COLO 320DM,Cello GEO GSM,colo320dm
GSM1374456,GSM1374456,Bx042-026,Public on Apr 28 2014,Apr 25 2014,Apr 28 2014,RNA,1.0,AZ GENE EXPRESSION,Homo sapiens,cell line: COLO678,GPL570,United Kingdom,AstraZeneca,GSE57083,GSE57083_series_matrix.txt.gz,COLO678,Carcinoma,Colon,CVCL_1129,COLO 678,Cello GEO GSM,colo678
GSM1374457,GSM1374457,Bx042-042,Public on Apr 28 2014,Apr 25 2014,Apr 28 2014,RNA,1.0,AZ GENE EXPRESSION,Homo sapiens,cell line: COLO741,GPL570,United Kingdom,AstraZeneca,GSE57083,GSE57083_series_matrix.txt.gz,COLO741,Colon carcinoma,Colon,CVCL_1133,COLO 741,Cello GEO GSM,colo741
GSM1374458,GSM1374458,CTV-1 ghp221105,Public on Apr 28 2014,Apr 25 2014,Apr 28 2014,RNA,1.0,AZ GENE EXPRESSION,Homo sapiens,cell line: CTV1,GPL570,United Kingdom,AstraZeneca,GSE57083,GSE57083_series_matrix.txt.gz,CTV1,AML (Acute Myeloid Leukemia),Hematopoietic System,CVCL_1150,CTV-1,Cello GEO GSM,ctv1
GSM1374459,GSM1374459,Daudi ghp221105,Public on Apr 28 2014,Apr 25 2014,Apr 28 2014,RNA,1.0,AZ GENE EXPRESSION,Homo sapiens,cell line: DAUDI,GPL570,United Kingdom,AstraZeneca,GSE57083,GSE57083_series_matrix.txt.gz,DAUDI,Burkitts lymphoma,Hematopoietic System,CVCL_0008,Daudi,Cello GEO GSM,daudi
GSM1374460,GSM1374460,Bx030_020 HG2,Public on Apr 28 2014,Apr 25 2014,Apr 28 2014,RNA,1.0,AZ GENE EXPRESSION,Homo sapiens,cell line: DERL2,GPL570,United Kingdom,AstraZeneca,GSE57083,GSE57083_series_matrix.txt.gz,DERL2,,Hematopoietic System,CVCL_2016,DERL-2,Cello GEO GSM,derl2
GSM1374461,GSM1374461,Bx051b_074 HG2,Public on Apr 28 2014,Apr 25 2014,Apr 28 2014,RNA,1.0,Kudos 95 Cell Panel,Homo sapiens,cell line: DETROIT562,GPL570,United Kingdom,AstraZeneca,GSE57083,GSE57083_series_matrix.txt.gz,DETROIT562,Carcinoma,Pharynx,CVCL_1171,Detroit 562,Cello GEO GSM,detroit562
GSM1374462,GSM1374462,Detroit 562 ap270406,Public on Apr 28 2014,Apr 25 2014,Apr 28 2014,RNA,1.0,AZ GENE EXPRESSION,Homo sapiens,cell line: DETROIT562,GPL570,United Kingdom,AstraZeneca,GSE57083,GSE57083_series_matrix.txt.gz,DETROIT562,carcinoma from pleural effusion,Pharynx,CVCL_1171,Detroit 562,Cello GEO GSM,detroit562
GSM1374463,GSM1374463,EA08073_86095_BX062-07,Public on Apr 28 2014,Apr 25 2014,Apr 28 2014,RNA,1.0,AZ GENE EXPRESSION,Homo sapiens,cell line: DLD1,GPL570,United Kingdom,AstraZeneca,GSE57083,GSE57083_series_matrix.txt.gz,DLD1,,Colon,CVCL_0248,DLD-1,Cello GEO GSM,dld1
GSM1374464,GSM1374464,Bx051b_039 HG2,Public on Apr 28 2014,Apr 25 2014,Apr 28 2014,RNA,1.0,Kudos 95 Cell Panel,Homo sapiens,cell line: DMS114,GPL570,United Kingdom,AstraZeneca,GSE57083,GSE57083_series_matrix.txt.gz,DMS114,small cell lung cancer; carcinoma,Lung,CVCL_1174,DMS 114,Cello GEO GSM,dms114
GSM1374465,GSM1374465,DMS114,Public on Apr 28 2014,Apr 25 2014,Apr 28 2014,RNA,1.0,AZ GENE EXPRESSION,Homo sapiens,cell line: DMS114,GPL570,United Kingdom,AstraZeneca,GSE57083,GSE57083_series_matrix.txt.gz,DMS114,carcinoma; small cell lung cancer,Lung,CVCL_1174,DMS 114,Cello GEO GSM,dms114
GSM1374466,GSM1374466,DMS114 ap071105,Public on Apr 28 2014,Apr 25 2014,Apr 28 2014,RNA,1.0,AZ GENE EXPRESSION,Homo sapiens,cell line: DMS114,GPL570,United Kingdom,AstraZeneca,GSE57083,GSE57083_series_matrix.txt.gz,DMS114,carcinoma; small cell lung cancer,Lung,CVCL_1174,DMS 114,Cello GEO GSM,dms114
GSM1374467,GSM1374467,DOHH-2 ghp221105,Public on Apr 28 2014,Apr 25 2014,Apr 28 2014,RNA,1.0,AZ GENE EXPRESSION,Homo sapiens,cell line: DOHH2,GPL570,United Kingdom,AstraZeneca,GSE57083,GSE57083_series_matrix.txt.gz,DOHH2,B-NHL (B-cell non-Hodgkins Lymphoma) / FL (Follicular Lymphoma),Hematopoietic System,CVCL_1179,DoHH2,Cello GEO GSM,dohh2
GSM1374468,GSM1374468,DOK ap200406,Public on Apr 28 2014,Apr 25 2014,Apr 28 2014,RNA,1.0,AZ GENE EXPRESSION,Homo sapiens,cell line: DOK,GPL570,United Kingdom,AstraZeneca,GSE57083,GSE57083_series_matrix.txt.gz,DOK,Dysplastic oral keratinocyte,Tongue,CVCL_1180,DOK,Cello Cell line Name,dok
GSM1374469,GSM1374469,Du145,Public on Apr 28 2014,Apr 25 2014,Apr 28 2014,RNA,1.0,AZ GENE EXPRESSION,Homo sapiens,cell line: DU145,GPL570,United Kingdom,AstraZeneca,GSE57083,GSE57083_series_matrix.txt.gz,DU145,carcinoma Derived from metastatic site: brain,Prostate,CVCL_0105,DU145,Cello Cell line Name,du145
GSM1374470,GSM1374470,SR5063_HUMAN_U133_PLUS2_250310,Public on Apr 28 2014,Apr 25 2014,Apr 28 2014,RNA,1.0,AZ GENE EXPRESSION,Homo sapiens,cell line: DU145,GPL570,United Kingdom,AstraZeneca,GSE57083,GSE57083_series_matrix.txt.gz,DU145,,Prostate,CVCL_0105,DU145,Cello Cell line Name,du145
GSM1374471,GSM1374471,SB11010-2_D4S1C0045R_(HG-U133_Plus_2),Public on Apr 28 2014,Apr 25 2014,Apr 28 2014,RNA,1.0,AZ GENE EXPRESSION,Homo sapiens,cell line: EBC1,GPL570,United Kingdom,AstraZeneca,GSE57083,GSE57083_series_matrix.txt.gz,EBC1,SqLC,Lung,CVCL_2891,EBC-1,Cello GEO GSM,ebc1
GSM1374472,GSM1374472,EHEB ghp221105,Public on Apr 28 2014,Apr 25 2014,Apr 28 2014,RNA,1.0,AZ GENE EXPRESSION,Homo sapiens,cell line: EHEB,GPL570,United Kingdom,AstraZeneca,GSE57083,GSE57083_series_matrix.txt.gz,EHEB,B-CLL (Chronic Lymphocytic B-Leukemia ),Hematopoietic System,CVCL_1194,EHEB,Cello Cell line Name,eheb
GSM1374473,GSM1374473,83 EJ 138,Public on Apr 28 2014,Apr 25 2014,Apr 28 2014,RNA,1.0,AZ GENE EXPRESSION,Homo sapiens,cell line: EJ138,GPL570,United Kingdom,AstraZeneca,GSE57083,GSE57083_series_matrix.txt.gz,EJ138,,Bladder,CVCL_2443,EJ138,Cello Cell line Synonym,ej138
GSM1374474,GSM1374474,EA10068_111347,Public on Apr 28 2014,Apr 25 2014,Apr 28 2014,RNA,1.0,AZ GENE EXPRESSION,Homo sapiens,cell line: EM2,GPL570,United Kingdom,AstraZeneca,GSE57083,GSE57083_series_matrix.txt.gz,EM2,CML,Hematopoietic System,CVCL_1196,EM-2,Cello GEO GSM,em2
GSM1374475,GSM1374475,EA10068_111339,Public on Apr 28 2014,Apr 25 2014,Apr 28 2014,RNA,1.0,AZ GENE EXPRESSION,Homo sapiens,cell line: EOL1,GPL570,United Kingdom,AstraZeneca,GSE57083,GSE57083_series_matrix.txt.gz,EOL1,CEL,Hematopoietic System,CVCL_0258,EoL-1,Cello GEO GSM,eol1
GSM1374476,GSM1374476,Bx030_003 HG2,Public on Apr 28 2014,Apr 25 2014,Apr 28 2014,RNA,1.0,AZ GENE EXPRESSION,Homo sapiens,cell line: ESKOL,GPL570,United Kingdom,AstraZeneca,GSE57083,GSE57083_series_matrix.txt.gz,ESKOL,,Hematopoietic System,CVCL_B398,ESKOL,Cello Cell line Name,eskol
GSM1374477,GSM1374477,A1631-01,Public on Apr 28 2014,Apr 25 2014,Apr 28 2014,RNA,1.0,AZ GENE EXPRESSION,Homo sapiens,cell line: EVSAT,GPL570,United Kingdom,AstraZeneca,GSE57083,GSE57083_series_matrix.txt.gz,EVSAT,,Breast,CVCL_1207,Evsa-T,Cello GEO GSM,evsat
GSM1374478,GSM1374478,Bx030_021 HG2,Public on Apr 28 2014,Apr 25 2014,Apr 28 2014,RNA,1.0,AZ GENE EXPRESSION,Homo sapiens,cell line: F36P,GPL570,United Kingdom,AstraZeneca,GSE57083,GSE57083_series_matrix.txt.gz,F36P,,Hematopoietic System,CVCL_2037,F-36P,Cello GEO GSM,f36p
GSM1374479,GSM1374479,Bx051b_098 HG2,Public on Apr 28 2014,Apr 25 2014,Apr 28 2014,RNA,1.0,Kudos 95 Cell Panel,Homo sapiens,cell line: FADU,GPL570,United Kingdom,AstraZeneca,GSE57083,GSE57083_series_matrix.txt.gz,FADU,Squamous Cell Carcinoma,Pharynx,CVCL_1218,FaDu,Cello GEO GSM,fadu
GSM1374480,GSM1374480,FaDu ap270406,Public on Apr 28 2014,Apr 25 2014,Apr 28 2014,RNA,1.0,AZ GENE EXPRESSION,Homo sapiens,cell line: FADU,GPL570,United Kingdom,AstraZeneca,GSE57083,GSE57083_series_matrix.txt.gz,FADU,Squamous Cell Carcinoma,Pharynx,CVCL_1218,FaDu,Cello GEO GSM,fadu
GSM1374481,GSM1374481,EA10068_203557_HG-U133_PLUS_2_FARAGE,Public on Apr 28 2014,Apr 25 2014,Apr 28 2014,RNA,1.0,AZ GENE EXPRESSION,Homo sapiens,cell line: FARAGE,GPL570,United Kingdom,AstraZeneca,GSE57083,GSE57083_series_matrix.txt.gz,FARAGE,DLBCL,Hematopoietic System,CVCL_3302,Farage,Cello GEO GSM,farage
GSM1374482,GSM1374482,G361 ap071105,Public on Apr 28 2014,Apr 25 2014,Apr 28 2014,RNA,1.0,AZ GENE EXPRESSION,Homo sapiens,cell line: G361,GPL570,United Kingdom,AstraZeneca,GSE57083,GSE57083_series_matrix.txt.gz,G361,malignant melanoma,Skin,CVCL_C8ZL,G361,Cello Cell line Name,g361
GSM1374483,GSM1374483,Bx042-031,Public on Apr 28 2014,Apr 25 2014,Apr 28 2014,RNA,1.0,AZ GENE EXPRESSION,Homo sapiens,cell line: GP2D,GPL570,United Kingdom,AstraZeneca,GSE57083,GSE57083_series_matrix.txt.gz,GP2D,Colon Adenocarcinoma,Colon,CVCL_2450,GP2d,Cello GEO GSM,gp2d
GSM1374484,GSM1374484,Bx030_016 HG2,Public on Apr 28 2014,Apr 25 2014,Apr 28 2014,RNA,1.0,AZ GENE EXPRESSION,Homo sapiens,cell line: GRANTA519,GPL570,United Kingdom,AstraZeneca,GSE57083,GSE57083_series_matrix.txt.gz,GRANTA519,,Hematopoietic System,CVCL_1818,Granta-519,Cello GEO GSM,granta519
GSM1374485,GSM1374485,Bx056_12 HG2,Public on Apr 28 2014,Apr 25 2014,Apr 28 2014,RNA,1.0,AZ GENE EXPRESSION,Homo sapiens,cell line: GTL16,GPL570,United Kingdom,AstraZeneca,GSE57083,GSE57083_series_matrix.txt.gz,GTL16,gastric carcinoma,Stomach,CVCL_7668,GTL-16,Cello GEO GSM,gtl16
GSM1374486,GSM1374486,SBCG2008008-D1S1COO1R,Public on Apr 28 2014,Apr 25 2014,Apr 28 2014,RNA,1.0,AZ GENE EXPRESSION,Homo sapiens,cell line: GTL16,GPL570,United Kingdom,AstraZeneca,GSE57083,GSE57083_series_matrix.txt.gz,GTL16,Gastric Cancer,Stomach,CVCL_7668,GTL-16,Cello GEO GSM,gtl16
GSM1374487,GSM1374487,SB11010-2_D4S1C0042R_(HG-U133_Plus_2),Public on Apr 28 2014,Apr 25 2014,Apr 28 2014,RNA,1.0,AZ GENE EXPRESSION,Homo sapiens,cell line: HARA,GPL570,United Kingdom,AstraZeneca,GSE57083,GSE57083_series_matrix.txt.gz,HARA,SqLC,Lung,CVCL_2914,HARA [Human squamous cell lung carcinoma],Cello GEO GSM,hara
GSM1374488,GSM1374488,SB11010-2_D4S1C0043R_(HG-U133_Plus_2),Public on Apr 28 2014,Apr 25 2014,Apr 28 2014,RNA,1.0,AZ GENE EXPRESSION,Homo sapiens,cell line: HARAB,GPL570,United Kingdom,AstraZeneca,GSE57083,GSE57083_series_matrix.txt.gz,HARAB,SqLC,Lung,CVCL_2915,HARAB,Cello Cell line Synonym,harab
GSM1374489,GSM1374489,EA10068_203542_HG-U133_PLUS_2_HBL1,Public on Apr 28 2014,Apr 25 2014,Apr 28 2014,RNA,1.0,AZ GENE EXPRESSION,Homo sapiens,cell line: HBL1,GPL570,United Kingdom,AstraZeneca,GSE57083,GSE57083_series_matrix.txt.gz,HBL1,DLBCL,Hematopoietic System,CVCL_M572,HBL1,Cello Cell line Synonym,hbl1
GSM1374490,GSM1374490,EA09076_118374_HG-U133_PLUS_2_CO015_04,Public on Apr 28 2014,Apr 25 2014,Apr 28 2014,RNA,1.0,AZ GENE EXPRESSION,Homo sapiens,cell line: HCA46,GPL570,United Kingdom,AstraZeneca,GSE57083,GSE57083_series_matrix.txt.gz,HCA46,Adenocarcinoma,Colon,CVCL_2468,HCA46,Cello Cell line Name,hca46
GSM1374491,GSM1374491,Bx051b_033 HG2,Public on Apr 28 2014,Apr 25 2014,Apr 28 2014,RNA,1.0,Kudos 95 Cell Panel,Homo sapiens,cell line: HCA7,GPL570,United Kingdom,AstraZeneca,GSE57083,GSE57083_series_matrix.txt.gz,HCA7,Mucinous colon carcinoma,Colon,CVCL_0289,HCA7,Cello Cell line Name,hca7
GSM1374492,GSM1374492,Bx042-028,Public on Apr 28 2014,Apr 25 2014,Apr 28 2014,RNA,1.0,AZ GENE EXPRESSION,Homo sapiens,cell line: HCA7,GPL570,United Kingdom,AstraZeneca,GSE57083,GSE57083_series_matrix.txt.gz,HCA7,Mucinous colon carcinoma,Colon,CVCL_0289,HCA7,Cello Cell line Name,hca7
GSM1374493,GSM1374493,Bx051b_054 HG2,Public on Apr 28 2014,Apr 25 2014,Apr 28 2014,RNA,1.0,Kudos 95 Cell Panel,Homo sapiens,cell line: HCC1143,GPL570,United Kingdom,AstraZeneca,GSE57083,GSE57083_series_matrix.txt.gz,HCC1143,primary ductal carcinoma,Breast,CVCL_1245,HCC1143,Cello Cell line Name,hcc1143
GSM1374494,GSM1374494,Bx051b_010 HG2,Public on Apr 28 2014,Apr 25 2014,Apr 28 2014,RNA,1.0,Kudos 95 Cell Panel,Homo sapiens,cell line: HCC1187,GPL570,United Kingdom,AstraZeneca,GSE57083,GSE57083_series_matrix.txt.gz,HCC1187,primary ductal carcinoma,Breast,CVCL_1247,HCC1187,Cello Cell line Name,hcc1187
GSM1374495,GSM1374495,EA08079_80499_HCC1187,Public on Apr 28 2014,Apr 25 2014,Apr 28 2014,RNA,1.0,AZ GENE EXPRESSION,Homo sapiens,cell line: HCC1187,GPL570,United Kingdom,AstraZeneca,GSE57083,GSE57083_series_matrix.txt.gz,HCC1187,,Breast,CVCL_1247,HCC1187,Cello Cell line Name,hcc1187
GSM1374496,GSM1374496,Bx051b_015 HG2,Public on Apr 28 2014,Apr 25 2014,Apr 28 2014,RNA,1.0,Kudos 95 Cell Panel,Homo sapiens,cell line: HCC1395,GPL570,United Kingdom,AstraZeneca,GSE57083,GSE57083_series_matrix.txt.gz,HCC1395,Primary Ductal Carcinoma,Breast,CVCL_1249,HCC1395,Cello Cell line Name,hcc1395
GSM1374497,GSM1374497,EA08079_80506_HCC1395,Public on Apr 28 2014,Apr 25 2014,Apr 28 2014,RNA,1.0,AZ GENE EXPRESSION,Homo sapiens,cell line: HCC1395,GPL570,United Kingdom,AstraZeneca,GSE57083,GSE57083_series_matrix.txt.gz,HCC1395,,Breast,CVCL_1249,HCC1395,Cello Cell line Name,hcc1395
GSM1374498,GSM1374498,EA08079_80496_HCC1419,Public on Apr 28 2014,Apr 25 2014,Apr 28 2014,RNA,1.0,AZ GENE EXPRESSION,Homo sapiens,cell line: HCC1419,GPL570,United Kingdom,AstraZeneca,GSE57083,GSE57083_series_matrix.txt.gz,HCC1419,,Breast,CVCL_1251,HCC1419,Cello Cell line Name,hcc1419
GSM1374499,GSM1374499,SB11010-2_D4S1C0036R_(HG-U133_Plus_2),Public on Apr 28 2014,Apr 25 2014,Apr 28 2014,RNA,1.0,AZ GENE EXPRESSION,Homo sapiens,cell line: HCC15,GPL570,United Kingdom,AstraZeneca,GSE57083,GSE57083_series_matrix.txt.gz,HCC15,SqLC,Lung,CVCL_2057,HCC15,Cello Cell line Name,hcc15
GSM1374500,GSM1374500,EA08079_80511_HCC1500,Public on Apr 28 2014,Apr 25 2014,Apr 28 2014,RNA,1.0,AZ GENE EXPRESSION,Homo sapiens,cell line: HCC1500,GPL570,United Kingdom,AstraZeneca,GSE57083,GSE57083_series_matrix.txt.gz,HCC1500,,Breast,CVCL_1254,HCC1500,Cello Cell line Name,hcc1500
GSM1374501,GSM1374501,Bx051b_081 HG2,Public on Apr 28 2014,Apr 25 2014,Apr 28 2014,RNA,1.0,Kudos 95 Cell Panel,Homo sapiens,cell line: HCC1569,GPL570,United Kingdom,AstraZeneca,GSE57083,GSE57083_series_matrix.txt.gz,HCC1569,Primary Metaplastic Carcinoma,Breast,CVCL_1255,HCC1569,Cello Cell line Name,hcc1569
GSM1374502,GSM1374502,EA08079_81807_HCC1569,Public on Apr 28 2014,Apr 25 2014,Apr 28 2014,RNA,1.0,AZ GENE EXPRESSION,Homo sapiens,cell line: HCC1569,GPL570,United Kingdom,AstraZeneca,GSE57083,GSE57083_series_matrix.txt.gz,HCC1569,,Breast,CVCL_1255,HCC1569,Cello Cell line Name,hcc1569
GSM1374503,GSM1374503,SB11010-2_D4S1C0035R_(HG-U133_Plus_2),Public on Apr 28 2014,Apr 25 2014,Apr 28 2014,RNA,1.0,AZ GENE EXPRESSION,Homo sapiens,cell line: HCC1588,GPL570,United Kingdom,AstraZeneca,GSE57083,GSE57083_series_matrix.txt.gz,HCC1588,SqLC,Lung,CVCL_A351,HCC1588,Cello Cell line Name,hcc1588
GSM1374504,GSM1374504,Bx051b_022 HG2,Public on Apr 28 2014,Apr 25 2014,Apr 28 2014,RNA,1.0,Kudos 95 Cell Panel,Homo sapiens,cell line: HCC1806,GPL570,United Kingdom,AstraZeneca,GSE57083,GSE57083_series_matrix.txt.gz,HCC1806,Primary Acantholytic Squamous Cell Carcinoma,Breast,CVCL_1258,HCC1806,Cello Cell line Name,hcc1806
GSM1374505,GSM1374505,EA08079_80500_HCC1806,Public on Apr 28 2014,Apr 25 2014,Apr 28 2014,RNA,1.0,AZ GENE EXPRESSION,Homo sapiens,cell line: HCC1806,GPL570,United Kingdom,AstraZeneca,GSE57083,GSE57083_series_matrix.txt.gz,HCC1806,,Breast,CVCL_1258,HCC1806,Cello Cell line Name,hcc1806
GSM1374506,GSM1374506,Bx051b_040 HG2,Public on Apr 28 2014,Apr 25 2014,Apr 28 2014,RNA,1.0,Kudos 95 Cell Panel,Homo sapiens,cell line: HCC1937,GPL570,United Kingdom,AstraZeneca,GSE57083,GSE57083_series_matrix.txt.gz,HCC1937,primary ductal carcinoma,Breast,CVCL_0290,HCC1937,Cello Cell line Name,hcc1937
GSM1374507,GSM1374507,EA08079_80503_HCC1937,Public on Apr 28 2014,Apr 25 2014,Apr 28 2014,RNA,1.0,AZ GENE EXPRESSION,Homo sapiens,cell line: HCC1937,GPL570,United Kingdom,AstraZeneca,GSE57083,GSE57083_series_matrix.txt.gz,HCC1937,,Breast,CVCL_0290,HCC1937,Cello Cell line Name,hcc1937
GSM1374508,GSM1374508,Bx051b_088 HG2,Public on Apr 28 2014,Apr 25 2014,Apr 28 2014,RNA,1.0,Kudos 95 Cell Panel,Homo sapiens,cell line: HCC1954,GPL570,United Kingdom,AstraZeneca,GSE57083,GSE57083_series_matrix.txt.gz,HCC1954,invasive ductal carcinoma,Breast,CVCL_1259,HCC1954,Cello Cell line Name,hcc1954
GSM1374509,GSM1374509,EA08079_80491_HCC1954,Public on Apr 28 2014,Apr 25 2014,Apr 28 2014,RNA,1.0,AZ GENE EXPRESSION,Homo sapiens,cell line: HCC1954,GPL570,United Kingdom,AstraZeneca,GSE57083,GSE57083_series_matrix.txt.gz,HCC1954,,Breast,CVCL_1259,HCC1954,Cello Cell line Name,hcc1954
GSM1374510,GSM1374510,EA08079_80497_HCC202,Public on Apr 28 2014,Apr 25 2014,Apr 28 2014,RNA,1.0,AZ GENE EXPRESSION,Homo sapiens,cell line: HCC202,GPL570,United Kingdom,AstraZeneca,GSE57083,GSE57083_series_matrix.txt.gz,HCC202,,Breast,CVCL_2062,HCC202,Cello Cell line Name,hcc202
GSM1374511,GSM1374511,Bx051b_013 HG2,Public on Apr 28 2014,Apr 25 2014,Apr 28 2014,RNA,1.0,Kudos 95 Cell Panel,Homo sapiens,cell line: HCC38,GPL570,United Kingdom,AstraZeneca,GSE57083,GSE57083_series_matrix.txt.gz,HCC38,primary ductal carcinoma,Breast,CVCL_1267,HCC38,Cello Cell line Name,hcc38
GSM1374512,GSM1374512,A1631-02,Public on Apr 28 2014,Apr 25 2014,Apr 28 2014,RNA,1.0,AZ GENE EXPRESSION,Homo sapiens,cell line: HCC70,GPL570,United Kingdom,AstraZeneca,GSE57083,GSE57083_series_matrix.txt.gz,HCC70,,Breast,CVCL_1270,HCC70,Cello Cell line Name,hcc70
GSM1374513,GSM1374513,SB11010-2_D4S1C0047R_(HG-U133_Plus_2),Public on Apr 28 2014,Apr 25 2014,Apr 28 2014,RNA,1.0,AZ GENE EXPRESSION,Homo sapiens,cell line: HCC95,GPL570,United Kingdom,AstraZeneca,GSE57083,GSE57083_series_matrix.txt.gz,HCC95,SqLC,Lung,CVCL_5137,HCC95,Cello Cell line Name,hcc95
GSM1374514,GSM1374514,SBCG2008008-D2S1CO03R,Public on Apr 28 2014,Apr 25 2014,Apr 28 2014,RNA,1.0,AZ GENE EXPRESSION,Homo sapiens,cell line: HCCC9810,GPL570,United Kingdom,AstraZeneca,GSE57083,GSE57083_series_matrix.txt.gz,HCCC9810,Liver Cancer,Liver,CVCL_6908,HCCC9810,Cello Cell line Synonym,hccc9810
GSM1374515,GSM1374515,SBCG2008008-D2S1C0030R,Public on Apr 28 2014,Apr 25 2014,Apr 28 2014,RNA,1.0,AZ GENE EXPRESSION,Homo sapiens,cell line: HCCLM3,GPL570,United Kingdom,AstraZeneca,GSE57083,GSE57083_series_matrix.txt.gz,HCCLM3,Liver Cancer,Liver,CVCL_6832,HCCLM3,Cello Cell line Name,hcclm3
GSM1374516,GSM1374516,Bx051b_024 HG2,Public on Apr 28 2014,Apr 25 2014,Apr 28 2014,RNA,1.0,Kudos 95 Cell Panel,Homo sapiens,cell line: HCT116,GPL570,United Kingdom,AstraZeneca,GSE57083,GSE57083_series_matrix.txt.gz,HCT116,colorectal carcinoma,Colon,CVCL_0291,HCT 116,Cello GEO GSM,hct116
GSM1374517,GSM1374517,HCT116,Public on Apr 28 2014,Apr 25 2014,Apr 28 2014,RNA,1.0,AZ GENE EXPRESSION,Homo sapiens,cell line: HCT116,GPL570,United Kingdom,AstraZeneca,GSE57083,GSE57083_series_matrix.txt.gz,HCT116,colorectal carcinoma,Colon,CVCL_0291,HCT 116,Cello GEO GSM,hct116
GSM1374518,GSM1374518,HCT116_1,Public on Apr 28 2014,Apr 25 2014,Apr 28 2014,RNA,1.0,AZ GENE EXPRESSION,Homo sapiens,cell line: HCT116,GPL570,United Kingdom,AstraZeneca,GSE57083,GSE57083_series_matrix.txt.gz,HCT116,colorectal carcinoma,Colon,CVCL_0291,HCT 116,Cello GEO GSM,hct116
GSM1374519,GSM1374519,Bx051b_029 HG2,Public on Apr 28 2014,Apr 25 2014,Apr 28 2014,RNA,1.0,Kudos 95 Cell Panel,Homo sapiens,cell line: HCT15,GPL570,United Kingdom,AstraZeneca,GSE57083,GSE57083_series_matrix.txt.gz,HCT15,colorectal adenocarcinoma,Colon,CVCL_0292,HCT 15,Cello GEO GSM,hct15
GSM1374520,GSM1374520,HCT15,Public on Apr 28 2014,Apr 25 2014,Apr 28 2014,RNA,1.0,AZ GENE EXPRESSION,Homo sapiens,cell line: HCT15,GPL570,United Kingdom,AstraZeneca,GSE57083,GSE57083_series_matrix.txt.gz,HCT15,colorectal adenocarcinoma,Colon,CVCL_0292,HCT 15,Cello GEO GSM,hct15
GSM1374521,GSM1374521,HCT15_1,Public on Apr 28 2014,Apr 25 2014,Apr 28 2014,RNA,1.0,AZ GENE EXPRESSION,Homo sapiens,cell line: HCT15,GPL570,United Kingdom,AstraZeneca,GSE57083,GSE57083_series_matrix.txt.gz,HCT15,colorectal adenocarcinoma,Colon,CVCL_0292,HCT 15,Cello GEO GSM,hct15
GSM1374522,GSM1374522,Bx042-036,Public on Apr 28 2014,Apr 25 2014,Apr 28 2014,RNA,1.0,AZ GENE EXPRESSION,Homo sapiens,cell line: HCT15,GPL570,United Kingdom,AstraZeneca,GSE57083,GSE57083_series_matrix.txt.gz,HCT15,colorectal adenocarcinoma,Colon,CVCL_0292,HCT 15,Cello GEO GSM,hct15
GSM1374523,GSM1374523,HCT8,Public on Apr 28 2014,Apr 25 2014,Apr 28 2014,RNA,1.0,AZ GENE EXPRESSION,Homo sapiens,cell line: HCT8,GPL570,United Kingdom,AstraZeneca,GSE57083,GSE57083_series_matrix.txt.gz,HCT8,ileocecal colorectal adenocarcinoma,Colon,CVCL_2478,HCT8,Cello Cell line Synonym,hct8
GSM1374524,GSM1374524,HCT8_1,Public on Apr 28 2014,Apr 25 2014,Apr 28 2014,RNA,1.0,AZ GENE EXPRESSION,Homo sapiens,cell line: HCT8,GPL570,United Kingdom,AstraZeneca,GSE57083,GSE57083_series_matrix.txt.gz,HCT8,ileocecal colorectal adenocarcinoma,Colon,CVCL_2478,HCT8,Cello Cell line Synonym,hct8
GSM1374525,GSM1374525,Bx056_15 HG2,Public on Apr 28 2014,Apr 25 2014,Apr 28 2014,RNA,1.0,AZ GENE EXPRESSION,Homo sapiens,cell line: HEK293,GPL570,United Kingdom,AstraZeneca,GSE57083,GSE57083_series_matrix.txt.gz,HEK293,primary human embryonal kidney transformed by sheared human adenovirus type 5 (Ad 5) DNA,Kidney,CVCL_0045,HEK293,Cello Cell line Name,hek293
GSM1374526,GSM1374526,HEL 92.1.7 ghp221105,Public on Apr 28 2014,Apr 25 2014,Apr 28 2014,RNA,1.0,AZ GENE EXPRESSION,Homo sapiens,cell line: HEL9217,GPL570,United Kingdom,AstraZeneca,GSE57083,GSE57083_series_matrix.txt.gz,HEL9217,Erythroleukemia,Hematopoietic System,CVCL_2481,HEL 92.1.7,Cello GEO GSM,hel9217
GSM1374527,GSM1374527,EA10068_111346,Public on Apr 28 2014,Apr 25 2014,Apr 28 2014,RNA,1.0,AZ GENE EXPRESSION,Homo sapiens,cell line: HEL9217,GPL570,United Kingdom,AstraZeneca,GSE57083,GSE57083_series_matrix.txt.gz,HEL9217,AML,Hematopoietic System,CVCL_2481,HEL 92.1.7,Cello GEO GSM,hel9217
GSM1374528,GSM1374528,Bx056_16 HG2,Public on Apr 28 2014,Apr 25 2014,Apr 28 2014,RNA,1.0,AZ GENE EXPRESSION,Homo sapiens,cell line: HELA,GPL570,United Kingdom,AstraZeneca,GSE57083,GSE57083_series_matrix.txt.gz,HELA,adenocarcinoma,Cervix,CVCL_0030,HeLa,Cello GEO GSM,hela
GSM1374529,GSM1374529,Bx051b_087 HG2,Public on Apr 28 2014,Apr 25 2014,Apr 28 2014,RNA,1.0,Kudos 95 Cell Panel,Homo sapiens,cell line: HEP2,GPL570,United Kingdom,AstraZeneca,GSE57083,GSE57083_series_matrix.txt.gz,HEP2,Epidermoid carcinoma with HeLa markers (poss contamination),Larynx,CVCL_1906,HEP2,Cello Cell line Synonym,hep2
GSM1374530,GSM1374530,HEP2 ap270406,Public on Apr 28 2014,Apr 25 2014,Apr 28 2014,RNA,1.0,AZ GENE EXPRESSION,Homo sapiens,cell line: HEP2,GPL570,United Kingdom,AstraZeneca,GSE57083,GSE57083_series_matrix.txt.gz,HEP2,Epidermoid carcinoma with HeLa markers (poss contamination),Larynx,CVCL_1906,HEP2,Cello Cell line Synonym,hep2
GSM1374531,GSM1374531,SBCG2008008-D2S1C0033R,Public on Apr 28 2014,Apr 25 2014,Apr 28 2014,RNA,1.0,AZ GENE EXPRESSION,Homo sapiens,cell line: HEP3B,GPL570,United Kingdom,AstraZeneca,GSE57083,GSE57083_series_matrix.txt.gz,HEP3B,Liver Cancer,Liver,CVCL_0326,Hep 3B2.1-7,Cello GEO GSM,hep3b
GSM1374532,GSM1374532,SBCG2008008-D2S1C0012R,Public on Apr 28 2014,Apr 25 2014,Apr 28 2014,RNA,1.0,AZ GENE EXPRESSION,Homo sapiens,cell line: HEPG2,GPL570,United Kingdom,AstraZeneca,GSE57083,GSE57083_series_matrix.txt.gz,HEPG2,Liver Cancer,Liver,CVCL_0027,Hep-G2,Cello GEO GSM,hepg2
GSM1374533,GSM1374533,Bx056_09 HG2,Public on Apr 28 2014,Apr 25 2014,Apr 28 2014,RNA,1.0,AZ GENE EXPRESSION,Homo sapiens,cell line: HGC27,GPL570,United Kingdom,AstraZeneca,GSE57083,GSE57083_series_matrix.txt.gz,HGC27,gastric carcinoma,Stomach,CVCL_1279,HGC-27,Cello GEO GSM,hgc27
GSM1374534,GSM1374534,SBCG2008008-D1S1CO13R,Public on Apr 28 2014,Apr 25 2014,Apr 28 2014,RNA,1.0,AZ GENE EXPRESSION,Homo sapiens,cell line: HGC27,GPL570,United Kingdom,AstraZeneca,GSE57083,GSE57083_series_matrix.txt.gz,HGC27,Gastric Cancer,Stomach,CVCL_1279,HGC-27,Cello GEO GSM,hgc27
GSM1374535,GSM1374535,HL60,Public on Apr 28 2014,Apr 25 2014,Apr 28 2014,RNA,1.0,AZ GENE EXPRESSION,Homo sapiens,cell line: HL60,GPL570,United Kingdom,AstraZeneca,GSE57083,GSE57083_series_matrix.txt.gz,HL60,acute promyelocytic leukemia,Hematopoietic System,CVCL_0002,HL-60,Cello GEO GSM,hl60
GSM1374536,GSM1374536,HL 60 ghp221105,Public on Apr 28 2014,Apr 25 2014,Apr 28 2014,RNA,1.0,AZ GENE EXPRESSION,Homo sapiens,cell line: HL60,GPL570,United Kingdom,AstraZeneca,GSE57083,GSE57083_series_matrix.txt.gz,HL60,AML (Acute Myeloid Leukemia),Hematopoietic System,CVCL_0002,HL-60,Cello GEO GSM,hl60
GSM1374537,GSM1374537,SBCG2008008-D2S1CO27R,Public on Apr 28 2014,Apr 25 2014,Apr 28 2014,RNA,1.0,AZ GENE EXPRESSION,Homo sapiens,cell line: HLE,GPL570,United Kingdom,AstraZeneca,GSE57083,GSE57083_series_matrix.txt.gz,HLE,Liver Cancer,Liver,CVCL_1281,HLE,Cello Cell line Name,hle
GSM1374538,GSM1374538,SBCG2008008-D2S1CO29R,Public on Apr 28 2014,Apr 25 2014,Apr 28 2014,RNA,1.0,AZ GENE EXPRESSION,Homo sapiens,cell line: HLF,GPL570,United Kingdom,AstraZeneca,GSE57083,GSE57083_series_matrix.txt.gz,HLF,Liver Cancer,Liver,CVCL_2947,HLF,Cello Cell line Name,hlf
GSM1374539,GSM1374539,EA10068_203543_HG-U133_PLUS_2_HLY-1,Public on Apr 28 2014,Apr 25 2014,Apr 28 2014,RNA,1.0,AZ GENE EXPRESSION,Homo sapiens,cell line: HLY1,GPL570,United Kingdom,AstraZeneca,GSE57083,GSE57083_series_matrix.txt.gz,HLY1,DLBCL,Hematopoietic System,CVCL_H207,HLY1,Cello Cell line Synonym,hly1
GSM1374540,GSM1374540,Bx051b_095 HG2,Public on Apr 28 2014,Apr 25 2014,Apr 28 2014,RNA,1.0,Kudos 95 Cell Panel,Homo sapiens,cell line: HN5,GPL570,United Kingdom,AstraZeneca,GSE57083,GSE57083_series_matrix.txt.gz,HN5,squamous cell carcinoma,Tongue,CVCL_8128,HN5,Cello Cell line Synonym,hn5
GSM1374541,GSM1374541,HN5 ap150606,Public on Apr 28 2014,Apr 25 2014,Apr 28 2014,RNA,1.0,AZ GENE EXPRESSION,Homo sapiens,cell line: HN5,GPL570,United Kingdom,AstraZeneca,GSE57083,GSE57083_series_matrix.txt.gz,HN5,Squamous Cell Carcinoma,Tongue,CVCL_8128,HN5,Cello Cell line Synonym,hn5
GSM1374542,GSM1374542,Bx051b_014 HG2,Public on Apr 28 2014,Apr 25 2014,Apr 28 2014,RNA,1.0,Kudos 95 Cell Panel,Homo sapiens,cell line: HOP62,GPL570,United Kingdom,AstraZeneca,GSE57083,GSE57083_series_matrix.txt.gz,HOP62,large cell carcinoma,Lung,CVCL_1285,HOP-62,Cello GEO GSM,hop62
GSM1374543,GSM1374543,Bx051b_051 HG2,Public on Apr 28 2014,Apr 25 2014,Apr 28 2014,RNA,1.0,Kudos 95 Cell Panel,Homo sapiens,cell line: HOP62,GPL570,United Kingdom,AstraZeneca,GSE57083,GSE57083_series_matrix.txt.gz,HOP62,adenocarcinoma,Lung,CVCL_1285,HOP62,Cello Cell line Synonym,hop62
GSM1374544,GSM1374544,HOP-62 ghp030206,Public on Apr 28 2014,Apr 25 2014,Apr 28 2014,RNA,1.0,AZ GENE EXPRESSION,Homo sapiens,cell line: HOP62,GPL570,United Kingdom,AstraZeneca,GSE57083,GSE57083_series_matrix.txt.gz,HOP62,NSCLC,Lung,CVCL_1285,HOP62,Cello Cell line Synonym,hop62
GSM1374545,GSM1374545,Bx040_0005_R,Public on Apr 28 2014,Apr 25 2014,Apr 28 2014,RNA,1.0,AZ GENE EXPRESSION,Homo sapiens,cell line: HPAC,GPL570,United Kingdom,AstraZeneca,GSE57083,GSE57083_series_matrix.txt.gz,HPAC,Adenocarcinoma,Pancreas,CVCL_3517,HPAC,Cello Cell line Name,hpac
GSM1374546,GSM1374546,Bx040_0006_R,Public on Apr 28 2014,Apr 25 2014,Apr 28 2014,RNA,1.0,AZ GENE EXPRESSION,Homo sapiens,cell line: HPAFII,GPL570,United Kingdom,AstraZeneca,GSE57083,GSE57083_series_matrix.txt.gz,HPAFII,Carcinoma,Pancreas,CVCL_0313,HPAF-II,Cello GEO GSM,hpafii
GSM1374547,GSM1374547,Bx051b_089 HG2,Public on Apr 28 2014,Apr 25 2014,Apr 28 2014,RNA,1.0,Kudos 95 Cell Panel,Homo sapiens,cell line: HPAFII,GPL570,United Kingdom,AstraZeneca,GSE57083,GSE57083_series_matrix.txt.gz,HPAFII,adenocarcinoma,Pancreas,CVCL_0313,HPAF-II,Cello GEO GSM,hpafii
GSM1374548,GSM1374548,EA09076_118375_HG-U133_PLUS_2_CO015_05,Public on Apr 28 2014,Apr 25 2014,Apr 28 2014,RNA,1.0,AZ GENE EXPRESSION,Homo sapiens,cell line: HRA19,GPL570,United Kingdom,AstraZeneca,GSE57083,GSE57083_series_matrix.txt.gz,HRA19,Colorectal carcinoma,Colon,CVCL_2508,HRA19,Cello Cell line Synonym,hra19
GSM1374549,GSM1374549,Bx051b_041 HG2,Public on Apr 28 2014,Apr 25 2014,Apr 28 2014,RNA,1.0,Kudos 95 Cell Panel,Homo sapiens,cell line: HS578T,GPL570,United Kingdom,AstraZeneca,GSE57083,GSE57083_series_matrix.txt.gz,HS578T,Carcinoma; mammary gland,Breast,CVCL_0332,Hs 578T,Cello GEO GSM,hs578t
GSM1374550,GSM1374550,Hs578T,Public on Apr 28 2014,Apr 25 2014,Apr 28 2014,RNA,1.0,AZ GENE EXPRESSION,Homo sapiens,cell line: HS578T,GPL570,United Kingdom,AstraZeneca,GSE57083,GSE57083_series_matrix.txt.gz,HS578T,carcinoma,Breast,CVCL_0332,Hs 578T,Cello GEO GSM,hs578t
GSM1374551,GSM1374551,Bx058-10 HG2,Public on Apr 28 2014,Apr 25 2014,Apr 28 2014,RNA,1.0,AZ GENE EXPRESSION,Homo sapiens,cell line: HS683,GPL570,United Kingdom,AstraZeneca,GSE57083,GSE57083_series_matrix.txt.gz,HS683,glioma,Brain,CVCL_0844,Hs 683,Cello GEO GSM,hs683
GSM1374552,GSM1374552,SBCG2008008-D1S1CO32R,Public on Apr 28 2014,Apr 25 2014,Apr 28 2014,RNA,1.0,AZ GENE EXPRESSION,Homo sapiens,cell line: HS746T,GPL570,United Kingdom,AstraZeneca,GSE57083,GSE57083_series_matrix.txt.gz,HS746T,Gastric Cancer,Stomach,CVCL_0333,Hs 746.T,Cello GEO GSM,hs746t
GSM1374553,GSM1374553,Bx040_0007_R,Public on Apr 28 2014,Apr 25 2014,Apr 28 2014,RNA,1.0,AZ GENE EXPRESSION,Homo sapiens,cell line: HS766T,GPL570,United Kingdom,AstraZeneca,GSE57083,GSE57083_series_matrix.txt.gz,HS766T,Carcinoma,Pancreas,CVCL_0334,Hs 766T,Cello GEO GSM,hs766t
GSM1374554,GSM1374554,Bx051b_091 HG2,Public on Apr 28 2014,Apr 25 2014,Apr 28 2014,RNA,1.0,Kudos 95 Cell Panel,Homo sapiens,cell line: HS766T,GPL570,United Kingdom,AstraZeneca,GSE57083,GSE57083_series_matrix.txt.gz,HS766T,Carcinoma,Pancreas,CVCL_0334,Hs 766T,Cello GEO GSM,hs766t
GSM1374555,GSM1374555,A1385-05,Public on Apr 28 2014,Apr 25 2014,Apr 28 2014,RNA,1.0,AZ GENE EXPRESSION,Homo sapiens,cell line: HS766T,GPL570,United Kingdom,AstraZeneca,GSE57083,GSE57083_series_matrix.txt.gz,HS766T,,Pancreas,CVCL_0334,Hs 766T,Cello GEO GSM,hs766t
GSM1374556,GSM1374556,Bx051b_075 HG2,Public on Apr 28 2014,Apr 25 2014,Apr 28 2014,RNA,1.0,Kudos 95 Cell Panel,Homo sapiens,cell line: HS840T,GPL570,United Kingdom,AstraZeneca,GSE57083,GSE57083_series_matrix.txt.gz,HS840T,Papilloma,Pharynx,CVCL_0942,Hs 840.T,Cello GEO GSM,hs840t
GSM1374557,GSM1374557,Hs840.T ap200406,Public on Apr 28 2014,Apr 25 2014,Apr 28 2014,RNA,1.0,AZ GENE EXPRESSION,Homo sapiens,cell line: HS840T,GPL570,United Kingdom,AstraZeneca,GSE57083,GSE57083_series_matrix.txt.gz,HS840T,papilloma,Pharynx,CVCL_0942,Hs 840.T,Cello GEO GSM,hs840t
GSM1374558,GSM1374558,HT ghp280606,Public on Apr 28 2014,Apr 25 2014,Apr 28 2014,RNA,1.0,AZ GENE EXPRESSION,Homo sapiens,cell line: HT,GPL570,United Kingdom,AstraZeneca,GSE57083,GSE57083_series_matrix.txt.gz,HT,B-NHL (B-cell non-Hodgkins Lymphoma) / DLCL (Diffuse Large Cell Lymphoma),Hematopoietic System,CVCL_1290,HT,Cello Cell line Name,ht
GSM1374559,GSM1374559,SR5081_HUMAN_U133_PLUS2_250310,Public on Apr 28 2014,Apr 25 2014,Apr 28 2014,RNA,1.0,AZ GENE EXPRESSION,Homo sapiens,cell line: HT1197,GPL570,United Kingdom,AstraZeneca,GSE57083,GSE57083_series_matrix.txt.gz,HT1197,,Bladder,CVCL_1291,HT-1197,Cello GEO GSM,ht1197
GSM1374560,GSM1374560,SR5078_HUMAN_U133_PLUS2_250310,Public on Apr 28 2014,Apr 25 2014,Apr 28 2014,RNA,1.0,AZ GENE EXPRESSION,Homo sapiens,cell line: HT1376,GPL570,United Kingdom,AstraZeneca,GSE57083,GSE57083_series_matrix.txt.gz,HT1376,,Bladder,CVCL_1292,HT-1376,Cello GEO GSM,ht1376
GSM1374561,GSM1374561,Bx051b_016 HG2,Public on Apr 28 2014,Apr 25 2014,Apr 28 2014,RNA,1.0,Kudos 95 Cell Panel,Homo sapiens,cell line: HT29,GPL570,United Kingdom,AstraZeneca,GSE57083,GSE57083_series_matrix.txt.gz,HT29,colorectal adenocarcinoma,Colon,CVCL_A8EZ,HT29,Cello Cell line Name,ht29
GSM1374562,GSM1374562,HT29,Public on Apr 28 2014,Apr 25 2014,Apr 28 2014,RNA,1.0,AZ GENE EXPRESSION,Homo sapiens,cell line: HT29,GPL570,United Kingdom,AstraZeneca,GSE57083,GSE57083_series_matrix.txt.gz,HT29,colorectal adenocarcinoma,Colon,CVCL_A8EZ,HT29,Cello Cell line Name,ht29
GSM1374563,GSM1374563,HT29_1,Public on Apr 28 2014,Apr 25 2014,Apr 28 2014,RNA,1.0,AZ GENE EXPRESSION,Homo sapiens,cell line: HT29,GPL570,United Kingdom,AstraZeneca,GSE57083,GSE57083_series_matrix.txt.gz,HT29,colorectal adenocarcinoma,Colon,CVCL_A8EZ,HT29,Cello Cell line Name,ht29
GSM1374564,GSM1374564,Bx042-037,Public on Apr 28 2014,Apr 25 2014,Apr 28 2014,RNA,1.0,AZ GENE EXPRESSION,Homo sapiens,cell line: HT29,GPL570,United Kingdom,AstraZeneca,GSE57083,GSE57083_series_matrix.txt.gz,HT29,colorectal adenocarcinoma,Colon,CVCL_A8EZ,HT29,Cello Cell line Name,ht29
GSM1374565,GSM1374565,SBCG2008008-D2S1CO28R,Public on Apr 28 2014,Apr 25 2014,Apr 28 2014,RNA,1.0,AZ GENE EXPRESSION,Homo sapiens,cell line: HUH1,GPL570,United Kingdom,AstraZeneca,GSE57083,GSE57083_series_matrix.txt.gz,HUH1,Liver Cancer,Liver,CVCL_2956,HuH-1,Cello GEO GSM,huh1
GSM1374566,GSM1374566,SBCG2008008-D2S1C0031R,Public on Apr 28 2014,Apr 25 2014,Apr 28 2014,RNA,1.0,AZ GENE EXPRESSION,Homo sapiens,cell line: HUH7,GPL570,United Kingdom,AstraZeneca,GSE57083,GSE57083_series_matrix.txt.gz,HUH7,Liver Cancer,Liver,CVCL_0336,Huh-7,Cello GEO GSM,huh7
GSM1374567,GSM1374567,A1385-06,Public on Apr 28 2014,Apr 25 2014,Apr 28 2014,RNA,1.0,AZ GENE EXPRESSION,Homo sapiens,cell line: HUPT3,GPL570,United Kingdom,AstraZeneca,GSE57083,GSE57083_series_matrix.txt.gz,HUPT3,,Pancreas,CVCL_1299,HuP-T3,Cello GEO GSM,hupt3
GSM1374568,GSM1374568,Bx051b_067 HG2,Public on Apr 28 2014,Apr 25 2014,Apr 28 2014,RNA,1.0,Kudos 95 Cell Panel,Homo sapiens,cell line: HUPT4,GPL570,United Kingdom,AstraZeneca,GSE57083,GSE57083_series_matrix.txt.gz,HUPT4,Adenocarcinoma,Pancreas,CVCL_1300,HuP-T4,Cello GEO GSM,hupt4
GSM1374569,GSM1374569,HUT78,Public on Apr 28 2014,Apr 25 2014,Apr 28 2014,RNA,1.0,AZ GENE EXPRESSION,Homo sapiens,cell line: HUT78,GPL570,United Kingdom,AstraZeneca,GSE57083,GSE57083_series_matrix.txt.gz,HUT78,lymphoma,Hematopoietic System,CVCL_0337,HuT 78,Cello GEO GSM,hut78
GSM1374570,GSM1374570,Hx-147 re-hyb,Public on Apr 28 2014,Apr 25 2014,Apr 28 2014,RNA,1.0,AZ GENE EXPRESSION,Homo sapiens,cell line: HX147,GPL570,United Kingdom,AstraZeneca,GSE57083,GSE57083_series_matrix.txt.gz,HX147,Lung Large Cell Carcinoma,Lung,CVCL_Y053,Hx147,Cello match alphanum,hx147
GSM1374571,GSM1374571,Bx051b_021 HG2,Public on Apr 28 2014,Apr 25 2014,Apr 28 2014,RNA,1.0,Kudos 95 Cell Panel,Homo sapiens,cell line: IGROV1,GPL570,United Kingdom,AstraZeneca,GSE57083,GSE57083_series_matrix.txt.gz,IGROV1,Carcinoma,Ovary,CVCL_1304,IGROV-1,Cello GEO GSM,igrov1
GSM1374572,GSM1374572,IM9 ghp280606,Public on Apr 28 2014,Apr 25 2014,Apr 28 2014,RNA,1.0,AZ GENE EXPRESSION,Homo sapiens,cell line: IM9,GPL570,United Kingdom,AstraZeneca,GSE57083,GSE57083_series_matrix.txt.gz,IM9,Myeloma,Hematopoietic System,CVCL_1305,IM9,Cello Cell line Synonym,im9
GSM1374573,GSM1374573,SBCG2008008-D1S1CO27R,Public on Apr 28 2014,Apr 25 2014,Apr 28 2014,RNA,1.0,AZ GENE EXPRESSION,Homo sapiens,cell line: IM95,GPL570,United Kingdom,AstraZeneca,GSE57083,GSE57083_series_matrix.txt.gz,IM95,Gastric Cancer,Stomach,CVCL_2961,IM95,Cello Cell line Name,im95
GSM1374574,GSM1374574,SBCG2008008-D1S1CO30R,Public on Apr 28 2014,Apr 25 2014,Apr 28 2014,RNA,1.0,AZ GENE EXPRESSION,Homo sapiens,cell line: IM95M,GPL570,United Kingdom,AstraZeneca,GSE57083,GSE57083_series_matrix.txt.gz,IM95M,Gastric Cancer,Stomach,CVCL_2962,IM95M,Cello Cell line Synonym,im95m
GSM1374575,GSM1374575,SR5073_HUMAN_U133_PLUS2_250310,Public on Apr 28 2014,Apr 25 2014,Apr 28 2014,RNA,1.0,AZ GENE EXPRESSION,Homo sapiens,cell line: J82,GPL570,United Kingdom,AstraZeneca,GSE57083,GSE57083_series_matrix.txt.gz,J82,,Bladder,CVCL_0359,J82,Cello Cell line Name,j82
GSM1374576,GSM1374576,82 J82 Creteil,Public on Apr 28 2014,Apr 25 2014,Apr 28 2014,RNA,1.0,AZ GENE EXPRESSION,Homo sapiens,cell line: J82,GPL570,United Kingdom,AstraZeneca,GSE57083,GSE57083_series_matrix.txt.gz,J82,,Bladder,CVCL_0359,J82,Cello Cell line Name,j82
GSM1374577,GSM1374577,JEKO ghp280606,Public on Apr 28 2014,Apr 25 2014,Apr 28 2014,RNA,1.0,AZ GENE EXPRESSION,Homo sapiens,cell line: JEKO1,GPL570,United Kingdom,AstraZeneca,GSE57083,GSE57083_series_matrix.txt.gz,JEKO1,B-NHL (B-cell non-Hodgkins Lymphoma) (Mantle Cell),Hematopoietic System,CVCL_1865,JeKo-1,Cello GEO GSM,jeko1
GSM1374578,GSM1374578,EA08079_80514_JIMT-1,Public on Apr 28 2014,Apr 25 2014,Apr 28 2014,RNA,1.0,AZ GENE EXPRESSION,Homo sapiens,cell line: JIMT1,GPL570,United Kingdom,AstraZeneca,GSE57083,GSE57083_series_matrix.txt.gz,JIMT1,,Breast,CVCL_2077,JIMT-1,Cello GEO GSM,jimt1
GSM1374579,GSM1374579,JJN3 ghp280606,Public on Apr 28 2014,Apr 25 2014,Apr 28 2014,RNA,1.0,AZ GENE EXPRESSION,Homo sapiens,cell line: JJN3,GPL570,United Kingdom,AstraZeneca,GSE57083,GSE57083_series_matrix.txt.gz,JJN3,Myeloma,Hematopoietic System,CVCL_2078,JJN-3,Cello GEO GSM,jjn3
GSM1374580,GSM1374580,Jurkat ghp280606,Public on Apr 28 2014,Apr 25 2014,Apr 28 2014,RNA,1.0,AZ GENE EXPRESSION,Homo sapiens,cell line: JURKAT,GPL570,United Kingdom,AstraZeneca,GSE57083,GSE57083_series_matrix.txt.gz,JURKAT,T-cell leukemia,Hematopoietic System,CVCL_0065,Jurkat,Cello GEO GSM,jurkat
GSM1374581,GSM1374581,JVM-2 ghp221105,Public on Apr 28 2014,Apr 25 2014,Apr 28 2014,RNA,1.0,AZ GENE EXPRESSION,Homo sapiens,cell line: JVM2,GPL570,United Kingdom,AstraZeneca,GSE57083,GSE57083_series_matrix.txt.gz,JVM2,B-CLL (Chronic Lymphocytic B-Leukemia ),Hematopoietic System,CVCL_1319,JVM-2,Cello GEO GSM,jvm2
GSM1374582,GSM1374582,JVM-3 ghp221105,Public on Apr 28 2014,Apr 25 2014,Apr 28 2014,RNA,1.0,AZ GENE EXPRESSION,Homo sapiens,cell line: JVM3,GPL570,United Kingdom,AstraZeneca,GSE57083,GSE57083_series_matrix.txt.gz,JVM3,B-CLL (Chronic Lymphocytic B-Leukemia ),Hematopoietic System,CVCL_1320,JVM-3,Cello GEO GSM,jvm3
GSM1374583,GSM1374583,K562 ghp231105,Public on Apr 28 2014,Apr 25 2014,Apr 28 2014,RNA,1.0,AZ GENE EXPRESSION,Homo sapiens,cell line: K562,GPL570,United Kingdom,AstraZeneca,GSE57083,GSE57083_series_matrix.txt.gz,K562,CML (Chronic Myeloid Leukemia),Hematopoietic System,CVCL_0004,K-562,Cello GEO GSM,k562
GSM1374584,GSM1374584,Bx030_022 HG2,Public on Apr 28 2014,Apr 25 2014,Apr 28 2014,RNA,1.0,AZ GENE EXPRESSION,Homo sapiens,cell line: KARPAS1106P,GPL570,United Kingdom,AstraZeneca,GSE57083,GSE57083_series_matrix.txt.gz,KARPAS1106P,,Hematopoietic System,CVCL_1821,Karpas-1106P,Cello GEO GSM,karpas1106p
GSM1374585,GSM1374585,Karpas1106 ghp280606,Public on Apr 28 2014,Apr 25 2014,Apr 28 2014,RNA,1.0,AZ GENE EXPRESSION,Homo sapiens,cell line: KARPAS1106P,GPL570,United Kingdom,AstraZeneca,GSE57083,GSE57083_series_matrix.txt.gz,KARPAS1106P,B-NHL (B-cell non-Hodgkins Lymphoma),Hematopoietic System,CVCL_1821,Karpas-1106P,Cello GEO GSM,karpas1106p
GSM1374586,GSM1374586,Bx030_011 HG2,Public on Apr 28 2014,Apr 25 2014,Apr 28 2014,RNA,1.0,AZ GENE EXPRESSION,Homo sapiens,cell line: KARPAS231,GPL570,United Kingdom,AstraZeneca,GSE57083,GSE57083_series_matrix.txt.gz,KARPAS231,,Hematopoietic System,CVCL_1822,KARPAS231,Cello Cell line Synonym,karpas231
GSM1374587,GSM1374587,KARPAS-231 ghp231105,Public on Apr 28 2014,Apr 25 2014,Apr 28 2014,RNA,1.0,AZ GENE EXPRESSION,Homo sapiens,cell line: KARPAS231,GPL570,United Kingdom,AstraZeneca,GSE57083,GSE57083_series_matrix.txt.gz,KARPAS231,B-ALL (B-cell Acute Lymphoblastic Leukemia ),Hematopoietic System,CVCL_1822,KARPAS231,Cello Cell line Synonym,karpas231
GSM1374588,GSM1374588,KARPAS-422 ghp231105,Public on Apr 28 2014,Apr 25 2014,Apr 28 2014,RNA,1.0,AZ GENE EXPRESSION,Homo sapiens,cell line: KARPAS422,GPL570,United Kingdom,AstraZeneca,GSE57083,GSE57083_series_matrix.txt.gz,KARPAS422,B-NHL (B-cell non-Hodgkins Lymphoma) / DLBL (Diffuse Large B-cell Lymphoma ),Hematopoietic System,CVCL_1325,Karpas-422,Cello GEO GSM,karpas422
GSM1374589,GSM1374589,Karpas620 ghp280606,Public on Apr 28 2014,Apr 25 2014,Apr 28 2014,RNA,1.0,AZ GENE EXPRESSION,Homo sapiens,cell line: KARPAS620,GPL570,United Kingdom,AstraZeneca,GSE57083,GSE57083_series_matrix.txt.gz,KARPAS620,Myeloma,Hematopoietic System,CVCL_1823,Karpas-620,Cello GEO GSM,karpas620
GSM1374590,GSM1374590,Bx030_014 HG2,Public on Apr 28 2014,Apr 25 2014,Apr 28 2014,RNA,1.0,AZ GENE EXPRESSION,Homo sapiens,cell line: KASUMI1,GPL570,United Kingdom,AstraZeneca,GSE57083,GSE57083_series_matrix.txt.gz,KASUMI1,,Hematopoietic System,CVCL_0589,Kasumi-1,Cello GEO GSM,kasumi1
GSM1374591,GSM1374591,EA10068_111342,Public on Apr 28 2014,Apr 25 2014,Apr 28 2014,RNA,1.0,AZ GENE EXPRESSION,Homo sapiens,cell line: KASUMI3,GPL570,United Kingdom,AstraZeneca,GSE57083,GSE57083_series_matrix.txt.gz,KASUMI3,AML,Hematopoietic System,CVCL_0612,KASUMI3,Cello Cell line Synonym,kasumi3
GSM1374592,GSM1374592,Bx030_023 HG2,Public on Apr 28 2014,Apr 25 2014,Apr 28 2014,RNA,1.0,AZ GENE EXPRESSION,Homo sapiens,cell line: KASUMI6,GPL570,United Kingdom,AstraZeneca,GSE57083,GSE57083_series_matrix.txt.gz,KASUMI6,,Hematopoietic System,CVCL_0614,Kasumi-6,Cello GEO GSM,kasumi6
GSM1374593,GSM1374593,Bx056_11 HG2,Public on Apr 28 2014,Apr 25 2014,Apr 28 2014,RNA,1.0,AZ GENE EXPRESSION,Homo sapiens,cell line: KATOIII,GPL570,United Kingdom,AstraZeneca,GSE57083,GSE57083_series_matrix.txt.gz,KATOIII,gastric carcinoma,Stomach,CVCL_0371,KATO III,Cello GEO GSM,katoiii
GSM1374594,GSM1374594,SBCG2008008-D1S1CO14R,Public on Apr 28 2014,Apr 25 2014,Apr 28 2014,RNA,1.0,AZ GENE EXPRESSION,Homo sapiens,cell line: KATOIII,GPL570,United Kingdom,AstraZeneca,GSE57083,GSE57083_series_matrix.txt.gz,KATOIII,Gastric Cancer,Stomach,CVCL_0371,KATO III,Cello GEO GSM,katoiii
GSM1374595,GSM1374595,Bx051b_077 HG2,Public on Apr 28 2014,Apr 25 2014,Apr 28 2014,RNA,1.0,Kudos 95 Cell Panel,Homo sapiens,cell line: KB,GPL570,United Kingdom,AstraZeneca,GSE57083,GSE57083_series_matrix.txt.gz,KB,Epidermoid carcinoma with HeLa markers (poss contamination),Nasopharynx,CVCL_0372,KB,Cello Cell line Name,kb
GSM1374596,GSM1374596,KB ap270406,Public on Apr 28 2014,Apr 25 2014,Apr 28 2014,RNA,1.0,AZ GENE EXPRESSION,Homo sapiens,cell line: KB,GPL570,United Kingdom,AstraZeneca,GSE57083,GSE57083_series_matrix.txt.gz,KB,Epidermoid carcinoma with HeLa markers (poss contamination),Nasopharynx,CVCL_0372,KB,Cello Cell line Name,kb
GSM1374597,GSM1374597,KG-1 ghp231105,Public on Apr 28 2014,Apr 25 2014,Apr 28 2014,RNA,1.0,AZ GENE EXPRESSION,Homo sapiens,cell line: KG1,GPL570,United Kingdom,AstraZeneca,GSE57083,GSE57083_series_matrix.txt.gz,KG1,AML (Acute Myeloid Leukemia),Hematopoietic System,CVCL_UD72,KG1,Cello Cell line Name,kg1
GSM1374598,GSM1374598,KG-1a ghp231105,Public on Apr 28 2014,Apr 25 2014,Apr 28 2014,RNA,1.0,AZ GENE EXPRESSION,Homo sapiens,cell line: KG1A,GPL570,United Kingdom,AstraZeneca,GSE57083,GSE57083_series_matrix.txt.gz,KG1A,AML (Acute Myeloid Leukemia),Hematopoietic System,CVCL_1824,KG1A,Cello Cell line Synonym,kg1a
GSM1374599,GSM1374599,Bx030_006 HG2,Public on Apr 28 2014,Apr 25 2014,Apr 28 2014,RNA,1.0,AZ GENE EXPRESSION,Homo sapiens,cell line: KIT225,GPL570,United Kingdom,AstraZeneca,GSE57083,GSE57083_series_matrix.txt.gz,KIT225,,Hematopoietic System,CVCL_5443,KIT225,Cello Cell line Synonym,kit225
GSM1374600,GSM1374600,121 KK47,Public on Apr 28 2014,Apr 25 2014,Apr 28 2014,RNA,1.0,AZ GENE EXPRESSION,Homo sapiens,cell line: KK47,GPL570,United Kingdom,AstraZeneca,GSE57083,GSE57083_series_matrix.txt.gz,KK47,,Bladder,CVCL_8253,KK47,Cello Cell line Name,kk47
GSM1374601,GSM1374601,KMS12BM ghp280606,Public on Apr 28 2014,Apr 25 2014,Apr 28 2014,RNA,1.0,AZ GENE EXPRESSION,Homo sapiens,cell line: KMS12BM,GPL570,United Kingdom,AstraZeneca,GSE57083,GSE57083_series_matrix.txt.gz,KMS12BM,Myeloma,Hematopoietic System,CVCL_1334,KMS-12-BM,Cello GEO GSM,kms12bm
GSM1374602,GSM1374602,A1385-14,Public on Apr 28 2014,Apr 25 2014,Apr 28 2014,RNA,1.0,AZ GENE EXPRESSION,Homo sapiens,cell line: KP4,GPL570,United Kingdom,AstraZeneca,GSE57083,GSE57083_series_matrix.txt.gz,KP4,,Pancreas,CVCL_1338,KP-4,Cello GEO GSM,kp4
GSM1374603,GSM1374603,A1631-05,Public on Apr 28 2014,Apr 25 2014,Apr 28 2014,RNA,1.0,AZ GENE EXPRESSION,Homo sapiens,cell line: KPL1,GPL570,United Kingdom,AstraZeneca,GSE57083,GSE57083_series_matrix.txt.gz,KPL1,,Breast,CVCL_2094,KPL-1,Cello GEO GSM,kpl1
GSM1374604,GSM1374604,A1631-06,Public on Apr 28 2014,Apr 25 2014,Apr 28 2014,RNA,1.0,AZ GENE EXPRESSION,Homo sapiens,cell line: KPL4,GPL570,United Kingdom,AstraZeneca,GSE57083,GSE57083_series_matrix.txt.gz,KPL4,,Breast,CVCL_5310,KPL-4,Cello GEO GSM,kpl4
GSM1374605,GSM1374605,SR5069_HUMAN_U133_PLUS2_250310,Public on Apr 28 2014,Apr 25 2014,Apr 28 2014,RNA,1.0,AZ GENE EXPRESSION,Homo sapiens,cell line: KU1919,GPL570,United Kingdom,AstraZeneca,GSE57083,GSE57083_series_matrix.txt.gz,KU1919,,Bladder,CVCL_1344,KU-19-19,Cello GEO GSM,ku1919
GSM1374606,GSM1374606,KU812 ghp231105,Public on Apr 28 2014,Apr 25 2014,Apr 28 2014,RNA,1.0,AZ GENE EXPRESSION,Homo sapiens,cell line: KU812,GPL570,United Kingdom,AstraZeneca,GSE57083,GSE57083_series_matrix.txt.gz,KU812,CML (Chronic Myeloid Leukemia),Hematopoietic System,CVCL_0379,Ku812,Cello GEO GSM,ku812
GSM1374607,GSM1374607,SBCG2008008-D3S1CO007R,Public on Apr 28 2014,Apr 25 2014,Apr 28 2014,RNA,1.0,AZ GENE EXPRESSION,Homo sapiens,cell line: KYSE140,GPL570,United Kingdom,AstraZeneca,GSE57083,GSE57083_series_matrix.txt.gz,KYSE140,Esophageal cancer,Esophagus,CVCL_1347,KYSE-140,Cello GEO GSM,kyse140
GSM1374608,GSM1374608,SBCG2008008-D3S1CO008R,Public on Apr 28 2014,Apr 25 2014,Apr 28 2014,RNA,1.0,AZ GENE EXPRESSION,Homo sapiens,cell line: KYSE180,GPL570,United Kingdom,AstraZeneca,GSE57083,GSE57083_series_matrix.txt.gz,KYSE180,Esophageal cancer,Esophagus,CVCL_1349,KYSE-180,Cello GEO GSM,kyse180
GSM1374609,GSM1374609,Bx051b_102 HG2,Public on Apr 28 2014,Apr 25 2014,Apr 28 2014,RNA,1.0,Kudos 95 Cell Panel,Homo sapiens,cell line: KYSE30,GPL570,United Kingdom,AstraZeneca,GSE57083,GSE57083_series_matrix.txt.gz,KYSE30,invasive esophageal squamous cell carcinoma,Esophagus,CVCL_1351,KYSE-30,Cello GEO GSM,kyse30
GSM1374610,GSM1374610,SBCG2008008-D3S1C0005R,Public on Apr 28 2014,Apr 25 2014,Apr 28 2014,RNA,1.0,AZ GENE EXPRESSION,Homo sapiens,cell line: KYSE30,GPL570,United Kingdom,AstraZeneca,GSE57083,GSE57083_series_matrix.txt.gz,KYSE30,Esophageal cancer,Esophagus,CVCL_1351,KYSE-30,Cello GEO GSM,kyse30
GSM1374611,GSM1374611,KYSE-30 ap270406,Public on Apr 28 2014,Apr 25 2014,Apr 28 2014,RNA,1.0,AZ GENE EXPRESSION,Homo sapiens,cell line: KYSE30,GPL570,United Kingdom,AstraZeneca,GSE57083,GSE57083_series_matrix.txt.gz,KYSE30,asian squamous cell carcinoma,Esophagus,CVCL_1351,KYSE-30,Cello GEO GSM,kyse30
GSM1374612,GSM1374612,KYSE-450 ap270406,Public on Apr 28 2014,Apr 25 2014,Apr 28 2014,RNA,1.0,AZ GENE EXPRESSION,Homo sapiens,cell line: KYSE450,GPL570,United Kingdom,AstraZeneca,GSE57083,GSE57083_series_matrix.txt.gz,KYSE450,squamous cell carcinoma,Esophagus,CVCL_1353,KYSE-450,Cello GEO GSM,kyse450
GSM1374613,GSM1374613,SBCG2008008-D3S1CO006R,Public on Apr 28 2014,Apr 25 2014,Apr 28 2014,RNA,1.0,AZ GENE EXPRESSION,Homo sapiens,cell line: KYSE70,GPL570,United Kingdom,AstraZeneca,GSE57083,GSE57083_series_matrix.txt.gz,KYSE70,Esophageal cancer,Esophagus,CVCL_1356,KYSE-70,Cello GEO GSM,kyse70
GSM1374614,GSM1374614,SB11010-1-2_D4S1C0031R_(HG-U133_Plus_2),Public on Apr 28 2014,Apr 25 2014,Apr 28 2014,RNA,1.0,AZ GENE EXPRESSION,Homo sapiens,cell line: L115CLONE1,GPL570,United Kingdom,AstraZeneca,GSE57083,GSE57083_series_matrix.txt.gz,L115CLONE1,SqLC,Lung,,,,l115clone1
GSM1374615,GSM1374615,L363 ghp280606,Public on Apr 28 2014,Apr 25 2014,Apr 28 2014,RNA,1.0,AZ GENE EXPRESSION,Homo sapiens,cell line: L363,GPL570,United Kingdom,AstraZeneca,GSE57083,GSE57083_series_matrix.txt.gz,L363,Myeloma,Hematopoietic System,CVCL_1357,L-363,Cello GEO GSM,l363
GSM1374616,GSM1374616,A1631-12,Public on Apr 28 2014,Apr 25 2014,Apr 28 2014,RNA,1.0,AZ GENE EXPRESSION,Homo sapiens,cell line: LAPC4,GPL570,United Kingdom,AstraZeneca,GSE57083,GSE57083_series_matrix.txt.gz,LAPC4,,Prostate,CVCL_4744,LAPC4,Cello Cell line Synonym,lapc4
GSM1374617,GSM1374617,LB-61 nsclc ghp030206,Public on Apr 28 2014,Apr 25 2014,Apr 28 2014,RNA,1.0,AZ GENE EXPRESSION,Homo sapiens,cell line: LB61,GPL570,United Kingdom,AstraZeneca,GSE57083,GSE57083_series_matrix.txt.gz,LB61,NSCLC,Lung,,,,lb61
GSM1374618,GSM1374618,SB11010-2_D4S1C0037R_(HG-U133_Plus_2),Public on Apr 28 2014,Apr 25 2014,Apr 28 2014,RNA,1.0,AZ GENE EXPRESSION,Homo sapiens,cell line: LC1SQ,GPL570,United Kingdom,AstraZeneca,GSE57083,GSE57083_series_matrix.txt.gz,LC1SQ,SqLC,Lung,CVCL_3008,LC1SQ,Cello Cell line Synonym,lc1sq
GSM1374619,GSM1374619,SB11010-2_D4S1C0044R_(HG-U133_Plus_2),Public on Apr 28 2014,Apr 25 2014,Apr 28 2014,RNA,1.0,AZ GENE EXPRESSION,Homo sapiens,cell line: LK2,GPL570,United Kingdom,AstraZeneca,GSE57083,GSE57083_series_matrix.txt.gz,LK2,SqLC,Lung,CVCL_W132,LK2,Cello Cell line Name,lk2
GSM1374620,GSM1374620,Bx058-08 HG2,Public on Apr 28 2014,Apr 25 2014,Apr 28 2014,RNA,1.0,AZ GENE EXPRESSION,Homo sapiens,cell line: LN18,GPL570,United Kingdom,AstraZeneca,GSE57083,GSE57083_series_matrix.txt.gz,LN18,glioblastoma; glioma,Brain,CVCL_0392,LN-18,Cello GEO GSM,ln18
GSM1374621,GSM1374621,Bx058-09 HG2,Public on Apr 28 2014,Apr 25 2014,Apr 28 2014,RNA,1.0,AZ GENE EXPRESSION,Homo sapiens,cell line: LN229,GPL570,United Kingdom,AstraZeneca,GSE57083,GSE57083_series_matrix.txt.gz,LN229,glioblastoma,Brain,CVCL_0393,LN-229,Cello GEO GSM,ln229
GSM1374622,GSM1374622,SR5060_HUMAN_U133_PLUS2_250310,Public on Apr 28 2014,Apr 25 2014,Apr 28 2014,RNA,1.0,AZ GENE EXPRESSION,Homo sapiens,cell line: LNCAP,GPL570,United Kingdom,AstraZeneca,GSE57083,GSE57083_series_matrix.txt.gz,LNCAP,,Prostate,CVCL_0395,LNCaP,Cello GEO GSM,lncap
GSM1374623,GSM1374623,SR5061_HUMAN_U133_PLUS2_250310,Public on Apr 28 2014,Apr 25 2014,Apr 28 2014,RNA,1.0,AZ GENE EXPRESSION,Homo sapiens,cell line: LNCAPAI,GPL570,United Kingdom,AstraZeneca,GSE57083,GSE57083_series_matrix.txt.gz,LNCAPAI,,Prostate,CVCL_4791,LNCAPAI,Cello Cell line Synonym,lncapai
GSM1374624,GSM1374624,SR5065_HUMAN_U133_PLUS2_250310,Public on Apr 28 2014,Apr 25 2014,Apr 28 2014,RNA,1.0,AZ GENE EXPRESSION,Homo sapiens,cell line: LNCAPCASRES,GPL570,United Kingdom,AstraZeneca,GSE57083,GSE57083_series_matrix.txt.gz,LNCAPCASRES,,Prostate,,,,lncapcasres
GSM1374625,GSM1374625,SR5062_HUMAN_U133_PLUS2_250310,Public on Apr 28 2014,Apr 25 2014,Apr 28 2014,RNA,1.0,AZ GENE EXPRESSION,Homo sapiens,cell line: LNCAPCASRESNEWCASTLE,GPL570,United Kingdom,AstraZeneca,GSE57083,GSE57083_series_matrix.txt.gz,LNCAPCASRESNEWCASTLE,,Prostate,,,,lncapcasresnewcastle
GSM1374626,GSM1374626,LnCap,Public on Apr 28 2014,Apr 25 2014,Apr 28 2014,RNA,1.0,AZ GENE EXPRESSION,Homo sapiens,cell line: LNCAPCLONEFGC,GPL570,United Kingdom,AstraZeneca,GSE57083,GSE57083_series_matrix.txt.gz,LNCAPCLONEFGC,carcinoma Derived from metastatic site: left supraclavicular lymph node,Prostate,CVCL_0395,LNCaP,Cello GEO GSM,lncapclonefgc
GSM1374627,GSM1374627,Bx051b_003 HG2,Public on Apr 28 2014,Apr 25 2014,Apr 28 2014,RNA,1.0,Kudos 95 Cell Panel,Homo sapiens,cell line: LOVO,GPL570,United Kingdom,AstraZeneca,GSE57083,GSE57083_series_matrix.txt.gz,LOVO,colorectal adenocarcinoma,Colon,CVCL_0399,LoVo,Cello GEO GSM,lovo
GSM1374628,GSM1374628,LoVo,Public on Apr 28 2014,Apr 25 2014,Apr 28 2014,RNA,1.0,AZ GENE EXPRESSION,Homo sapiens,cell line: LOVO,GPL570,United Kingdom,AstraZeneca,GSE57083,GSE57083_series_matrix.txt.gz,LOVO,colorectal adenocarcinoma,Colon,CVCL_0399,LoVo,Cello GEO GSM,lovo
GSM1374629,GSM1374629,LoVo_1,Public on Apr 28 2014,Apr 25 2014,Apr 28 2014,RNA,1.0,AZ GENE EXPRESSION,Homo sapiens,cell line: LOVO,GPL570,United Kingdom,AstraZeneca,GSE57083,GSE57083_series_matrix.txt.gz,LOVO,colorectal adenocarcinoma,Colon,CVCL_0399,LoVo,Cello GEO GSM,lovo
GSM1374630,GSM1374630,Bx042-049,Public on Apr 28 2014,Apr 25 2014,Apr 28 2014,RNA,1.0,AZ GENE EXPRESSION,Homo sapiens,cell line: LOVO,GPL570,United Kingdom,AstraZeneca,GSE57083,GSE57083_series_matrix.txt.gz,LOVO,colorectal adenocarcinoma,Colon,CVCL_0399,LoVo,Cello GEO GSM,lovo
GSM1374631,GSM1374631,LP1 ghp280606,Public on Apr 28 2014,Apr 25 2014,Apr 28 2014,RNA,1.0,AZ GENE EXPRESSION,Homo sapiens,cell line: LP1,GPL570,United Kingdom,AstraZeneca,GSE57083,GSE57083_series_matrix.txt.gz,LP1,Myeloma,Hematopoietic System,CVCL_0012,LP-1,Cello GEO GSM,lp1
GSM1374632,GSM1374632,LS174T,Public on Apr 28 2014,Apr 25 2014,Apr 28 2014,RNA,1.0,AZ GENE EXPRESSION,Homo sapiens,cell line: LS174T,GPL570,United Kingdom,AstraZeneca,GSE57083,GSE57083_series_matrix.txt.gz,LS174T,colorectal adenocarcinoma,Colon,CVCL_1384,LS174T,Cello Cell line Name,ls174t
GSM1374633,GSM1374633,Bx042-051,Public on Apr 28 2014,Apr 25 2014,Apr 28 2014,RNA,1.0,AZ GENE EXPRESSION,Homo sapiens,cell line: LS174T,GPL570,United Kingdom,AstraZeneca,GSE57083,GSE57083_series_matrix.txt.gz,LS174T,colorectal adenocarcinoma,Colon,CVCL_1384,LS174T,Cello Cell line Name,ls174t
GSM1374634,GSM1374634,Bx051b_053 HG2,Public on Apr 28 2014,Apr 25 2014,Apr 28 2014,RNA,1.0,Kudos 95 Cell Panel,Homo sapiens,cell line: LS180,GPL570,United Kingdom,AstraZeneca,GSE57083,GSE57083_series_matrix.txt.gz,LS180,colorectal adenocarcinoma,Colon,CVCL_0397,LS180,Cello Cell line Name,ls180
GSM1374635,GSM1374635,LS180,Public on Apr 28 2014,Apr 25 2014,Apr 28 2014,RNA,1.0,AZ GENE EXPRESSION,Homo sapiens,cell line: LS180,GPL570,United Kingdom,AstraZeneca,GSE57083,GSE57083_series_matrix.txt.gz,LS180,colorectal adenocarcinoma,Colon,CVCL_0397,LS180,Cello Cell line Name,ls180
GSM1374636,GSM1374636,Bx042-009,Public on Apr 28 2014,Apr 25 2014,Apr 28 2014,RNA,1.0,AZ GENE EXPRESSION,Homo sapiens,cell line: LS180,GPL570,United Kingdom,AstraZeneca,GSE57083,GSE57083_series_matrix.txt.gz,LS180,colorectal adenocarcinoma,Colon,CVCL_0397,LS180,Cello Cell line Name,ls180
GSM1374637,GSM1374637,Bx042-017,Public on Apr 28 2014,Apr 25 2014,Apr 28 2014,RNA,1.0,AZ GENE EXPRESSION,Homo sapiens,cell line: LS411,GPL570,United Kingdom,AstraZeneca,GSE57083,GSE57083_series_matrix.txt.gz,LS411,,Colon,CVCL_1385,LS411N,Cello GEO GSM,ls411
GSM1374638,GSM1374638,EA09076_118376_HG-U133_PLUS_2_CO015_06,Public on Apr 28 2014,Apr 25 2014,Apr 28 2014,RNA,1.0,AZ GENE EXPRESSION,Homo sapiens,cell line: LS513,GPL570,United Kingdom,AstraZeneca,GSE57083,GSE57083_series_matrix.txt.gz,LS513,colorectal carcinoma,Colon,CVCL_1386,LS513,Cello Cell line Name,ls513
GSM1374639,GSM1374639,SB11010-2_D4S1C0038R_(HG-U133_Plus_2),Public on Apr 28 2014,Apr 25 2014,Apr 28 2014,RNA,1.0,AZ GENE EXPRESSION,Homo sapiens,cell line: LUDLU1,GPL570,United Kingdom,AstraZeneca,GSE57083,GSE57083_series_matrix.txt.gz,LUDLU1,SqLC,Lung,CVCL_2582,LUDLU-1,Cello GEO GSM,ludlu1
GSM1374640,GSM1374640,Bx058-11 HG2,Public on Apr 28 2014,Apr 25 2014,Apr 28 2014,RNA,1.0,AZ GENE EXPRESSION,Homo sapiens,cell line: M059J,GPL570,United Kingdom,AstraZeneca,GSE57083,GSE57083_series_matrix.txt.gz,M059J,malignant glioblastoma; glioma; glial cell,Brain,CVCL_0400,M059J,Cello Cell line Name,m059j
GSM1374641,GSM1374641,Bx058-06 HG2,Public on Apr 28 2014,Apr 25 2014,Apr 28 2014,RNA,1.0,AZ GENE EXPRESSION,Homo sapiens,cell line: M059K,GPL570,United Kingdom,AstraZeneca,GSE57083,GSE57083_series_matrix.txt.gz,M059K,malignant glioblastoma; glioma; glial cell,Brain,CVCL_0401,M059K,Cello Cell line Name,m059k
GSM1374642,GSM1374642,Bx030_017 HG2,Public on Apr 28 2014,Apr 25 2014,Apr 28 2014,RNA,1.0,AZ GENE EXPRESSION,Homo sapiens,cell line: MC116,GPL570,United Kingdom,AstraZeneca,GSE57083,GSE57083_series_matrix.txt.gz,MC116,,Hematopoietic System,CVCL_1399,MC116,Cello Cell line Name,mc116
GSM1374643,GSM1374643,Bx051b_020 HG2,Public on Apr 28 2014,Apr 25 2014,Apr 28 2014,RNA,1.0,Kudos 95 Cell Panel,Homo sapiens,cell line: MCF7,GPL570,United Kingdom,AstraZeneca,GSE57083,GSE57083_series_matrix.txt.gz,MCF7,adenocarcinoma,Breast,CVCL_0031,MCF-7,Cello GEO GSM,mcf7
GSM1374644,GSM1374644,MCF7,Public on Apr 28 2014,Apr 25 2014,Apr 28 2014,RNA,1.0,AZ GENE EXPRESSION,Homo sapiens,cell line: MCF7,GPL570,United Kingdom,AstraZeneca,GSE57083,GSE57083_series_matrix.txt.gz,MCF7,adenocarcinoma Derived from metastatic site: pleural effusion,Breast,CVCL_0031,MCF-7,Cello GEO GSM,mcf7
GSM1374645,GSM1374645,EA08079_80507_MCF7,Public on Apr 28 2014,Apr 25 2014,Apr 28 2014,RNA,1.0,AZ GENE EXPRESSION,Homo sapiens,cell line: MCF7,GPL570,United Kingdom,AstraZeneca,GSE57083,GSE57083_series_matrix.txt.gz,MCF7,,Breast,CVCL_0031,MCF-7,Cello GEO GSM,mcf7
GSM1374646,GSM1374646,MCF7-mdf+,Public on Apr 28 2014,Apr 25 2014,Apr 28 2014,RNA,1.0,AZ GENE EXPRESSION,Homo sapiens,cell line: MCF7MDRPOS,GPL570,United Kingdom,AstraZeneca,GSE57083,GSE57083_series_matrix.txt.gz,MCF7MDRPOS,Breast Adenocarcinoma,Breast,,,,mcf7mdrpos
GSM1374647,GSM1374647,A1631-03,Public on Apr 28 2014,Apr 25 2014,Apr 28 2014,RNA,1.0,AZ GENE EXPRESSION,Homo sapiens,cell line: MDAMB134VI,GPL570,United Kingdom,AstraZeneca,GSE57083,GSE57083_series_matrix.txt.gz,MDAMB134VI,,Breast,CVCL_0617,MDA-MB-134-VI,Cello GEO GSM,mdamb134vi
GSM1374648,GSM1374648,MDA-MB-157,Public on Apr 28 2014,Apr 25 2014,Apr 28 2014,RNA,1.0,AZ GENE EXPRESSION,Homo sapiens,cell line: MDAMB157,GPL570,United Kingdom,AstraZeneca,GSE57083,GSE57083_series_matrix.txt.gz,MDAMB157,medulallary carcinoma,Breast,CVCL_0618,MDA-MB-157,Cello GEO GSM,mdamb157
GSM1374649,GSM1374649,EA08079_80501_MDAMB157,Public on Apr 28 2014,Apr 25 2014,Apr 28 2014,RNA,1.0,AZ GENE EXPRESSION,Homo sapiens,cell line: MDAMB157,GPL570,United Kingdom,AstraZeneca,GSE57083,GSE57083_series_matrix.txt.gz,MDAMB157,,Breast,CVCL_0618,MDA-MB-157,Cello GEO GSM,mdamb157
GSM1374650,GSM1374650,EA08079_80512_MDAMB175,Public on Apr 28 2014,Apr 25 2014,Apr 28 2014,RNA,1.0,AZ GENE EXPRESSION,Homo sapiens,cell line: MDAMB175,GPL570,United Kingdom,AstraZeneca,GSE57083,GSE57083_series_matrix.txt.gz,MDAMB175,,Breast,CVCL_1400,MDA-MB-175-VII,Cello GEO GSM,mdamb175
GSM1374651,GSM1374651,Bx051b_048 HG2,Public on Apr 28 2014,Apr 25 2014,Apr 28 2014,RNA,1.0,Kudos 95 Cell Panel,Homo sapiens,cell line: MDAMB231,GPL570,United Kingdom,AstraZeneca,GSE57083,GSE57083_series_matrix.txt.gz,MDAMB231,Adenocarcinoma,Breast,CVCL_0062,MDA-MB-231,Cello GEO GSM,mdamb231
GSM1374652,GSM1374652,MDA-MB-231,Public on Apr 28 2014,Apr 25 2014,Apr 28 2014,RNA,1.0,AZ GENE EXPRESSION,Homo sapiens,cell line: MDAMB231,GPL570,United Kingdom,AstraZeneca,GSE57083,GSE57083_series_matrix.txt.gz,MDAMB231,adenocarcinoma Derived from metastatic site: pleural effusion,Breast,CVCL_0062,MDA-MB-231,Cello GEO GSM,mdamb231
GSM1374653,GSM1374653,Bx051b_101 HG2,Public on Apr 28 2014,Apr 25 2014,Apr 28 2014,RNA,1.0,Kudos 95 Cell Panel,Homo sapiens,cell line: MDAMB361,GPL570,United Kingdom,AstraZeneca,GSE57083,GSE57083_series_matrix.txt.gz,MDAMB361,Adenocarcinoma,Breast,CVCL_0620,MDA-MB-361,Cello GEO GSM,mdamb361
GSM1374654,GSM1374654,MDAMB 361 ghp071105,Public on Apr 28 2014,Apr 25 2014,Apr 28 2014,RNA,1.0,AZ GENE EXPRESSION,Homo sapiens,cell line: MDAMB361,GPL570,United Kingdom,AstraZeneca,GSE57083,GSE57083_series_matrix.txt.gz,MDAMB361,adenocarcinoma Derived from metastatic site: brain,Breast,CVCL_0620,MDA-MB-361,Cello GEO GSM,mdamb361
GSM1374655,GSM1374655,EA08079_80495_MDAMB361,Public on Apr 28 2014,Apr 25 2014,Apr 28 2014,RNA,1.0,AZ GENE EXPRESSION,Homo sapiens,cell line: MDAMB361,GPL570,United Kingdom,AstraZeneca,GSE57083,GSE57083_series_matrix.txt.gz,MDAMB361,,Breast,CVCL_0620,MDA-MB-361,Cello GEO GSM,mdamb361
GSM1374656,GSM1374656,A1631-04,Public on Apr 28 2014,Apr 25 2014,Apr 28 2014,RNA,1.0,AZ GENE EXPRESSION,Homo sapiens,cell line: MDAMB415,GPL570,United Kingdom,AstraZeneca,GSE57083,GSE57083_series_matrix.txt.gz,MDAMB415,,Breast,CVCL_0621,MDA-MB-415,Cello GEO GSM,mdamb415
GSM1374657,GSM1374657,Bx051b_050 HG2,Public on Apr 28 2014,Apr 25 2014,Apr 28 2014,RNA,1.0,Kudos 95 Cell Panel,Homo sapiens,cell line: MDAMB435S,GPL570,United Kingdom,AstraZeneca,GSE57083,GSE57083_series_matrix.txt.gz,MDAMB435S,Metastatic Ductal Carcinoma,Breast,CVCL_0622,MDA-MB-435S,Cello GEO GSM,mdamb435s
GSM1374658,GSM1374658,Bx051b_023 HG2,Public on Apr 28 2014,Apr 25 2014,Apr 28 2014,RNA,1.0,Kudos 95 Cell Panel,Homo sapiens,cell line: MDAMB436,GPL570,United Kingdom,AstraZeneca,GSE57083,GSE57083_series_matrix.txt.gz,MDAMB436,Adenocarcinoma,Breast,CVCL_0623,MDA-MB-436,Cello GEO GSM,mdamb436
GSM1374659,GSM1374659,EA08079_80504_MDAMB436,Public on Apr 28 2014,Apr 25 2014,Apr 28 2014,RNA,1.0,AZ GENE EXPRESSION,Homo sapiens,cell line: MDAMB436,GPL570,United Kingdom,AstraZeneca,GSE57083,GSE57083_series_matrix.txt.gz,MDAMB436,,Breast,CVCL_0623,MDA-MB-436,Cello GEO GSM,mdamb436
GSM1374660,GSM1374660,Bx051b_038 HG2,Public on Apr 28 2014,Apr 25 2014,Apr 28 2014,RNA,1.0,Kudos 95 Cell Panel,Homo sapiens,cell line: MDAMB453,GPL570,United Kingdom,AstraZeneca,GSE57083,GSE57083_series_matrix.txt.gz,MDAMB453,metastatic carcinoma,Breast,CVCL_0418,MDA-MB-453,Cello GEO GSM,mdamb453
GSM1374661,GSM1374661,MDA-MB-453,Public on Apr 28 2014,Apr 25 2014,Apr 28 2014,RNA,1.0,AZ GENE EXPRESSION,Homo sapiens,cell line: MDAMB453,GPL570,United Kingdom,AstraZeneca,GSE57083,GSE57083_series_matrix.txt.gz,MDAMB453,metastatic carcinoma Derived from metastatic site: pericardial effusion,Breast,CVCL_0418,MDA-MB-453,Cello GEO GSM,mdamb453
GSM1374662,GSM1374662,EA08079_80493_MDAMB453,Public on Apr 28 2014,Apr 25 2014,Apr 28 2014,RNA,1.0,AZ GENE EXPRESSION,Homo sapiens,cell line: MDAMB453,GPL570,United Kingdom,AstraZeneca,GSE57083,GSE57083_series_matrix.txt.gz,MDAMB453,,Breast,CVCL_0418,MDA-MB-453,Cello GEO GSM,mdamb453
GSM1374663,GSM1374663,Bx051b_104 HG2,Public on Apr 28 2014,Apr 25 2014,Apr 28 2014,RNA,1.0,Kudos 95 Cell Panel,Homo sapiens,cell line: MDAMB468,GPL570,United Kingdom,AstraZeneca,GSE57083,GSE57083_series_matrix.txt.gz,MDAMB468,Adenocarcinoma,Breast,CVCL_0419,MDA-MB-468,Cello GEO GSM,mdamb468
GSM1374664,GSM1374664,MDAMB 468 ghp101105,Public on Apr 28 2014,Apr 25 2014,Apr 28 2014,RNA,1.0,AZ GENE EXPRESSION,Homo sapiens,cell line: MDAMB468,GPL570,United Kingdom,AstraZeneca,GSE57083,GSE57083_series_matrix.txt.gz,MDAMB468,adenocarcinoma,Breast,CVCL_0419,MDA-MB-468,Cello GEO GSM,mdamb468
GSM1374665,GSM1374665,EA08079_80505_MDAMB468,Public on Apr 28 2014,Apr 25 2014,Apr 28 2014,RNA,1.0,AZ GENE EXPRESSION,Homo sapiens,cell line: MDAMB468,GPL570,United Kingdom,AstraZeneca,GSE57083,GSE57083_series_matrix.txt.gz,MDAMB468,,Breast,CVCL_0419,MDA-MB-468,Cello GEO GSM,mdamb468
GSM1374666,GSM1374666,EA08079_89055_ME1,Public on Apr 28 2014,Apr 25 2014,Apr 28 2014,RNA,1.0,AZ GENE EXPRESSION,Homo sapiens,cell line: ME1,GPL570,United Kingdom,AstraZeneca,GSE57083,GSE57083_series_matrix.txt.gz,ME1,,Hematopoietic System,CVCL_L911,ME1,Cello Cell line Name,me1
GSM1374667,GSM1374667,MEC1 ghp280606,Public on Apr 28 2014,Apr 25 2014,Apr 28 2014,RNA,1.0,AZ GENE EXPRESSION,Homo sapiens,cell line: MEC1,GPL570,United Kingdom,AstraZeneca,GSE57083,GSE57083_series_matrix.txt.gz,MEC1,B-CLL (Chronic Lymphocytic B-Leukemia ),Hematopoietic System,CVCL_VR92,MEC1,Cello Cell line Name,mec1
GSM1374668,GSM1374668,Bx030_024 HG2,Public on Apr 28 2014,Apr 25 2014,Apr 28 2014,RNA,1.0,AZ GENE EXPRESSION,Homo sapiens,cell line: MEC2,GPL570,United Kingdom,AstraZeneca,GSE57083,GSE57083_series_matrix.txt.gz,MEC2,,Hematopoietic System,CVCL_1871,MEC2,Cello Cell line Synonym,mec2
GSM1374669,GSM1374669,EA10068_111348,Public on Apr 28 2014,Apr 25 2014,Apr 28 2014,RNA,1.0,AZ GENE EXPRESSION,Homo sapiens,cell line: MEG01,GPL570,United Kingdom,AstraZeneca,GSE57083,GSE57083_series_matrix.txt.gz,MEG01,CML,Hematopoietic System,CVCL_0425,MEG-01,Cello GEO GSM,meg01
GSM1374670,GSM1374670,MelJuSo ap071105,Public on Apr 28 2014,Apr 25 2014,Apr 28 2014,RNA,1.0,AZ GENE EXPRESSION,Homo sapiens,cell line: MELJUSO,GPL570,United Kingdom,AstraZeneca,GSE57083,GSE57083_series_matrix.txt.gz,MELJUSO,melanoma,Skin,CVCL_1403,Mel JuSo,Cello GEO GSM,meljuso
GSM1374671,GSM1374671,SBCG2008008-D1S1COO7R,Public on Apr 28 2014,Apr 25 2014,Apr 28 2014,RNA,1.0,AZ GENE EXPRESSION,Homo sapiens,cell line: MGC803,GPL570,United Kingdom,AstraZeneca,GSE57083,GSE57083_series_matrix.txt.gz,MGC803,Gastric Cancer,Stomach,CVCL_5334,MGC803,Cello Cell line Synonym,mgc803
GSM1374672,GSM1374672,A1631-08,Public on Apr 28 2014,Apr 25 2014,Apr 28 2014,RNA,1.0,AZ GENE EXPRESSION,Homo sapiens,cell line: MGHU3,GPL570,United Kingdom,AstraZeneca,GSE57083,GSE57083_series_matrix.txt.gz,MGHU3,,Bladder,CVCL_9827,MGHU3,Cello Cell line Synonym,mghu3
GSM1374673,GSM1374673,91 MGH-U3,Public on Apr 28 2014,Apr 25 2014,Apr 28 2014,RNA,1.0,AZ GENE EXPRESSION,Homo sapiens,cell line: MGHU3,GPL570,United Kingdom,AstraZeneca,GSE57083,GSE57083_series_matrix.txt.gz,MGHU3,,Bladder,CVCL_9827,MGHU3,Cello Cell line Synonym,mghu3
GSM1374674,GSM1374674,SBCG2008008-D2S1CO32R,Public on Apr 28 2014,Apr 25 2014,Apr 28 2014,RNA,1.0,AZ GENE EXPRESSION,Homo sapiens,cell line: MHCC97,GPL570,United Kingdom,AstraZeneca,GSE57083,GSE57083_series_matrix.txt.gz,MHCC97,Liver Cancer,Liver,CVCL_4971,MHCC97,Cello Cell line Name,mhcc97
GSM1374675,GSM1374675,SBCG2008008-D2S1CO07R,Public on Apr 28 2014,Apr 25 2014,Apr 28 2014,RNA,1.0,AZ GENE EXPRESSION,Homo sapiens,cell line: MHCC97H,GPL570,United Kingdom,AstraZeneca,GSE57083,GSE57083_series_matrix.txt.gz,MHCC97H,Liver Cancer,Liver,CVCL_4972,MHCC97H,Cello Cell line Synonym,mhcc97h
GSM1374676,GSM1374676,SBCG2008008-D2S1CO09R,Public on Apr 28 2014,Apr 25 2014,Apr 28 2014,RNA,1.0,AZ GENE EXPRESSION,Homo sapiens,cell line: MHCC97L,GPL570,United Kingdom,AstraZeneca,GSE57083,GSE57083_series_matrix.txt.gz,MHCC97L,Liver Cancer,Liver,CVCL_4973,MHCC97L,Cello Cell line Synonym,mhcc97l
GSM1374677,GSM1374677,Bx040_0008_R,Public on Apr 28 2014,Apr 25 2014,Apr 28 2014,RNA,1.0,AZ GENE EXPRESSION,Homo sapiens,cell line: MIAPACA2,GPL570,United Kingdom,AstraZeneca,GSE57083,GSE57083_series_matrix.txt.gz,MIAPACA2,Carcinoma,Pancreas,CVCL_0428,MIA PaCa-2,Cello GEO GSM,miapaca2
GSM1374678,GSM1374678,Bx051b_073 HG2,Public on Apr 28 2014,Apr 25 2014,Apr 28 2014,RNA,1.0,Kudos 95 Cell Panel,Homo sapiens,cell line: MIAPACA2,GPL570,United Kingdom,AstraZeneca,GSE57083,GSE57083_series_matrix.txt.gz,MIAPACA2,carcinoma,Pancreas,CVCL_0428,MIA PaCa-2,Cello GEO GSM,miapaca2
GSM1374679,GSM1374679,Mia-Pa-a-2,Public on Apr 28 2014,Apr 25 2014,Apr 28 2014,RNA,1.0,AZ GENE EXPRESSION,Homo sapiens,cell line: MIAPACA2,GPL570,United Kingdom,AstraZeneca,GSE57083,GSE57083_series_matrix.txt.gz,MIAPACA2,carcinoma,Pancreas,CVCL_0428,MIA PaCa-2,Cello GEO GSM,miapaca2
GSM1374680,GSM1374680,SBCG2008008-D1S1CO22R,Public on Apr 28 2014,Apr 25 2014,Apr 28 2014,RNA,1.0,AZ GENE EXPRESSION,Homo sapiens,cell line: MKN1,GPL570,United Kingdom,AstraZeneca,GSE57083,GSE57083_series_matrix.txt.gz,MKN1,Gastric Cancer,Stomach,CVCL_1415,MKN1,Cello Cell line Name,mkn1
GSM1374681,GSM1374681,Bx056_14 HG2,Public on Apr 28 2014,Apr 25 2014,Apr 28 2014,RNA,1.0,AZ GENE EXPRESSION,Homo sapiens,cell line: MKN45,GPL570,United Kingdom,AstraZeneca,GSE57083,GSE57083_series_matrix.txt.gz,MKN45,gastric adenocarcinoma,Stomach,CVCL_0434,MKN45,Cello Cell line Name,mkn45
GSM1374682,GSM1374682,SBCG2008008-D1S1CO23R,Public on Apr 28 2014,Apr 25 2014,Apr 28 2014,RNA,1.0,AZ GENE EXPRESSION,Homo sapiens,cell line: MKN74,GPL570,United Kingdom,AstraZeneca,GSE57083,GSE57083_series_matrix.txt.gz,MKN74,Gastric Cancer,Stomach,CVCL_2791,MKN74,Cello Cell line Name,mkn74
GSM1374683,GSM1374683,ML-2 ghp231105,Public on Apr 28 2014,Apr 25 2014,Apr 28 2014,RNA,1.0,AZ GENE EXPRESSION,Homo sapiens,cell line: ML2,GPL570,United Kingdom,AstraZeneca,GSE57083,GSE57083_series_matrix.txt.gz,ML2,AML (Acute Myeloid Leukemia),Hematopoietic System,CVCL_1418,ML-2,Cello GEO GSM,ml2
GSM1374684,GSM1374684,EA08079_89044_MM1.R,Public on Apr 28 2014,Apr 25 2014,Apr 28 2014,RNA,1.0,AZ GENE EXPRESSION,Homo sapiens,cell line: MM1R,GPL570,United Kingdom,AstraZeneca,GSE57083,GSE57083_series_matrix.txt.gz,MM1R,,Hematopoietic System,CVCL_8794,MM1R,Cello Cell line Synonym,mm1r
GSM1374685,GSM1374685,EA08079_89045_MM1.S,Public on Apr 28 2014,Apr 25 2014,Apr 28 2014,RNA,1.0,AZ GENE EXPRESSION,Homo sapiens,cell line: MM1S,GPL570,United Kingdom,AstraZeneca,GSE57083,GSE57083_series_matrix.txt.gz,MM1S,,Hematopoietic System,CVCL_8792,MM1.S,Cello GEO GSM,mm1s
GSM1374686,GSM1374686,Bx058-17 HG2,Public on Apr 28 2014,Apr 25 2014,Apr 28 2014,RNA,1.0,AZ GENE EXPRESSION,Homo sapiens,cell line: MOGGCCM,GPL570,United Kingdom,AstraZeneca,GSE57083,GSE57083_series_matrix.txt.gz,MOGGCCM,astrocytoma,Brain,CVCL_2613,MOGGCCM,Cello Cell line Synonym,moggccm
GSM1374687,GSM1374687,Bx058-18 HG2,Public on Apr 28 2014,Apr 25 2014,Apr 28 2014,RNA,1.0,AZ GENE EXPRESSION,Homo sapiens,cell line: MOGGUVW,GPL570,United Kingdom,AstraZeneca,GSE57083,GSE57083_series_matrix.txt.gz,MOGGUVW,astrocytoma,Brain,CVCL_2614,MOGGUVW,Cello Cell line Synonym,mogguvw
GSM1374688,GSM1374688,Bx030_015 HG2,Public on Apr 28 2014,Apr 25 2014,Apr 28 2014,RNA,1.0,AZ GENE EXPRESSION,Homo sapiens,cell line: MOLM13,GPL570,United Kingdom,AstraZeneca,GSE57083,GSE57083_series_matrix.txt.gz,MOLM13,,Hematopoietic System,CVCL_2119,MOLM-13,Cello GEO GSM,molm13
GSM1374689,GSM1374689,MOLM13,Public on Apr 28 2014,Apr 25 2014,Apr 28 2014,RNA,1.0,AZ GENE EXPRESSION,Homo sapiens,cell line: MOLM13,GPL570,United Kingdom,AstraZeneca,GSE57083,GSE57083_series_matrix.txt.gz,MOLM13,acute myeloid leukemia,Hematopoietic System,CVCL_2119,MOLM-13,Cello GEO GSM,molm13
GSM1374690,GSM1374690,Bx030_025 HG2,Public on Apr 28 2014,Apr 25 2014,Apr 28 2014,RNA,1.0,AZ GENE EXPRESSION,Homo sapiens,cell line: MOLM16,GPL570,United Kingdom,AstraZeneca,GSE57083,GSE57083_series_matrix.txt.gz,MOLM16,,Hematopoietic System,CVCL_2120,MOLM-16,Cello GEO GSM,molm16
GSM1374691,GSM1374691,MOLP8 ghp280606,Public on Apr 28 2014,Apr 25 2014,Apr 28 2014,RNA,1.0,AZ GENE EXPRESSION,Homo sapiens,cell line: MOLP8,GPL570,United Kingdom,AstraZeneca,GSE57083,GSE57083_series_matrix.txt.gz,MOLP8,Myeloma,Hematopoietic System,CVCL_2124,MOLP-8,Cello GEO GSM,molp8
GSM1374692,GSM1374692,Bx030_026 HG2,Public on Apr 28 2014,Apr 25 2014,Apr 28 2014,RNA,1.0,AZ GENE EXPRESSION,Homo sapiens,cell line: MONOMAC6,GPL570,United Kingdom,AstraZeneca,GSE57083,GSE57083_series_matrix.txt.gz,MONOMAC6,,Hematopoietic System,CVCL_1426,Mono-Mac-6,Cello GEO GSM,monomac6
GSM1374693,GSM1374693,Bx030_009 HG2,Public on Apr 28 2014,Apr 25 2014,Apr 28 2014,RNA,1.0,AZ GENE EXPRESSION,Homo sapiens,cell line: MUTZ3,GPL570,United Kingdom,AstraZeneca,GSE57083,GSE57083_series_matrix.txt.gz,MUTZ3,,Hematopoietic System,CVCL_1433,MUTZ-3,Cello GEO GSM,mutz3
GSM1374694,GSM1374694,MV-4-11 ghp231105,Public on Apr 28 2014,Apr 25 2014,Apr 28 2014,RNA,1.0,AZ GENE EXPRESSION,Homo sapiens,cell line: MV411,GPL570,United Kingdom,AstraZeneca,GSE57083,GSE57083_series_matrix.txt.gz,MV411,AML (Acute Myeloid Leukemia),Hematopoietic System,CVCL_0064,MV4-11,Cello GEO GSM,mv411
GSM1374695,GSM1374695,Namalwa ghp231105,Public on Apr 28 2014,Apr 25 2014,Apr 28 2014,RNA,1.0,AZ GENE EXPRESSION,Homo sapiens,cell line: NAMALWA,GPL570,United Kingdom,AstraZeneca,GSE57083,GSE57083_series_matrix.txt.gz,NAMALWA,Burkitts lymphoma,Hematopoietic System,CVCL_0067,Namalwa,Cello GEO GSM,namalwa
GSM1374696,GSM1374696,Bx030_005 HG2,Public on Apr 28 2014,Apr 25 2014,Apr 28 2014,RNA,1.0,AZ GENE EXPRESSION,Homo sapiens,cell line: NB4,GPL570,United Kingdom,AstraZeneca,GSE57083,GSE57083_series_matrix.txt.gz,NB4,,Hematopoietic System,CVCL_0005,NB4,Cello Cell line Name,nb4
GSM1374697,GSM1374697,NB4,Public on Apr 28 2014,Apr 25 2014,Apr 28 2014,RNA,1.0,AZ GENE EXPRESSION,Homo sapiens,cell line: NB4,GPL570,United Kingdom,AstraZeneca,GSE57083,GSE57083_series_matrix.txt.gz,NB4,,Hematopoietic System,CVCL_0005,NB4,Cello Cell line Name,nb4
GSM1374698,GSM1374698,Bx051b_043 HG2,Public on Apr 28 2014,Apr 25 2014,Apr 28 2014,RNA,1.0,Kudos 95 Cell Panel,Homo sapiens,cell line: NCIH1299,GPL570,United Kingdom,AstraZeneca,GSE57083,GSE57083_series_matrix.txt.gz,NCIH1299,carcinoma; non-small cell lung cancer,Lung,CVCL_0060,NCI-H1299,Cello GEO GSM,ncih1299
GSM1374699,GSM1374699,NCI-H1299 nsclc rpt,Public on Apr 28 2014,Apr 25 2014,Apr 28 2014,RNA,1.0,AZ GENE EXPRESSION,Homo sapiens,cell line: NCIH1299,GPL570,United Kingdom,AstraZeneca,GSE57083,GSE57083_series_matrix.txt.gz,NCIH1299,carcinoma; non-small cell lung cancer Derived from metastatic site: lymph node,Lung,CVCL_0060,NCI-H1299,Cello GEO GSM,ncih1299
GSM1374700,GSM1374700,H1437 r2,Public on Apr 28 2014,Apr 25 2014,Apr 28 2014,RNA,1.0,AZ GENE EXPRESSION,Homo sapiens,cell line: NCIH1437,GPL570,United Kingdom,AstraZeneca,GSE57083,GSE57083_series_matrix.txt.gz,NCIH1437,adenocarcinoma; non-small cell lung cancer,Lung,CVCL_1472,NCI-H1437,Cello GEO GSM,ncih1437
GSM1374701,GSM1374701,NCI-H1437,Public on Apr 28 2014,Apr 25 2014,Apr 28 2014,RNA,1.0,AZ GENE EXPRESSION,Homo sapiens,cell line: NCIH1437,GPL570,United Kingdom,AstraZeneca,GSE57083,GSE57083_series_matrix.txt.gz,NCIH1437,adenocarcinoma; non-small cell lung cancer,Lung,CVCL_1472,NCI-H1437,Cello GEO GSM,ncih1437
GSM1374702,GSM1374702,H1623 x nsclc rpt,Public on Apr 28 2014,Apr 25 2014,Apr 28 2014,RNA,1.0,AZ GENE EXPRESSION,Homo sapiens,cell line: NCIH1623,GPL570,United Kingdom,AstraZeneca,GSE57083,GSE57083_series_matrix.txt.gz,NCIH1623,adenocarcinoma; non-small cell lung cancer,Lung,CVCL_1481,NCI-H1623,Cello GEO GSM,ncih1623
GSM1374703,GSM1374703,H1650 x nsclc rpt,Public on Apr 28 2014,Apr 25 2014,Apr 28 2014,RNA,1.0,AZ GENE EXPRESSION,Homo sapiens,cell line: NCIH1650,GPL570,United Kingdom,AstraZeneca,GSE57083,GSE57083_series_matrix.txt.gz,NCIH1650,adenocarcinoma; bronchoalveolar carcinoma,Lung,CVCL_1483,NCI-H1650,Cello GEO GSM,ncih1650
GSM1374704,GSM1374704,H1651 B nsclc rpt,Public on Apr 28 2014,Apr 25 2014,Apr 28 2014,RNA,1.0,AZ GENE EXPRESSION,Homo sapiens,cell line: NCIH1651,GPL570,United Kingdom,AstraZeneca,GSE57083,GSE57083_series_matrix.txt.gz,NCIH1651,adenocarcinoma; non-small cell lung cancer,Lung,CVCL_1484,NCI-H1651,Cello GEO GSM,ncih1651
GSM1374705,GSM1374705,H1666 ap150606,Public on Apr 28 2014,Apr 25 2014,Apr 28 2014,RNA,1.0,AZ GENE EXPRESSION,Homo sapiens,cell line: NCIH1666,GPL570,United Kingdom,AstraZeneca,GSE57083,GSE57083_series_matrix.txt.gz,NCIH1666,adenocarcinoma; bronchoalveolar carcinoma,Lung,CVCL_1485,NCI-H1666,Cello GEO GSM,ncih1666
GSM1374706,GSM1374706,Bx056_05 HG2,Public on Apr 28 2014,Apr 25 2014,Apr 28 2014,RNA,1.0,AZ GENE EXPRESSION,Homo sapiens,cell line: NCIH1703,GPL570,United Kingdom,AstraZeneca,GSE57083,GSE57083_series_matrix.txt.gz,NCIH1703,squamous cell; adenocarcinoma; non-small cell lung cancer,Lung,CVCL_1490,NCI-H1703,Cello GEO GSM,ncih1703
GSM1374707,GSM1374707,H1703 A nsclc rpt,Public on Apr 28 2014,Apr 25 2014,Apr 28 2014,RNA,1.0,AZ GENE EXPRESSION,Homo sapiens,cell line: NCIH1703,GPL570,United Kingdom,AstraZeneca,GSE57083,GSE57083_series_matrix.txt.gz,NCIH1703,adenocarcinoma; non-small cell lung cancer,Lung,CVCL_1490,NCI-H1703,Cello GEO GSM,ncih1703
GSM1374708,GSM1374708,H1734 nsclc rpt,Public on Apr 28 2014,Apr 25 2014,Apr 28 2014,RNA,1.0,AZ GENE EXPRESSION,Homo sapiens,cell line: NCIH1734,GPL570,United Kingdom,AstraZeneca,GSE57083,GSE57083_series_matrix.txt.gz,NCIH1734,adenocarcinoma; non-small cell lung cancer,Lung,CVCL_1491,NCI-H1734,Cello GEO GSM,ncih1734
GSM1374709,GSM1374709,Bx051b_084 HG2,Public on Apr 28 2014,Apr 25 2014,Apr 28 2014,RNA,1.0,Kudos 95 Cell Panel,Homo sapiens,cell line: NCIH1755,GPL570,United Kingdom,AstraZeneca,GSE57083,GSE57083_series_matrix.txt.gz,NCIH1755,adenocarcinoma; non-small cell lung cancer,Lung,CVCL_1492,NCI-H1755,Cello GEO GSM,ncih1755
GSM1374710,GSM1374710,NCI-1781 ap071105,Public on Apr 28 2014,Apr 25 2014,Apr 28 2014,RNA,1.0,AZ GENE EXPRESSION,Homo sapiens,cell line: NCIH1781,GPL570,United Kingdom,AstraZeneca,GSE57083,GSE57083_series_matrix.txt.gz,NCIH1781,adenocarcinoma; bronchoalveolar carcinoma,Lung,CVCL_1494,NCI-H1781,Cello GEO GSM,ncih1781
GSM1374711,GSM1374711,NCI-H1793,Public on Apr 28 2014,Apr 25 2014,Apr 28 2014,RNA,1.0,AZ GENE EXPRESSION,Homo sapiens,cell line: NCIH1793,GPL570,United Kingdom,AstraZeneca,GSE57083,GSE57083_series_matrix.txt.gz,NCIH1793,adenocarcinoma; non-small cell lung cancer,Lung,CVCL_1496,NCI-H1793,Cello GEO GSM,ncih1793
GSM1374712,GSM1374712,Bx051b_061 HG2,Public on Apr 28 2014,Apr 25 2014,Apr 28 2014,RNA,1.0,Kudos 95 Cell Panel,Homo sapiens,cell line: NCIH1838,GPL570,United Kingdom,AstraZeneca,GSE57083,GSE57083_series_matrix.txt.gz,NCIH1838,adenocarcinoma; non-small cell lung cancer,Lung,CVCL_1499,NCI-H1838,Cello GEO GSM,ncih1838
GSM1374713,GSM1374713,H1838 A nsclc rpt,Public on Apr 28 2014,Apr 25 2014,Apr 28 2014,RNA,1.0,AZ GENE EXPRESSION,Homo sapiens,cell line: NCIH1838,GPL570,United Kingdom,AstraZeneca,GSE57083,GSE57083_series_matrix.txt.gz,NCIH1838,adenocarcinoma; non-small cell lung cancer,Lung,CVCL_1499,NCI-H1838,Cello GEO GSM,ncih1838
GSM1374714,GSM1374714,H1563 x nsclc rpt,Public on Apr 28 2014,Apr 25 2014,Apr 28 2014,RNA,1.0,AZ GENE EXPRESSION,Homo sapiens,cell line: NCIH1869,GPL570,United Kingdom,AstraZeneca,GSE57083,GSE57083_series_matrix.txt.gz,NCIH1869,adenocarcinoma; non-small cell lung cancer,Lung,CVCL_1500,NCI-H1869,Cello GEO GSM,ncih1869
GSM1374715,GSM1374715,H1869 (AP) nsclc rpt,Public on Apr 28 2014,Apr 25 2014,Apr 28 2014,RNA,1.0,AZ GENE EXPRESSION,Homo sapiens,cell line: NCIH1869,GPL570,United Kingdom,AstraZeneca,GSE57083,GSE57083_series_matrix.txt.gz,NCIH1869,non-small cell lung cancer,Lung,CVCL_1500,NCI-H1869,Cello GEO GSM,ncih1869
GSM1374716,GSM1374716,H1975 x nsclc rpt,Public on Apr 28 2014,Apr 25 2014,Apr 28 2014,RNA,1.0,AZ GENE EXPRESSION,Homo sapiens,cell line: NCIH1975,GPL570,United Kingdom,AstraZeneca,GSE57083,GSE57083_series_matrix.txt.gz,NCIH1975,adenocarcinoma; non-small cell lung cancer,Lung,CVCL_1511,NCI-H1975,Cello GEO GSM,ncih1975
GSM1374717,GSM1374717,H2030 GB P1 A NSCLC rpt,Public on Apr 28 2014,Apr 25 2014,Apr 28 2014,RNA,1.0,AZ GENE EXPRESSION,Homo sapiens,cell line: NCIH2030,GPL570,United Kingdom,AstraZeneca,GSE57083,GSE57083_series_matrix.txt.gz,NCIH2030,adenocarcinoma; non-small cell lung cancer Derived from metastatic site: lymph node,Lung,CVCL_1517,NCI-H2030,Cello GEO GSM,ncih2030
GSM1374718,GSM1374718,SB11016-2_D4S1C0052R_(HG-U133_Plus_2),Public on Apr 28 2014,Apr 25 2014,Apr 28 2014,RNA,1.0,AZ GENE EXPRESSION,Homo sapiens,cell line: NCIH2066,GPL570,United Kingdom,AstraZeneca,GSE57083,GSE57083_series_matrix.txt.gz,NCIH2066,SqLC,Lung,CVCL_1520,NCI-H2066,Cello GEO GSM,ncih2066
GSM1374719,GSM1374719,H2073 x NSCLC rpt,Public on Apr 28 2014,Apr 25 2014,Apr 28 2014,RNA,1.0,AZ GENE EXPRESSION,Homo sapiens,cell line: NCIH2073,GPL570,United Kingdom,AstraZeneca,GSE57083,GSE57083_series_matrix.txt.gz,NCIH2073,adenocarcinoma; non-small cell lung cancer,Lung,CVCL_1521,NCI-H2073,Cello GEO GSM,ncih2073
GSM1374720,GSM1374720,H2085 r2,Public on Apr 28 2014,Apr 25 2014,Apr 28 2014,RNA,1.0,AZ GENE EXPRESSION,Homo sapiens,cell line: NCIH2085,GPL570,United Kingdom,AstraZeneca,GSE57083,GSE57083_series_matrix.txt.gz,NCIH2085,adenocarcinoma; non-small cell lung cancer,Lung,CVCL_1523,NCI-H2085,Cello GEO GSM,ncih2085
GSM1374721,GSM1374721,Bx056_02 HG2,Public on Apr 28 2014,Apr 25 2014,Apr 28 2014,RNA,1.0,AZ GENE EXPRESSION,Homo sapiens,cell line: NCIH209,GPL570,United Kingdom,AstraZeneca,GSE57083,GSE57083_series_matrix.txt.gz,NCIH209,small cell lung cancer; carcinoma,Lung,CVCL_1525,NCI-H209,Cello GEO GSM,ncih209
GSM1374722,GSM1374722,H2122 r2,Public on Apr 28 2014,Apr 25 2014,Apr 28 2014,RNA,1.0,AZ GENE EXPRESSION,Homo sapiens,cell line: NCIH2122,GPL570,United Kingdom,AstraZeneca,GSE57083,GSE57083_series_matrix.txt.gz,NCIH2122,adenocarcinoma; non-small cell lung cancer,Lung,CVCL_1531,NCI-H2122,Cello GEO GSM,ncih2122
GSM1374723,GSM1374723,NCI-H2122,Public on Apr 28 2014,Apr 25 2014,Apr 28 2014,RNA,1.0,AZ GENE EXPRESSION,Homo sapiens,cell line: NCIH2122,GPL570,United Kingdom,AstraZeneca,GSE57083,GSE57083_series_matrix.txt.gz,NCIH2122,adenocarcinoma; non-small cell lung cancer,Lung,CVCL_1531,NCI-H2122,Cello GEO GSM,ncih2122
GSM1374724,GSM1374724,H2126 r2,Public on Apr 28 2014,Apr 25 2014,Apr 28 2014,RNA,1.0,AZ GENE EXPRESSION,Homo sapiens,cell line: NCIH2126,GPL570,United Kingdom,AstraZeneca,GSE57083,GSE57083_series_matrix.txt.gz,NCIH2126,adenocarcinoma; non-small cell lung cancer,Lung,CVCL_1532,NCI-H2126,Cello GEO GSM,ncih2126
GSM1374725,GSM1374725,H2135 x nsclc rpt,Public on Apr 28 2014,Apr 25 2014,Apr 28 2014,RNA,1.0,AZ GENE EXPRESSION,Homo sapiens,cell line: NCIH2135,GPL570,United Kingdom,AstraZeneca,GSE57083,GSE57083_series_matrix.txt.gz,NCIH2135,non-small cell lung cancer,Lung,CVCL_1533,NCI-H2135,Cello GEO GSM,ncih2135
GSM1374726,GSM1374726,H2172,Public on Apr 28 2014,Apr 25 2014,Apr 28 2014,RNA,1.0,AZ GENE EXPRESSION,Homo sapiens,cell line: NCIH2172,GPL570,United Kingdom,AstraZeneca,GSE57083,GSE57083_series_matrix.txt.gz,NCIH2172,non-small cell lung cancer,Lung,CVCL_1537,NCI-H2172,Cello GEO GSM,ncih2172
GSM1374727,GSM1374727,H2228 x nsclc rpt,Public on Apr 28 2014,Apr 25 2014,Apr 28 2014,RNA,1.0,AZ GENE EXPRESSION,Homo sapiens,cell line: NCIH2228,GPL570,United Kingdom,AstraZeneca,GSE57083,GSE57083_series_matrix.txt.gz,NCIH2228,adenocarcinoma; non-small cell lung cancer,Lung,CVCL_1543,NCI-H2228,Cello GEO GSM,ncih2228
GSM1374728,GSM1374728,Bx051b_028 HG2,Public on Apr 28 2014,Apr 25 2014,Apr 28 2014,RNA,1.0,Kudos 95 Cell Panel,Homo sapiens,cell line: NCIH226,GPL570,United Kingdom,AstraZeneca,GSE57083,GSE57083_series_matrix.txt.gz,NCIH226,squamous cell carcinoma; mesothelioma,Lung,CVCL_1544,NCI-H226,Cello GEO GSM,ncih226
GSM1374729,GSM1374729,Bx056_04 HG2,Public on Apr 28 2014,Apr 25 2014,Apr 28 2014,RNA,1.0,AZ GENE EXPRESSION,Homo sapiens,cell line: NCIH226,GPL570,United Kingdom,AstraZeneca,GSE57083,GSE57083_series_matrix.txt.gz,NCIH226,squamous cell carcinoma; mesothelioma,Lung,CVCL_1544,NCI-H226,Cello GEO GSM,ncih226
GSM1374730,GSM1374730,NCI-H226 ghp030206,Public on Apr 28 2014,Apr 25 2014,Apr 28 2014,RNA,1.0,AZ GENE EXPRESSION,Homo sapiens,cell line: NCIH226,GPL570,United Kingdom,AstraZeneca,GSE57083,GSE57083_series_matrix.txt.gz,NCIH226,squamous cell carcinoma; mesothelioma [23570] Derived from metastatic site: pleural effusion,Lung,CVCL_1544,NCI-H226,Cello GEO GSM,ncih226
GSM1374731,GSM1374731,SB11016-2_D4S1C0053R_(HG-U133_Plus_2),Public on Apr 28 2014,Apr 25 2014,Apr 28 2014,RNA,1.0,AZ GENE EXPRESSION,Homo sapiens,cell line: NCIH2286,GPL570,United Kingdom,AstraZeneca,GSE57083,GSE57083_series_matrix.txt.gz,NCIH2286,SqLC,Lung,CVCL_1545,NCI-H2286,Cello GEO GSM,ncih2286
GSM1374732,GSM1374732,H2291 x r2,Public on Apr 28 2014,Apr 25 2014,Apr 28 2014,RNA,1.0,AZ GENE EXPRESSION,Homo sapiens,cell line: NCIH2291,GPL570,United Kingdom,AstraZeneca,GSE57083,GSE57083_series_matrix.txt.gz,NCIH2291,adenocarcinoma; non-small cell lung cancer Derived from metastatic site: lymph node,Lung,CVCL_1546,NCI-H2291,Cello GEO GSM,ncih2291
GSM1374733,GSM1374733,Bx051b_025 HG2,Public on Apr 28 2014,Apr 25 2014,Apr 28 2014,RNA,1.0,Kudos 95 Cell Panel,Homo sapiens,cell line: NCIH23,GPL570,United Kingdom,AstraZeneca,GSE57083,GSE57083_series_matrix.txt.gz,NCIH23,adenocarcinoma; non-small cell lung cancer,Lung,CVCL_1547,NCI-H23,Cello GEO GSM,ncih23
GSM1374734,GSM1374734,H23,Public on Apr 28 2014,Apr 25 2014,Apr 28 2014,RNA,1.0,AZ GENE EXPRESSION,Homo sapiens,cell line: NCIH23,GPL570,United Kingdom,AstraZeneca,GSE57083,GSE57083_series_matrix.txt.gz,NCIH23,adenocarcinoma; non-small cell lung cancer,Lung,CVCL_1547,NCI-H23,Cello GEO GSM,ncih23
GSM1374735,GSM1374735,H23 nsclc rpt,Public on Apr 28 2014,Apr 25 2014,Apr 28 2014,RNA,1.0,AZ GENE EXPRESSION,Homo sapiens,cell line: NCIH23,GPL570,United Kingdom,AstraZeneca,GSE57083,GSE57083_series_matrix.txt.gz,NCIH23,adenocarcinoma; non-small cell lung cancer,Lung,CVCL_1547,NCI-H23,Cello GEO GSM,ncih23
GSM1374736,GSM1374736,H2342 (AP) NSCLC rpt,Public on Apr 28 2014,Apr 25 2014,Apr 28 2014,RNA,1.0,AZ GENE EXPRESSION,Homo sapiens,cell line: NCIH2342,GPL570,United Kingdom,AstraZeneca,GSE57083,GSE57083_series_matrix.txt.gz,NCIH2342,adenocarcinoma; non-small cell lung cancer,Lung,CVCL_1549,NCI-H2342,Cello GEO GSM,ncih2342
GSM1374737,GSM1374737,H2347 nsclc rpt,Public on Apr 28 2014,Apr 25 2014,Apr 28 2014,RNA,1.0,AZ GENE EXPRESSION,Homo sapiens,cell line: NCIH2347,GPL570,United Kingdom,AstraZeneca,GSE57083,GSE57083_series_matrix.txt.gz,NCIH2347,adenocarcinoma; non-small cell lung cancer,Lung,CVCL_1550,NCI-H2347,Cello GEO GSM,ncih2347
GSM1374738,GSM1374738,H2444,Public on Apr 28 2014,Apr 25 2014,Apr 28 2014,RNA,1.0,AZ GENE EXPRESSION,Homo sapiens,cell line: NCIH2444,GPL570,United Kingdom,AstraZeneca,GSE57083,GSE57083_series_matrix.txt.gz,NCIH2444,non-small cell lung cancer,Lung,CVCL_1552,NCI-H2444,Cello GEO GSM,ncih2444
GSM1374739,GSM1374739,EA10068_203563_HG-U133_PLUS_2_H3122-P,Public on Apr 28 2014,Apr 25 2014,Apr 28 2014,RNA,1.0,AZ GENE EXPRESSION,Homo sapiens,cell line: NCIH3122,GPL570,United Kingdom,AstraZeneca,GSE57083,GSE57083_series_matrix.txt.gz,NCIH3122,NSCLC,Lung,CVCL_5160,NCI-H3122,Cello GEO GSM,ncih3122
GSM1374740,GSM1374740,EA10068_203564_HG-U133_PLUS_2_H3122-CR,Public on Apr 28 2014,Apr 25 2014,Apr 28 2014,RNA,1.0,AZ GENE EXPRESSION,Homo sapiens,cell line: NCIH3122,GPL570,United Kingdom,AstraZeneca,GSE57083,GSE57083_series_matrix.txt.gz,NCIH3122,NSCLC,Lung,CVCL_5160,NCI-H3122,Cello GEO GSM,ncih3122
GSM1374741,GSM1374741,NCI-H322 r2,Public on Apr 28 2014,Apr 25 2014,Apr 28 2014,RNA,1.0,AZ GENE EXPRESSION,Homo sapiens,cell line: NCIH322,GPL570,United Kingdom,AstraZeneca,GSE57083,GSE57083_series_matrix.txt.gz,NCIH322,Lung Carcinoma,Lung,CVCL_1556,NCI-H322,Cello GEO GSM,ncih322
GSM1374742,GSM1374742,Bx051b_001 HG2,Public on Apr 28 2014,Apr 25 2014,Apr 28 2014,RNA,1.0,Kudos 95 Cell Panel,Homo sapiens,cell line: NCIH322M,GPL570,United Kingdom,AstraZeneca,GSE57083,GSE57083_series_matrix.txt.gz,NCIH322M,bronchioloalveolar adenocarcinoma,Lung,CVCL_1557,NCI-H322M,Cello match alphanum,ncih322m
GSM1374743,GSM1374743,H3255 ap150606,Public on Apr 28 2014,Apr 25 2014,Apr 28 2014,RNA,1.0,AZ GENE EXPRESSION,Homo sapiens,cell line: NCIH3255,GPL570,United Kingdom,AstraZeneca,GSE57083,GSE57083_series_matrix.txt.gz,NCIH3255,Adenocarcinoma,Lung,CVCL_6831,NCI-H3255,Cello GEO GSM,ncih3255
GSM1374744,GSM1374744,H358 r2,Public on Apr 28 2014,Apr 25 2014,Apr 28 2014,RNA,1.0,AZ GENE EXPRESSION,Homo sapiens,cell line: NCIH358,GPL570,United Kingdom,AstraZeneca,GSE57083,GSE57083_series_matrix.txt.gz,NCIH358,bronchioalveolar carcinoma; non-small cell lung cancer,Lung,CVCL_1559,NCI-H358,Cello GEO GSM,ncih358
GSM1374745,GSM1374745,SB11016-2_D4S1C0049R_(HG-U133_Plus_2),Public on Apr 28 2014,Apr 25 2014,Apr 28 2014,RNA,1.0,AZ GENE EXPRESSION,Homo sapiens,cell line: NCIH366,GPL570,United Kingdom,AstraZeneca,GSE57083,GSE57083_series_matrix.txt.gz,NCIH366,SqLC,Lung,,,,ncih366
GSM1374746,GSM1374746,Bx051b_012 HG2,Public on Apr 28 2014,Apr 25 2014,Apr 28 2014,RNA,1.0,Kudos 95 Cell Panel,Homo sapiens,cell line: NCIH460,GPL570,United Kingdom,AstraZeneca,GSE57083,GSE57083_series_matrix.txt.gz,NCIH460,carcinoma; large cell lung cancer,Lung,CVCL_0459,NCI-H460,Cello GEO GSM,ncih460
GSM1374747,GSM1374747,NCI-H460,Public on Apr 28 2014,Apr 25 2014,Apr 28 2014,RNA,1.0,AZ GENE EXPRESSION,Homo sapiens,cell line: NCIH460,GPL570,United Kingdom,AstraZeneca,GSE57083,GSE57083_series_matrix.txt.gz,NCIH460,carcinoma; large cell lung cancer Derived from metastatic site: pleural effusion,Lung,CVCL_0459,NCI-H460,Cello GEO GSM,ncih460
GSM1374748,GSM1374748,NCI-H460 r2,Public on Apr 28 2014,Apr 25 2014,Apr 28 2014,RNA,1.0,AZ GENE EXPRESSION,Homo sapiens,cell line: NCIH460,GPL570,United Kingdom,AstraZeneca,GSE57083,GSE57083_series_matrix.txt.gz,NCIH460,carcinoma; large cell lung cancer Derived from metastatic site: pleural effusion,Lung,CVCL_0459,NCI-H460,Cello GEO GSM,ncih460
GSM1374749,GSM1374749,NCI-H460 dn p53,Public on Apr 28 2014,Apr 25 2014,Apr 28 2014,RNA,1.0,AZ GENE EXPRESSION,Homo sapiens,cell line: NCIH460DNP53,GPL570,United Kingdom,AstraZeneca,GSE57083,GSE57083_series_matrix.txt.gz,NCIH460DNP53,carcinoma; large cell lung cancer Derived from metastatic site: pleural effusion,Lung,,,,ncih460dnp53
GSM1374750,GSM1374750,NCI-H520 ghp030206,Public on Apr 28 2014,Apr 25 2014,Apr 28 2014,RNA,1.0,AZ GENE EXPRESSION,Homo sapiens,cell line: NCIH520,GPL570,United Kingdom,AstraZeneca,GSE57083,GSE57083_series_matrix.txt.gz,NCIH520,Carcinoma,Lung,CVCL_1566,NCI-H520,Cello GEO GSM,ncih520
GSM1374751,GSM1374751,Bx051b_031 HG2,Public on Apr 28 2014,Apr 25 2014,Apr 28 2014,RNA,1.0,Kudos 95 Cell Panel,Homo sapiens,cell line: NCIH522,GPL570,United Kingdom,AstraZeneca,GSE57083,GSE57083_series_matrix.txt.gz,NCIH522,adenocarcinoma; non-small cell lung cancer,Lung,CVCL_1567,NCI-H522,Cello GEO GSM,ncih522
GSM1374752,GSM1374752,H522 r2,Public on Apr 28 2014,Apr 25 2014,Apr 28 2014,RNA,1.0,AZ GENE EXPRESSION,Homo sapiens,cell line: NCIH522,GPL570,United Kingdom,AstraZeneca,GSE57083,GSE57083_series_matrix.txt.gz,NCIH522,adenocarcinoma; non-small cell lung cancer,Lung,CVCL_1567,NCI-H522,Cello GEO GSM,ncih522
GSM1374753,GSM1374753,NCI-H522,Public on Apr 28 2014,Apr 25 2014,Apr 28 2014,RNA,1.0,AZ GENE EXPRESSION,Homo sapiens,cell line: NCIH522,GPL570,United Kingdom,AstraZeneca,GSE57083,GSE57083_series_matrix.txt.gz,NCIH522,adenocarcinoma; non-small cell lung cancer,Lung,CVCL_1567,NCI-H522,Cello GEO GSM,ncih522
GSM1374754,GSM1374754,Bx056_01 HG2,Public on Apr 28 2014,Apr 25 2014,Apr 28 2014,RNA,1.0,AZ GENE EXPRESSION,Homo sapiens,cell line: NCIH526,GPL570,United Kingdom,AstraZeneca,GSE57083,GSE57083_series_matrix.txt.gz,NCIH526,variant small cell lung cancer; carcinoma,Lung,CVCL_1569,NCI-H526,Cello GEO GSM,ncih526
GSM1374755,GSM1374755,Bx042-038,Public on Apr 28 2014,Apr 25 2014,Apr 28 2014,RNA,1.0,AZ GENE EXPRESSION,Homo sapiens,cell line: NCIH548,GPL570,United Kingdom,AstraZeneca,GSE57083,GSE57083_series_matrix.txt.gz,NCIH548,colorectal adenocarcinoma,Colon,CVCL_1570,NCIH548,Cello Cell line Synonym,ncih548
GSM1374756,GSM1374756,Bx056_06 HG2,Public on Apr 28 2014,Apr 25 2014,Apr 28 2014,RNA,1.0,AZ GENE EXPRESSION,Homo sapiens,cell line: NCIH596,GPL570,United Kingdom,AstraZeneca,GSE57083,GSE57083_series_matrix.txt.gz,NCIH596,adenosquamous carcinoma,Lung,CVCL_1571,NCI-H596,Cello GEO GSM,ncih596
GSM1374757,GSM1374757,NCI-H596 ghp030206,Public on Apr 28 2014,Apr 25 2014,Apr 28 2014,RNA,1.0,AZ GENE EXPRESSION,Homo sapiens,cell line: NCIH596,GPL570,United Kingdom,AstraZeneca,GSE57083,GSE57083_series_matrix.txt.gz,NCIH596,adenosquamous carcinoma,Lung,CVCL_1571,NCI-H596,Cello GEO GSM,ncih596
GSM1374758,GSM1374758,H647 r2,Public on Apr 28 2014,Apr 25 2014,Apr 28 2014,RNA,1.0,AZ GENE EXPRESSION,Homo sapiens,cell line: NCIH647,GPL570,United Kingdom,AstraZeneca,GSE57083,GSE57083_series_matrix.txt.gz,NCIH647,adenosquamous carcinoma; non-small cell lung cancer,Lung,CVCL_1574,NCI-H647,Cello GEO GSM,ncih647
GSM1374759,GSM1374759,Bx042-039,Public on Apr 28 2014,Apr 25 2014,Apr 28 2014,RNA,1.0,AZ GENE EXPRESSION,Homo sapiens,cell line: NCIH716,GPL570,United Kingdom,AstraZeneca,GSE57083,GSE57083_series_matrix.txt.gz,NCIH716,colorectal adenocarcinoma,Colon,CVCL_1581,NCI-H716,Cello GEO GSM,ncih716
GSM1374760,GSM1374760,H727 NSCLC rpt,Public on Apr 28 2014,Apr 25 2014,Apr 28 2014,RNA,1.0,AZ GENE EXPRESSION,Homo sapiens,cell line: NCIH727,GPL570,United Kingdom,AstraZeneca,GSE57083,GSE57083_series_matrix.txt.gz,NCIH727,carcinoid,Lung,CVCL_1584,NCI-H727,Cello GEO GSM,ncih727
GSM1374761,GSM1374761,EA08073_86096_BX062-08,Public on Apr 28 2014,Apr 25 2014,Apr 28 2014,RNA,1.0,AZ GENE EXPRESSION,Homo sapiens,cell line: NCIH747,GPL570,United Kingdom,AstraZeneca,GSE57083,GSE57083_series_matrix.txt.gz,NCIH747,,Colon,CVCL_1587,NCIH747,Cello Cell line Synonym,ncih747
GSM1374762,GSM1374762,Bx051b_094 HG2,Public on Apr 28 2014,Apr 25 2014,Apr 28 2014,RNA,1.0,Kudos 95 Cell Panel,Homo sapiens,cell line: NCIH810,GPL570,United Kingdom,AstraZeneca,GSE57083,GSE57083_series_matrix.txt.gz,NCIH810,carcinoma; non-small cell lung cancer,Lung,CVCL_1590,NCI-H810,Cello GEO GSM,ncih810
GSM1374763,GSM1374763,H-810 re-hyb,Public on Apr 28 2014,Apr 25 2014,Apr 28 2014,RNA,1.0,AZ GENE EXPRESSION,Homo sapiens,cell line: NCIH810,GPL570,United Kingdom,AstraZeneca,GSE57083,GSE57083_series_matrix.txt.gz,NCIH810,carcinoma; non-small cell lung cancer,Lung,CVCL_1590,NCI-H810,Cello GEO GSM,ncih810
GSM1374764,GSM1374764,NCI-H82 ghp030206,Public on Apr 28 2014,Apr 25 2014,Apr 28 2014,RNA,1.0,AZ GENE EXPRESSION,Homo sapiens,cell line: NCIH82,GPL570,United Kingdom,AstraZeneca,GSE57083,GSE57083_series_matrix.txt.gz,NCIH82,carcinoma; small cell lung cancer Derived from metastatic site: pleural effusion,Lung,CVCL_1591,NCI-H82,Cello GEO GSM,ncih82
GSM1374765,GSM1374765,H838 ap150606,Public on Apr 28 2014,Apr 25 2014,Apr 28 2014,RNA,1.0,AZ GENE EXPRESSION,Homo sapiens,cell line: NCIH838,GPL570,United Kingdom,AstraZeneca,GSE57083,GSE57083_series_matrix.txt.gz,NCIH838,Adenocarcinoma,Lung,CVCL_1594,NCI-H838,Cello GEO GSM,ncih838
GSM1374766,GSM1374766,NCI-H838 ghp030206,Public on Apr 28 2014,Apr 25 2014,Apr 28 2014,RNA,1.0,AZ GENE EXPRESSION,Homo sapiens,cell line: NCIH838,GPL570,United Kingdom,AstraZeneca,GSE57083,GSE57083_series_matrix.txt.gz,NCIH838,Adenocarcinoma,Lung,CVCL_1594,NCI-H838,Cello GEO GSM,ncih838
GSM1374767,GSM1374767,NCLH929 ghp280606,Public on Apr 28 2014,Apr 25 2014,Apr 28 2014,RNA,1.0,AZ GENE EXPRESSION,Homo sapiens,cell line: NCIH929,GPL570,United Kingdom,AstraZeneca,GSE57083,GSE57083_series_matrix.txt.gz,NCIH929,Myeloma,Hematopoietic System,CVCL_1600,NCI-H929,Cello GEO GSM,ncih929
GSM1374768,GSM1374768,Bx056_10 HG2,Public on Apr 28 2014,Apr 25 2014,Apr 28 2014,RNA,1.0,AZ GENE EXPRESSION,Homo sapiens,cell line: NCIN87,GPL570,United Kingdom,AstraZeneca,GSE57083,GSE57083_series_matrix.txt.gz,NCIN87,gastric carcinoma,Stomach,CVCL_1603,NCI-N87,Cello GEO GSM,ncin87
GSM1374769,GSM1374769,NCI-87 ap071105,Public on Apr 28 2014,Apr 25 2014,Apr 28 2014,RNA,1.0,AZ GENE EXPRESSION,Homo sapiens,cell line: NCIN87,GPL570,United Kingdom,AstraZeneca,GSE57083,GSE57083_series_matrix.txt.gz,NCIN87,gastric carcinoma,Stomach,CVCL_1603,NCI-N87,Cello GEO GSM,ncin87
GSM1374770,GSM1374770,SBCG2008008-S2,Public on Apr 28 2014,Apr 25 2014,Apr 28 2014,RNA,1.0,AZ GENE EXPRESSION,Homo sapiens,cell line: NCIN87,GPL570,United Kingdom,AstraZeneca,GSE57083,GSE57083_series_matrix.txt.gz,NCIN87,Gastric Cancer,Stomach,CVCL_1603,NCI-N87,Cello GEO GSM,ncin87
GSM1374771,GSM1374771,Bx051b_006 HG2,Public on Apr 28 2014,Apr 25 2014,Apr 28 2014,RNA,1.0,Kudos 95 Cell Panel,Homo sapiens,cell line: NIHOVCAR3,GPL570,United Kingdom,AstraZeneca,GSE57083,GSE57083_series_matrix.txt.gz,NIHOVCAR3,adenocarcinoma,Ovary,CVCL_0465,OVCAR-3,Cello GEO GSM,nihovcar3
GSM1374772,GSM1374772,OVCAR3 ap121105,Public on Apr 28 2014,Apr 25 2014,Apr 28 2014,RNA,1.0,AZ GENE EXPRESSION,Homo sapiens,cell line: NIHOVCAR3,GPL570,United Kingdom,AstraZeneca,GSE57083,GSE57083_series_matrix.txt.gz,NIHOVCAR3,adenocarcinoma,Ovary,CVCL_0465,OVCAR-3,Cello GEO GSM,nihovcar3
GSM1374773,GSM1374773,OVCAR3 ghp101105,Public on Apr 28 2014,Apr 25 2014,Apr 28 2014,RNA,1.0,AZ GENE EXPRESSION,Homo sapiens,cell line: NIHOVCAR3,GPL570,United Kingdom,AstraZeneca,GSE57083,GSE57083_series_matrix.txt.gz,NIHOVCAR3,adenocarcinoma,Ovary,CVCL_0465,OVCAR-3,Cello GEO GSM,nihovcar3
GSM1374774,GSM1374774,Bx030_007 HG2,Public on Apr 28 2014,Apr 25 2014,Apr 28 2014,RNA,1.0,AZ GENE EXPRESSION,Homo sapiens,cell line: NOMO1,GPL570,United Kingdom,AstraZeneca,GSE57083,GSE57083_series_matrix.txt.gz,NOMO1,,Hematopoietic System,CVCL_1609,NOMO-1,Cello GEO GSM,nomo1
GSM1374775,GSM1374775,EA10068_203561_HG-U133_PLUS_2_NU-DHL-1,Public on Apr 28 2014,Apr 25 2014,Apr 28 2014,RNA,1.0,AZ GENE EXPRESSION,Homo sapiens,cell line: NUDHL1,GPL570,United Kingdom,AstraZeneca,GSE57083,GSE57083_series_matrix.txt.gz,NUDHL1,DLBCL,Hematopoietic System,CVCL_1876,NU-DHL-1,Cello GEO GSM,nudhl1
GSM1374776,GSM1374776,SBCG2008008-D1S1CO037R,Public on Apr 28 2014,Apr 25 2014,Apr 28 2014,RNA,1.0,AZ GENE EXPRESSION,Homo sapiens,cell line: NUGC3,GPL570,United Kingdom,AstraZeneca,GSE57083,GSE57083_series_matrix.txt.gz,NUGC3,Gastric Cancer,Stomach,CVCL_1612,NUGC-3,Cello GEO GSM,nugc3
GSM1374777,GSM1374777,SBCG2008008-D1S1CO24R,Public on Apr 28 2014,Apr 25 2014,Apr 28 2014,RNA,1.0,AZ GENE EXPRESSION,Homo sapiens,cell line: NUGC4,GPL570,United Kingdom,AstraZeneca,GSE57083,GSE57083_series_matrix.txt.gz,NUGC4,Gastric Cancer,Stomach,CVCL_3082,NUGC-4,Cello GEO GSM,nugc4
GSM1374778,GSM1374778,Bx051b_099 HG2,Public on Apr 28 2014,Apr 25 2014,Apr 28 2014,RNA,1.0,Kudos 95 Cell Panel,Homo sapiens,cell line: OAW28,GPL570,United Kingdom,AstraZeneca,GSE57083,GSE57083_series_matrix.txt.gz,OAW28,ovarian cystadenocarcinoma,Ovary,CVCL_1614,OAW28,Cello Cell line Name,oaw28
GSM1374779,GSM1374779,Bx051b_085 HG2,Public on Apr 28 2014,Apr 25 2014,Apr 28 2014,RNA,1.0,Kudos 95 Cell Panel,Homo sapiens,cell line: OAW42,GPL570,United Kingdom,AstraZeneca,GSE57083,GSE57083_series_matrix.txt.gz,OAW42,ovarian cystadenocarcinoma,Ovary,CVCL_1615,OAW42,Cello Cell line Name,oaw42
GSM1374780,GSM1374780,Bx030_002 HG2,Public on Apr 28 2014,Apr 25 2014,Apr 28 2014,RNA,1.0,AZ GENE EXPRESSION,Homo sapiens,cell line: OCIAML2,GPL570,United Kingdom,AstraZeneca,GSE57083,GSE57083_series_matrix.txt.gz,OCIAML2,,Hematopoietic System,CVCL_1619,OCI-AML-2,Cello GEO GSM,ociaml2
GSM1374781,GSM1374781,Bx030_027 HG2,Public on Apr 28 2014,Apr 25 2014,Apr 28 2014,RNA,1.0,AZ GENE EXPRESSION,Homo sapiens,cell line: OCIAML5,GPL570,United Kingdom,AstraZeneca,GSE57083,GSE57083_series_matrix.txt.gz,OCIAML5,,Hematopoietic System,CVCL_1620,OCI-AML-5,Cello GEO GSM,ociaml5
GSM1374782,GSM1374782,OCI-AML5 ghp280606,Public on Apr 28 2014,Apr 25 2014,Apr 28 2014,RNA,1.0,AZ GENE EXPRESSION,Homo sapiens,cell line: OCIAML5,GPL570,United Kingdom,AstraZeneca,GSE57083,GSE57083_series_matrix.txt.gz,OCIAML5,AML (Acute Myeloid Leukemia),Hematopoietic System,CVCL_1620,OCI-AML-5,Cello GEO GSM,ociaml5
GSM1374783,GSM1374783,EA08079_89046_OCI-LY1,Public on Apr 28 2014,Apr 25 2014,Apr 28 2014,RNA,1.0,AZ GENE EXPRESSION,Homo sapiens,cell line: OCILY1,GPL570,United Kingdom,AstraZeneca,GSE57083,GSE57083_series_matrix.txt.gz,OCILY1,,Hematopoietic System,CVCL_1879,OCI-Ly1,Cello match alphanum,ocily1
GSM1374784,GSM1374784,EA08079_89047_OCI-LY10,Public on Apr 28 2014,Apr 25 2014,Apr 28 2014,RNA,1.0,AZ GENE EXPRESSION,Homo sapiens,cell line: OCILY10,GPL570,United Kingdom,AstraZeneca,GSE57083,GSE57083_series_matrix.txt.gz,OCILY10,,Hematopoietic System,CVCL_8795,OCI-Ly10,Cello GEO GSM,ocily10
GSM1374785,GSM1374785,EA08079_89048_OCI-LY18,Public on Apr 28 2014,Apr 25 2014,Apr 28 2014,RNA,1.0,AZ GENE EXPRESSION,Homo sapiens,cell line: OCILY18,GPL570,United Kingdom,AstraZeneca,GSE57083,GSE57083_series_matrix.txt.gz,OCILY18,,Hematopoietic System,CVCL_1880,OCI-Ly18,Cello GEO GSM,ocily18
GSM1374786,GSM1374786,OCI-LY19 ghp280606,Public on Apr 28 2014,Apr 25 2014,Apr 28 2014,RNA,1.0,AZ GENE EXPRESSION,Homo sapiens,cell line: OCILY19,GPL570,United Kingdom,AstraZeneca,GSE57083,GSE57083_series_matrix.txt.gz,OCILY19,B-NHL (B-cell non-Hodgkins Lymphoma) / DLCL (Diffuse Large Cell Lymphoma),Hematopoietic System,CVCL_1878,OCI-Ly19,Cello GEO GSM,ocily19
GSM1374787,GSM1374787,EA08079_89049_OCI-LY3,Public on Apr 28 2014,Apr 25 2014,Apr 28 2014,RNA,1.0,AZ GENE EXPRESSION,Homo sapiens,cell line: OCILY3,GPL570,United Kingdom,AstraZeneca,GSE57083,GSE57083_series_matrix.txt.gz,OCILY3,,Hematopoietic System,CVCL_8800,OCI-Ly3,Cello GEO GSM,ocily3
GSM1374788,GSM1374788,EA08079_89050_OCI-LY4,Public on Apr 28 2014,Apr 25 2014,Apr 28 2014,RNA,1.0,AZ GENE EXPRESSION,Homo sapiens,cell line: OCILY4,GPL570,United Kingdom,AstraZeneca,GSE57083,GSE57083_series_matrix.txt.gz,OCILY4,,Hematopoietic System,CVCL_8801,OCI-Ly4,Cello match alphanum,ocily4
GSM1374789,GSM1374789,EA08079_89051_OCI-LY7,Public on Apr 28 2014,Apr 25 2014,Apr 28 2014,RNA,1.0,AZ GENE EXPRESSION,Homo sapiens,cell line: OCILY7,GPL570,United Kingdom,AstraZeneca,GSE57083,GSE57083_series_matrix.txt.gz,OCILY7,,Hematopoietic System,CVCL_1881,OCI-Ly7,Cello GEO GSM,ocily7
GSM1374790,GSM1374790,EA08079_89052_OCI-LY8,Public on Apr 28 2014,Apr 25 2014,Apr 28 2014,RNA,1.0,AZ GENE EXPRESSION,Homo sapiens,cell line: OCILY8,GPL570,United Kingdom,AstraZeneca,GSE57083,GSE57083_series_matrix.txt.gz,OCILY8,,Hematopoietic System,CVCL_8803,OCI-Ly8,Cello match alphanum,ocily8
GSM1374791,GSM1374791,Bx030_028 HG2,Public on Apr 28 2014,Apr 25 2014,Apr 28 2014,RNA,1.0,AZ GENE EXPRESSION,Homo sapiens,cell line: OCIM1,GPL570,United Kingdom,AstraZeneca,GSE57083,GSE57083_series_matrix.txt.gz,OCIM1,,Hematopoietic System,CVCL_2149,OCI-M1,Cello GEO GSM,ocim1
GSM1374792,GSM1374792,EA10068_111343,Public on Apr 28 2014,Apr 25 2014,Apr 28 2014,RNA,1.0,AZ GENE EXPRESSION,Homo sapiens,cell line: OCIM2,GPL570,United Kingdom,AstraZeneca,GSE57083,GSE57083_series_matrix.txt.gz,OCIM2,AML,Hematopoietic System,CVCL_2150,OCI-M2,Cello GEO GSM,ocim2
GSM1374793,GSM1374793,EA08079_89053_OCI-MY1,Public on Apr 28 2014,Apr 25 2014,Apr 28 2014,RNA,1.0,AZ GENE EXPRESSION,Homo sapiens,cell line: OCIMY1,GPL570,United Kingdom,AstraZeneca,GSE57083,GSE57083_series_matrix.txt.gz,OCIMY1,,Hematopoietic System,CVCL_E338,OCIMY1,Cello Cell line Synonym,ocimy1
GSM1374794,GSM1374794,EA08079_89054_OCI-MY5,Public on Apr 28 2014,Apr 25 2014,Apr 28 2014,RNA,1.0,AZ GENE EXPRESSION,Homo sapiens,cell line: OCIMY5,GPL570,United Kingdom,AstraZeneca,GSE57083,GSE57083_series_matrix.txt.gz,OCIMY5,,Hematopoietic System,CVCL_E332,OCI-My5,Cello GEO GSM,ocimy5
GSM1374795,GSM1374795,SBCG2008008-D1S1CO25R,Public on Apr 28 2014,Apr 25 2014,Apr 28 2014,RNA,1.0,AZ GENE EXPRESSION,Homo sapiens,cell line: OCUM1,GPL570,United Kingdom,AstraZeneca,GSE57083,GSE57083_series_matrix.txt.gz,OCUM1,Gastric Cancer,Stomach,CVCL_3084,OCUM-1,Cello GEO GSM,ocum1
GSM1374796,GSM1374796,Bx051b_097 HG2,Public on Apr 28 2014,Apr 25 2014,Apr 28 2014,RNA,1.0,Kudos 95 Cell Panel,Homo sapiens,cell line: OE21,GPL570,United Kingdom,AstraZeneca,GSE57083,GSE57083_series_matrix.txt.gz,OE21,oesophageal squamous cell carcinoma,Esophagus,CVCL_2661,OE21,Cello Cell line Name,oe21
GSM1374797,GSM1374797,OE21 ap270406,Public on Apr 28 2014,Apr 25 2014,Apr 28 2014,RNA,1.0,AZ GENE EXPRESSION,Homo sapiens,cell line: OE21,GPL570,United Kingdom,AstraZeneca,GSE57083,GSE57083_series_matrix.txt.gz,OE21,squamous cell carcinoma,Esophagus,CVCL_2661,OE21,Cello Cell line Name,oe21
GSM1374798,GSM1374798,SB11010-2_D4S1C0039R_(HG-U133_Plus_2),Public on Apr 28 2014,Apr 25 2014,Apr 28 2014,RNA,1.0,AZ GENE EXPRESSION,Homo sapiens,cell line: OKAC1,GPL570,United Kingdom,AstraZeneca,GSE57083,GSE57083_series_matrix.txt.gz,OKAC1,SqLC,Lung,CVCL_3085,OKAC1,Cello Cell line Synonym,okac1
GSM1374799,GSM1374799,OPM-2 ghp280606,Public on Apr 28 2014,Apr 25 2014,Apr 28 2014,RNA,1.0,AZ GENE EXPRESSION,Homo sapiens,cell line: OPM2,GPL570,United Kingdom,AstraZeneca,GSE57083,GSE57083_series_matrix.txt.gz,OPM2,Myeloma,Hematopoietic System,CVCL_1625,OPM-2,Cello GEO GSM,opm2
GSM1374800,GSM1374800,Bx051b_105 HG2,Public on Apr 28 2014,Apr 25 2014,Apr 28 2014,RNA,1.0,Kudos 95 Cell Panel,Homo sapiens,cell line: OV90,GPL570,United Kingdom,AstraZeneca,GSE57083,GSE57083_series_matrix.txt.gz,OV90,malignant papillary serous adenocarcinoma,Ovary,CVCL_3768,OV-90,Cello GEO GSM,ov90
GSM1374801,GSM1374801,Bx051b_042 HG2,Public on Apr 28 2014,Apr 25 2014,Apr 28 2014,RNA,1.0,Kudos 95 Cell Panel,Homo sapiens,cell line: OVCAR4,GPL570,United Kingdom,AstraZeneca,GSE57083,GSE57083_series_matrix.txt.gz,OVCAR4,Adenocarcinoma,Ovary,CVCL_1627,OVCAR-4,Cello GEO GSM,ovcar4
GSM1374802,GSM1374802,Bx051b_044 HG2,Public on Apr 28 2014,Apr 25 2014,Apr 28 2014,RNA,1.0,Kudos 95 Cell Panel,Homo sapiens,cell line: OVCAR5,GPL570,United Kingdom,AstraZeneca,GSE57083,GSE57083_series_matrix.txt.gz,OVCAR5,Adenocarcinoma,Ovary,CVCL_1628,OVCAR-5,Cello GEO GSM,ovcar5
GSM1374803,GSM1374803,Bx051b_047 HG2,Public on Apr 28 2014,Apr 25 2014,Apr 28 2014,RNA,1.0,Kudos 95 Cell Panel,Homo sapiens,cell line: OVCAR8,GPL570,United Kingdom,AstraZeneca,GSE57083,GSE57083_series_matrix.txt.gz,OVCAR8,Adenocarcinoma,Ovary,CVCL_1629,OVCAR-8,Cello GEO GSM,ovcar8
GSM1374804,GSM1374804,Bx051b_064 HG2,Public on Apr 28 2014,Apr 25 2014,Apr 28 2014,RNA,1.0,Kudos 95 Cell Panel,Homo sapiens,cell line: PA1,GPL570,United Kingdom,AstraZeneca,GSE57083,GSE57083_series_matrix.txt.gz,PA1,teratocarcinoma,Ovary,CVCL_T887,PA1,Cello Cell line Name,pa1
GSM1374805,GSM1374805,SBCG2008008-D1S1COO8R,Public on Apr 28 2014,Apr 25 2014,Apr 28 2014,RNA,1.0,AZ GENE EXPRESSION,Homo sapiens,cell line: PAMC82,GPL570,United Kingdom,AstraZeneca,GSE57083,GSE57083_series_matrix.txt.gz,PAMC82,Gastric Cancer,Stomach,CVCL_H271,PAMC82,Cello Cell line Name,pamc82
GSM1374806,GSM1374806,Bx040_0009_R,Public on Apr 28 2014,Apr 25 2014,Apr 28 2014,RNA,1.0,AZ GENE EXPRESSION,Homo sapiens,cell line: PANC1,GPL570,United Kingdom,AstraZeneca,GSE57083,GSE57083_series_matrix.txt.gz,PANC1,Carcinoma,Pancreas,CVCL_0480,PANC-1,Cello GEO GSM,panc1
GSM1374807,GSM1374807,Bx051b_080 HG2,Public on Apr 28 2014,Apr 25 2014,Apr 28 2014,RNA,1.0,Kudos 95 Cell Panel,Homo sapiens,cell line: PANC1,GPL570,United Kingdom,AstraZeneca,GSE57083,GSE57083_series_matrix.txt.gz,PANC1,epithelioid carcinoma,Pancreas,CVCL_0480,PANC-1,Cello GEO GSM,panc1
GSM1374808,GSM1374808,PANC1,Public on Apr 28 2014,Apr 25 2014,Apr 28 2014,RNA,1.0,AZ GENE EXPRESSION,Homo sapiens,cell line: PANC1,GPL570,United Kingdom,AstraZeneca,GSE57083,GSE57083_series_matrix.txt.gz,PANC1,epithelioid carcinoma,Pancreas,CVCL_0480,PANC-1,Cello GEO GSM,panc1
GSM1374809,GSM1374809,A1385-15,Public on Apr 28 2014,Apr 25 2014,Apr 28 2014,RNA,1.0,AZ GENE EXPRESSION,Homo sapiens,cell line: PANC1005,GPL570,United Kingdom,AstraZeneca,GSE57083,GSE57083_series_matrix.txt.gz,PANC1005,,Pancreas,CVCL_1639,Panc 10.05,Cello GEO GSM,panc1005
GSM1374810,GSM1374810,A1385-07,Public on Apr 28 2014,Apr 25 2014,Apr 28 2014,RNA,1.0,AZ GENE EXPRESSION,Homo sapiens,cell line: PANC203,GPL570,United Kingdom,AstraZeneca,GSE57083,GSE57083_series_matrix.txt.gz,PANC203,,Pancreas,CVCL_1633,Panc 02.03,Cello GEO GSM,panc203
GSM1374811,GSM1374811,A1385-08,Public on Apr 28 2014,Apr 25 2014,Apr 28 2014,RNA,1.0,AZ GENE EXPRESSION,Homo sapiens,cell line: PANC327,GPL570,United Kingdom,AstraZeneca,GSE57083,GSE57083_series_matrix.txt.gz,PANC327,,Pancreas,CVCL_1635,Panc 03.27,Cello GEO GSM,panc327
GSM1374812,GSM1374812,A1385-09,Public on Apr 28 2014,Apr 25 2014,Apr 28 2014,RNA,1.0,AZ GENE EXPRESSION,Homo sapiens,cell line: PANC403,GPL570,United Kingdom,AstraZeneca,GSE57083,GSE57083_series_matrix.txt.gz,PANC403,,Pancreas,CVCL_1636,Panc 04.03,Cello GEO GSM,panc403
GSM1374813,GSM1374813,A1385-10,Public on Apr 28 2014,Apr 25 2014,Apr 28 2014,RNA,1.0,AZ GENE EXPRESSION,Homo sapiens,cell line: PANC813,GPL570,United Kingdom,AstraZeneca,GSE57083,GSE57083_series_matrix.txt.gz,PANC813,,Pancreas,CVCL_1638,Panc 08.13,Cello GEO GSM,panc813
GSM1374814,GSM1374814,Bx040_0010_R,Public on Apr 28 2014,Apr 25 2014,Apr 28 2014,RNA,1.0,AZ GENE EXPRESSION,Homo sapiens,cell line: PANC89,GPL570,United Kingdom,AstraZeneca,GSE57083,GSE57083_series_matrix.txt.gz,PANC89,Adenocarcinoma,Pancreas,CVCL_4056,T3M-4,Cello GEO GSM,panc89
GSM1374815,GSM1374815,Bx051b_066 HG2,Public on Apr 28 2014,Apr 25 2014,Apr 28 2014,RNA,1.0,Kudos 95 Cell Panel,Homo sapiens,cell line: PANC89,GPL570,United Kingdom,AstraZeneca,GSE57083,GSE57083_series_matrix.txt.gz,PANC89,Adenocarcinoma,Pancreas,CVCL_4056,T3M-4,Cello GEO GSM,panc89
GSM1374816,GSM1374816,A1385-11,Public on Apr 28 2014,Apr 25 2014,Apr 28 2014,RNA,1.0,AZ GENE EXPRESSION,Homo sapiens,cell line: PANC89,GPL570,United Kingdom,AstraZeneca,GSE57083,GSE57083_series_matrix.txt.gz,PANC89,,Pancreas,CVCL_4056,T3M-4,Cello GEO GSM,panc89
GSM1374817,GSM1374817,PC3,Public on Apr 28 2014,Apr 25 2014,Apr 28 2014,RNA,1.0,AZ GENE EXPRESSION,Homo sapiens,cell line: PC3,GPL570,United Kingdom,AstraZeneca,GSE57083,GSE57083_series_matrix.txt.gz,PC3,adenocarcinoma,Prostate,CVCL_0035,PC-3,Cello GEO GSM,pc3
GSM1374818,GSM1374818,SR5064_HUMAN_U133_PLUS2_250310,Public on Apr 28 2014,Apr 25 2014,Apr 28 2014,RNA,1.0,AZ GENE EXPRESSION,Homo sapiens,cell line: PC3,GPL570,United Kingdom,AstraZeneca,GSE57083,GSE57083_series_matrix.txt.gz,PC3,,Prostate,CVCL_0035,PC-3,Cello GEO GSM,pc3
GSM1374819,GSM1374819,SR5059_HUMAN_U133_PLUS2_250310,Public on Apr 28 2014,Apr 25 2014,Apr 28 2014,RNA,1.0,AZ GENE EXPRESSION,Homo sapiens,cell line: PC346C,GPL570,United Kingdom,AstraZeneca,GSE57083,GSE57083_series_matrix.txt.gz,PC346C,,Prostate,CVCL_4883,PC346C,Cello Cell line Synonym,pc346c
GSM1374820,GSM1374820,SR5058_HUMAN_U133_PLUS2_250310,Public on Apr 28 2014,Apr 25 2014,Apr 28 2014,RNA,1.0,AZ GENE EXPRESSION,Homo sapiens,cell line: PC346FLU1,GPL570,United Kingdom,AstraZeneca,GSE57083,GSE57083_series_matrix.txt.gz,PC346FLU1,,Prostate,CVCL_IP22,PC346FLU1,Cello Cell line Synonym,pc346flu1
GSM1374821,GSM1374821,PC9 parental ap290806,Public on Apr 28 2014,Apr 25 2014,Apr 28 2014,RNA,1.0,AZ GENE EXPRESSION,Homo sapiens,cell line: PC9,GPL570,United Kingdom,AstraZeneca,GSE57083,GSE57083_series_matrix.txt.gz,PC9,NSCLC,Lung,CVCL_B260,PC-9,Cello GEO GSM,pc9
GSM1374822,GSM1374822,PC9 r2,Public on Apr 28 2014,Apr 25 2014,Apr 28 2014,RNA,1.0,AZ GENE EXPRESSION,Homo sapiens,cell line: PC9,GPL570,United Kingdom,AstraZeneca,GSE57083,GSE57083_series_matrix.txt.gz,PC9,NSCLC,Lung,CVCL_B260,PC9,Cello Cell line Synonym,pc9
GSM1374823,GSM1374823,PC-9_1,Public on Apr 28 2014,Apr 25 2014,Apr 28 2014,RNA,1.0,AZ GENE EXPRESSION,Homo sapiens,cell line: PC9,GPL570,United Kingdom,AstraZeneca,GSE57083,GSE57083_series_matrix.txt.gz,PC9,NSCLC,Lung,CVCL_B260,PC9,Cello Cell line Synonym,pc9
GSM1374824,GSM1374824,PC9 ZD ap290806,Public on Apr 28 2014,Apr 25 2014,Apr 28 2014,RNA,1.0,AZ GENE EXPRESSION,Homo sapiens,cell line: PC9ZD,GPL570,United Kingdom,AstraZeneca,GSE57083,GSE57083_series_matrix.txt.gz,PC9ZD,NSCLC,Lung,CVCL_V337,PC-9/ZD,Cello match alphanum,pc9zd
GSM1374825,GSM1374825,Bx042-032r,Public on Apr 28 2014,Apr 25 2014,Apr 28 2014,RNA,1.0,AZ GENE EXPRESSION,Homo sapiens,cell line: PCJW,GPL570,United Kingdom,AstraZeneca,GSE57083,GSE57083_series_matrix.txt.gz,PCJW,Colorectal adenocarcinoma,Colon,CVCL_B262,PCJW,Cello Cell line Synonym,pcjw
GSM1374826,GSM1374826,Bx051b_082 HG2,Public on Apr 28 2014,Apr 25 2014,Apr 28 2014,RNA,1.0,Kudos 95 Cell Panel,Homo sapiens,cell line: PECAPJ15,GPL570,United Kingdom,AstraZeneca,GSE57083,GSE57083_series_matrix.txt.gz,PECAPJ15,oral squamous cell carcinoma,Tongue,CVCL_2678,PE/CA-PJ15,Cello GEO GSM,pecapj15
GSM1374827,GSM1374827,PE CA PJ15 ap200406,Public on Apr 28 2014,Apr 25 2014,Apr 28 2014,RNA,1.0,AZ GENE EXPRESSION,Homo sapiens,cell line: PECAPJ15,GPL570,United Kingdom,AstraZeneca,GSE57083,GSE57083_series_matrix.txt.gz,PECAPJ15,squamous cell carcinoma,Tongue,CVCL_2678,PE/CA-PJ15,Cello GEO GSM,pecapj15
GSM1374828,GSM1374828,Bx051b_068 HG2,Public on Apr 28 2014,Apr 25 2014,Apr 28 2014,RNA,1.0,Kudos 95 Cell Panel,Homo sapiens,cell line: PECAPJ34CLONEC12,GPL570,United Kingdom,AstraZeneca,GSE57083,GSE57083_series_matrix.txt.gz,PECAPJ34CLONEC12,basaloid squamous cell carcinoma,Oral cavity,CVCL_2679,PE/CA-PJ34 (clone C12),Cello GEO GSM,pecapj34clonec12
GSM1374829,GSM1374829,PE CA PJ34 ap200406,Public on Apr 28 2014,Apr 25 2014,Apr 28 2014,RNA,1.0,AZ GENE EXPRESSION,Homo sapiens,cell line: PECAPJ34CLONEC12,GPL570,United Kingdom,AstraZeneca,GSE57083,GSE57083_series_matrix.txt.gz,PECAPJ34CLONEC12,basaloid squamous cell carcinoma,Oral cavity,CVCL_2679,PE/CA-PJ34 (clone C12),Cello GEO GSM,pecapj34clonec12
GSM1374830,GSM1374830,Bx051b_106 HG2,Public on Apr 28 2014,Apr 25 2014,Apr 28 2014,RNA,1.0,Kudos 95 Cell Panel,Homo sapiens,cell line: PECAPJ34CLONED2,GPL570,United Kingdom,AstraZeneca,GSE57083,GSE57083_series_matrix.txt.gz,PECAPJ34CLONED2,oral squamous cell carcinoma,Oral cavity,CVCL_2680,PE/CA-PJ41 (clone D2),Cello GEO GSM,pecapj34cloned2
GSM1374831,GSM1374831,PE CA PJ41 ap200406,Public on Apr 28 2014,Apr 25 2014,Apr 28 2014,RNA,1.0,AZ GENE EXPRESSION,Homo sapiens,cell line: PECAPJ34CLONED2,GPL570,United Kingdom,AstraZeneca,GSE57083,GSE57083_series_matrix.txt.gz,PECAPJ34CLONED2,oral squamous cell carcinoma,Oral cavity,CVCL_2680,PE/CA-PJ41 (clone D2),Cello GEO GSM,pecapj34cloned2
GSM1374832,GSM1374832,Bx051b_083 HG2,Public on Apr 28 2014,Apr 25 2014,Apr 28 2014,RNA,1.0,Kudos 95 Cell Panel,Homo sapiens,cell line: PECAPJ49,GPL570,United Kingdom,AstraZeneca,GSE57083,GSE57083_series_matrix.txt.gz,PECAPJ49,oral squamous cell carcinoma,Tongue,CVCL_2681,PE/CA-PJ49,Cello GEO GSM,pecapj49
GSM1374833,GSM1374833,PE CA PJ49 ap200406,Public on Apr 28 2014,Apr 25 2014,Apr 28 2014,RNA,1.0,AZ GENE EXPRESSION,Homo sapiens,cell line: PECAPJ49,GPL570,United Kingdom,AstraZeneca,GSE57083,GSE57083_series_matrix.txt.gz,PECAPJ49,oral squamous cell carcinoma,Tongue,CVCL_2681,PE/CA-PJ49,Cello GEO GSM,pecapj49
GSM1374834,GSM1374834,EA10068_111340,Public on Apr 28 2014,Apr 25 2014,Apr 28 2014,RNA,1.0,AZ GENE EXPRESSION,Homo sapiens,cell line: PL21,GPL570,United Kingdom,AstraZeneca,GSE57083,GSE57083_series_matrix.txt.gz,PL21,APL,Hematopoietic System,CVCL_JM48,PL21,Cello Cell line Name,pl21
GSM1374835,GSM1374835,A1631-10,Public on Apr 28 2014,Apr 25 2014,Apr 28 2014,RNA,1.0,AZ GENE EXPRESSION,Homo sapiens,cell line: PNT1A,GPL570,United Kingdom,AstraZeneca,GSE57083,GSE57083_series_matrix.txt.gz,PNT1A,,Prostate,CVCL_2163,PNT1A,Cello Cell line Name,pnt1a
GSM1374836,GSM1374836,Bx051b_071 HG2,Public on Apr 28 2014,Apr 25 2014,Apr 28 2014,RNA,1.0,Kudos 95 Cell Panel,Homo sapiens,cell line: PSN1,GPL570,United Kingdom,AstraZeneca,GSE57083,GSE57083_series_matrix.txt.gz,PSN1,Adenocarcinoma,Pancreas,CVCL_1644,PSN1,Cello Cell line Name,psn1
GSM1374837,GSM1374837,A1385-16,Public on Apr 28 2014,Apr 25 2014,Apr 28 2014,RNA,1.0,AZ GENE EXPRESSION,Homo sapiens,cell line: QGP1,GPL570,United Kingdom,AstraZeneca,GSE57083,GSE57083_series_matrix.txt.gz,QGP1,,Pancreas,CVCL_3143,QGP-1,Cello GEO GSM,qgp1
GSM1374838,GSM1374838,SBCG2008008-D2S1CO10R,Public on Apr 28 2014,Apr 25 2014,Apr 28 2014,RNA,1.0,AZ GENE EXPRESSION,Homo sapiens,cell line: QGY7701,GPL570,United Kingdom,AstraZeneca,GSE57083,GSE57083_series_matrix.txt.gz,QGY7701,Liver Cancer,Liver,CVCL_6859,QGY7701,Cello Cell line Synonym,qgy7701
GSM1374839,GSM1374839,SBCG2008008-D2S1CO02R,Public on Apr 28 2014,Apr 25 2014,Apr 28 2014,RNA,1.0,AZ GENE EXPRESSION,Homo sapiens,cell line: QGY7703,GPL570,United Kingdom,AstraZeneca,GSE57083,GSE57083_series_matrix.txt.gz,QGY7703,Liver Cancer,Liver,CVCL_6715,QGY7703,Cello Cell line Synonym,qgy7703
GSM1374840,GSM1374840,Bx030_029 HG2,Public on Apr 28 2014,Apr 25 2014,Apr 28 2014,RNA,1.0,AZ GENE EXPRESSION,Homo sapiens,cell line: RAJI,GPL570,United Kingdom,AstraZeneca,GSE57083,GSE57083_series_matrix.txt.gz,RAJI,,Hematopoietic System,CVCL_0511,Raji,Cello GEO GSM,raji
GSM1374841,GSM1374841,Raji ghp231105,Public on Apr 28 2014,Apr 25 2014,Apr 28 2014,RNA,1.0,AZ GENE EXPRESSION,Homo sapiens,cell line: RAJI,GPL570,United Kingdom,AstraZeneca,GSE57083,GSE57083_series_matrix.txt.gz,RAJI,Burkitts lymphoma,Hematopoietic System,CVCL_0511,Raji,Cello GEO GSM,raji
GSM1374842,GSM1374842,Raji ghp280606,Public on Apr 28 2014,Apr 25 2014,Apr 28 2014,RNA,1.0,AZ GENE EXPRESSION,Homo sapiens,cell line: RAJI,GPL570,United Kingdom,AstraZeneca,GSE57083,GSE57083_series_matrix.txt.gz,RAJI,Burkitts lymphoma,Hematopoietic System,CVCL_0511,Raji,Cello GEO GSM,raji
GSM1374843,GSM1374843,Bx030_012 HG2,Public on Apr 28 2014,Apr 25 2014,Apr 28 2014,RNA,1.0,AZ GENE EXPRESSION,Homo sapiens,cell line: RAMOS,GPL570,United Kingdom,AstraZeneca,GSE57083,GSE57083_series_matrix.txt.gz,RAMOS,,Hematopoietic System,CVCL_0597,Ramos,Cello GEO GSM,ramos
GSM1374844,GSM1374844,Ramos ghp231105,Public on Apr 28 2014,Apr 25 2014,Apr 28 2014,RNA,1.0,AZ GENE EXPRESSION,Homo sapiens,cell line: RAMOS,GPL570,United Kingdom,AstraZeneca,GSE57083,GSE57083_series_matrix.txt.gz,RAMOS,Burkitts lymphoma,Hematopoietic System,CVCL_0597,Ramos,Cello GEO GSM,ramos
GSM1374845,GSM1374845,EA10068_203554_HG-U133_PLUS_2_RC-K8,Public on Apr 28 2014,Apr 25 2014,Apr 28 2014,RNA,1.0,AZ GENE EXPRESSION,Homo sapiens,cell line: RCK8,GPL570,United Kingdom,AstraZeneca,GSE57083,GSE57083_series_matrix.txt.gz,RCK8,DLBCL,Hematopoietic System,CVCL_1883,RC-K8,Cello GEO GSM,rck8
GSM1374846,GSM1374846,Bx042-065,Public on Apr 28 2014,Apr 25 2014,Apr 28 2014,RNA,1.0,AZ GENE EXPRESSION,Homo sapiens,cell line: RCM1,GPL570,United Kingdom,AstraZeneca,GSE57083,GSE57083_series_matrix.txt.gz,RCM1,rectum,Colon,CVCL_1648,RCM-1 [Human rectal adenocarcinoma],Cello GEO GSM,rcm1
GSM1374847,GSM1374847,Bx030_004 HG2,Public on Apr 28 2014,Apr 25 2014,Apr 28 2014,RNA,1.0,AZ GENE EXPRESSION,Homo sapiens,cell line: REH,GPL570,United Kingdom,AstraZeneca,GSE57083,GSE57083_series_matrix.txt.gz,REH,,Hematopoietic System,CVCL_1650,Reh,Cello GEO GSM,reh
GSM1374848,GSM1374848,SB11010-1-2_D4S1C0041R_(HG-U133_Plus_2),Public on Apr 28 2014,Apr 25 2014,Apr 28 2014,RNA,1.0,AZ GENE EXPRESSION,Homo sapiens,cell line: RERFLCSQ1,GPL570,United Kingdom,AstraZeneca,GSE57083,GSE57083_series_matrix.txt.gz,RERFLCSQ1,SqLC,Lung,CVCL_1656,RERF-LC-Sq1,Cello GEO GSM,rerflcsq1
GSM1374849,GSM1374849,EA10068_203546_HG-U133_PLUS_2_RI-1,Public on Apr 28 2014,Apr 25 2014,Apr 28 2014,RNA,1.0,AZ GENE EXPRESSION,Homo sapiens,cell line: RI1,GPL570,United Kingdom,AstraZeneca,GSE57083,GSE57083_series_matrix.txt.gz,RI1,DLBCL,Hematopoietic System,CVCL_1885,Ri-1,Cello GEO GSM,ri1
GSM1374850,GSM1374850,Bx051b_032 HG2,Public on Apr 28 2014,Apr 25 2014,Apr 28 2014,RNA,1.0,Kudos 95 Cell Panel,Homo sapiens,cell line: RKO,GPL570,United Kingdom,AstraZeneca,GSE57083,GSE57083_series_matrix.txt.gz,RKO,Carcinoma,Colon,CVCL_0504,RKO,Cello Cell line Name,rko
GSM1374851,GSM1374851,RKO,Public on Apr 28 2014,Apr 25 2014,Apr 28 2014,RNA,1.0,AZ GENE EXPRESSION,Homo sapiens,cell line: RKO,GPL570,United Kingdom,AstraZeneca,GSE57083,GSE57083_series_matrix.txt.gz,RKO,carcinoma,Colon,CVCL_0504,RKO,Cello Cell line Name,rko
GSM1374852,GSM1374852,Bx042-005,Public on Apr 28 2014,Apr 25 2014,Apr 28 2014,RNA,1.0,AZ GENE EXPRESSION,Homo sapiens,cell line: RKO,GPL570,United Kingdom,AstraZeneca,GSE57083,GSE57083_series_matrix.txt.gz,RKO,carcinoma,Colon,CVCL_0504,RKO,Cello Cell line Name,rko
GSM1374853,GSM1374853,Bx051b_107 HG2,Public on Apr 28 2014,Apr 25 2014,Apr 28 2014,RNA,1.0,Kudos 95 Cell Panel,Homo sapiens,cell line: RPMI2650,GPL570,United Kingdom,AstraZeneca,GSE57083,GSE57083_series_matrix.txt.gz,RPMI2650,Squamous Cell Carcinoma,Nasal Septum,CVCL_1664,RPMI-2650,Cello GEO GSM,rpmi2650
GSM1374854,GSM1374854,RPMI2650 ap270406,Public on Apr 28 2014,Apr 25 2014,Apr 28 2014,RNA,1.0,AZ GENE EXPRESSION,Homo sapiens,cell line: RPMI2650,GPL570,United Kingdom,AstraZeneca,GSE57083,GSE57083_series_matrix.txt.gz,RPMI2650,squamous cell carcinoma from pleural effusion,Nasal Septum,CVCL_1664,RPMI-2650,Cello GEO GSM,rpmi2650
GSM1374855,GSM1374855,RPMI8226 ghp280606,Public on Apr 28 2014,Apr 25 2014,Apr 28 2014,RNA,1.0,AZ GENE EXPRESSION,Homo sapiens,cell line: RPMI8226,GPL570,United Kingdom,AstraZeneca,GSE57083,GSE57083_series_matrix.txt.gz,RPMI8226,Myeloma,Hematopoietic System,CVCL_0014,RPMI-8226,Cello GEO GSM,rpmi8226
GSM1374856,GSM1374856,EA10068_111349,Public on Apr 28 2014,Apr 25 2014,Apr 28 2014,RNA,1.0,AZ GENE EXPRESSION,Homo sapiens,cell line: RS411,GPL570,United Kingdom,AstraZeneca,GSE57083,GSE57083_series_matrix.txt.gz,RS411,ALL,Hematopoietic System,CVCL_0093,RS4;11,Cello GEO GSM,rs411
GSM1374857,GSM1374857,SR5079_HUMAN_U133_PLUS2_250310,Public on Apr 28 2014,Apr 25 2014,Apr 28 2014,RNA,1.0,AZ GENE EXPRESSION,Homo sapiens,cell line: RT112,GPL570,United Kingdom,AstraZeneca,GSE57083,GSE57083_series_matrix.txt.gz,RT112,,Bladder,CVCL_1670,RT-112,Cello GEO GSM,rt112
GSM1374858,GSM1374858,84 RT 112,Public on Apr 28 2014,Apr 25 2014,Apr 28 2014,RNA,1.0,AZ GENE EXPRESSION,Homo sapiens,cell line: RT112,GPL570,United Kingdom,AstraZeneca,GSE57083,GSE57083_series_matrix.txt.gz,RT112,,Bladder,CVCL_1670,RT-112,Cello GEO GSM,rt112
GSM1374859,GSM1374859,SR5082_HUMAN_U133_PLUS2_250310,Public on Apr 28 2014,Apr 25 2014,Apr 28 2014,RNA,1.0,AZ GENE EXPRESSION,Homo sapiens,cell line: RT4,GPL570,United Kingdom,AstraZeneca,GSE57083,GSE57083_series_matrix.txt.gz,RT4,,Bladder,CVCL_0036,RT-4,Cello GEO GSM,rt4
GSM1374860,GSM1374860,A1631-11,Public on Apr 28 2014,Apr 25 2014,Apr 28 2014,RNA,1.0,AZ GENE EXPRESSION,Homo sapiens,cell line: RWPE1,GPL570,United Kingdom,AstraZeneca,GSE57083,GSE57083_series_matrix.txt.gz,RWPE1,,Prostate,CVCL_3791,RWPE1,Cello Cell line Synonym,rwpe1
GSM1374861,GSM1374861,SC1 ghp280606,Public on Apr 28 2014,Apr 25 2014,Apr 28 2014,RNA,1.0,AZ GENE EXPRESSION,Homo sapiens,cell line: SC1,GPL570,United Kingdom,AstraZeneca,GSE57083,GSE57083_series_matrix.txt.gz,SC1,B-NHL (B-cell non-Hodgkins Lymphoma) / FL (Follicular Lymphoma),Hematopoietic System,CVCL_6F19,SC1,Cello Cell line Name,sc1
GSM1374862,GSM1374862,SR5075_HUMAN_U133_PLUS2_250310,Public on Apr 28 2014,Apr 25 2014,Apr 28 2014,RNA,1.0,AZ GENE EXPRESSION,Homo sapiens,cell line: SCABER,GPL570,United Kingdom,AstraZeneca,GSE57083,GSE57083_series_matrix.txt.gz,SCABER,,Bladder,CVCL_3599,SCaBER,Cello GEO GSM,scaber
GSM1374863,GSM1374863,80 Scaber,Public on Apr 28 2014,Apr 25 2014,Apr 28 2014,RNA,1.0,AZ GENE EXPRESSION,Homo sapiens,cell line: SCABER,GPL570,United Kingdom,AstraZeneca,GSE57083,GSE57083_series_matrix.txt.gz,SCABER,,Bladder,CVCL_3599,SCaBER,Cello GEO GSM,scaber
GSM1374864,GSM1374864,SCC25 ap270406,Public on Apr 28 2014,Apr 25 2014,Apr 28 2014,RNA,1.0,AZ GENE EXPRESSION,Homo sapiens,cell line: SCC25,GPL570,United Kingdom,AstraZeneca,GSE57083,GSE57083_series_matrix.txt.gz,SCC25,squamous cell carcinoma,Tongue,CVCL_1682,SCC-25,Cello GEO GSM,scc25
GSM1374865,GSM1374865,SCC-4 ap270406,Public on Apr 28 2014,Apr 25 2014,Apr 28 2014,RNA,1.0,AZ GENE EXPRESSION,Homo sapiens,cell line: SCC4,GPL570,United Kingdom,AstraZeneca,GSE57083,GSE57083_series_matrix.txt.gz,SCC4,squamous cell carcinoma,Tongue,CVCL_1684,SCC-4,Cello GEO GSM,scc4
GSM1374866,GSM1374866,SCC-9 ap150606,Public on Apr 28 2014,Apr 25 2014,Apr 28 2014,RNA,1.0,AZ GENE EXPRESSION,Homo sapiens,cell line: SCC9,GPL570,United Kingdom,AstraZeneca,GSE57083,GSE57083_series_matrix.txt.gz,SCC9,Squamous Cell Carcinoma,Tongue,CVCL_1685,SCC-9,Cello GEO GSM,scc9
GSM1374867,GSM1374867,79 SD 148,Public on Apr 28 2014,Apr 25 2014,Apr 28 2014,RNA,1.0,AZ GENE EXPRESSION,Homo sapiens,cell line: SD148,GPL570,United Kingdom,AstraZeneca,GSE57083,GSE57083_series_matrix.txt.gz,SD148,,Bladder,,,,sd148
GSM1374868,GSM1374868,EA10068_111345,Public on Apr 28 2014,Apr 25 2014,Apr 28 2014,RNA,1.0,AZ GENE EXPRESSION,Homo sapiens,cell line: SET2,GPL570,United Kingdom,AstraZeneca,GSE57083,GSE57083_series_matrix.txt.gz,SET2,AML,Hematopoietic System,CVCL_2187,SET-2,Cello GEO GSM,set2
GSM1374869,GSM1374869,SBCG2008008-D1S1CO04R,Public on Apr 28 2014,Apr 25 2014,Apr 28 2014,RNA,1.0,AZ GENE EXPRESSION,Homo sapiens,cell line: SGC7901,GPL570,United Kingdom,AstraZeneca,GSE57083,GSE57083_series_matrix.txt.gz,SGC7901,Gastric Cancer,Stomach,CVCL_0520,SGC7901,Cello Cell line Synonym,sgc7901
GSM1374870,GSM1374870,Bx056_03 HG2,Public on Apr 28 2014,Apr 25 2014,Apr 28 2014,RNA,1.0,AZ GENE EXPRESSION,Homo sapiens,cell line: SHP77,GPL570,United Kingdom,AstraZeneca,GSE57083,GSE57083_series_matrix.txt.gz,SHP77,small cell lung cancer; carcinoma,Lung,CVCL_1693,SHP-77,Cello GEO GSM,shp77
GSM1374871,GSM1374871,Bx030_008 HG2,Public on Apr 28 2014,Apr 25 2014,Apr 28 2014,RNA,1.0,AZ GENE EXPRESSION,Homo sapiens,cell line: SIGM5,GPL570,United Kingdom,AstraZeneca,GSE57083,GSE57083_series_matrix.txt.gz,SIGM5,,Hematopoietic System,CVCL_1694,SIG-M5,Cello GEO GSM,sigm5
GSM1374872,GSM1374872,Bx051b_036 HG2,Public on Apr 28 2014,Apr 25 2014,Apr 28 2014,RNA,1.0,Kudos 95 Cell Panel,Homo sapiens,cell line: SKBR3,GPL570,United Kingdom,AstraZeneca,GSE57083,GSE57083_series_matrix.txt.gz,SKBR3,Adenocarcinoma,Breast,CVCL_0033,SK-BR-3,Cello GEO GSM,skbr3
GSM1374873,GSM1374873,SkBr3,Public on Apr 28 2014,Apr 25 2014,Apr 28 2014,RNA,1.0,AZ GENE EXPRESSION,Homo sapiens,cell line: SKBR3,GPL570,United Kingdom,AstraZeneca,GSE57083,GSE57083_series_matrix.txt.gz,SKBR3,adenocarcinoma Derived from metastatic site: pleural effusion,Breast,CVCL_0033,SK-BR-3,Cello GEO GSM,skbr3
GSM1374874,GSM1374874,EA08079_80492_SK-BR-3,Public on Apr 28 2014,Apr 25 2014,Apr 28 2014,RNA,1.0,AZ GENE EXPRESSION,Homo sapiens,cell line: SKBR3,GPL570,United Kingdom,AstraZeneca,GSE57083,GSE57083_series_matrix.txt.gz,SKBR3,,Breast,CVCL_0033,SK-BR-3,Cello GEO GSM,skbr3
GSM1374875,GSM1374875,Bx051b_059 HG2,Public on Apr 28 2014,Apr 25 2014,Apr 28 2014,RNA,1.0,Kudos 95 Cell Panel,Homo sapiens,cell line: SKCO1,GPL570,United Kingdom,AstraZeneca,GSE57083,GSE57083_series_matrix.txt.gz,SKCO1,colorectal adenocarcinoma,Colon,CVCL_0626,SK-CO-1,Cello GEO GSM,skco1
GSM1374876,GSM1374876,SKCO-1 ap121105,Public on Apr 28 2014,Apr 25 2014,Apr 28 2014,RNA,1.0,AZ GENE EXPRESSION,Homo sapiens,cell line: SKCO1,GPL570,United Kingdom,AstraZeneca,GSE57083,GSE57083_series_matrix.txt.gz,SKCO1,colorectal adenocarcinoma Derived from metastatic site: ascites,Colon,CVCL_0626,SK-CO-1,Cello GEO GSM,skco1
GSM1374877,GSM1374877,Bx042-019,Public on Apr 28 2014,Apr 25 2014,Apr 28 2014,RNA,1.0,AZ GENE EXPRESSION,Homo sapiens,cell line: SKCO1,GPL570,United Kingdom,AstraZeneca,GSE57083,GSE57083_series_matrix.txt.gz,SKCO1,colorectal adenocarcinoma,Colon,CVCL_0626,SK-CO-1,Cello GEO GSM,skco1
GSM1374878,GSM1374878,SBCG2008008-D3S1C0013R,Public on Apr 28 2014,Apr 25 2014,Apr 28 2014,RNA,1.0,AZ GENE EXPRESSION,Homo sapiens,cell line: SKGT4,GPL570,United Kingdom,AstraZeneca,GSE57083,GSE57083_series_matrix.txt.gz,SKGT4,Esophageal cancer,Esophagus,CVCL_2195,SK-GT-4,Cello GEO GSM,skgt4
GSM1374879,GSM1374879,SBCG2008008-D2S1CO26R,Public on Apr 28 2014,Apr 25 2014,Apr 28 2014,RNA,1.0,AZ GENE EXPRESSION,Homo sapiens,cell line: SKHEP1,GPL570,United Kingdom,AstraZeneca,GSE57083,GSE57083_series_matrix.txt.gz,SKHEP1,Liver Cancer,Liver,CVCL_0525,SK-HEP-1,Cello GEO GSM,skhep1
GSM1374880,GSM1374880,SKM-1 ghp231105,Public on Apr 28 2014,Apr 25 2014,Apr 28 2014,RNA,1.0,AZ GENE EXPRESSION,Homo sapiens,cell line: SKM1,GPL570,United Kingdom,AstraZeneca,GSE57083,GSE57083_series_matrix.txt.gz,SKM1,AML (Acute Myeloid Leukemia),Hematopoietic System,CVCL_0098,SKM-1,Cello GEO GSM,skm1
GSM1374881,GSM1374881,SK-MES-1 ghp030206,Public on Apr 28 2014,Apr 25 2014,Apr 28 2014,RNA,1.0,AZ GENE EXPRESSION,Homo sapiens,cell line: SKMES1,GPL570,United Kingdom,AstraZeneca,GSE57083,GSE57083_series_matrix.txt.gz,SKMES1,Carcinoma,Lung,CVCL_0630,SK-MES-1,Cello GEO GSM,skmes1
GSM1374882,GSM1374882,SKMM2 ghp150606,Public on Apr 28 2014,Apr 25 2014,Apr 28 2014,RNA,1.0,AZ GENE EXPRESSION,Homo sapiens,cell line: SKMM2,GPL570,United Kingdom,AstraZeneca,GSE57083,GSE57083_series_matrix.txt.gz,SKMM2,Myeloma,Hematopoietic System,CVCL_1699,SK-MM-2,Cello GEO GSM,skmm2
GSM1374883,GSM1374883,Bx051b_008 HG2,Public on Apr 28 2014,Apr 25 2014,Apr 28 2014,RNA,1.0,Kudos 95 Cell Panel,Homo sapiens,cell line: SKOV3,GPL570,United Kingdom,AstraZeneca,GSE57083,GSE57083_series_matrix.txt.gz,SKOV3,adenocarcinoma,Ovary,CVCL_0532,SK-OV-3,Cello GEO GSM,skov3
GSM1374884,GSM1374884,SBCG2008008-D2S1CO05R,Public on Apr 28 2014,Apr 25 2014,Apr 28 2014,RNA,1.0,AZ GENE EXPRESSION,Homo sapiens,cell line: SMMC7721,GPL570,United Kingdom,AstraZeneca,GSE57083,GSE57083_series_matrix.txt.gz,SMMC7721,Liver Cancer,Liver,CVCL_0534,SMMC7721,Cello Cell line Synonym,smmc7721
GSM1374885,GSM1374885,SBCG2008008-D1S1COO9R,Public on Apr 28 2014,Apr 25 2014,Apr 28 2014,RNA,1.0,AZ GENE EXPRESSION,Homo sapiens,cell line: SNU1,GPL570,United Kingdom,AstraZeneca,GSE57083,GSE57083_series_matrix.txt.gz,SNU1,Gastric Cancer,Stomach,CVCL_0099,SNU-1,Cello GEO GSM,snu1
GSM1374886,GSM1374886,SBCG2008008-D1S1CO11R,Public on Apr 28 2014,Apr 25 2014,Apr 28 2014,RNA,1.0,AZ GENE EXPRESSION,Homo sapiens,cell line: SNU16,GPL570,United Kingdom,AstraZeneca,GSE57083,GSE57083_series_matrix.txt.gz,SNU16,Gastric Cancer,Stomach,CVCL_0076,SNU-16,Cello GEO GSM,snu16
GSM1374887,GSM1374887,SBCG2008008-D1S1CO15R,Public on Apr 28 2014,Apr 25 2014,Apr 28 2014,RNA,1.0,AZ GENE EXPRESSION,Homo sapiens,cell line: SNU216,GPL570,United Kingdom,AstraZeneca,GSE57083,GSE57083_series_matrix.txt.gz,SNU216,Gastric Cancer,Stomach,CVCL_3946,SNU-216,Cello GEO GSM,snu216
GSM1374888,GSM1374888,SBCG2008008-D2S1C0013R,Public on Apr 28 2014,Apr 25 2014,Apr 28 2014,RNA,1.0,AZ GENE EXPRESSION,Homo sapiens,cell line: SNU354,GPL570,United Kingdom,AstraZeneca,GSE57083,GSE57083_series_matrix.txt.gz,SNU354,Liver Cancer,Liver,CVCL_3947,SNU354,Cello Cell line Synonym,snu354
GSM1374889,GSM1374889,SBCG2008008-D2S1CO14R,Public on Apr 28 2014,Apr 25 2014,Apr 28 2014,RNA,1.0,AZ GENE EXPRESSION,Homo sapiens,cell line: SNU368,GPL570,United Kingdom,AstraZeneca,GSE57083,GSE57083_series_matrix.txt.gz,SNU368,Liver Cancer,Liver,CVCL_3948,SNU368,Cello Cell line Synonym,snu368
GSM1374890,GSM1374890,SBCG2008008-D2S1CO21R,Public on Apr 28 2014,Apr 25 2014,Apr 28 2014,RNA,1.0,AZ GENE EXPRESSION,Homo sapiens,cell line: SNU398,GPL570,United Kingdom,AstraZeneca,GSE57083,GSE57083_series_matrix.txt.gz,SNU398,Liver Cancer,Liver,CVCL_0077,SNU-398,Cello GEO GSM,snu398
GSM1374891,GSM1374891,SBCG2008008-S5,Public on Apr 28 2014,Apr 25 2014,Apr 28 2014,RNA,1.0,AZ GENE EXPRESSION,Homo sapiens,cell line: SNU449,GPL570,United Kingdom,AstraZeneca,GSE57083,GSE57083_series_matrix.txt.gz,SNU449,Liver Cancer,Liver,CVCL_0454,SNU-449,Cello GEO GSM,snu449
GSM1374892,GSM1374892,SBCG2008008-D1S1CO16R,Public on Apr 28 2014,Apr 25 2014,Apr 28 2014,RNA,1.0,AZ GENE EXPRESSION,Homo sapiens,cell line: SNU484,GPL570,United Kingdom,AstraZeneca,GSE57083,GSE57083_series_matrix.txt.gz,SNU484,Gastric Cancer,Stomach,CVCL_0100,SNU-484,Cello GEO GSM,snu484
GSM1374893,GSM1374893,SBCG2008008-D1S1CO10R,Public on Apr 28 2014,Apr 25 2014,Apr 28 2014,RNA,1.0,AZ GENE EXPRESSION,Homo sapiens,cell line: SNU5,GPL570,United Kingdom,AstraZeneca,GSE57083,GSE57083_series_matrix.txt.gz,SNU5,Gastric Cancer,Stomach,CVCL_0078,SNU-5,Cello GEO GSM,snu5
GSM1374894,GSM1374894,SBCG2008008-D1S1CO31R,Public on Apr 28 2014,Apr 25 2014,Apr 28 2014,RNA,1.0,AZ GENE EXPRESSION,Homo sapiens,cell line: SNU601,GPL570,United Kingdom,AstraZeneca,GSE57083,GSE57083_series_matrix.txt.gz,SNU601,Gastric Cancer,Stomach,CVCL_0101,SNU-601,Cello GEO GSM,snu601
GSM1374895,GSM1374895,SBCG2008008-D1S1CO17R,Public on Apr 28 2014,Apr 25 2014,Apr 28 2014,RNA,1.0,AZ GENE EXPRESSION,Homo sapiens,cell line: SNU620,GPL570,United Kingdom,AstraZeneca,GSE57083,GSE57083_series_matrix.txt.gz,SNU620,Gastric Cancer,Stomach,CVCL_5079,SNU-620,Cello GEO GSM,snu620
GSM1374896,GSM1374896,SBCG2008008-D1S1CO18R,Public on Apr 28 2014,Apr 25 2014,Apr 28 2014,RNA,1.0,AZ GENE EXPRESSION,Homo sapiens,cell line: SNU638,GPL570,United Kingdom,AstraZeneca,GSE57083,GSE57083_series_matrix.txt.gz,SNU638,Gastric Cancer,Stomach,CVCL_0102,SNU-638,Cello GEO GSM,snu638
GSM1374897,GSM1374897,SBCG2008008-D1S1CO19R,Public on Apr 28 2014,Apr 25 2014,Apr 28 2014,RNA,1.0,AZ GENE EXPRESSION,Homo sapiens,cell line: SNU668,GPL570,United Kingdom,AstraZeneca,GSE57083,GSE57083_series_matrix.txt.gz,SNU668,Gastric Cancer,Stomach,CVCL_5081,SNU-668,Cello GEO GSM,snu668
GSM1374898,GSM1374898,SBCG2008008-D2S1CO15R,Public on Apr 28 2014,Apr 25 2014,Apr 28 2014,RNA,1.0,AZ GENE EXPRESSION,Homo sapiens,cell line: SNU739,GPL570,United Kingdom,AstraZeneca,GSE57083,GSE57083_series_matrix.txt.gz,SNU739,Liver Cancer,Liver,CVCL_5088,SNU739,Cello Cell line Synonym,snu739
GSM1374899,GSM1374899,SBCG2008008-D2S1CO16R,Public on Apr 28 2014,Apr 25 2014,Apr 28 2014,RNA,1.0,AZ GENE EXPRESSION,Homo sapiens,cell line: SNU761,GPL570,United Kingdom,AstraZeneca,GSE57083,GSE57083_series_matrix.txt.gz,SNU761,Liver Cancer,Liver,CVCL_5089,SNU-761,Cello GEO GSM,snu761
GSM1374900,GSM1374900,SBCG2008008-D2S1CO17R,Public on Apr 28 2014,Apr 25 2014,Apr 28 2014,RNA,1.0,AZ GENE EXPRESSION,Homo sapiens,cell line: SNU878,GPL570,United Kingdom,AstraZeneca,GSE57083,GSE57083_series_matrix.txt.gz,SNU878,Liver Cancer,Liver,CVCL_5102,SNU-878,Cello GEO GSM,snu878
GSM1374901,GSM1374901,SBCG2008008-D2S1CO18R,Public on Apr 28 2014,Apr 25 2014,Apr 28 2014,RNA,1.0,AZ GENE EXPRESSION,Homo sapiens,cell line: SNU886,GPL570,United Kingdom,AstraZeneca,GSE57083,GSE57083_series_matrix.txt.gz,SNU886,Liver Cancer,Liver,CVCL_5103,SNU-886,Cello GEO GSM,snu886
GSM1374902,GSM1374902,Bx042-001,Public on Apr 28 2014,Apr 25 2014,Apr 28 2014,RNA,1.0,AZ GENE EXPRESSION,Homo sapiens,cell line: SNUC2B,GPL570,United Kingdom,AstraZeneca,GSE57083,GSE57083_series_matrix.txt.gz,SNUC2B,colorectal carcinoma,Colon,CVCL_1710,SNUC2B,Cello Cell line Synonym,snuc2b
GSM1374903,GSM1374903,A1385-13,Public on Apr 28 2014,Apr 25 2014,Apr 28 2014,RNA,1.0,AZ GENE EXPRESSION,Homo sapiens,cell line: SU8686,GPL570,United Kingdom,AstraZeneca,GSE57083,GSE57083_series_matrix.txt.gz,SU8686,,Pancreas,CVCL_3881,SU.86.86,Cello GEO GSM,su8686
GSM1374904,GSM1374904,EA10068_203559_HG-U133_PLUS_2_SUDHL10,Public on Apr 28 2014,Apr 25 2014,Apr 28 2014,RNA,1.0,AZ GENE EXPRESSION,Homo sapiens,cell line: SUDHL10,GPL570,United Kingdom,AstraZeneca,GSE57083,GSE57083_series_matrix.txt.gz,SUDHL10,DLBCL,Hematopoietic System,CVCL_1889,SU-DHL-10,Cello GEO GSM,sudhl10
GSM1374905,GSM1374905,EA10068_203547_HG-U133_PLUS_2_SUDHL2,Public on Apr 28 2014,Apr 25 2014,Apr 28 2014,RNA,1.0,AZ GENE EXPRESSION,Homo sapiens,cell line: SUDHL2,GPL570,United Kingdom,AstraZeneca,GSE57083,GSE57083_series_matrix.txt.gz,SUDHL2,DLBCL,Hematopoietic System,CVCL_9550,SUDHL2,Cello Cell line Synonym,sudhl2
GSM1374906,GSM1374906,SU-DHL-4 ghp231105,Public on Apr 28 2014,Apr 25 2014,Apr 28 2014,RNA,1.0,AZ GENE EXPRESSION,Homo sapiens,cell line: SUDHL4,GPL570,United Kingdom,AstraZeneca,GSE57083,GSE57083_series_matrix.txt.gz,SUDHL4,B-NHL (B-cell non-Hodgkins Lymphoma) / DLBL (Diffuse Large B-cell Lymphoma ),Hematopoietic System,CVCL_0539,SU-DHL-4,Cello GEO GSM,sudhl4
GSM1374907,GSM1374907,Bx030_013 HG2,Public on Apr 28 2014,Apr 25 2014,Apr 28 2014,RNA,1.0,AZ GENE EXPRESSION,Homo sapiens,cell line: SUDHL5,GPL570,United Kingdom,AstraZeneca,GSE57083,GSE57083_series_matrix.txt.gz,SUDHL5,,Hematopoietic System,CVCL_1735,SU-DHL-5,Cello GEO GSM,sudhl5
GSM1374908,GSM1374908,Bx030_030 HG2,Public on Apr 28 2014,Apr 25 2014,Apr 28 2014,RNA,1.0,AZ GENE EXPRESSION,Homo sapiens,cell line: SUDHL6,GPL570,United Kingdom,AstraZeneca,GSE57083,GSE57083_series_matrix.txt.gz,SUDHL6,,Hematopoietic System,CVCL_2206,SU-DHL-6,Cello GEO GSM,sudhl6
GSM1374909,GSM1374909,EA10068_203555_HG-U133_PLUS_2_SUDHL8,Public on Apr 28 2014,Apr 25 2014,Apr 28 2014,RNA,1.0,AZ GENE EXPRESSION,Homo sapiens,cell line: SUDHL8,GPL570,United Kingdom,AstraZeneca,GSE57083,GSE57083_series_matrix.txt.gz,SUDHL8,DLBCL,Hematopoietic System,CVCL_2207,SU-DHL-8,Cello GEO GSM,sudhl8
GSM1374910,GSM1374910,Bx051b_063 HG2,Public on Apr 28 2014,Apr 25 2014,Apr 28 2014,RNA,1.0,Kudos 95 Cell Panel,Homo sapiens,cell line: SUM1315MO2,GPL570,United Kingdom,AstraZeneca,GSE57083,GSE57083_series_matrix.txt.gz,SUM1315MO2,invasive ductal carcinoma;,Breast,CVCL_5589,SUM1315MO2,Cello Cell line Name,sum1315mo2
GSM1374911,GSM1374911,Bx051b_079 HG2,Public on Apr 28 2014,Apr 25 2014,Apr 28 2014,RNA,1.0,Kudos 95 Cell Panel,Homo sapiens,cell line: SUM149PT,GPL570,United Kingdom,AstraZeneca,GSE57083,GSE57083_series_matrix.txt.gz,SUM149PT,Invasive Ductal Carcinoma,Breast,CVCL_3422,SUM149PT,Cello Cell line Name,sum149pt
GSM1374912,GSM1374912,EA08079_80513_SUM52PE,Public on Apr 28 2014,Apr 25 2014,Apr 28 2014,RNA,1.0,AZ GENE EXPRESSION,Homo sapiens,cell line: SUM52PE,GPL570,United Kingdom,AstraZeneca,GSE57083,GSE57083_series_matrix.txt.gz,SUM52PE,,Breast,CVCL_3425,SUM52PE,Cello Cell line Name,sum52pe
GSM1374913,GSM1374913,Bx030_031 HG2,Public on Apr 28 2014,Apr 25 2014,Apr 28 2014,RNA,1.0,AZ GENE EXPRESSION,Homo sapiens,cell line: SUPB15,GPL570,United Kingdom,AstraZeneca,GSE57083,GSE57083_series_matrix.txt.gz,SUPB15,,Hematopoietic System,CVCL_0103,SUP-B15,Cello GEO GSM,supb15
GSM1374914,GSM1374914,Bx058-04 HG2,Public on Apr 28 2014,Apr 25 2014,Apr 28 2014,RNA,1.0,AZ GENE EXPRESSION,Homo sapiens,cell line: SW1088,GPL570,United Kingdom,AstraZeneca,GSE57083,GSE57083_series_matrix.txt.gz,SW1088,Astrocytoma,Brain,CVCL_1715,SW1088,Cello Cell line Name,sw1088
GSM1374915,GSM1374915,SW1116,Public on Apr 28 2014,Apr 25 2014,Apr 28 2014,RNA,1.0,AZ GENE EXPRESSION,Homo sapiens,cell line: SW1116,GPL570,United Kingdom,AstraZeneca,GSE57083,GSE57083_series_matrix.txt.gz,SW1116,colorectal adenocarcinoma,Colon,CVCL_0544,SW1116,Cello Cell line Name,sw1116
GSM1374916,GSM1374916,SW1116 ap121105,Public on Apr 28 2014,Apr 25 2014,Apr 28 2014,RNA,1.0,AZ GENE EXPRESSION,Homo sapiens,cell line: SW1116,GPL570,United Kingdom,AstraZeneca,GSE57083,GSE57083_series_matrix.txt.gz,SW1116,colorectal adenocarcinoma,Colon,CVCL_0544,SW1116,Cello Cell line Name,sw1116
GSM1374917,GSM1374917,Bx042-048,Public on Apr 28 2014,Apr 25 2014,Apr 28 2014,RNA,1.0,AZ GENE EXPRESSION,Homo sapiens,cell line: SW1116,GPL570,United Kingdom,AstraZeneca,GSE57083,GSE57083_series_matrix.txt.gz,SW1116,colorectal adenocarcinoma,Colon,CVCL_0544,SW1116,Cello Cell line Name,sw1116
GSM1374918,GSM1374918,Bx042-010,Public on Apr 28 2014,Apr 25 2014,Apr 28 2014,RNA,1.0,AZ GENE EXPRESSION,Homo sapiens,cell line: SW1222,GPL570,United Kingdom,AstraZeneca,GSE57083,GSE57083_series_matrix.txt.gz,SW1222,colorectal adenocarcinoma,Colon,CVCL_3886,SW1222,Cello Cell line Name,sw1222
GSM1374919,GSM1374919,Bx051b_004 HG2,Public on Apr 28 2014,Apr 25 2014,Apr 28 2014,RNA,1.0,Kudos 95 Cell Panel,Homo sapiens,cell line: SW1417,GPL570,United Kingdom,AstraZeneca,GSE57083,GSE57083_series_matrix.txt.gz,SW1417,colorectal adenocarcinoma,Colon,CVCL_1717,SW1417,Cello Cell line Name,sw1417
GSM1374920,GSM1374920,Bx042-013,Public on Apr 28 2014,Apr 25 2014,Apr 28 2014,RNA,1.0,AZ GENE EXPRESSION,Homo sapiens,cell line: SW1417,GPL570,United Kingdom,AstraZeneca,GSE57083,GSE57083_series_matrix.txt.gz,SW1417,colorectal adenocarcinoma,Colon,CVCL_1717,SW1417,Cello Cell line Name,sw1417
GSM1374921,GSM1374921,SR5068_HUMAN_U133_PLUS2_250310,Public on Apr 28 2014,Apr 25 2014,Apr 28 2014,RNA,1.0,AZ GENE EXPRESSION,Homo sapiens,cell line: SW1710,GPL570,United Kingdom,AstraZeneca,GSE57083,GSE57083_series_matrix.txt.gz,SW1710,,Bladder,CVCL_1721,SW1710,Cello Cell line Name,sw1710
GSM1374922,GSM1374922,Bx058-14 HG2,Public on Apr 28 2014,Apr 25 2014,Apr 28 2014,RNA,1.0,AZ GENE EXPRESSION,Homo sapiens,cell line: SW1783,GPL570,United Kingdom,AstraZeneca,GSE57083,GSE57083_series_matrix.txt.gz,SW1783,astrocytoma,Brain,CVCL_1722,SW1783,Cello Cell line Name,sw1783
GSM1374923,GSM1374923,Bx051b_049 HG2,Public on Apr 28 2014,Apr 25 2014,Apr 28 2014,RNA,1.0,Kudos 95 Cell Panel,Homo sapiens,cell line: SW403,GPL570,United Kingdom,AstraZeneca,GSE57083,GSE57083_series_matrix.txt.gz,SW403,colorectal adenocarcinoma,Colon,CVCL_0545,SW403,Cello Cell line Name,sw403
GSM1374924,GSM1374924,Bx042-060,Public on Apr 28 2014,Apr 25 2014,Apr 28 2014,RNA,1.0,AZ GENE EXPRESSION,Homo sapiens,cell line: SW403,GPL570,United Kingdom,AstraZeneca,GSE57083,GSE57083_series_matrix.txt.gz,SW403,colorectal adenocarcinoma,Colon,CVCL_0545,SW403,Cello Cell line Name,sw403
GSM1374925,GSM1374925,SW48,Public on Apr 28 2014,Apr 25 2014,Apr 28 2014,RNA,1.0,AZ GENE EXPRESSION,Homo sapiens,cell line: SW48,GPL570,United Kingdom,AstraZeneca,GSE57083,GSE57083_series_matrix.txt.gz,SW48,colorectal adenocarcinoma,Colon,CVCL_1724,SW48,Cello Cell line Name,sw48
GSM1374926,GSM1374926,SW48_1,Public on Apr 28 2014,Apr 25 2014,Apr 28 2014,RNA,1.0,AZ GENE EXPRESSION,Homo sapiens,cell line: SW48,GPL570,United Kingdom,AstraZeneca,GSE57083,GSE57083_series_matrix.txt.gz,SW48,colorectal adenocarcinoma,Colon,CVCL_1724,SW48,Cello Cell line Name,sw48
GSM1374927,GSM1374927,Bx042-011,Public on Apr 28 2014,Apr 25 2014,Apr 28 2014,RNA,1.0,AZ GENE EXPRESSION,Homo sapiens,cell line: SW48,GPL570,United Kingdom,AstraZeneca,GSE57083,GSE57083_series_matrix.txt.gz,SW48,colorectal adenocarcinoma,Colon,CVCL_1724,SW48,Cello Cell line Name,sw48
GSM1374928,GSM1374928,Bx051b_017 HG2,Public on Apr 28 2014,Apr 25 2014,Apr 28 2014,RNA,1.0,Kudos 95 Cell Panel,Homo sapiens,cell line: SW480,GPL570,United Kingdom,AstraZeneca,GSE57083,GSE57083_series_matrix.txt.gz,SW480,colorectal adenocarcinoma,Colon,CVCL_0546,SW480,Cello Cell line Name,sw480
GSM1374929,GSM1374929,SW480,Public on Apr 28 2014,Apr 25 2014,Apr 28 2014,RNA,1.0,AZ GENE EXPRESSION,Homo sapiens,cell line: SW480,GPL570,United Kingdom,AstraZeneca,GSE57083,GSE57083_series_matrix.txt.gz,SW480,colorectal adenocarcinoma,Colon,CVCL_0546,SW480,Cello Cell line Name,sw480
GSM1374930,GSM1374930,SW480_1,Public on Apr 28 2014,Apr 25 2014,Apr 28 2014,RNA,1.0,AZ GENE EXPRESSION,Homo sapiens,cell line: SW480,GPL570,United Kingdom,AstraZeneca,GSE57083,GSE57083_series_matrix.txt.gz,SW480,colorectal adenocarcinoma,Colon,CVCL_0546,SW480,Cello Cell line Name,sw480
GSM1374931,GSM1374931,Bx051b_100 HG2,Public on Apr 28 2014,Apr 25 2014,Apr 28 2014,RNA,1.0,Kudos 95 Cell Panel,Homo sapiens,cell line: SW579,GPL570,United Kingdom,AstraZeneca,GSE57083,GSE57083_series_matrix.txt.gz,SW579,squamous cell carcinoma,Thyroid Gland,CVCL_3603,SW579,Cello Cell line Name,sw579
GSM1374932,GSM1374932,SW579 ap270406,Public on Apr 28 2014,Apr 25 2014,Apr 28 2014,RNA,1.0,AZ GENE EXPRESSION,Homo sapiens,cell line: SW579,GPL570,United Kingdom,AstraZeneca,GSE57083,GSE57083_series_matrix.txt.gz,SW579,squamous cell carcinoma,Thyroid Gland,CVCL_3603,SW579,Cello Cell line Name,sw579
GSM1374933,GSM1374933,Bx051b_056 HG2,Public on Apr 28 2014,Apr 25 2014,Apr 28 2014,RNA,1.0,Kudos 95 Cell Panel,Homo sapiens,cell line: SW620,GPL570,United Kingdom,AstraZeneca,GSE57083,GSE57083_series_matrix.txt.gz,SW620,colorectal adenocarcinoma,Colon,CVCL_0547,SW620,Cello Cell line Name,sw620
GSM1374934,GSM1374934,SW620,Public on Apr 28 2014,Apr 25 2014,Apr 28 2014,RNA,1.0,AZ GENE EXPRESSION,Homo sapiens,cell line: SW620,GPL570,United Kingdom,AstraZeneca,GSE57083,GSE57083_series_matrix.txt.gz,SW620,colorectal adenocarcinoma,Colon,CVCL_0547,SW620,Cello Cell line Name,sw620
GSM1374935,GSM1374935,SW620_1,Public on Apr 28 2014,Apr 25 2014,Apr 28 2014,RNA,1.0,AZ GENE EXPRESSION,Homo sapiens,cell line: SW620,GPL570,United Kingdom,AstraZeneca,GSE57083,GSE57083_series_matrix.txt.gz,SW620,colorectal adenocarcinoma,Colon,CVCL_0547,SW620,Cello Cell line Name,sw620
GSM1374936,GSM1374936,SR5080_HUMAN_U133_PLUS2_250310,Public on Apr 28 2014,Apr 25 2014,Apr 28 2014,RNA,1.0,AZ GENE EXPRESSION,Homo sapiens,cell line: SW780,GPL570,United Kingdom,AstraZeneca,GSE57083,GSE57083_series_matrix.txt.gz,SW780,,Bladder,CVCL_1728,SW780,Cello Cell line Name,sw780
GSM1374937,GSM1374937,Bx042-045r,Public on Apr 28 2014,Apr 25 2014,Apr 28 2014,RNA,1.0,AZ GENE EXPRESSION,Homo sapiens,cell line: SW837,GPL570,United Kingdom,AstraZeneca,GSE57083,GSE57083_series_matrix.txt.gz,SW837,adenocarcinoma,Colon,CVCL_1729,SW837,Cello Cell line Name,sw837
GSM1374938,GSM1374938,Bx051b_009 HG2,Public on Apr 28 2014,Apr 25 2014,Apr 28 2014,RNA,1.0,Kudos 95 Cell Panel,Homo sapiens,cell line: SW948,GPL570,United Kingdom,AstraZeneca,GSE57083,GSE57083_series_matrix.txt.gz,SW948,colorectal adenocarcinoma,Colon,CVCL_0632,SW948,Cello Cell line Name,sw948
GSM1374939,GSM1374939,Bx042-054,Public on Apr 28 2014,Apr 25 2014,Apr 28 2014,RNA,1.0,AZ GENE EXPRESSION,Homo sapiens,cell line: SW948,GPL570,United Kingdom,AstraZeneca,GSE57083,GSE57083_series_matrix.txt.gz,SW948,colorectal adenocarcinoma,Colon,CVCL_0632,SW948,Cello Cell line Name,sw948
GSM1374940,GSM1374940,SR5083_HUMAN_U133_PLUS2_250310,Public on Apr 28 2014,Apr 25 2014,Apr 28 2014,RNA,1.0,AZ GENE EXPRESSION,Homo sapiens,cell line: T24,GPL570,United Kingdom,AstraZeneca,GSE57083,GSE57083_series_matrix.txt.gz,T24,,Bladder,CVCL_0554,T24,Cello Cell line Name,t24
GSM1374941,GSM1374941,86 T24 WT y,Public on Apr 28 2014,Apr 25 2014,Apr 28 2014,RNA,1.0,AZ GENE EXPRESSION,Homo sapiens,cell line: T24,GPL570,United Kingdom,AstraZeneca,GSE57083,GSE57083_series_matrix.txt.gz,T24,,Bladder,CVCL_0554,T24,Cello Cell line Name,t24
GSM1374942,GSM1374942,89 T24 Neo 1 correct,Public on Apr 28 2014,Apr 25 2014,Apr 28 2014,RNA,1.0,AZ GENE EXPRESSION,Homo sapiens,cell line: T24NEO1,GPL570,United Kingdom,AstraZeneca,GSE57083,GSE57083_series_matrix.txt.gz,T24NEO1,,Bladder,,,,t24neo1
GSM1374943,GSM1374943,88 T24 Neo 3 correct,Public on Apr 28 2014,Apr 25 2014,Apr 28 2014,RNA,1.0,AZ GENE EXPRESSION,Homo sapiens,cell line: T24NEO3,GPL570,United Kingdom,AstraZeneca,GSE57083,GSE57083_series_matrix.txt.gz,T24NEO3,,Bladder,,,,t24neo3
GSM1374944,GSM1374944,85 T24 R2WT K10,Public on Apr 28 2014,Apr 25 2014,Apr 28 2014,RNA,1.0,AZ GENE EXPRESSION,Homo sapiens,cell line: T24R2WTK10,GPL570,United Kingdom,AstraZeneca,GSE57083,GSE57083_series_matrix.txt.gz,T24R2WTK10,,Bladder,,,,t24r2wtk10
GSM1374945,GSM1374945,90 T24 sauvage,Public on Apr 28 2014,Apr 25 2014,Apr 28 2014,RNA,1.0,AZ GENE EXPRESSION,Homo sapiens,cell line: T24SAUVAGE,GPL570,United Kingdom,AstraZeneca,GSE57083,GSE57083_series_matrix.txt.gz,T24SAUVAGE,,Bladder,,,,t24sauvage
GSM1374946,GSM1374946,87 T24 WT k6,Public on Apr 28 2014,Apr 25 2014,Apr 28 2014,RNA,1.0,AZ GENE EXPRESSION,Homo sapiens,cell line: T24WTK6,GPL570,United Kingdom,AstraZeneca,GSE57083,GSE57083_series_matrix.txt.gz,T24WTK6,,Bladder,,,,t24wtk6
GSM1374947,GSM1374947,Bx040_0012_R,Public on Apr 28 2014,Apr 25 2014,Apr 28 2014,RNA,1.0,AZ GENE EXPRESSION,Homo sapiens,cell line: T3M4,GPL570,United Kingdom,AstraZeneca,GSE57083,GSE57083_series_matrix.txt.gz,T3M4,Adenocarcinoma,Pancreas,CVCL_4056,T3M4,Cello Cell line Synonym,t3m4
GSM1374948,GSM1374948,Bx051b_090 HG2,Public on Apr 28 2014,Apr 25 2014,Apr 28 2014,RNA,1.0,Kudos 95 Cell Panel,Homo sapiens,cell line: T3M4,GPL570,United Kingdom,AstraZeneca,GSE57083,GSE57083_series_matrix.txt.gz,T3M4,Adenocarcinoma,Pancreas,CVCL_4056,T3M4,Cello Cell line Synonym,t3m4
GSM1374949,GSM1374949,A1385-17,Public on Apr 28 2014,Apr 25 2014,Apr 28 2014,RNA,1.0,AZ GENE EXPRESSION,Homo sapiens,cell line: T3M4,GPL570,United Kingdom,AstraZeneca,GSE57083,GSE57083_series_matrix.txt.gz,T3M4,,Pancreas,CVCL_4056,T3M4,Cello Cell line Synonym,t3m4
GSM1374950,GSM1374950,Bx051b_019 HG2,Public on Apr 28 2014,Apr 25 2014,Apr 28 2014,RNA,1.0,Kudos 95 Cell Panel,Homo sapiens,cell line: T47D,GPL570,United Kingdom,AstraZeneca,GSE57083,GSE57083_series_matrix.txt.gz,T47D,Ductal Carcinoma,Breast,CVCL_0553,T-47D,Cello GEO GSM,t47d
GSM1374951,GSM1374951,T47D,Public on Apr 28 2014,Apr 25 2014,Apr 28 2014,RNA,1.0,AZ GENE EXPRESSION,Homo sapiens,cell line: T47D,GPL570,United Kingdom,AstraZeneca,GSE57083,GSE57083_series_matrix.txt.gz,T47D,ductal carcinoma Derived from metastatic site: pleural effusion,Breast,CVCL_0553,T-47D,Cello GEO GSM,t47d
GSM1374952,GSM1374952,EA08079_80508_T-47D,Public on Apr 28 2014,Apr 25 2014,Apr 28 2014,RNA,1.0,AZ GENE EXPRESSION,Homo sapiens,cell line: T47D,GPL570,United Kingdom,AstraZeneca,GSE57083,GSE57083_series_matrix.txt.gz,T47D,,Breast,CVCL_0553,T-47D,Cello GEO GSM,t47d
GSM1374953,GSM1374953,Bx042-050,Public on Apr 28 2014,Apr 25 2014,Apr 28 2014,RNA,1.0,AZ GENE EXPRESSION,Homo sapiens,cell line: T84,GPL570,United Kingdom,AstraZeneca,GSE57083,GSE57083_series_matrix.txt.gz,T84,colorectal carcinoma,Colon,CVCL_0555,T84,Cello Cell line Name,t84
GSM1374954,GSM1374954,Bx058-05 HG2,Public on Apr 28 2014,Apr 25 2014,Apr 28 2014,RNA,1.0,AZ GENE EXPRESSION,Homo sapiens,cell line: T98G,GPL570,United Kingdom,AstraZeneca,GSE57083,GSE57083_series_matrix.txt.gz,T98G,Glioblastoma multiforme,Brain,CVCL_0556,T98G,Cello Cell line Name,t98g
GSM1374955,GSM1374955,SR5165_HUMAN_U133_PLUS2_250310,Public on Apr 28 2014,Apr 25 2014,Apr 28 2014,RNA,1.0,AZ GENE EXPRESSION,Homo sapiens,cell line: TCCSUP,GPL570,United Kingdom,AstraZeneca,GSE57083,GSE57083_series_matrix.txt.gz,TCCSUP,,Bladder,CVCL_1738,TCCSUP,Cello Cell line Name,tccsup
GSM1374956,GSM1374956,81 TCC Sup,Public on Apr 28 2014,Apr 25 2014,Apr 28 2014,RNA,1.0,AZ GENE EXPRESSION,Homo sapiens,cell line: TCCSUP,GPL570,United Kingdom,AstraZeneca,GSE57083,GSE57083_series_matrix.txt.gz,TCCSUP,,Bladder,CVCL_1738,TCCSUP,Cello Cell line Name,tccsup
GSM1374957,GSM1374957,SBCG2008008-D3S1C0016R,Public on Apr 28 2014,Apr 25 2014,Apr 28 2014,RNA,1.0,AZ GENE EXPRESSION,Homo sapiens,cell line: TE10,GPL570,United Kingdom,AstraZeneca,GSE57083,GSE57083_series_matrix.txt.gz,TE10,Esophageal cancer,Esophagus,CVCL_1760,TE-10,Cello GEO GSM,te10
GSM1374958,GSM1374958,SBCG2008008-D3S1CO017R,Public on Apr 28 2014,Apr 25 2014,Apr 28 2014,RNA,1.0,AZ GENE EXPRESSION,Homo sapiens,cell line: TE12,GPL570,United Kingdom,AstraZeneca,GSE57083,GSE57083_series_matrix.txt.gz,TE12,Esophageal cancer,Esophagus,CVCL_1762,TE12,Cello Cell line Synonym,te12
GSM1374959,GSM1374959,SBCG2008008-D3S1C0014R,Public on Apr 28 2014,Apr 25 2014,Apr 28 2014,RNA,1.0,AZ GENE EXPRESSION,Homo sapiens,cell line: TE3,GPL570,United Kingdom,AstraZeneca,GSE57083,GSE57083_series_matrix.txt.gz,TE3,Esophageal cancer,Esophagus,CVCL_9971,TE3,Cello Cell line Synonym,te3
GSM1374960,GSM1374960,SBCG2008008-D3S1C0015R,Public on Apr 28 2014,Apr 25 2014,Apr 28 2014,RNA,1.0,AZ GENE EXPRESSION,Homo sapiens,cell line: TE7,GPL570,United Kingdom,AstraZeneca,GSE57083,GSE57083_series_matrix.txt.gz,TE7,Esophageal cancer,Esophagus,CVCL_F785,TE7,Cello Cell line Name,te7
GSM1374961,GSM1374961,TF-1 ghp231105,Public on Apr 28 2014,Apr 25 2014,Apr 28 2014,RNA,1.0,AZ GENE EXPRESSION,Homo sapiens,cell line: TF1,GPL570,United Kingdom,AstraZeneca,GSE57083,GSE57083_series_matrix.txt.gz,TF1,AML (Acute Myeloid Leukemia),Hematopoietic System,CVCL_0559,TF-1,Cello GEO GSM,tf1
GSM1374962,GSM1374962,THP-1 ghp231105,Public on Apr 28 2014,Apr 25 2014,Apr 28 2014,RNA,1.0,AZ GENE EXPRESSION,Homo sapiens,cell line: THP1,GPL570,United Kingdom,AstraZeneca,GSE57083,GSE57083_series_matrix.txt.gz,THP1,AML (Acute Myeloid Leukemia),Hematopoietic System,CVCL_0006,THP-1,Cello GEO GSM,thp1
GSM1374963,GSM1374963,EA10068_203548_HG-U133_PLUS_2_TMD8,Public on Apr 28 2014,Apr 25 2014,Apr 28 2014,RNA,1.0,AZ GENE EXPRESSION,Homo sapiens,cell line: TMD8,GPL570,United Kingdom,AstraZeneca,GSE57083,GSE57083_series_matrix.txt.gz,TMD8,DLBCL,Hematopoietic System,CVCL_A442,TMD8,Cello Cell line Name,tmd8
GSM1374964,GSM1374964,Bx051b_076 HG2,Public on Apr 28 2014,Apr 25 2014,Apr 28 2014,RNA,1.0,Kudos 95 Cell Panel,Homo sapiens,cell line: TOV112D,GPL570,United Kingdom,AstraZeneca,GSE57083,GSE57083_series_matrix.txt.gz,TOV112D,primary malignant adenocarcinoma; endometrioid carcinoma,Ovary,CVCL_3612,TOV-112D,Cello GEO GSM,tov112d
GSM1374965,GSM1374965,Bx051b_069 HG2,Public on Apr 28 2014,Apr 25 2014,Apr 28 2014,RNA,1.0,Kudos 95 Cell Panel,Homo sapiens,cell line: TOV21G,GPL570,United Kingdom,AstraZeneca,GSE57083,GSE57083_series_matrix.txt.gz,TOV21G,primary malignant adenocarcinoma; clear cell carcinoma,Ovary,CVCL_3613,TOV-21G,Cello GEO GSM,tov21g
GSM1374966,GSM1374966,SBCG2008008-D3S1CO001R,Public on Apr 28 2014,Apr 25 2014,Apr 28 2014,RNA,1.0,AZ GENE EXPRESSION,Homo sapiens,cell line: TT,GPL570,United Kingdom,AstraZeneca,GSE57083,GSE57083_series_matrix.txt.gz,TT,Esophageal cancer,Thyroid Gland,CVCL_1774,TT,Cello Cell line Name,tt
GSM1374967,GSM1374967,SBCG2008008-D3S1CO002R,Public on Apr 28 2014,Apr 25 2014,Apr 28 2014,RNA,1.0,AZ GENE EXPRESSION,Homo sapiens,cell line: TTN,GPL570,United Kingdom,AstraZeneca,GSE57083,GSE57083_series_matrix.txt.gz,TTN,Esophageal cancer,Thyroid Gland,CVCL_3175,TTN,Cello Cell line Synonym,ttn
GSM1374968,GSM1374968,Bx058-15 HG2,Public on Apr 28 2014,Apr 25 2014,Apr 28 2014,RNA,1.0,AZ GENE EXPRESSION,Homo sapiens,cell line: U118MG,GPL570,United Kingdom,AstraZeneca,GSE57083,GSE57083_series_matrix.txt.gz,U118MG,glioblastoma; astrocytoma,Brain,CVCL_0633,U-118MG,Cello GEO GSM,u118mg
GSM1374969,GSM1374969,Bx058-16 HG2,Public on Apr 28 2014,Apr 25 2014,Apr 28 2014,RNA,1.0,AZ GENE EXPRESSION,Homo sapiens,cell line: U118MG,GPL570,United Kingdom,AstraZeneca,GSE57083,GSE57083_series_matrix.txt.gz,U118MG,glioblastoma,Brain,CVCL_0633,U-118MG,Cello GEO GSM,u118mg
GSM1374970,GSM1374970,U266B1 ghp150606,Public on Apr 28 2014,Apr 25 2014,Apr 28 2014,RNA,1.0,AZ GENE EXPRESSION,Homo sapiens,cell line: U266B1,GPL570,United Kingdom,AstraZeneca,GSE57083,GSE57083_series_matrix.txt.gz,U266B1,Myeloma,Hematopoietic System,CVCL_0566,U266B1,Cello Cell line Name,u266b1
GSM1374971,GSM1374971,EA10068_203549_HG-U133_PLUS_2_U2932,Public on Apr 28 2014,Apr 25 2014,Apr 28 2014,RNA,1.0,AZ GENE EXPRESSION,Homo sapiens,cell line: U2932,GPL570,United Kingdom,AstraZeneca,GSE57083,GSE57083_series_matrix.txt.gz,U2932,DLBCL,Hematopoietic System,CVCL_1896,U-2932,Cello GEO GSM,u2932
GSM1374972,GSM1374972,EA10068_203550_HG-U133_PLUS_2_U-2940,Public on Apr 28 2014,Apr 25 2014,Apr 28 2014,RNA,1.0,AZ GENE EXPRESSION,Homo sapiens,cell line: U2940,GPL570,United Kingdom,AstraZeneca,GSE57083,GSE57083_series_matrix.txt.gz,U2940,DLBCL,Hematopoietic System,CVCL_1897,U2940,Cello Cell line Synonym,u2940
GSM1374973,GSM1374973,EA10068_203562_HG-U133_PLUS_2_U-698-M,Public on Apr 28 2014,Apr 25 2014,Apr 28 2014,RNA,1.0,AZ GENE EXPRESSION,Homo sapiens,cell line: U698M,GPL570,United Kingdom,AstraZeneca,GSE57083,GSE57083_series_matrix.txt.gz,U698M,DLBCL,Hematopoietic System,CVCL_0017,U-698-M,Cello GEO GSM,u698m
GSM1374974,GSM1374974,Bx058-19 HG2,Public on Apr 28 2014,Apr 25 2014,Apr 28 2014,RNA,1.0,AZ GENE EXPRESSION,Homo sapiens,cell line: U87MG,GPL570,United Kingdom,AstraZeneca,GSE57083,GSE57083_series_matrix.txt.gz,U87MG,glioblastoma; astrocytoma,Brain,CVCL_0022,U-87MG ATCC,Cello GEO GSM,u87mg
GSM1374975,GSM1374975,U937 ghp280606,Public on Apr 28 2014,Apr 25 2014,Apr 28 2014,RNA,1.0,AZ GENE EXPRESSION,Homo sapiens,cell line: U937,GPL570,United Kingdom,AstraZeneca,GSE57083,GSE57083_series_matrix.txt.gz,U937,Histocytic Lymphoma,Hematopoietic System,CVCL_0007,U-937,Cello GEO GSM,u937
GSM1374976,GSM1374976,EA10068_111344,Public on Apr 28 2014,Apr 25 2014,Apr 28 2014,RNA,1.0,AZ GENE EXPRESSION,Homo sapiens,cell line: UKE1,GPL570,United Kingdom,AstraZeneca,GSE57083,GSE57083_series_matrix.txt.gz,UKE1,AML,Hematopoietic System,CVCL_0104,UKE-1,Cello GEO GSM,uke1
GSM1374977,GSM1374977,EA10068_203551_HG-U133_PLUS_2_ULA,Public on Apr 28 2014,Apr 25 2014,Apr 28 2014,RNA,1.0,AZ GENE EXPRESSION,Homo sapiens,cell line: ULA,GPL570,United Kingdom,AstraZeneca,GSE57083,GSE57083_series_matrix.txt.gz,ULA,DLBCL,Hematopoietic System,CVCL_1854,ULA,Cello Cell line Name,ula
GSM1374978,GSM1374978,SR5074_HUMAN_U133_PLUS2_250310,Public on Apr 28 2014,Apr 25 2014,Apr 28 2014,RNA,1.0,AZ GENE EXPRESSION,Homo sapiens,cell line: UMUC3,GPL570,United Kingdom,AstraZeneca,GSE57083,GSE57083_series_matrix.txt.gz,UMUC3,,Bladder,CVCL_1783,UM-UC-3,Cello GEO GSM,umuc3
GSM1374979,GSM1374979,EA10068_111341,Public on Apr 28 2014,Apr 25 2014,Apr 28 2014,RNA,1.0,AZ GENE EXPRESSION,Homo sapiens,cell line: UT7,GPL570,United Kingdom,AstraZeneca,GSE57083,GSE57083_series_matrix.txt.gz,UT7,AML,Hematopoietic System,CVCL_2233,UT7,Cello Cell line Synonym,ut7
GSM1374980,GSM1374980,EA09076_118377_HG-U133_PLUS_2_CO015_07,Public on Apr 28 2014,Apr 25 2014,Apr 28 2014,RNA,1.0,AZ GENE EXPRESSION,Homo sapiens,cell line: VACO10MS,GPL570,United Kingdom,AstraZeneca,GSE57083,GSE57083_series_matrix.txt.gz,VACO10MS,carcinoma,Colon,CVCL_5393,VACO10MS,Cello Cell line Synonym,vaco10ms
GSM1374981,GSM1374981,EA09076_118378_HG-U133_PLUS_2_CO015_08,Public on Apr 28 2014,Apr 25 2014,Apr 28 2014,RNA,1.0,AZ GENE EXPRESSION,Homo sapiens,cell line: VACO4A,GPL570,United Kingdom,AstraZeneca,GSE57083,GSE57083_series_matrix.txt.gz,VACO4A,Rectum carcinoma,Colon,CVCL_5405,VACO4A,Cello Cell line Synonym,vaco4a
GSM1374982,GSM1374982,EA09076_118379_HG-U133_PLUS_2_CO015_09,Public on Apr 28 2014,Apr 25 2014,Apr 28 2014,RNA,1.0,AZ GENE EXPRESSION,Homo sapiens,cell line: VACO4S,GPL570,United Kingdom,AstraZeneca,GSE57083,GSE57083_series_matrix.txt.gz,VACO4S,Rectum carcinoma,Colon,CVCL_5406,VACO4S,Cello Cell line Synonym,vaco4s
GSM1374983,GSM1374983,EA09076_118380_HG-U133_PLUS_2_CO015_10,Public on Apr 28 2014,Apr 25 2014,Apr 28 2014,RNA,1.0,AZ GENE EXPRESSION,Homo sapiens,cell line: VACO5,GPL570,United Kingdom,AstraZeneca,GSE57083,GSE57083_series_matrix.txt.gz,VACO5,Cecum carcinoma,Colon,CVCL_5407,VACO5,Cello Cell line Synonym,vaco5
GSM1374984,GSM1374984,A1631-09,Public on Apr 28 2014,Apr 25 2014,Apr 28 2014,RNA,1.0,AZ GENE EXPRESSION,Homo sapiens,cell line: VCAP,GPL570,United Kingdom,AstraZeneca,GSE57083,GSE57083_series_matrix.txt.gz,VCAP,,Prostate,CVCL_2235,VCaP,Cello GEO GSM,vcap
GSM1374985,GSM1374985,SR5072_HUMAN_U133_PLUS2_250310,Public on Apr 28 2014,Apr 25 2014,Apr 28 2014,RNA,1.0,AZ GENE EXPRESSION,Homo sapiens,cell line: VMCUB1,GPL570,United Kingdom,AstraZeneca,GSE57083,GSE57083_series_matrix.txt.gz,VMCUB1,,Bladder,CVCL_1786,VM-CUB-1,Cello GEO GSM,vmcub1
GSM1374986,GSM1374986,SB11010-2_D4S1C0040R_(HG-U133_Plus_2),Public on Apr 28 2014,Apr 25 2014,Apr 28 2014,RNA,1.0,AZ GENE EXPRESSION,Homo sapiens,cell line: VMRCLCP,GPL570,United Kingdom,AstraZeneca,GSE57083,GSE57083_series_matrix.txt.gz,VMRCLCP,SqLC,Lung,CVCL_1788,VMRCLCP,Cello Cell line Synonym,vmrclcp
GSM1374987,GSM1374987,WiDr,Public on Apr 28 2014,Apr 25 2014,Apr 28 2014,RNA,1.0,AZ GENE EXPRESSION,Homo sapiens,cell line: WIDR,GPL570,United Kingdom,AstraZeneca,GSE57083,GSE57083_series_matrix.txt.gz,WIDR,colorectal adenocarcinoma,Colon,CVCL_2760,WIDR,Cello Cell line Synonym,widr
GSM1374988,GSM1374988,WiDr ap121105,Public on Apr 28 2014,Apr 25 2014,Apr 28 2014,RNA,1.0,AZ GENE EXPRESSION,Homo sapiens,cell line: WIDR,GPL570,United Kingdom,AstraZeneca,GSE57083,GSE57083_series_matrix.txt.gz,WIDR,colorectal adenocarcinoma,Colon,CVCL_2760,WIDR,Cello Cell line Synonym,widr
GSM1374989,GSM1374989,EA10068_203552_HG-U133_PLUS_2_WILL-1,Public on Apr 28 2014,Apr 25 2014,Apr 28 2014,RNA,1.0,AZ GENE EXPRESSION,Homo sapiens,cell line: WILL1,GPL570,United Kingdom,AstraZeneca,GSE57083,GSE57083_series_matrix.txt.gz,WILL1,DLBCL,Hematopoietic System,CVCL_1900,WILL1,Cello Cell line Synonym,will1
GSM1374990,GSM1374990,EA10068_203553_HG-U133_PLUS_2_WILL-2,Public on Apr 28 2014,Apr 25 2014,Apr 28 2014,RNA,1.0,AZ GENE EXPRESSION,Homo sapiens,cell line: WILL2,GPL570,United Kingdom,AstraZeneca,GSE57083,GSE57083_series_matrix.txt.gz,WILL2,DLBCL,Hematopoietic System,CVCL_1901,WILL2,Cello Cell line Synonym,will2
GSM1374991,GSM1374991,WSU-DCL2 ghp280606,Public on Apr 28 2014,Apr 25 2014,Apr 28 2014,RNA,1.0,AZ GENE EXPRESSION,Homo sapiens,cell line: WSUDLCL2,GPL570,United Kingdom,AstraZeneca,GSE57083,GSE57083_series_matrix.txt.gz,WSUDLCL2,B-NHL (B-cell non-Hodgkins Lymphoma) / DLCL (Diffuse Large Cell Lymphoma),Hematopoietic System,CVCL_1902,WSUDLCL2,Cello Cell line Synonym,wsudlcl2
GSM1374992,GSM1374992,WSU-NHL ghp231105,Public on Apr 28 2014,Apr 25 2014,Apr 28 2014,RNA,1.0,AZ GENE EXPRESSION,Homo sapiens,cell line: WSUNHL,GPL570,United Kingdom,AstraZeneca,GSE57083,GSE57083_series_matrix.txt.gz,WSUNHL,B-NHL (B-cell non-Hodgkins Lymphoma) / DLBL (Diffuse Large B-cell Lymphoma ),Hematopoietic System,CVCL_1793,WSU-NHL,Cello GEO GSM,wsunhl
GSM1374993,GSM1374993,Bx051b_030 HG2,Public on Apr 28 2014,Apr 25 2014,Apr 28 2014,RNA,1.0,Kudos 95 Cell Panel,Homo sapiens,cell line: ZR751,GPL570,United Kingdom,AstraZeneca,GSE57083,GSE57083_series_matrix.txt.gz,ZR751,ductal carcinoma Derived from metastatic site: ascites,Breast,CVCL_0588,ZR-75-1,Cello GEO GSM,zr751
GSM1374994,GSM1374994,ZR-75-1,Public on Apr 28 2014,Apr 25 2014,Apr 28 2014,RNA,1.0,AZ GENE EXPRESSION,Homo sapiens,cell line: ZR751,GPL570,United Kingdom,AstraZeneca,GSE57083,GSE57083_series_matrix.txt.gz,ZR751,ductal carcinoma Derived from metastatic site: ascites,Breast,CVCL_0588,ZR-75-1,Cello GEO GSM,zr751
GSM1374995,GSM1374995,EA08079_80509_ZR-75-1,Public on Apr 28 2014,Apr 25 2014,Apr 28 2014,RNA,1.0,AZ GENE EXPRESSION,Homo sapiens,cell line: ZR751,GPL570,United Kingdom,AstraZeneca,GSE57083,GSE57083_series_matrix.txt.gz,ZR751,ductal carcinoma Derived from metastatic site: ascites,Breast,CVCL_0588,ZR-75-1,Cello GEO GSM,zr751
GSM139640,GSM139640,,,,,,,,,,,,,,,,,,CVCL_0023,A-549,Cello GEO GSM,
GSM139641,GSM139641,,,,,,,,,,,,,,,,,,CVCL_0023,A-549,Cello GEO GSM,
GSM139642,GSM139642,,,,,,,,,,,,,,,,,,CVCL_0023,A-549,Cello GEO GSM,
GSM139643,GSM139643,,,,,,,,,,,,,,,,,,CVCL_0023,A-549,Cello GEO GSM,
GSM139644,GSM139644,,,,,,,,,,,,,,,,,,CVCL_0023,A-549,Cello GEO GSM,
GSM139645,GSM139645,,,,,,,,,,,,,,,,,,CVCL_0023,A-549,Cello GEO GSM,
GSM139646,GSM139646,,,,,,,,,,,,,,,,,,CVCL_0023,A-549,Cello GEO GSM,
GSM139647,GSM139647,,,,,,,,,,,,,,,,,,CVCL_0023,A-549,Cello GEO GSM,
GSM139648,GSM139648,,,,,,,,,,,,,,,,,,CVCL_0023,A-549,Cello GEO GSM,
GSM139649,GSM139649,,,,,,,,,,,,,,,,,,CVCL_0023,A-549,Cello GEO GSM,
GSM139652,GSM139652,,,,,,,,,,,,,,,,,,CVCL_0023,A-549,Cello GEO GSM,
GSM139653,GSM139653,,,,,,,,,,,,,,,,,,CVCL_0023,A-549,Cello GEO GSM,
GSM1400424,GSM1400424,MCC26_1_GPL570,Public on Dec 23 2014,May 29 2014,Dec 23 2014,RNA,1.0,MCC26 cell line,Homo sapiens,cell line: MCC26 cell line,GPL570,USA,National Cancer Institute,GSE50451,GSE50451-GPL570_series_matrix.txt.gz,MCC26 ,,,CVCL_2585,MCC26,Cello match alphanum,mcc26
GSM1400425,GSM1400425,MCC26_2_GPL570,Public on Dec 23 2014,May 29 2014,Dec 23 2014,RNA,1.0,MCC26 cell line,Homo sapiens,cell line: MCC26 cell line,GPL570,USA,National Cancer Institute,GSE50451,GSE50451-GPL570_series_matrix.txt.gz,MCC26 ,,,CVCL_2585,MCC26,Cello match alphanum,mcc26
GSM1400426,GSM1400426,MCC26_3_GPL570,Public on Dec 23 2014,May 29 2014,Dec 23 2014,RNA,1.0,MCC26 cell line,Homo sapiens,cell line: MCC26 cell line,GPL570,USA,National Cancer Institute,GSE50451,GSE50451-GPL570_series_matrix.txt.gz,MCC26 ,,,CVCL_2585,MCC26,Cello match alphanum,mcc26
GSM1400427,GSM1400427,MCC13_1_GPL570,Public on Dec 23 2014,May 29 2014,Dec 23 2014,RNA,1.0,MCC13 cell line,Homo sapiens,cell line: MCC13 cell line,GPL570,USA,National Cancer Institute,GSE50451,GSE50451-GPL570_series_matrix.txt.gz,MCC13 ,,,CVCL_2583,MCC13,Cello match alphanum,mcc13
GSM1400428,GSM1400428,MCC13_2_GPL570,Public on Dec 23 2014,May 29 2014,Dec 23 2014,RNA,1.0,MCC13 cell line,Homo sapiens,cell line: MCC13 cell line,GPL570,USA,National Cancer Institute,GSE50451,GSE50451-GPL570_series_matrix.txt.gz,MCC13 ,,,CVCL_2583,MCC13,Cello match alphanum,mcc13
GSM1400429,GSM1400429,MCC13_3_GPL570,Public on Dec 23 2014,May 29 2014,Dec 23 2014,RNA,1.0,MCC13 cell line,Homo sapiens,cell line: MCC13 cell line,GPL570,USA,National Cancer Institute,GSE50451,GSE50451-GPL570_series_matrix.txt.gz,MCC13 ,,,CVCL_2583,MCC13,Cello match alphanum,mcc13
GSM155069,GSM155069,,,,,,,,,,,,,,,,,,CVCL_1818,Granta-519,Cello GEO GSM,
GSM155070,GSM155070,,,,,,,,,,,,,,,,,,CVCL_1818,Granta-519,Cello GEO GSM,
GSM155071,GSM155071,,,,,,,,,,,,,,,,,,CVCL_1818,Granta-519,Cello GEO GSM,
GSM155072,GSM155072,,,,,,,,,,,,,,,,,,CVCL_1884,REC-1,Cello GEO GSM,
GSM155073,GSM155073,,,,,,,,,,,,,,,,,,CVCL_1884,REC-1,Cello GEO GSM,
GSM155074,GSM155074,,,,,,,,,,,,,,,,,,CVCL_1884,REC-1,Cello GEO GSM,
GSM155081,GSM155081,,,,,,,,,,,,,,,,,,CVCL_1865,JeKo-1,Cello GEO GSM,
GSM155082,GSM155082,,,,,,,,,,,,,,,,,,CVCL_1865,JeKo-1,Cello GEO GSM,
GSM155083,GSM155083,,,,,,,,,,,,,,,,,,CVCL_1865,JeKo-1,Cello GEO GSM,
GSM1588970,GSM1588970,,,,,,,,,,,,,,,,,,CVCL_7082,,,
GSM1588971,GSM1588971,,,,,,,,,,,,,,,,,,CVCL_7082,,,
GSM1588972,GSM1588972,,,,,,,,,,,,,,,,,,CVCL_7082,,,
GSM1588973,GSM1588973,,,,,,,,,,,,,,,,,,CVCL_7082,,,
GSM1588974,GSM1588974,,,,,,,,,,,,,,,,,,CVCL_7082,,,
GSM1588975,GSM1588975,,,,,,,,,,,,,,,,,,CVCL_7082,,,
GSM1588976,GSM1588976,,,,,,,,,,,,,,,,,,CVCL_7082,,,
GSM1588977,GSM1588977,,,,,,,,,,,,,,,,,,CVCL_7082,,,
GSM1588978,GSM1588978,,,,,,,,,,,,,,,,,,CVCL_7082,,,
GSM1588979,GSM1588979,,,,,,,,,,,,,,,,,,CVCL_7082,,,
GSM1588980,GSM1588980,,,,,,,,,,,,,,,,,,CVCL_7082,,,
GSM1588981,GSM1588981,,,,,,,,,,,,,,,,,,CVCL_7082,,,
GSM1588982,GSM1588982,,,,,,,,,,,,,,,,,,CVCL_7082,,,
GSM1588983,GSM1588983,,,,,,,,,,,,,,,,,,CVCL_7082,,,
GSM1588984,GSM1588984,,,,,,,,,,,,,,,,,,CVCL_7082,,,
GSM1588985,GSM1588985,,,,,,,,,,,,,,,,,,CVCL_7082,,,
GSM1588986,GSM1588986,,,,,,,,,,,,,,,,,,CVCL_7082,,,
GSM1588987,GSM1588987,,,,,,,,,,,,,,,,,,CVCL_7082,,,
GSM1588988,GSM1588988,,,,,,,,,,,,,,,,,,CVCL_7082,,,
GSM1588989,GSM1588989,,,,,,,,,,,,,,,,,,CVCL_7082,,,
GSM1588990,GSM1588990,,,,,,,,,,,,,,,,,,CVCL_7082,,,
GSM1588991,GSM1588991,,,,,,,,,,,,,,,,,,CVCL_7082,,,
GSM1588992,GSM1588992,,,,,,,,,,,,,,,,,,CVCL_7082,,,
GSM1588993,GSM1588993,,,,,,,,,,,,,,,,,,CVCL_7082,,,
GSM1588994,GSM1588994,,,,,,,,,,,,,,,,,,CVCL_7082,,,
GSM1588995,GSM1588995,,,,,,,,,,,,,,,,,,CVCL_7082,,,
GSM1588996,GSM1588996,,,,,,,,,,,,,,,,,,CVCL_7082,,,
GSM1588997,GSM1588997,,,,,,,,,,,,,,,,,,CVCL_7082,,,
GSM1588998,GSM1588998,,,,,,,,,,,,,,,,,,CVCL_7082,,,
GSM1588999,GSM1588999,,,,,,,,,,,,,,,,,,CVCL_7082,,,
GSM1589000,GSM1589000,,,,,,,,,,,,,,,,,,CVCL_7082,,,
GSM1589001,GSM1589001,,,,,,,,,,,,,,,,,,CVCL_7082,,,
GSM1589002,GSM1589002,,,,,,,,,,,,,,,,,,CVCL_7082,,,
GSM1589003,GSM1589003,,,,,,,,,,,,,,,,,,CVCL_7082,,,
GSM1589004,GSM1589004,,,,,,,,,,,,,,,,,,CVCL_7082,,,
GSM1589005,GSM1589005,,,,,,,,,,,,,,,,,,CVCL_7082,,,
GSM1589006,GSM1589006,,,,,,,,,,,,,,,,,,CVCL_7082,,,
GSM1589007,GSM1589007,,,,,,,,,,,,,,,,,,CVCL_7082,,,
GSM1589008,GSM1589008,,,,,,,,,,,,,,,,,,CVCL_7082,,,
GSM1589009,GSM1589009,,,,,,,,,,,,,,,,,,CVCL_7082,,,
GSM1589010,GSM1589010,,,,,,,,,,,,,,,,,,CVCL_7082,,,
GSM1589011,GSM1589011,,,,,,,,,,,,,,,,,,CVCL_7082,,,
GSM1589012,GSM1589012,,,,,,,,,,,,,,,,,,CVCL_7082,,,
GSM1589013,GSM1589013,,,,,,,,,,,,,,,,,,CVCL_7082,,,
GSM1589014,GSM1589014,,,,,,,,,,,,,,,,,,CVCL_7082,,,
GSM1589015,GSM1589015,,,,,,,,,,,,,,,,,,CVCL_7082,,,
GSM1589016,GSM1589016,,,,,,,,,,,,,,,,,,CVCL_7082,,,
GSM1589017,GSM1589017,,,,,,,,,,,,,,,,,,CVCL_7082,,,
GSM1589018,GSM1589018,,,,,,,,,,,,,,,,,,CVCL_7082,,,
GSM1589019,GSM1589019,,,,,,,,,,,,,,,,,,CVCL_7082,,,
GSM1589020,GSM1589020,,,,,,,,,,,,,,,,,,CVCL_7082,,,
GSM1589021,GSM1589021,,,,,,,,,,,,,,,,,,CVCL_7082,,,
GSM1589022,GSM1589022,,,,,,,,,,,,,,,,,,CVCL_7082,,,
GSM1589023,GSM1589023,,,,,,,,,,,,,,,,,,CVCL_7082,,,
GSM1589024,GSM1589024,,,,,,,,,,,,,,,,,,CVCL_7082,,,
GSM1589025,GSM1589025,,,,,,,,,,,,,,,,,,CVCL_7082,,,
GSM1589026,GSM1589026,,,,,,,,,,,,,,,,,,CVCL_7082,,,
GSM1589027,GSM1589027,,,,,,,,,,,,,,,,,,CVCL_7082,,,
GSM1589028,GSM1589028,,,,,,,,,,,,,,,,,,CVCL_7082,,,
GSM1589029,GSM1589029,,,,,,,,,,,,,,,,,,CVCL_7082,,,
GSM1589030,GSM1589030,,,,,,,,,,,,,,,,,,CVCL_7082,,,
GSM1589031,GSM1589031,,,,,,,,,,,,,,,,,,CVCL_7082,,,
GSM1589032,GSM1589032,,,,,,,,,,,,,,,,,,CVCL_7082,,,
GSM1589033,GSM1589033,,,,,,,,,,,,,,,,,,CVCL_7082,,,
GSM1589034,GSM1589034,,,,,,,,,,,,,,,,,,CVCL_7082,,,
GSM1589035,GSM1589035,,,,,,,,,,,,,,,,,,CVCL_7082,,,
GSM1589036,GSM1589036,,,,,,,,,,,,,,,,,,CVCL_7082,,,
GSM1589037,GSM1589037,,,,,,,,,,,,,,,,,,CVCL_7082,,,
GSM1589038,GSM1589038,,,,,,,,,,,,,,,,,,CVCL_7082,,,
GSM1589039,GSM1589039,,,,,,,,,,,,,,,,,,CVCL_7082,,,
GSM1589040,GSM1589040,,,,,,,,,,,,,,,,,,CVCL_7082,,,
GSM1589041,GSM1589041,,,,,,,,,,,,,,,,,,CVCL_7082,,,
GSM1589042,GSM1589042,,,,,,,,,,,,,,,,,,CVCL_7082,,,
GSM1589043,GSM1589043,,,,,,,,,,,,,,,,,,CVCL_7082,,,
GSM1589044,GSM1589044,,,,,,,,,,,,,,,,,,CVCL_7082,,,
GSM1589045,GSM1589045,,,,,,,,,,,,,,,,,,CVCL_7082,,,
GSM1589046,GSM1589046,,,,,,,,,,,,,,,,,,CVCL_7082,,,
GSM1589047,GSM1589047,,,,,,,,,,,,,,,,,,CVCL_7082,,,
GSM1589048,GSM1589048,,,,,,,,,,,,,,,,,,CVCL_7082,,,
GSM1589049,GSM1589049,,,,,,,,,,,,,,,,,,CVCL_7082,,,
GSM1589050,GSM1589050,,,,,,,,,,,,,,,,,,CVCL_7082,,,
GSM1589051,GSM1589051,,,,,,,,,,,,,,,,,,CVCL_7082,,,
GSM1589052,GSM1589052,,,,,,,,,,,,,,,,,,CVCL_7082,,,
GSM1589053,GSM1589053,,,,,,,,,,,,,,,,,,CVCL_7082,,,
GSM1589054,GSM1589054,,,,,,,,,,,,,,,,,,CVCL_7082,,,
GSM1589055,GSM1589055,,,,,,,,,,,,,,,,,,CVCL_7082,,,
GSM1589056,GSM1589056,,,,,,,,,,,,,,,,,,CVCL_7082,,,
GSM1589057,GSM1589057,,,,,,,,,,,,,,,,,,CVCL_7082,,,
GSM1589058,GSM1589058,,,,,,,,,,,,,,,,,,CVCL_7082,,,
GSM1589059,GSM1589059,,,,,,,,,,,,,,,,,,CVCL_7082,,,
GSM1589060,GSM1589060,,,,,,,,,,,,,,,,,,CVCL_7082,,,
GSM1589061,GSM1589061,,,,,,,,,,,,,,,,,,CVCL_7082,,,
GSM1589062,GSM1589062,,,,,,,,,,,,,,,,,,CVCL_7082,,,
GSM1589063,GSM1589063,,,,,,,,,,,,,,,,,,CVCL_7082,,,
GSM1589064,GSM1589064,,,,,,,,,,,,,,,,,,CVCL_7082,,,
GSM1589065,GSM1589065,,,,,,,,,,,,,,,,,,CVCL_7082,,,
GSM1589066,GSM1589066,,,,,,,,,,,,,,,,,,CVCL_7082,,,
GSM1589067,GSM1589067,,,,,,,,,,,,,,,,,,CVCL_7082,,,
GSM1589068,GSM1589068,,,,,,,,,,,,,,,,,,CVCL_7082,,,
GSM1589069,GSM1589069,,,,,,,,,,,,,,,,,,CVCL_7082,,,
GSM1589070,GSM1589070,,,,,,,,,,,,,,,,,,CVCL_7082,,,
GSM1589071,GSM1589071,,,,,,,,,,,,,,,,,,CVCL_7082,,,
GSM1589072,GSM1589072,,,,,,,,,,,,,,,,,,CVCL_7082,,,
GSM1589073,GSM1589073,,,,,,,,,,,,,,,,,,CVCL_7082,,,
GSM1589074,GSM1589074,,,,,,,,,,,,,,,,,,CVCL_7082,,,
GSM1589075,GSM1589075,,,,,,,,,,,,,,,,,,CVCL_7082,,,
GSM1589076,GSM1589076,,,,,,,,,,,,,,,,,,CVCL_7082,,,
GSM1589077,GSM1589077,,,,,,,,,,,,,,,,,,CVCL_7082,,,
GSM1589078,GSM1589078,,,,,,,,,,,,,,,,,,CVCL_7082,,,
GSM1589079,GSM1589079,,,,,,,,,,,,,,,,,,CVCL_7082,,,
GSM1589080,GSM1589080,,,,,,,,,,,,,,,,,,CVCL_7082,,,
GSM1589081,GSM1589081,,,,,,,,,,,,,,,,,,CVCL_7082,,,
GSM1589082,GSM1589082,,,,,,,,,,,,,,,,,,CVCL_7082,,,
GSM1589083,GSM1589083,,,,,,,,,,,,,,,,,,CVCL_7082,,,
GSM1589084,GSM1589084,,,,,,,,,,,,,,,,,,CVCL_7082,,,
GSM1589085,GSM1589085,,,,,,,,,,,,,,,,,,CVCL_7082,,,
GSM1589086,GSM1589086,,,,,,,,,,,,,,,,,,CVCL_7082,,,
GSM1589087,GSM1589087,,,,,,,,,,,,,,,,,,CVCL_7082,,,
GSM1589088,GSM1589088,,,,,,,,,,,,,,,,,,CVCL_7082,,,
GSM1589089,GSM1589089,,,,,,,,,,,,,,,,,,CVCL_7082,,,
GSM1589090,GSM1589090,,,,,,,,,,,,,,,,,,CVCL_7082,,,
GSM1589091,GSM1589091,,,,,,,,,,,,,,,,,,CVCL_7082,,,
GSM1589092,GSM1589092,,,,,,,,,,,,,,,,,,CVCL_7082,,,
GSM1589093,GSM1589093,,,,,,,,,,,,,,,,,,CVCL_7082,,,
GSM1589094,GSM1589094,,,,,,,,,,,,,,,,,,CVCL_7082,,,
GSM1589095,GSM1589095,,,,,,,,,,,,,,,,,,CVCL_7082,,,
GSM1589097,GSM1589097,,,,,,,,,,,,,,,,,,CVCL_7082,,,
GSM1589098,GSM1589098,,,,,,,,,,,,,,,,,,CVCL_7082,,,
GSM1589099,GSM1589099,,,,,,,,,,,,,,,,,,CVCL_7082,,,
GSM1589101,GSM1589101,,,,,,,,,,,,,,,,,,CVCL_7082,,,
GSM1589103,GSM1589103,,,,,,,,,,,,,,,,,,CVCL_7082,,,
GSM1589105,GSM1589105,,,,,,,,,,,,,,,,,,CVCL_7082,,,
GSM1589107,GSM1589107,,,,,,,,,,,,,,,,,,CVCL_7082,,,
GSM1589109,GSM1589109,,,,,,,,,,,,,,,,,,CVCL_7082,,,
GSM1589110,GSM1589110,,,,,,,,,,,,,,,,,,CVCL_7082,,,
GSM1589111,GSM1589111,,,,,,,,,,,,,,,,,,CVCL_7082,,,
GSM1589112,GSM1589112,,,,,,,,,,,,,,,,,,CVCL_7082,,,
GSM1589113,GSM1589113,,,,,,,,,,,,,,,,,,CVCL_7082,,,
GSM1589114,GSM1589114,,,,,,,,,,,,,,,,,,CVCL_7082,,,
GSM1589115,GSM1589115,,,,,,,,,,,,,,,,,,CVCL_7082,,,
GSM1589116,GSM1589116,,,,,,,,,,,,,,,,,,CVCL_7082,,,
GSM1589117,GSM1589117,,,,,,,,,,,,,,,,,,CVCL_7082,,,
GSM1589118,GSM1589118,,,,,,,,,,,,,,,,,,CVCL_7082,,,
GSM1589119,GSM1589119,,,,,,,,,,,,,,,,,,CVCL_7082,,,
GSM1589120,GSM1589120,,,,,,,,,,,,,,,,,,CVCL_7082,,,
GSM1589121,GSM1589121,,,,,,,,,,,,,,,,,,CVCL_7082,,,
GSM1589122,GSM1589122,,,,,,,,,,,,,,,,,,CVCL_7082,,,
GSM1589123,GSM1589123,,,,,,,,,,,,,,,,,,CVCL_7082,,,
GSM1589124,GSM1589124,,,,,,,,,,,,,,,,,,CVCL_7082,,,
GSM1589125,GSM1589125,,,,,,,,,,,,,,,,,,CVCL_7082,,,
GSM1589126,GSM1589126,,,,,,,,,,,,,,,,,,CVCL_7082,,,
GSM1589127,GSM1589127,,,,,,,,,,,,,,,,,,CVCL_7082,,,
GSM1589128,GSM1589128,,,,,,,,,,,,,,,,,,CVCL_7082,,,
GSM1589129,GSM1589129,"CellLine, 184B5",Public on Jan 23 2015,Jan 22 2015,Jan 23 2015,RNA,1.0,Sample from breast cancer derived cell line 184B5,Homo sapiens,sample_group: CellLine,GPL570,France,Institut Curie,GSE65216,GSE65216-GPL570_series_matrix.txt.gz,184B5,breast cancer,breast,CVCL_4688,184B5,Cello Cell line Name,184b5
GSM1589130,GSM1589130,,,,,,,,,,,,,,,,,,CVCL_7082,,,
GSM1589131,GSM1589131,"CellLine, MDA-MB-436",Public on Jan 23 2015,Jan 22 2015,Jan 23 2015,RNA,1.0,Sample from breast cancer derived cell line MDA-MB-436,Homo sapiens,sample_group: CellLine,GPL570,France,Institut Curie,GSE65216,GSE65216-GPL570_series_matrix.txt.gz,MDA-MB-436,breast cancer,breast,CVCL_0623,MDA-MB-436,Cello Cell line Name,mdamb436
GSM1589132,GSM1589132,,,,,,,,,,,,,,,,,,CVCL_7082,,,
GSM1589133,GSM1589133,"CellLine, HCC1143",Public on Jan 23 2015,Jan 22 2015,Jan 23 2015,RNA,1.0,Sample from breast cancer derived cell line HCC1143,Homo sapiens,sample_group: CellLine,GPL570,France,Institut Curie,GSE65216,GSE65216-GPL570_series_matrix.txt.gz,HCC1143,breast cancer,breast,CVCL_1245,HCC1143,Cello Cell line Name,hcc1143
GSM1589134,GSM1589134,"CellLine, HCC1187",Public on Jan 23 2015,Jan 22 2015,Jan 23 2015,RNA,1.0,Sample from breast cancer derived cell line HCC1187,Homo sapiens,sample_group: CellLine,GPL570,France,Institut Curie,GSE65216,GSE65216-GPL570_series_matrix.txt.gz,HCC1187,breast cancer,breast,CVCL_1247,HCC1187,Cello Cell line Name,hcc1187
GSM1589135,GSM1589135,,,,,,,,,,,,,,,,,,CVCL_7082,,,
GSM1589136,GSM1589136,,,,,,,,,,,,,,,,,,CVCL_7082,,,
GSM1589137,GSM1589137,"CellLine, BT20",Public on Jan 23 2015,Jan 22 2015,Jan 23 2015,RNA,1.0,Sample from breast cancer derived cell line BT20,Homo sapiens,sample_group: CellLine,GPL570,France,Institut Curie,GSE65216,GSE65216-GPL570_series_matrix.txt.gz,BT20,breast cancer,breast,CVCL_0178,BT20,Cello Cell line Synonym,bt20
GSM1589138,GSM1589138,"CellLine, HCC1937",Public on Jan 23 2015,Jan 22 2015,Jan 23 2015,RNA,1.0,Sample from breast cancer derived cell line HCC1937,Homo sapiens,sample_group: CellLine,GPL570,France,Institut Curie,GSE65216,GSE65216-GPL570_series_matrix.txt.gz,HCC1937,breast cancer,breast,CVCL_0290,HCC1937,Cello Cell line Name,hcc1937
GSM1589139,GSM1589139,,,,,,,,,,,,,,,,,,CVCL_7082,,,
GSM1589140,GSM1589140,"CellLine, MCF-12A",Public on Jan 23 2015,Jan 22 2015,Jan 23 2015,RNA,1.0,Sample from breast cancer derived cell line MCF-12A,Homo sapiens,sample_group: CellLine,GPL570,France,Institut Curie,GSE65216,GSE65216-GPL570_series_matrix.txt.gz,MCF-12A,breast cancer,breast,CVCL_3744,MCF-12A,Cello Cell line Name,mcf12a
GSM1589141,GSM1589141,"CellLine, HCC38",Public on Jan 23 2015,Jan 22 2015,Jan 23 2015,RNA,1.0,Sample from breast cancer derived cell line HCC38,Homo sapiens,sample_group: CellLine,GPL570,France,Institut Curie,GSE65216,GSE65216-GPL570_series_matrix.txt.gz,HCC38,breast cancer,breast,CVCL_1267,HCC38,Cello Cell line Name,hcc38
GSM1589142,GSM1589142,,,,,,,,,,,,,,,,,,CVCL_7082,,,
GSM1589143,GSM1589143,"CellLine, Hs 578T",Public on Jan 23 2015,Jan 22 2015,Jan 23 2015,RNA,1.0,Sample from breast cancer derived cell line Hs 578T,Homo sapiens,sample_group: CellLine,GPL570,France,Institut Curie,GSE65216,GSE65216-GPL570_series_matrix.txt.gz,Hs 578T,breast cancer,breast,CVCL_0332,Hs 578T,Cello Cell line Name,hs578t
GSM1589144,GSM1589144,,,,,,,,,,,,,,,,,,CVCL_7082,,,
GSM1589145,GSM1589145,,,,,,,,,,,,,,,,,,CVCL_7082,,,
GSM1589146,GSM1589146,"CellLine, MDA-MB-468",Public on Jan 23 2015,Jan 22 2015,Jan 23 2015,RNA,1.0,Sample from breast cancer derived cell line MDA-MB-468,Homo sapiens,sample_group: CellLine,GPL570,France,Institut Curie,GSE65216,GSE65216-GPL570_series_matrix.txt.gz,MDA-MB-468,breast cancer,breast,CVCL_0419,MDA-MB-468,Cello Cell line Name,mdamb468
GSM1589147,GSM1589147,"CellLine, BT-549",Public on Jan 23 2015,Jan 22 2015,Jan 23 2015,RNA,1.0,Sample from breast cancer derived cell line BT-549,Homo sapiens,sample_group: CellLine,GPL570,France,Institut Curie,GSE65216,GSE65216-GPL570_series_matrix.txt.gz,BT-549,breast cancer,breast,CVCL_1092,BT-549,Cello Cell line Name,bt549
GSM1589148,GSM1589148,,,,,,,,,,,,,,,,,,CVCL_7082,,,
GSM1589149,GSM1589149,"CellLine, HCC70",Public on Jan 23 2015,Jan 22 2015,Jan 23 2015,RNA,1.0,Sample from breast cancer derived cell line HCC70,Homo sapiens,sample_group: CellLine,GPL570,France,Institut Curie,GSE65216,GSE65216-GPL570_series_matrix.txt.gz,HCC70,breast cancer,breast,CVCL_1270,HCC70,Cello Cell line Name,hcc70
GSM1589150,GSM1589150,,,,,,,,,,,,,,,,,,CVCL_7082,,,
GSM1589151,GSM1589151,,,,,,,,,,,,,,,,,,CVCL_7082,,,
GSM1589152,GSM1589152,"CellLine, MDA-MB-157",Public on Jan 23 2015,Jan 22 2015,Jan 23 2015,RNA,1.0,Sample from breast cancer derived cell line MDA-MB-157,Homo sapiens,sample_group: CellLine,GPL570,France,Institut Curie,GSE65216,GSE65216-GPL570_series_matrix.txt.gz,MDA-MB-157,breast cancer,breast,CVCL_0618,MDA-MB-157,Cello Cell line Name,mdamb157
GSM1589153,GSM1589153,"CellLine, MDA-MB-231",Public on Jan 23 2015,Jan 22 2015,Jan 23 2015,RNA,1.0,Sample from breast cancer derived cell line MDA-MB-231,Homo sapiens,sample_group: CellLine,GPL570,France,Institut Curie,GSE65216,GSE65216-GPL570_series_matrix.txt.gz,MDA-MB-231,breast cancer,breast,CVCL_0062,MDA-MB-231,Cello Cell line Name,mdamb231
GSM1589620,GSM1589620,,,,,,,,,,,,,,,,,,CVCL_7082,,,
GSM1589621,GSM1589621,,,,,,,,,,,,,,,,,,CVCL_7082,,,
GSM1589622,GSM1589622,,,,,,,,,,,,,,,,,,CVCL_7082,,,
GSM1589623,GSM1589623,,,,,,,,,,,,,,,,,,CVCL_7082,,,
GSM1589624,GSM1589624,,,,,,,,,,,,,,,,,,CVCL_7082,,,
GSM1589625,GSM1589625,,,,,,,,,,,,,,,,,,CVCL_7082,,,
GSM1589626,GSM1589626,,,,,,,,,,,,,,,,,,CVCL_7082,,,
GSM1589627,GSM1589627,,,,,,,,,,,,,,,,,,CVCL_7082,,,
GSM1589628,GSM1589628,,,,,,,,,,,,,,,,,,CVCL_7082,,,
GSM1589629,GSM1589629,,,,,,,,,,,,,,,,,,CVCL_7082,,,
GSM1589630,GSM1589630,,,,,,,,,,,,,,,,,,CVCL_7082,,,
GSM1589631,GSM1589631,,,,,,,,,,,,,,,,,,CVCL_7082,,,
GSM1589632,GSM1589632,,,,,,,,,,,,,,,,,,CVCL_7082,,,
GSM1589633,GSM1589633,,,,,,,,,,,,,,,,,,CVCL_7082,,,
GSM1589634,GSM1589634,,,,,,,,,,,,,,,,,,CVCL_7082,,,
GSM1589635,GSM1589635,,,,,,,,,,,,,,,,,,CVCL_7082,,,
GSM1589636,GSM1589636,,,,,,,,,,,,,,,,,,CVCL_7082,,,
GSM1589637,GSM1589637,,,,,,,,,,,,,,,,,,CVCL_7082,,,
GSM1589638,GSM1589638,,,,,,,,,,,,,,,,,,CVCL_7082,,,
GSM1589639,GSM1589639,,,,,,,,,,,,,,,,,,CVCL_7082,,,
GSM1589640,GSM1589640,,,,,,,,,,,,,,,,,,CVCL_7082,,,
GSM1589641,GSM1589641,,,,,,,,,,,,,,,,,,CVCL_7082,,,
GSM1589642,GSM1589642,,,,,,,,,,,,,,,,,,CVCL_7082,,,
GSM1589643,GSM1589643,,,,,,,,,,,,,,,,,,CVCL_7082,,,
GSM1589644,GSM1589644,,,,,,,,,,,,,,,,,,CVCL_7082,,,
GSM1589645,GSM1589645,,,,,,,,,,,,,,,,,,CVCL_7082,,,
GSM1589646,GSM1589646,,,,,,,,,,,,,,,,,,CVCL_7082,,,
GSM1589647,GSM1589647,,,,,,,,,,,,,,,,,,CVCL_7082,,,
GSM1589648,GSM1589648,,,,,,,,,,,,,,,,,,CVCL_7082,,,
GSM1589649,GSM1589649,,,,,,,,,,,,,,,,,,CVCL_7082,,,
GSM1589650,GSM1589650,,,,,,,,,,,,,,,,,,CVCL_7082,,,
GSM1589651,GSM1589651,,,,,,,,,,,,,,,,,,CVCL_7082,,,
GSM1589652,GSM1589652,,,,,,,,,,,,,,,,,,CVCL_7082,,,
GSM1589653,GSM1589653,,,,,,,,,,,,,,,,,,CVCL_7082,,,
GSM1589654,GSM1589654,,,,,,,,,,,,,,,,,,CVCL_7082,,,
GSM1589655,GSM1589655,,,,,,,,,,,,,,,,,,CVCL_7082,,,
GSM1589656,GSM1589656,,,,,,,,,,,,,,,,,,CVCL_7082,,,
GSM1589657,GSM1589657,,,,,,,,,,,,,,,,,,CVCL_7082,,,
GSM1589658,GSM1589658,,,,,,,,,,,,,,,,,,CVCL_7082,,,
GSM1589659,GSM1589659,,,,,,,,,,,,,,,,,,CVCL_7082,,,
GSM1589660,GSM1589660,,,,,,,,,,,,,,,,,,CVCL_7082,,,
GSM1589661,GSM1589661,,,,,,,,,,,,,,,,,,CVCL_7082,,,
GSM1589662,GSM1589662,,,,,,,,,,,,,,,,,,CVCL_7082,,,
GSM1589663,GSM1589663,,,,,,,,,,,,,,,,,,CVCL_7082,,,
GSM1589664,GSM1589664,,,,,,,,,,,,,,,,,,CVCL_7082,,,
GSM1589665,GSM1589665,,,,,,,,,,,,,,,,,,CVCL_7082,,,
GSM1589666,GSM1589666,,,,,,,,,,,,,,,,,,CVCL_7082,,,
GSM1589667,GSM1589667,,,,,,,,,,,,,,,,,,CVCL_7082,,,
GSM1589668,GSM1589668,,,,,,,,,,,,,,,,,,CVCL_7082,,,
GSM1589669,GSM1589669,,,,,,,,,,,,,,,,,,CVCL_7082,,,
GSM1589670,GSM1589670,,,,,,,,,,,,,,,,,,CVCL_7082,,,
GSM1589671,GSM1589671,,,,,,,,,,,,,,,,,,CVCL_7082,,,
GSM1589672,GSM1589672,,,,,,,,,,,,,,,,,,CVCL_7082,,,
GSM1589673,GSM1589673,,,,,,,,,,,,,,,,,,CVCL_7082,,,
GSM1589674,GSM1589674,,,,,,,,,,,,,,,,,,CVCL_7082,,,
GSM1589675,GSM1589675,,,,,,,,,,,,,,,,,,CVCL_7082,,,
GSM1589676,GSM1589676,,,,,,,,,,,,,,,,,,CVCL_7082,,,
GSM1589677,GSM1589677,,,,,,,,,,,,,,,,,,CVCL_7082,,,
GSM1589678,GSM1589678,,,,,,,,,,,,,,,,,,CVCL_7082,,,
GSM1589679,GSM1589679,,,,,,,,,,,,,,,,,,CVCL_7082,,,
GSM1589680,GSM1589680,,,,,,,,,,,,,,,,,,CVCL_7082,,,
GSM1589681,GSM1589681,,,,,,,,,,,,,,,,,,CVCL_7082,,,
GSM1589682,GSM1589682,,,,,,,,,,,,,,,,,,CVCL_7082,,,
GSM1589683,GSM1589683,,,,,,,,,,,,,,,,,,CVCL_7082,,,
GSM1589684,GSM1589684,,,,,,,,,,,,,,,,,,CVCL_7082,,,
GSM1589685,GSM1589685,,,,,,,,,,,,,,,,,,CVCL_7082,,,
GSM1589686,GSM1589686,,,,,,,,,,,,,,,,,,CVCL_7082,,,
GSM1589687,GSM1589687,,,,,,,,,,,,,,,,,,CVCL_7082,,,
GSM1589688,GSM1589688,,,,,,,,,,,,,,,,,,CVCL_7082,,,
GSM1589689,GSM1589689,,,,,,,,,,,,,,,,,,CVCL_7082,,,
GSM1589690,GSM1589690,,,,,,,,,,,,,,,,,,CVCL_7082,,,
GSM1589691,GSM1589691,,,,,,,,,,,,,,,,,,CVCL_7082,,,
GSM1589692,GSM1589692,,,,,,,,,,,,,,,,,,CVCL_7082,,,
GSM1589693,GSM1589693,,,,,,,,,,,,,,,,,,CVCL_7082,,,
GSM1589694,GSM1589694,,,,,,,,,,,,,,,,,,CVCL_7082,,,
GSM1589695,GSM1589695,,,,,,,,,,,,,,,,,,CVCL_7082,,,
GSM1589696,GSM1589696,,,,,,,,,,,,,,,,,,CVCL_7082,,,
GSM1589697,GSM1589697,,,,,,,,,,,,,,,,,,CVCL_7082,,,
GSM1589698,GSM1589698,,,,,,,,,,,,,,,,,,CVCL_7082,,,
GSM1589699,GSM1589699,,,,,,,,,,,,,,,,,,CVCL_7082,,,
GSM1589700,GSM1589700,,,,,,,,,,,,,,,,,,CVCL_7082,,,
GSM1589701,GSM1589701,,,,,,,,,,,,,,,,,,CVCL_7082,,,
GSM1589702,GSM1589702,,,,,,,,,,,,,,,,,,CVCL_7082,,,
GSM1589703,GSM1589703,,,,,,,,,,,,,,,,,,CVCL_7082,,,
GSM1589704,GSM1589704,,,,,,,,,,,,,,,,,,CVCL_7082,,,
GSM1589705,GSM1589705,,,,,,,,,,,,,,,,,,CVCL_7082,,,
GSM1589706,GSM1589706,,,,,,,,,,,,,,,,,,CVCL_7082,,,
GSM1589707,GSM1589707,,,,,,,,,,,,,,,,,,CVCL_7082,,,
GSM1589708,GSM1589708,,,,,,,,,,,,,,,,,,CVCL_7082,,,
GSM1589709,GSM1589709,,,,,,,,,,,,,,,,,,CVCL_7082,,,
GSM1589710,GSM1589710,,,,,,,,,,,,,,,,,,CVCL_7082,,,
GSM1589711,GSM1589711,,,,,,,,,,,,,,,,,,CVCL_7082,,,
GSM1589712,GSM1589712,,,,,,,,,,,,,,,,,,CVCL_7082,,,
GSM1589713,GSM1589713,,,,,,,,,,,,,,,,,,CVCL_7082,,,
GSM1589714,GSM1589714,,,,,,,,,,,,,,,,,,CVCL_7082,,,
GSM1589715,GSM1589715,,,,,,,,,,,,,,,,,,CVCL_7082,,,
GSM1589716,GSM1589716,,,,,,,,,,,,,,,,,,CVCL_7082,,,
GSM1589717,GSM1589717,,,,,,,,,,,,,,,,,,CVCL_7082,,,
GSM1589718,GSM1589718,,,,,,,,,,,,,,,,,,CVCL_7082,,,
GSM1589719,GSM1589719,,,,,,,,,,,,,,,,,,CVCL_7082,,,
GSM1589720,GSM1589720,,,,,,,,,,,,,,,,,,CVCL_7082,,,
GSM1589721,GSM1589721,,,,,,,,,,,,,,,,,,CVCL_7082,,,
GSM1589722,GSM1589722,,,,,,,,,,,,,,,,,,CVCL_7082,,,
GSM1589723,GSM1589723,,,,,,,,,,,,,,,,,,CVCL_7082,,,
GSM1589724,GSM1589724,,,,,,,,,,,,,,,,,,CVCL_7082,,,
GSM1589725,GSM1589725,,,,,,,,,,,,,,,,,,CVCL_7082,,,
GSM1589726,GSM1589726,,,,,,,,,,,,,,,,,,CVCL_7082,,,
GSM1589727,GSM1589727,,,,,,,,,,,,,,,,,,CVCL_7082,,,
GSM1589728,GSM1589728,,,,,,,,,,,,,,,,,,CVCL_7082,,,
GSM1589729,GSM1589729,,,,,,,,,,,,,,,,,,CVCL_7082,,,
GSM1589730,GSM1589730,,,,,,,,,,,,,,,,,,CVCL_7082,,,
GSM1589731,GSM1589731,,,,,,,,,,,,,,,,,,CVCL_7082,,,
GSM1589732,GSM1589732,,,,,,,,,,,,,,,,,,CVCL_7082,,,
GSM1589733,GSM1589733,,,,,,,,,,,,,,,,,,CVCL_7082,,,
GSM1589734,GSM1589734,,,,,,,,,,,,,,,,,,CVCL_7082,,,
GSM1589735,GSM1589735,,,,,,,,,,,,,,,,,,CVCL_7082,,,
GSM1589736,GSM1589736,,,,,,,,,,,,,,,,,,CVCL_7082,,,
GSM1589737,GSM1589737,,,,,,,,,,,,,,,,,,CVCL_7082,,,
GSM1589738,GSM1589738,,,,,,,,,,,,,,,,,,CVCL_7082,,,
GSM1589739,GSM1589739,,,,,,,,,,,,,,,,,,CVCL_7082,,,
GSM1589740,GSM1589740,,,,,,,,,,,,,,,,,,CVCL_7082,,,
GSM1589741,GSM1589741,,,,,,,,,,,,,,,,,,CVCL_7082,,,
GSM1589742,GSM1589742,,,,,,,,,,,,,,,,,,CVCL_7082,,,
GSM1589743,GSM1589743,,,,,,,,,,,,,,,,,,CVCL_7082,,,
GSM1589744,GSM1589744,,,,,,,,,,,,,,,,,,CVCL_7082,,,
GSM1589745,GSM1589745,,,,,,,,,,,,,,,,,,CVCL_7082,,,
GSM1589746,GSM1589746,,,,,,,,,,,,,,,,,,CVCL_7082,,,
GSM1589747,GSM1589747,,,,,,,,,,,,,,,,,,CVCL_7082,,,
GSM1589748,GSM1589748,,,,,,,,,,,,,,,,,,CVCL_7082,,,
GSM1589749,GSM1589749,,,,,,,,,,,,,,,,,,CVCL_7082,,,
GSM1589750,GSM1589750,,,,,,,,,,,,,,,,,,CVCL_7082,,,
GSM1589751,GSM1589751,,,,,,,,,,,,,,,,,,CVCL_7082,,,
GSM1589752,GSM1589752,,,,,,,,,,,,,,,,,,CVCL_7082,,,
GSM1589753,GSM1589753,,,,,,,,,,,,,,,,,,CVCL_7082,,,
GSM1589754,GSM1589754,,,,,,,,,,,,,,,,,,CVCL_7082,,,
GSM1589755,GSM1589755,,,,,,,,,,,,,,,,,,CVCL_7082,,,
GSM1589756,GSM1589756,,,,,,,,,,,,,,,,,,CVCL_7082,,,
GSM1589757,GSM1589757,,,,,,,,,,,,,,,,,,CVCL_7082,,,
GSM1589758,GSM1589758,,,,,,,,,,,,,,,,,,CVCL_7082,,,
GSM1589759,GSM1589759,,,,,,,,,,,,,,,,,,CVCL_7082,,,
GSM1589760,GSM1589760,,,,,,,,,,,,,,,,,,CVCL_7082,,,
GSM1589761,GSM1589761,,,,,,,,,,,,,,,,,,CVCL_7082,,,
GSM1589762,GSM1589762,,,,,,,,,,,,,,,,,,CVCL_7082,,,
GSM1589763,GSM1589763,,,,,,,,,,,,,,,,,,CVCL_7082,,,
GSM1589764,GSM1589764,,,,,,,,,,,,,,,,,,CVCL_7082,,,
GSM1589765,GSM1589765,,,,,,,,,,,,,,,,,,CVCL_7082,,,
GSM1589766,GSM1589766,,,,,,,,,,,,,,,,,,CVCL_7082,,,
GSM1589767,GSM1589767,,,,,,,,,,,,,,,,,,CVCL_7082,,,
GSM1589768,GSM1589768,,,,,,,,,,,,,,,,,,CVCL_7082,,,
GSM1589769,GSM1589769,,,,,,,,,,,,,,,,,,CVCL_7082,,,
GSM1589770,GSM1589770,,,,,,,,,,,,,,,,,,CVCL_7082,,,
GSM1589771,GSM1589771,,,,,,,,,,,,,,,,,,CVCL_7082,,,
GSM1589772,GSM1589772,,,,,,,,,,,,,,,,,,CVCL_7082,,,
GSM1589773,GSM1589773,,,,,,,,,,,,,,,,,,CVCL_7082,,,
GSM1589774,GSM1589774,,,,,,,,,,,,,,,,,,CVCL_7082,,,
GSM1589775,GSM1589775,,,,,,,,,,,,,,,,,,CVCL_7082,,,
GSM1589776,GSM1589776,,,,,,,,,,,,,,,,,,CVCL_7082,,,
GSM1589777,GSM1589777,,,,,,,,,,,,,,,,,,CVCL_7082,,,
GSM1589778,GSM1589778,,,,,,,,,,,,,,,,,,CVCL_7082,,,
GSM1589779,GSM1589779,,,,,,,,,,,,,,,,,,CVCL_7082,,,
GSM1589780,GSM1589780,,,,,,,,,,,,,,,,,,CVCL_7082,,,
GSM1589781,GSM1589781,,,,,,,,,,,,,,,,,,CVCL_7082,,,
GSM1589782,GSM1589782,,,,,,,,,,,,,,,,,,CVCL_7082,,,
GSM1589783,GSM1589783,,,,,,,,,,,,,,,,,,CVCL_7082,,,
GSM1589784,GSM1589784,,,,,,,,,,,,,,,,,,CVCL_7082,,,
GSM1589785,GSM1589785,,,,,,,,,,,,,,,,,,CVCL_7082,,,
GSM1589786,GSM1589786,,,,,,,,,,,,,,,,,,CVCL_7082,,,
GSM1589787,GSM1589787,,,,,,,,,,,,,,,,,,CVCL_7082,,,
GSM1589788,GSM1589788,,,,,,,,,,,,,,,,,,CVCL_7082,,,
GSM1589789,GSM1589789,,,,,,,,,,,,,,,,,,CVCL_7082,,,
GSM1589790,GSM1589790,,,,,,,,,,,,,,,,,,CVCL_7082,,,
GSM1589791,GSM1589791,,,,,,,,,,,,,,,,,,CVCL_7082,,,
GSM1589792,GSM1589792,,,,,,,,,,,,,,,,,,CVCL_7082,,,
GSM1589793,GSM1589793,,,,,,,,,,,,,,,,,,CVCL_7082,,,
GSM1589794,GSM1589794,,,,,,,,,,,,,,,,,,CVCL_7082,,,
GSM1589795,GSM1589795,,,,,,,,,,,,,,,,,,CVCL_7082,,,
GSM1589796,GSM1589796,,,,,,,,,,,,,,,,,,CVCL_7082,,,
GSM1589797,GSM1589797,,,,,,,,,,,,,,,,,,CVCL_7082,,,
GSM162902,GSM162902,Melanoma cell line HT144,Public on Mar 31 2007,Feb 14 2007,Aug 28 2018,RNA,1.0,Melanoma cell line HT144,Homo sapiens,Melanoma cell line HT144 established from a metastatic melanoma. ,GPL570,Australia,Queensland Institute of Medical Research,GSE7127,GSE7127_series_matrix.txt.gz,HT144,,,CVCL_0318,HT-144,Cello GEO GSM,ht144
GSM162904,GSM162904,Melanoma cell line MM127,Public on Mar 31 2007,Feb 14 2007,Aug 28 2018,RNA,1.0,Melanoma cell line MM127,Homo sapiens,Melanoma cell line established from a metastatic melanoma.,GPL570,Australia,Queensland Institute of Medical Research,GSE7127,GSE7127_series_matrix.txt.gz,MM127,,,CVCL_2601,MM127,Cello Cell line Name,mm127
GSM162905,GSM162905,Melanoma cell line MM170,Public on Mar 31 2007,Feb 14 2007,Aug 28 2018,RNA,1.0,Melanoma cell line MM170,Homo sapiens,Melanoma cell line MM170 established from a metastatic melanoma,GPL570,Australia,Queensland Institute of Medical Research,GSE7127,GSE7127_series_matrix.txt.gz,MM170,,,CVCL_2603,MM170,Cello Cell line Name,mm170
GSM162906,GSM162906,Melanoma cell line A2058,Public on Oct 01 2007,Feb 15 2007,Aug 28 2018,RNA,1.0,Melanoma cell line A2058,Homo sapiens,Melanoma cell line established from metastatic melanoma,GPL570,Australia,Queensland Institute of Medical Research,GSE7127,GSE7127_series_matrix.txt.gz,A2058,,,CVCL_1059,A2058,Cello Cell line Name,a2058
GSM162928,GSM162928,Melanoma cell line A11,Public on Mar 31 2007,Feb 15 2007,Aug 28 2018,RNA,1.0,Melanoma cell line A11,Homo sapiens,Melanoma cell line established from a metastatic melanoma,GPL570,Australia,Queensland Institute of Medical Research,GSE7127,GSE7127_series_matrix.txt.gz,A11,,,CVCL_RG53,A11,Cello Cell line Synonym,a11
GSM162929,GSM162929,Melanoma cell line MM370,Public on Oct 01 2007,Feb 15 2007,Aug 28 2018,RNA,1.0,Melanoma cell line MM370,Homo sapiens,Melanoma cell line MM370 established from a metastatic melanoma,GPL570,Australia,Queensland Institute of Medical Research,GSE7127,GSE7127_series_matrix.txt.gz,MM370,,,CVCL_2605,MM370,Cello Cell line Name,mm370
GSM162930,GSM162930,Melanoma cell line AF6,Public on Mar 31 2007,Feb 15 2007,Aug 28 2018,RNA,1.0,Melanoma cell line AF6,Homo sapiens,Melanoma cell line,GPL570,Australia,Queensland Institute of Medical Research,GSE7127,GSE7127_series_matrix.txt.gz,AF6,,,CVCL_B3MZ,AF6,Cello Cell line Name,af6
GSM162931,GSM162931,Melanoma cell line C-32,Public on Mar 31 2007,Feb 15 2007,Aug 28 2018,RNA,1.0,Melanoma cell line C-32,Homo sapiens,Melanoma cell line established from metastatic melanoma,GPL570,Australia,Queensland Institute of Medical Research,GSE7127,GSE7127_series_matrix.txt.gz,C-32,,,CVCL_1097,C32 [Human melanoma],Cello GEO GSM,c32
GSM162932,GSM162932,melanoma cell line MM386,Public on Oct 01 2007,Feb 15 2007,Aug 28 2018,RNA,1.0,Melanoma cell line MM386,Homo sapiens,Melanoma cell line established from metastatic melanoma,GPL570,Australia,Queensland Institute of Medical Research,GSE7127,GSE7127_series_matrix.txt.gz,MM386,,,CVCL_2607,MM386,Cello Cell line Name,mm386
GSM162933,GSM162933,Melanoma cell line MM415,Public on Oct 01 2007,Feb 15 2007,Aug 28 2018,RNA,1.0,Melanoma cell line MM415,Homo sapiens,Melanoma cell line MM415 established from metastatic melanoma,GPL570,Australia,Queensland Institute of Medical Research,GSE7127,GSE7127_series_matrix.txt.gz,MM415,,,CVCL_2608,MM415,Cello Cell line Name,mm415
GSM162934,GSM162934,Melanoma cell line COLOF,Public on Mar 31 2007,Feb 15 2007,Aug 28 2018,RNA,1.0,Melanoma cell line COLOF,Homo sapiens,Melanoma cell line established from metastatic melanoma,GPL570,Australia,Queensland Institute of Medical Research,GSE7127,GSE7127_series_matrix.txt.gz,COLOF,,,CVCL_9975,COLOF,Cello Cell line Synonym,colof
GSM162935,GSM162935,Melanoma cell line MM200,Public on Oct 01 2007,Feb 15 2007,Aug 28 2018,RNA,1.0,Melanoma cell line MM200,Homo sapiens,Melanoma cell line established from primary nodular melanoma,GPL570,Australia,Queensland Institute of Medical Research,GSE7127,GSE7127_series_matrix.txt.gz,MM200,,,CVCL_C836,MM200,Cello Cell line Name,mm200
GSM162936,GSM162936,Melanoma cell line MM466,Public on Mar 31 2007,Feb 15 2007,Aug 28 2018,RNA,1.0,Melanoma cell line MM466,Homo sapiens,Melanoma cell line established from metastatic melanoma,GPL570,Australia,Queensland Institute of Medical Research,GSE7127,GSE7127_series_matrix.txt.gz,MM466,,,CVCL_4449,MM466,Cello Cell line Name,mm466
GSM162937,GSM162937,Melanoma cell line MM537,Public on Mar 31 2007,Feb 15 2007,Aug 28 2018,RNA,1.0,Melanoma cell line MM537,Homo sapiens,Melanoma cell line MM537 established from metastatic melanoma,GPL570,Australia,Queensland Institute of Medical Research,GSE7127,GSE7127_series_matrix.txt.gz,MM537,,,CVCL_4451,MM537,Cello Cell line Name,mm537
GSM162938,GSM162938,Melanoma cell line D04,Public on Mar 31 2007,Feb 15 2007,Aug 28 2018,RNA,1.0,Melanoma cell line D04,Homo sapiens,Melanoma cell line D04 established from metastatic melanoma,GPL570,Australia,Queensland Institute of Medical Research,GSE7127,GSE7127_series_matrix.txt.gz,D04,,,CVCL_H604,D04,Cello Cell line Name,d04
GSM162939,GSM162939,Melanoma cell line D05,Public on Oct 01 2007,Feb 15 2007,Aug 28 2018,RNA,1.0,Melanoma cell line D05,Homo sapiens,Melanoma cell line established from metastatic melanoma,GPL570,Australia,Queensland Institute of Medical Research,GSE7127,GSE7127_series_matrix.txt.gz,D05,,,CVCL_H607,D05,Cello Cell line Name,d05
GSM162940,GSM162940,Melanoma cell line MM253,Public on Mar 31 2007,Feb 15 2007,Aug 28 2018,RNA,1.0,Melanoma cell line MM253,Homo sapiens,Melanoma cell line MM253 established from metastatic melanoma,GPL570,Australia,Queensland Institute of Medical Research,GSE7127,GSE7127_series_matrix.txt.gz,MM253,,,CVCL_2604,MM253,Cello Cell line Name,mm253
GSM162941,GSM162941,Melanoma cell line MM455,Public on Mar 31 2007,Feb 15 2007,Aug 28 2018,RNA,1.0,Melanoma cell line MM455,Homo sapiens,Melanoma cell line established from metastatic melanoma,GPL570,Australia,Queensland Institute of Medical Research,GSE7127,GSE7127_series_matrix.txt.gz,MM455,,,CVCL_C835,MM455,Cello Cell line Name,mm455
GSM162942,GSM162942,Melanoma cell line MM648,Public on Mar 31 2007,Feb 15 2007,Aug 28 2018,RNA,1.0,Melanoma cell line MM648,Homo sapiens,Melanoma cell line established from metastatic melanoma,GPL570,Australia,Queensland Institute of Medical Research,GSE7127,GSE7127_series_matrix.txt.gz,MM648,,,CVCL_A777,MM648,Cello Cell line Name,mm648
GSM162943,GSM162943,Melanoma cell line MM649,Public on Oct 01 2007,Feb 15 2007,Aug 28 2018,RNA,1.0,Melanoma cell line MM649,Homo sapiens,Melanoma cell line established from metastatic melanoma,GPL570,Australia,Queensland Institute of Medical Research,GSE7127,GSE7127_series_matrix.txt.gz,MM649,,,CVCL_A776,MM649,Cello Cell line Name,mm649
GSM169524,GSM169524,Melanoma cell line D24,Public on Mar 31 2007,Feb 19 2007,Aug 28 2018,RNA,1.0,Melanoma cell line D24,Homo sapiens,Melanoma cell line established from metastatic melanoma,GPL570,Australia,Queensland Institute of Medical Research,GSE7127,GSE7127_series_matrix.txt.gz,D24,,,,,,d24
GSM169525,GSM169525,Melanoma cell line D25,Public on Mar 31 2007,Feb 19 2007,Aug 28 2018,RNA,1.0,Melanoma cell line D25,Homo sapiens,Melanoma cell line established from metastatic melanoma,GPL570,Australia,Queensland Institute of Medical Research,GSE7127,GSE7127_series_matrix.txt.gz,D25,,,CVCL_W872,D25,Cello Cell line Name,d25
GSM169526,GSM169526,Melanoma cell line D22,Public on Mar 31 2007,Feb 19 2007,Aug 28 2018,RNA,1.0,Melanoma cell line D22,Homo sapiens,Melanoma cell line established from metastatic melanoma,GPL570,Australia,Queensland Institute of Medical Research,GSE7127,GSE7127_series_matrix.txt.gz,D22,,,,,,d22
GSM169527,GSM169527,melanoma cell line D20,Public on Mar 31 2007,Feb 19 2007,Aug 28 2018,RNA,1.0,Melanoma cell line D20,Homo sapiens,Melanoma cell line established from metastatic melanoma,GPL570,Australia,Queensland Institute of Medical Research,GSE7127,GSE7127_series_matrix.txt.gz,D20,,,CVCL_W869,D20,Cello Cell line Name,d20
GSM169528,GSM169528,melanoma cell line D17,Public on Oct 01 2007,Feb 19 2007,Aug 28 2018,RNA,1.0,Melanoma cell line D17,Homo sapiens,Melanoma cell line established from metastatic melanoma,GPL570,Australia,Queensland Institute of Medical Research,GSE7127,GSE7127_series_matrix.txt.gz,D17,,,CVCL_H943,D17,Cello Cell line Name,d17
GSM169529,GSM169529,melanoma cell line D14,Public on Mar 31 2007,Feb 19 2007,Aug 28 2018,RNA,1.0,melanoma cell line D14,Homo sapiens,melanoma cell line D14 established from metastatic melanoma,GPL570,Australia,Queensland Institute of Medical Research,GSE7127,GSE7127_series_matrix.txt.gz,D14,,,CVCL_H944,D14,Cello Cell line Name,d14
GSM169530,GSM169530,melanoma cell line D11,Public on Oct 01 2007,Feb 19 2007,Aug 28 2018,RNA,1.0,melanoma cell line D11,Homo sapiens,Melanoma cell line established from metastatic melanoma,GPL570,Australia,Queensland Institute of Medical Research,GSE7127,GSE7127_series_matrix.txt.gz,D11,,,CVCL_H946,D11,Cello Cell line Name,d11
GSM169531,GSM169531,Melanoma cell line D10,Public on Mar 31 2007,Feb 19 2007,Aug 28 2018,RNA,1.0,Melanoma cell line D10,Homo sapiens,Melanoma cell line established from metastatic melanoma,GPL570,Australia,Queensland Institute of Medical Research,GSE7127,GSE7127_series_matrix.txt.gz,D10,,,CVCL_H945,D10,Cello Cell line Name,d10
GSM170588,GSM170588,Melanoma cell line D28,Public on Oct 01 2007,Feb 20 2007,Aug 28 2018,RNA,1.0,Melanoma cell line D28,Homo sapiens,Melanoma cell line established from metastatic melanoma,GPL570,Australia,Queensland Institute of Medical Research,GSE7127,GSE7127_series_matrix.txt.gz,D28,,,CVCL_DH69,D28,Cello Cell line Name,d28
GSM170589,GSM170589,Melanoma cell line D29,Public on Mar 31 2007,Feb 20 2007,Aug 28 2018,RNA,1.0,Melanoma cell line D29,Homo sapiens,Melanoma cell line established from metastatic melanoma,GPL570,Australia,Queensland Institute of Medical Research,GSE7127,GSE7127_series_matrix.txt.gz,D29,,,CVCL_DH70,D29,Cello Cell line Name,d29
GSM170590,GSM170590,Melanoma cell line D35,Public on Oct 01 2007,Feb 20 2007,Aug 28 2018,RNA,1.0,Melanoma cell line D35,Homo sapiens,Melanoma cell line established from metastatic melanoma,GPL570,Australia,Queensland Institute of Medical Research,GSE7127,GSE7127_series_matrix.txt.gz,D35,,,CVCL_DG37,D35,Cello Cell line Name,d35
GSM170591,GSM170591,Melanoma cell line D36,Public on Mar 31 2007,Feb 20 2007,Aug 28 2018,RNA,1.0,Melanoma cell line D36,Homo sapiens,Melanoma cell line established from metastatic melanoma,GPL570,Australia,Queensland Institute of Medical Research,GSE7127,GSE7127_series_matrix.txt.gz,D36,,,CVCL_DH73,D36,Cello Cell line Name,d36
GSM170592,GSM170592,Melanoma cell line D38,Public on Oct 01 2007,Feb 20 2007,Aug 28 2018,RNA,1.0,Melanoma cell line D38,Homo sapiens,Melanoma cell line established from metastatic melanoma,GPL570,Australia,Queensland Institute of Medical Research,GSE7127,GSE7127_series_matrix.txt.gz,D38,,,,,,d38
GSM170593,GSM170593,Melanoma cell line D40,Public on Mar 31 2007,Feb 20 2007,Aug 28 2018,RNA,1.0,Melanoma cell line D40,Homo sapiens,Melanoma cell line established from metastatic melanoma,GPL570,Australia,Queensland Institute of Medical Research,GSE7127,GSE7127_series_matrix.txt.gz,D40,,,CVCL_DH75,D40,Cello Cell line Name,d40
GSM170594,GSM170594,Melanoma cell line D41,Public on Mar 31 2007,Feb 20 2007,Aug 28 2018,RNA,1.0,Melanoma cell line D41,Homo sapiens,Melanoma cell line established from metastatic melanoma,GPL570,Australia,Queensland Institute of Medical Research,GSE7127,GSE7127_series_matrix.txt.gz,D41,,,CVCL_DH76,D41,Cello Cell line Name,d41
GSM170595,GSM170595,Melanoma cell line A02,Public on Mar 31 2007,Feb 20 2007,Aug 28 2018,RNA,1.0,Melanoma cell line A02,Homo sapiens,Melanoma cell line established from metastatic melanoma,GPL570,Australia,Queensland Institute of Medical Research,GSE7127,GSE7127_series_matrix.txt.gz,A02,,,CVCL_W875,A02,Cello Cell line Synonym,a02
GSM170596,GSM170596,Melanoma cell line MM595,Public on Mar 31 2007,Feb 20 2007,Aug 28 2018,RNA,1.0,Melanoma cell line MM595,Homo sapiens,Melanoma cell line established from metastatic melanoma,GPL570,Australia,Queensland Institute of Medical Research,GSE7127,GSE7127_series_matrix.txt.gz,MM595,,,CVCL_4452,MM595,Cello Cell line Name,mm595
GSM170597,GSM170597,Melanoma cell line MM603,Public on Oct 01 2007,Feb 20 2007,Aug 28 2018,RNA,1.0,Melanoma cell line MM603,Homo sapiens,Melanoma cell line established from metastatic melanoma,GPL570,Australia,Queensland Institute of Medical Research,GSE7127,GSE7127_series_matrix.txt.gz,MM603,,,CVCL_2612,MM603,Cello Cell line Name,mm603
GSM170823,GSM170823,Melanoma cell line BL,Public on Mar 31 2007,Feb 21 2007,Aug 28 2018,RNA,1.0,Melanoma cell line BL,Homo sapiens,Melanoma cell line established from metastatic melanoma,GPL570,Australia,Queensland Institute of Medical Research,GSE7127,GSE7127_series_matrix.txt.gz,BL,,,CVCL_U802,BL,Cello Cell line Name,bl
GSM170833,GSM170833,Melanoma cell line A13,Public on Mar 31 2007,Feb 21 2007,Aug 28 2018,RNA,1.0,Melanoma cell line A13,Homo sapiens,Melanoma cell line established from metastatic melanoma,GPL570,Australia,Queensland Institute of Medical Research,GSE7127,GSE7127_series_matrix.txt.gz,A13,,,CVCL_DH61,A13,Cello Cell line Name,a13
GSM170835,GSM170835,Melanoma cell line MM473,Public on Mar 31 2007,Feb 21 2007,Aug 28 2018,RNA,1.0,Melanoma cell line MM473,Homo sapiens,Melanoma cell line established from metastatic melanoma,GPL570,Australia,Queensland Institute of Medical Research,GSE7127,GSE7127_series_matrix.txt.gz,MM473,,,CVCL_4450,MM473,Cello Cell line Name,mm473
GSM170841,GSM170841,Melanoma cell line MM329,Public on Oct 01 2007,Feb 21 2007,Aug 28 2018,RNA,1.0,Melanoma cell line MM329,Homo sapiens,Melanoma cell line established from primary melanoma,GPL570,Australia,Queensland Institute of Medical Research,GSE7127,GSE7127_series_matrix.txt.gz,MM329,,,CVCL_C838,MM329,Cello Cell line Name,mm329
GSM170843,GSM170843,Melanoma cell line MM383,Public on Oct 01 2007,Feb 21 2007,Aug 28 2018,RNA,1.0,Melanoma cell line MM383,Homo sapiens,Melanoma cell line established from metastatic melanoma,GPL570,Australia,Queensland Institute of Medical Research,GSE7127,GSE7127_series_matrix.txt.gz,MM383,,,CVCL_2606,MM383,Cello Cell line Name,mm383
GSM170844,GSM170844,Melanoma cell line A06,Public on Mar 31 2007,Feb 21 2007,Aug 28 2018,RNA,1.0,Melanoma cell line A06,Homo sapiens,Melanoma cell line established from metastatic melanoma,GPL570,Australia,Queensland Institute of Medical Research,GSE7127,GSE7127_series_matrix.txt.gz,A06,,,CVCL_S857,A06,Cello Cell line Synonym,a06
GSM170848,GSM170848,Melanoma cell line MM426,Public on Mar 31 2007,Feb 21 2007,Aug 28 2018,RNA,1.0,Melanoma cell line MM426,Homo sapiens,Melanoma cell line established from metastatic melanoma,GPL570,Australia,Queensland Institute of Medical Research,GSE7127,GSE7127_series_matrix.txt.gz,MM426,,,CVCL_2609,MM426,Cello Cell line Name,mm426
GSM170849,GSM170849,Melanoma cell line MM485,Public on Mar 31 2007,Feb 21 2007,Aug 28 2018,RNA,1.0,Melanoma cell line MM485,Homo sapiens,Melanoma cell line established in metastatic melanoma,GPL570,Australia,Queensland Institute of Medical Research,GSE7127,GSE7127_series_matrix.txt.gz,MM485,,,CVCL_2610,MM485,Cello Cell line Name,mm485
GSM170850,GSM170850,Melanoma cell line MM576,Public on Mar 31 2007,Feb 21 2007,Aug 28 2018,RNA,1.0,Melanoma cell line MM576,Homo sapiens,Melanoma cell line established from metastatic melanoma,GPL570,Australia,Queensland Institute of Medical Research,GSE7127,GSE7127_series_matrix.txt.gz,MM576,,,CVCL_2611,MM576,Cello Cell line Name,mm576
GSM170853,GSM170853,Melanoma cell line D01,Public on Mar 31 2007,Feb 21 2007,Aug 28 2018,RNA,1.0,Melanoma cell line D01,Homo sapiens,Melanoma cell line established from metastatic melanoma,GPL570,Australia,Queensland Institute of Medical Research,GSE7127,GSE7127_series_matrix.txt.gz,D01,,,CVCL_DH62,D01,Cello Cell line Name,d01
GSM170855,GSM170855,Melanoma cell line D08,Public on Oct 01 2007,Feb 21 2007,Aug 28 2018,RNA,1.0,Melanoma cell line D08,Homo sapiens,Melanoma cell line established from metastatic melanoma,GPL570,Australia,Queensland Institute of Medical Research,GSE7127,GSE7127_series_matrix.txt.gz,D08,,,CVCL_H608,D08,Cello Cell line Name,d08
GSM170857,GSM170857,Melanoma cell line MM608,Public on Mar 31 2007,Feb 21 2007,Aug 28 2018,RNA,1.0,Melanoma cell line MM608,Homo sapiens,Melanoma cell line established from metastatic melanoma,GPL570,Australia,Queensland Institute of Medical Research,GSE7127,GSE7127_series_matrix.txt.gz,MM608,,,CVCL_4453,MM608,Cello Cell line Name,mm608
GSM170858,GSM170858,Melanoma cell line MM622,Public on Mar 31 2007,Feb 22 2007,Aug 28 2018,RNA,1.0,Melanoma cell line MM622,Homo sapiens,Melanoma cell line established from primary melanoma,GPL570,Australia,Queensland Institute of Medical Research,GSE7127,GSE7127_series_matrix.txt.gz,MM622,,,CVCL_C850,MM622,Cello Cell line Name,mm622
GSM170862,GSM170862,Melanoma cell line A15,Public on Mar 31 2007,Feb 22 2007,Aug 28 2018,RNA,1.0,Melanoma cell line A15,Homo sapiens,Melanoma cell line established from metastatic melanoma,GPL570,Australia,Queensland Institute of Medical Research,GSE7127,GSE7127_series_matrix.txt.gz,A15,,,CVCL_UU65,A-15,Cello match alphanum,a15
GSM170865,GSM170865,Melanoma cell line CJM,Public on Mar 31 2007,Feb 22 2007,Aug 28 2018,RNA,1.0,Melanoma cell line CJM,Homo sapiens,Melanoma cell line established from metastatic melanoma,GPL570,Australia,Queensland Institute of Medical Research,GSE7127,GSE7127_series_matrix.txt.gz,CJM,,,CVCL_U797,CJM [Human melanoma],Cello GEO GSM,cjm
GSM170866,GSM170866,Melanoma cell line MM229,Public on Mar 31 2007,Feb 22 2007,Aug 28 2018,RNA,1.0,Melanoma cell line MM229,Homo sapiens,Melanoma cell line established from metastatic melanoma,GPL570,Australia,Queensland Institute of Medical Research,GSE7127,GSE7127_series_matrix.txt.gz,MM229,,,CVCL_C837,MM229,Cello Cell line Name,mm229
GSM170867,GSM170867,Melanoma cell line MM540,Public on Mar 31 2007,Feb 22 2007,Aug 28 2018,RNA,1.0,Melanoma cell line MM540,Homo sapiens,Melanoma cell line established from primary melanoma,GPL570,Australia,Queensland Institute of Medical Research,GSE7127,GSE7127_series_matrix.txt.gz,MM540,,,CVCL_C847,MM540,Cello Cell line Name,mm540
GSM170978,GSM170978,Melanoma cell line MM548,Public on Mar 31 2007,Feb 22 2007,Aug 28 2018,RNA,1.0,Melanoma cell line MM548,Homo sapiens,Melanoma cell line established from metastatic melanoma,GPL570,Australia,Queensland Institute of Medical Research,GSE7127,GSE7127_series_matrix.txt.gz,MM548,,,CVCL_C848,MM548,Cello Cell line Name,mm548
GSM170979,GSM170979,Melanoma cell line MM96L,Public on Oct 01 2007,Feb 22 2007,Aug 28 2018,RNA,1.0,Melanoma cell line MM96L,Homo sapiens,Melanoma cell line established from primary melanoma,GPL570,Australia,Queensland Institute of Medical Research,GSE7127,GSE7127_series_matrix.txt.gz,MM96L,,,CVCL_D853,MM96L,Cello Cell line Name,mm96l
GSM170980,GSM170980,Melanoma cell line SKMEL13,Public on Mar 31 2007,Feb 22 2007,Aug 28 2018,RNA,1.0,Melanoma cell line SKMEL13,Homo sapiens,Melanoma cell line established from metastatic melanoma,GPL570,Australia,Queensland Institute of Medical Research,GSE7127,GSE7127_series_matrix.txt.gz,SKMEL13,,,CVCL_6022,SKMEL13,Cello Cell line Synonym,skmel13
GSM170983,GSM170983,Melanoma cell line WSB,Public on Mar 31 2007,Feb 22 2007,Aug 28 2018,RNA,1.0,Melanoma cell line WSB,Homo sapiens,Melanoma cell line established from metastatic melanoma,GPL570,Australia,Queensland Institute of Medical Research,GSE7127,GSE7127_series_matrix.txt.gz,WSB,,,CVCL_J514,WSB,Cello Cell line Name,wsb
GSM170992,GSM170992,Melanoma cell line A04,Public on Mar 31 2007,Feb 22 2007,Aug 28 2018,RNA,1.0,Melanoma cell line A04,Homo sapiens,Melanoma cell line established from metastatic melanoma,GPL570,Australia,Queensland Institute of Medical Research,GSE7127,GSE7127_series_matrix.txt.gz,A04,,,CVCL_S856,A04,Cello Cell line Synonym,a04
GSM171011,GSM171011,Melanoma cell line SKMEL5,Public on Mar 31 2007,Feb 22 2007,Jan 14 2015,RNA,1.0,Melanoma cell line SKMEL5,Homo sapiens,Melanoma cell line established from metastatic melanoma,GPL570,Australia,Queensland Institute of Medical Research,GSE7127,GSE7127_series_matrix.txt.gz,SKMEL5,,,CVCL_0527,SK-MEL-5,Cello GEO GSM,skmel5
GSM171012,GSM171012,Melanoma cell line SKMEL28,Public on Mar 31 2007,Feb 22 2007,Aug 28 2018,RNA,1.0,Melanoma cell line SKMEL28,Homo sapiens,Melanoma cell line,GPL570,Australia,Queensland Institute of Medical Research,GSE7127,GSE7127_series_matrix.txt.gz,SKMEL28,,,CVCL_0526,SK-MEL-28,Cello GEO GSM,skmel28
GSM171597,GSM171597,Melanoma cell line D32,Public on Mar 31 2007,Feb 23 2007,Aug 28 2018,RNA,1.0,Melanoma cell line D32,Homo sapiens,Melanoma cell line established from metastatic melanoma,GPL570,Australia,Queensland Institute of Medical Research,GSE7127,GSE7127_series_matrix.txt.gz,D32,,,CVCL_DH72,D32,Cello Cell line Name,d32
GSM171895,GSM171895,,,,,,,,,,,,,,,,,,CVCL_X491,HBEC3-KT,Cello GEO GSM,
GSM183338,GSM183338,,,,,,,,,,,,,,,,,,CVCL_0532,SK-OV-3,Cello GEO GSM,
GSM183341,GSM183341,,,,,,,,,,,,,,,,,,CVCL_0532,SK-OV-3,Cello GEO GSM,
GSM183432,GSM183432,,,,,,,,,,,,,,,,,,CVCL_0037,A-431,Cello GEO GSM,
GSM183433,GSM183433,,,,,,,,,,,,,,,,,,CVCL_0037,A-431,Cello GEO GSM,
GSM183436,GSM183436,,,,,,,,,,,,,,,,,,CVCL_2063,HCC827,Cello GEO GSM,
GSM183437,GSM183437,,,,,,,,,,,,,,,,,,CVCL_2063,HCC827,Cello GEO GSM,
GSM183440,GSM183440,,,,,,,,,,,,,,,,,,CVCL_0033,SK-BR-3,Cello GEO GSM,
GSM183441,GSM183441,,,,,,,,,,,,,,,,,,CVCL_0033,SK-BR-3,Cello GEO GSM,
GSM198765,GSM198765,GSr Neurospheres Hamburg GS-1,Public on Dec 04 2007,Jun 07 2007,Aug 28 2018,RNA,1.0,glioblastoma derived neurosphere cultures,Homo sapiens,GSr,GPL570,Germany,UKE,GSE23806,GSE23806_series_matrix.txt.gz,GS-1,,,CVCL_VM37,GS-1,Cello Cell line Name,gs1
GSM198766,GSM198766,GSr Neurospheres Hamburg GS-2,Public on Dec 04 2007,Jun 07 2007,Aug 28 2018,RNA,1.0,glioblastoma derived neurosphere cultures,Homo sapiens,GSr,GPL570,Germany,UKE,GSE23806,GSE23806_series_matrix.txt.gz,GS-2,,,CVCL_YI85,GS2,Cello match alphanum,gs2
GSM198767,GSM198767,GSf Neurospheres Hamburg GS-3,Public on Dec 04 2007,Jun 07 2007,Aug 28 2018,RNA,1.0,glioblastoma derived neurosphere cultures,Homo sapiens,GSf,GPL570,Germany,UKE,GSE23806,GSE23806_series_matrix.txt.gz, GS-3,,,,,,gs3
GSM198768,GSM198768,GSr Neurospheres Hamburg GS-4,Public on Dec 04 2007,Jun 07 2007,Aug 28 2018,RNA,1.0,glioblastoma derived neurosphere cultures,Homo sapiens,GSr,GPL570,Germany,UKE,GSE23806,GSE23806_series_matrix.txt.gz,GS-4,,,,,,gs4
GSM198769,GSM198769,GSf Neurospheres Hamburg GS-5,Public on Dec 04 2007,Jun 07 2007,Aug 28 2018,RNA,1.0,glioblastoma derived neurosphere cultures,Homo sapiens,GSf,GPL570,Germany,UKE,GSE23806,GSE23806_series_matrix.txt.gz, GS-5,,,,,,gs5
GSM198770,GSM198770,GSr Neurospheres Hamburg GS-6,Public on Dec 04 2007,Jun 07 2007,Aug 28 2018,RNA,1.0,glioblastoma derived neurosphere cultures,Homo sapiens,GSr,GPL570,Germany,UKE,GSE23806,GSE23806_series_matrix.txt.gz,GS-6,,,,,,gs6
GSM198771,GSM198771,GSr Neurospheres Hamburg GS-7,Public on Dec 04 2007,Jun 07 2007,Aug 28 2018,RNA,1.0,glioblastoma derived neurosphere cultures,Homo sapiens,GSr,GPL570,Germany,UKE,GSE23806,GSE23806_series_matrix.txt.gz,GS-7,,,,,,gs7
GSM198772,GSM198772,GSf Neurospheres Hamburg GS-8,Public on Dec 04 2007,Jun 07 2007,Aug 28 2018,RNA,1.0,glioblastoma derived neurosphere cultures,Homo sapiens,GSf,GPL570,Germany,UKE,GSE23806,GSE23806_series_matrix.txt.gz, GS-8,,,,,,gs8
GSM198773,GSM198773,GSf Neurospheres Hamburg GS-9,Public on Dec 04 2007,Jun 07 2007,Aug 28 2018,RNA,1.0,glioblastoma derived neurosphere cultures,Homo sapiens,GSf,GPL570,Germany,UKE,GSE23806,GSE23806_series_matrix.txt.gz, GS-9,,,,,,gs9
GSM198774,GSM198774,GSr Neurospheres Hamburg GS-1-2,Public on Dec 04 2007,Jun 07 2007,Aug 28 2018,RNA,1.0,glioblastoma derived neurosphere cultures,Homo sapiens,GSr,GPL570,Germany,UKE,GSE23806,GSE23806_series_matrix.txt.gz,GS-1-2,,,,,,gs12
GSM198775,GSM198775,GSr Neurospheres Hamburg GS-2-2,Public on Dec 04 2007,Jun 07 2007,Aug 28 2018,RNA,1.0,glioblastoma derived neurosphere cultures,Homo sapiens,GSr,GPL570,Germany,UKE,GSE23806,GSE23806_series_matrix.txt.gz,GS-2-2,,,,,,gs22
GSM198776,GSM198776,GSf Neurospheres Hamburg GS-3-2,Public on Dec 04 2007,Jun 07 2007,Aug 28 2018,RNA,1.0,glioblastoma derived neurosphere cultures,Homo sapiens,GSf,GPL570,Germany,UKE,GSE23806,GSE23806_series_matrix.txt.gz, GS-3-2,,,,,,gs32
GSM198777,GSM198777,GSr Neurospheres Hamburg GS-4-2,Public on Dec 04 2007,Jun 07 2007,Aug 28 2018,RNA,1.0,glioblastoma derived neurosphere cultures,Homo sapiens,GSr,GPL570,Germany,UKE,GSE23806,GSE23806_series_matrix.txt.gz,GS-4-2,,,,,,gs42
GSM198778,GSM198778,GSf Neurospheres Hamburg GS-5-2,Public on Dec 04 2007,Jun 07 2007,Aug 28 2018,RNA,1.0,glioblastoma derived neurosphere cultures,Homo sapiens,GSf,GPL570,Germany,UKE,GSE23806,GSE23806_series_matrix.txt.gz, GS-5-2,,,,,,gs52
GSM198779,GSM198779,GSr Neurospheres Hamburg GS-7-2,Public on Dec 04 2007,Jun 07 2007,Aug 28 2018,RNA,1.0,glioblastoma derived neurosphere cultures,Homo sapiens,GSr,GPL570,Germany,UKE,GSE23806,GSE23806_series_matrix.txt.gz,GS-7-2,,,,,,gs72
GSM198780,GSM198780,GSf Neurospheres Hamburg GS-8-2,Public on Dec 04 2007,Jun 07 2007,Aug 28 2018,RNA,1.0,glioblastoma derived neurosphere cultures,Homo sapiens,GSf,GPL570,Germany,UKE,GSE23806,GSE23806_series_matrix.txt.gz, GS-8-2,,,,,,gs82
GSM198781,GSM198781,GSf Neurospheres Hamburg GS-9-2,Public on Dec 04 2007,Jun 07 2007,Aug 28 2018,RNA,1.0,glioblastoma derived neurosphere cultures,Homo sapiens,GSf,GPL570,Germany,UKE,GSE23806,GSE23806_series_matrix.txt.gz, GS-9-2,,,,,,gs92
GSM206438,GSM206438,,,,,,,,,,,,,,,,,,CVCL_8054,624-mel,Cello GEO GSM,
GSM206439,GSM206439,,,,,,,,,,,,,,,,,,CVCL_4632,888-mel,Cello GEO GSM,
GSM206440,GSM206440,,,,,,,,,,,,,,,,,,CVCL_7082,,,
GSM206441,GSM206441,,,,,,,,,,,,,,,,,,CVCL_C694,Mel 928,Cello GEO GSM,
GSM206442,GSM206442,,,,,,,,,,,,,,,,,,CVCL_1059,A2058,Cello GEO GSM,
GSM206443,GSM206443,,,,,,,,,,,,,,,,,,CVCL_0132,A-375,Cello GEO GSM,
GSM206444,GSM206444,,,,,,,,,,,,,,,,,,CVCL_1055,A-427,Cello GEO GSM,
GSM206445,GSM206445,,,,,,,,,,,,,,,,,,CVCL_0023,A-549,Cello GEO GSM,
GSM206446,GSM206446,,,,,,,,,,,,,,,,,,CVCL_0152,AsPC-1,Cello GEO GSM,
GSM206447,GSM206447,,,,,,,,,,,,,,,,,,CVCL_0186,BxPC-3,Cello GEO GSM,
GSM206448,GSM206448,,,,,,,,,,,,,,,,,,CVCL_S959,C170,Cello GEO GSM,
GSM206449,GSM206449,,,,,,,,,,,,,,,,,,CVCL_1097,C32 [Human melanoma],Cello GEO GSM,
GSM206450,GSM206450,,,,,,,,,,,,,,,,,,CVCL_0025,Caco-2,Cello GEO GSM,
GSM206451,GSM206451,,,,,,,,,,,,,,,,,,CVCL_0608,Calu-1,Cello GEO GSM,
GSM206452,GSM206452,,,,,,,,,,,,,,,,,,CVCL_0237,Capan-1,Cello GEO GSM,
GSM206453,GSM206453,,,,,,,,,,,,,,,,,,CVCL_0026,Capan-2,Cello GEO GSM,
GSM206454,GSM206454,,,,,,,,,,,,,,,,,,CVCL_1119,CFPAC-1,Cello GEO GSM,
GSM206455,GSM206455,,,,,,,,,,,,,,,,,,CVCL_1978,CL-11,Cello GEO GSM,
GSM206456,GSM206456,,,,,,,,,,,,,,,,,,CVCL_1980,CL-34,Cello GEO GSM,
GSM206457,GSM206457,,,,,,,,,,,,,,,,,,CVCL_1982,CL-40,Cello GEO GSM,
GSM206458,GSM206458,,,,,,,,,,,,,,,,,,CVCL_1987,COLO 201,Cello GEO GSM,
GSM206459,GSM206459,,,,,,,,,,,,,,,,,,CVCL_7082,,,
GSM206460,GSM206460,,,,,,,,,,,,,,,,,,CVCL_1988,COLO 206F,Cello GEO GSM,
GSM206461,GSM206461,,,,,,,,,,,,,,,,,,CVCL_0219,COLO 320DM,Cello GEO GSM,
GSM206462,GSM206462,,,,,,,,,,,,,,,,,,CVCL_7082,,,
GSM206463,GSM206463,,,,,,,,,,,,,,,,,,CVCL_1129,COLO 678,Cello GEO GSM,
GSM206464,GSM206464,,,,,,,,,,,,,,,,,,CVCL_1133,COLO 741,Cello GEO GSM,
GSM206465,GSM206465,,,,,,,,,,,,,,,,,,CVCL_1137,COLO 829,Cello GEO GSM,
GSM206466,GSM206466,,,,,,,,,,,,,,,,,,CVCL_7082,,,
GSM206467,GSM206467,,,,,,,,,,,,,,,,,,CVCL_0248,DLD-1,Cello GEO GSM,
GSM206468,GSM206468,,,,,,,,,,,,,,,,,,CVCL_1195,EKVX,Cello GEO GSM,
GSM206469,GSM206469,,,,,,,,,,,,,,,,,,CVCL_1220,G-361,Cello GEO GSM,
GSM206470,GSM206470,,,,,,,,,,,,,,,,,,CVCL_1456,NCI-H1155,Cello GEO GSM,
GSM206471,GSM206471,,,,,,,,,,,,,,,,,,CVCL_0060,NCI-H1299,Cello GEO GSM,
GSM206472,GSM206472,,,,,,,,,,,,,,,,,,CVCL_1470,NCI-H1435,Cello GEO GSM,
GSM206473,GSM206473,,,,,,,,,,,,,,,,,,CVCL_1476,NCI-H1568,Cello GEO GSM,
GSM206474,GSM206474,,,,,,,,,,,,,,,,,,CVCL_1483,NCI-H1650,Cello GEO GSM,
GSM206475,GSM206475,,,,,,,,,,,,,,,,,,CVCL_1484,NCI-H1651,Cello GEO GSM,
GSM206476,GSM206476,,,,,,,,,,,,,,,,,,CVCL_1485,NCI-H1666,Cello GEO GSM,
GSM206477,GSM206477,,,,,,,,,,,,,,,,,,CVCL_1490,NCI-H1703,Cello GEO GSM,
GSM206478,GSM206478,,,,,,,,,,,,,,,,,,CVCL_1494,NCI-H1781,Cello GEO GSM,
GSM206479,GSM206479,,,,,,,,,,,,,,,,,,CVCL_1496,NCI-H1793,Cello GEO GSM,
GSM206480,GSM206480,,,,,,,,,,,,,,,,,,CVCL_1499,NCI-H1838,Cello GEO GSM,
GSM206481,GSM206481,,,,,,,,,,,,,,,,,,CVCL_1511,NCI-H1975,Cello GEO GSM,
GSM206482,GSM206482,,,,,,,,,,,,,,,,,,CVCL_1514,NCI-H2009,Cello GEO GSM,
GSM206483,GSM206483,,,,,,,,,,,,,,,,,,CVCL_1517,NCI-H2030,Cello GEO GSM,
GSM206484,GSM206484,,,,,,,,,,,,,,,,,,CVCL_1531,NCI-H2122,Cello GEO GSM,
GSM206485,GSM206485,,,,,,,,,,,,,,,,,,CVCL_1532,NCI-H2126,Cello GEO GSM,
GSM206486,GSM206486,,,,,,,,,,,,,,,,,,CVCL_1544,NCI-H226,Cello GEO GSM,
GSM206487,GSM206487,,,,,,,,,,,,,,,,,,CVCL_1547,NCI-H23,Cello GEO GSM,
GSM206488,GSM206488,,,,,,,,,,,,,,,,,,CVCL_1551,NCI-H2405,Cello GEO GSM,
GSM206489,GSM206489,,,,,,,,,,,,,,,,,,CVCL_0455,NCI-H292,Cello GEO GSM,
GSM206490,GSM206490,,,,,,,,,,,,,,,,,,CVCL_1556,NCI-H322,Cello GEO GSM,
GSM206491,GSM206491,,,,,,,,,,,,,,,,,,CVCL_1559,NCI-H358,Cello GEO GSM,
GSM206492,GSM206492,,,,,,,,,,,,,,,,,,CVCL_1561,NCI-H441,Cello GEO GSM,
GSM206493,GSM206493,,,,,,,,,,,,,,,,,,CVCL_0459,NCI-H460,Cello GEO GSM,
GSM206494,GSM206494,,,,,,,,,,,,,,,,,,CVCL_1566,NCI-H520,Cello GEO GSM,
GSM206495,GSM206495,,,,,,,,,,,,,,,,,,CVCL_1567,NCI-H522,Cello GEO GSM,
GSM206496,GSM206496,,,,,,,,,,,,,,,,,,CVCL_1571,NCI-H596,Cello GEO GSM,
GSM206497,GSM206497,,,,,,,,,,,,,,,,,,CVCL_1574,NCI-H647,Cello GEO GSM,
GSM206498,GSM206498,,,,,,,,,,,,,,,,,,CVCL_1575,NCI-H650,Cello GEO GSM,
GSM206499,GSM206499,,,,,,,,,,,,,,,,,,CVCL_1577,NCI-H661,Cello GEO GSM,
GSM206500,GSM206500,,,,,,,,,,,,,,,,,,CVCL_1594,NCI-H838,Cello GEO GSM,
GSM206501,GSM206501,,,,,,,,,,,,,,,,,,CVCL_0291,HCT 116,Cello GEO GSM,
GSM206502,GSM206502,,,,,,,,,,,,,,,,,,CVCL_0292,HCT 15,Cello GEO GSM,
GSM206503,GSM206503,,,,,,,,,,,,,,,,,,CVCL_0320,HT-29,Cello GEO GSM,
GSM206504,GSM206504,,,,,,,,,,,,,,,,,,CVCL_7082,,,
GSM206505,GSM206505,,,,,,,,,,,,,,,,,,CVCL_2255,HLF-a,Cello GEO GSM,
GSM206506,GSM206506,,,,,,,,,,,,,,,,,,CVCL_7082,,,
GSM206507,GSM206507,,,,,,,,,,,,,,,,,,CVCL_1285,HOP-62,Cello GEO GSM,
GSM206508,GSM206508,,,,,,,,,,,,,,,,,,CVCL_1286,HOP-92,Cello GEO GSM,
GSM206509,GSM206509,,,,,,,,,,,,,,,,,,CVCL_3517,HPAC,Cello GEO GSM,
GSM206510,GSM206510,,,,,,,,,,,,,,,,,,CVCL_0313,HPAF-II,Cello GEO GSM,
GSM206511,GSM206511,,,,,,,,,,,,,,,,,,CVCL_0331,Hs 294T,Cello GEO GSM,
GSM206512,GSM206512,,,,,,,,,,,,,,,,,,CVCL_0851,Hs 695T,Cello GEO GSM,
GSM206513,GSM206513,,,,,,,,,,,,,,,,,,CVCL_0334,Hs 766T,Cello GEO GSM,
GSM206514,GSM206514,,,,,,,,,,,,,,,,,,CVCL_1294,HT-55,Cello GEO GSM,
GSM206515,GSM206515,,,,,,,,,,,,,,,,,,CVCL_1299,HuP-T3,Cello GEO GSM,
GSM206516,GSM206516,,,,,,,,,,,,,,,,,,CVCL_1331,KM12,Cello GEO GSM,
GSM206517,GSM206517,,,,,,,,,,,,,,,,,,CVCL_0399,LoVo,Cello GEO GSM,
GSM206518,GSM206518,,,,,,,,,,,,,,,,,,CVCL_1381,LOX-IMVI,Cello GEO GSM,
GSM206519,GSM206519,,,,,,,,,,,,,,,,,,CVCL_1382,LS1034,Cello GEO GSM,
GSM206520,GSM206520,,,,,,,,,,,,,,,,,,CVCL_0397,LS180,Cello GEO GSM,
GSM206521,GSM206521,,,,,,,,,,,,,,,,,,CVCL_D085,LXFL 529L,Cello GEO GSM,
GSM206522,GSM206522,,,,,,,,,,,,,,,,,,CVCL_1438,Malme-3M,Cello GEO GSM,
GSM206523,GSM206523,,,,,,,,,,,,,,,,,,CVCL_0417,MDA-MB-435,Cello GEO GSM,
GSM206524,GSM206524,,,,,,,,,,,,,,,,,,CVCL_2588,MDST8,Cello GEO GSM,
GSM206525,GSM206525,,,,,,,,,,,,,,,,,,CVCL_0445,MeWo,Cello GEO GSM,
GSM206526,GSM206526,,,,,,,,,,,,,,,,,,CVCL_0428,MIA PaCa-2,Cello GEO GSM,
GSM206527,GSM206527,,,,,,,,,,,,,,,,,,CVCL_1633,Panc 02.03,Cello GEO GSM,
GSM206528,GSM206528,,,,,,,,,,,,,,,,,,CVCL_1635,Panc 03.27,Cello GEO GSM,
GSM206529,GSM206529,,,,,,,,,,,,,,,,,,CVCL_1636,Panc 04.03,Cello GEO GSM,
GSM206530,GSM206530,,,,,,,,,,,,,,,,,,CVCL_1637,Panc 05.04,Cello GEO GSM,
GSM206531,GSM206531,,,,,,,,,,,,,,,,,,CVCL_1638,Panc 08.13,Cello GEO GSM,
GSM206532,GSM206532,,,,,,,,,,,,,,,,,,CVCL_0480,PANC-1,Cello GEO GSM,
GSM206533,GSM206533,,,,,,,,,,,,,,,,,,CVCL_1639,Panc 10.05,Cello GEO GSM,
GSM206534,GSM206534,,,,,,,,,,,,,,,,,,CVCL_1845,PaTu 8902,Cello GEO GSM,
GSM206535,GSM206535,,,,,,,,,,,,,,,,,,CVCL_1847,PaTu 8988t,Cello GEO GSM,
GSM206536,GSM206536,,,,,,,,,,,,,,,,,,CVCL_3567,PL45,Cello GEO GSM,
GSM206537,GSM206537,,,,,,,,,,,,,,,,,,CVCL_1644,PSN1,Cello GEO GSM,
GSM206538,GSM206538,,,,,,,,,,,,,,,,,,CVCL_0504,RKO,Cello GEO GSM,
GSM206539,GSM206539,,,,,,,,,,,,,,,,,,CVCL_7082,,,
GSM206540,GSM206540,,,,,,,,,,,,,,,,,,CVCL_1666,RPMI-7951,Cello GEO GSM,
GSM206541,GSM206541,,,,,,,,,,,,,,,,,,CVCL_0626,SK-CO-1,Cello GEO GSM,
GSM206542,GSM206542,,,,,,,,,,,,,,,,,,CVCL_6027,SK-MEL-23,Cello GEO GSM,
GSM206543,GSM206543,,,,,,,,,,,,,,,,,,CVCL_0526,SK-MEL-28,Cello GEO GSM,
GSM206544,GSM206544,,,,,,,,,,,,,,,,,,CVCL_0630,SK-MES-1,Cello GEO GSM,
GSM206545,GSM206545,,,,,,,,,,,,,,,,,,CVCL_3881,SU.86.86,Cello GEO GSM,
GSM206546,GSM206546,,,,,,,,,,,,,,,,,,CVCL_0544,SW1116,Cello GEO GSM,
GSM206547,GSM206547,,,,,,,,,,,,,,,,,,CVCL_1717,SW1417,Cello GEO GSM,
GSM206548,GSM206548,,,,,,,,,,,,,,,,,,CVCL_1718,SW1463,Cello GEO GSM,
GSM206549,GSM206549,,,,,,,,,,,,,,,,,,CVCL_1720,SW1573,Cello GEO GSM,
GSM206550,GSM206550,,,,,,,,,,,,,,,,,,CVCL_1723,SW1990,Cello GEO GSM,
GSM206551,GSM206551,,,,,,,,,,,,,,,,,,CVCL_0545,SW403,Cello GEO GSM,
GSM206552,GSM206552,,,,,,,,,,,,,,,,,,CVCL_0546,SW480,Cello GEO GSM,
GSM206553,GSM206553,,,,,,,,,,,,,,,,,,CVCL_0547,SW620,Cello GEO GSM,
GSM206554,GSM206554,,,,,,,,,,,,,,,,,,CVCL_1729,SW837,Cello GEO GSM,
GSM206555,GSM206555,,,,,,,,,,,,,,,,,,CVCL_0632,SW948,Cello GEO GSM,
GSM206556,GSM206556,,,,,,,,,,,,,,,,,,CVCL_0555,T84,Cello GEO GSM,
GSM219592,GSM219592,,,,,,,,,,,,,,,,,,CVCL_A667,SCMC-RM2,Cello GEO GSM,
GSM219726,GSM219726,,,,,,,,,,,,,,,,,,CVCL_1649,RD,Cello GEO GSM,
GSM219745,GSM219745,,,,,,,,,,,,,,,,,,CVCL_1659,Rh18,Cello GEO GSM,
GSM219747,GSM219747,,,,,,,,,,,,,,,,,,CVCL_N820,CW9019,Cello GEO GSM,
GSM219748,GSM219748,,,,,,,,,,,,,,,,,,CVCL_2176,Rh41,Cello GEO GSM,
GSM219749,GSM219749,,,,,,,,,,,,,,,,,,CVCL_1755,TE 617.T,Cello GEO GSM,
GSM219750,GSM219750,,,,,,,,,,,,,,,,,,CVCL_0871,Hs 729.T,Cello GEO GSM,
GSM219756,GSM219756,,,,,,,,,,,,,,,,,,CVCL_5916,Rh4,Cello GEO GSM,
GSM219757,GSM219757,,,,,,,,,,,,,,,,,,CVCL_0041,Rh30,Cello GEO GSM,
GSM231608,GSM231608,,,,,,,,,,,,,,,,,,CVCL_0019,SH-SY5Y,Cello GEO GSM,
GSM231609,GSM231609,,,,,,,,,,,,,,,,,,CVCL_0019,SH-SY5Y,Cello GEO GSM,
GSM231610,GSM231610,,,,,,,,,,,,,,,,,,CVCL_0019,SH-SY5Y,Cello GEO GSM,
GSM231611,GSM231611,,,,,,,,,,,,,,,,,,CVCL_0019,SH-SY5Y,Cello GEO GSM,
GSM231612,GSM231612,,,,,,,,,,,,,,,,,,CVCL_0019,SH-SY5Y,Cello GEO GSM,
GSM231613,GSM231613,,,,,,,,,,,,,,,,,,CVCL_0019,SH-SY5Y,Cello GEO GSM,
GSM231614,GSM231614,,,,,,,,,,,,,,,,,,CVCL_0019,SH-SY5Y,Cello GEO GSM,
GSM231615,GSM231615,,,,,,,,,,,,,,,,,,CVCL_0019,SH-SY5Y,Cello GEO GSM,
GSM231616,GSM231616,,,,,,,,,,,,,,,,,,CVCL_0019,SH-SY5Y,Cello GEO GSM,
GSM231617,GSM231617,,,,,,,,,,,,,,,,,,CVCL_0019,SH-SY5Y,Cello GEO GSM,
GSM231618,GSM231618,,,,,,,,,,,,,,,,,,CVCL_0019,SH-SY5Y,Cello GEO GSM,
GSM231619,GSM231619,,,,,,,,,,,,,,,,,,CVCL_0019,SH-SY5Y,Cello GEO GSM,
GSM231620,GSM231620,,,,,,,,,,,,,,,,,,CVCL_0019,SH-SY5Y,Cello GEO GSM,
GSM231621,GSM231621,,,,,,,,,,,,,,,,,,CVCL_0019,SH-SY5Y,Cello GEO GSM,
GSM231622,GSM231622,,,,,,,,,,,,,,,,,,CVCL_0019,SH-SY5Y,Cello GEO GSM,
GSM231623,GSM231623,,,,,,,,,,,,,,,,,,CVCL_0019,SH-SY5Y,Cello GEO GSM,
GSM231624,GSM231624,,,,,,,,,,,,,,,,,,CVCL_0019,SH-SY5Y,Cello GEO GSM,
GSM231625,GSM231625,,,,,,,,,,,,,,,,,,CVCL_0019,SH-SY5Y,Cello GEO GSM,
GSM231626,GSM231626,,,,,,,,,,,,,,,,,,CVCL_0019,SH-SY5Y,Cello GEO GSM,
GSM231627,GSM231627,,,,,,,,,,,,,,,,,,CVCL_0019,SH-SY5Y,Cello GEO GSM,
GSM231628,GSM231628,,,,,,,,,,,,,,,,,,CVCL_0019,SH-SY5Y,Cello GEO GSM,
GSM231629,GSM231629,,,,,,,,,,,,,,,,,,CVCL_0019,SH-SY5Y,Cello GEO GSM,
GSM231630,GSM231630,,,,,,,,,,,,,,,,,,CVCL_0019,SH-SY5Y,Cello GEO GSM,
GSM231631,GSM231631,,,,,,,,,,,,,,,,,,CVCL_0019,SH-SY5Y,Cello GEO GSM,
GSM231632,GSM231632,,,,,,,,,,,,,,,,,,CVCL_0019,SH-SY5Y,Cello GEO GSM,
GSM231633,GSM231633,,,,,,,,,,,,,,,,,,CVCL_0019,SH-SY5Y,Cello GEO GSM,
GSM231634,GSM231634,,,,,,,,,,,,,,,,,,CVCL_0019,SH-SY5Y,Cello GEO GSM,
GSM231635,GSM231635,,,,,,,,,,,,,,,,,,CVCL_0019,SH-SY5Y,Cello GEO GSM,
GSM231636,GSM231636,,,,,,,,,,,,,,,,,,CVCL_0019,SH-SY5Y,Cello GEO GSM,
GSM231637,GSM231637,,,,,,,,,,,,,,,,,,CVCL_0019,SH-SY5Y,Cello GEO GSM,
GSM231638,GSM231638,,,,,,,,,,,,,,,,,,CVCL_0019,SH-SY5Y,Cello GEO GSM,
GSM231639,GSM231639,,,,,,,,,,,,,,,,,,CVCL_0019,SH-SY5Y,Cello GEO GSM,
GSM231640,GSM231640,,,,,,,,,,,,,,,,,,CVCL_0019,SH-SY5Y,Cello GEO GSM,
GSM231641,GSM231641,,,,,,,,,,,,,,,,,,CVCL_0019,SH-SY5Y,Cello GEO GSM,
GSM231642,GSM231642,,,,,,,,,,,,,,,,,,CVCL_0019,SH-SY5Y,Cello GEO GSM,
GSM231643,GSM231643,,,,,,,,,,,,,,,,,,CVCL_0019,SH-SY5Y,Cello GEO GSM,
GSM231644,GSM231644,,,,,,,,,,,,,,,,,,CVCL_0019,SH-SY5Y,Cello GEO GSM,
GSM231645,GSM231645,,,,,,,,,,,,,,,,,,CVCL_0019,SH-SY5Y,Cello GEO GSM,
GSM231646,GSM231646,,,,,,,,,,,,,,,,,,CVCL_0019,SH-SY5Y,Cello GEO GSM,
GSM231647,GSM231647,,,,,,,,,,,,,,,,,,CVCL_0019,SH-SY5Y,Cello GEO GSM,
GSM231648,GSM231648,,,,,,,,,,,,,,,,,,CVCL_0019,SH-SY5Y,Cello GEO GSM,
GSM231649,GSM231649,,,,,,,,,,,,,,,,,,CVCL_0019,SH-SY5Y,Cello GEO GSM,
GSM231650,GSM231650,,,,,,,,,,,,,,,,,,CVCL_0019,SH-SY5Y,Cello GEO GSM,
GSM231651,GSM231651,,,,,,,,,,,,,,,,,,CVCL_0019,SH-SY5Y,Cello GEO GSM,
GSM231652,GSM231652,,,,,,,,,,,,,,,,,,CVCL_0019,SH-SY5Y,Cello GEO GSM,
GSM231653,GSM231653,,,,,,,,,,,,,,,,,,CVCL_0019,SH-SY5Y,Cello GEO GSM,
GSM231654,GSM231654,,,,,,,,,,,,,,,,,,CVCL_0019,SH-SY5Y,Cello GEO GSM,
GSM231655,GSM231655,,,,,,,,,,,,,,,,,,CVCL_0019,SH-SY5Y,Cello GEO GSM,
GSM231656,GSM231656,,,,,,,,,,,,,,,,,,CVCL_0019,SH-SY5Y,Cello GEO GSM,
GSM231657,GSM231657,,,,,,,,,,,,,,,,,,CVCL_0019,SH-SY5Y,Cello GEO GSM,
GSM231658,GSM231658,,,,,,,,,,,,,,,,,,CVCL_0019,SH-SY5Y,Cello GEO GSM,
GSM231659,GSM231659,,,,,,,,,,,,,,,,,,CVCL_0019,SH-SY5Y,Cello GEO GSM,
GSM231660,GSM231660,,,,,,,,,,,,,,,,,,CVCL_0019,SH-SY5Y,Cello GEO GSM,
GSM231661,GSM231661,,,,,,,,,,,,,,,,,,CVCL_0019,SH-SY5Y,Cello GEO GSM,
GSM231662,GSM231662,,,,,,,,,,,,,,,,,,CVCL_0019,SH-SY5Y,Cello GEO GSM,
GSM231663,GSM231663,,,,,,,,,,,,,,,,,,CVCL_0019,SH-SY5Y,Cello GEO GSM,
GSM231664,GSM231664,,,,,,,,,,,,,,,,,,CVCL_0019,SH-SY5Y,Cello GEO GSM,
GSM231665,GSM231665,,,,,,,,,,,,,,,,,,CVCL_0019,SH-SY5Y,Cello GEO GSM,
GSM231666,GSM231666,,,,,,,,,,,,,,,,,,CVCL_0019,SH-SY5Y,Cello GEO GSM,
GSM231667,GSM231667,,,,,,,,,,,,,,,,,,CVCL_0019,SH-SY5Y,Cello GEO GSM,
GSM231668,GSM231668,,,,,,,,,,,,,,,,,,CVCL_0019,SH-SY5Y,Cello GEO GSM,
GSM231669,GSM231669,,,,,,,,,,,,,,,,,,CVCL_0019,SH-SY5Y,Cello GEO GSM,
GSM231670,GSM231670,,,,,,,,,,,,,,,,,,CVCL_0019,SH-SY5Y,Cello GEO GSM,
GSM231671,GSM231671,,,,,,,,,,,,,,,,,,CVCL_0019,SH-SY5Y,Cello GEO GSM,
GSM231672,GSM231672,,,,,,,,,,,,,,,,,,CVCL_0019,SH-SY5Y,Cello GEO GSM,
GSM231673,GSM231673,,,,,,,,,,,,,,,,,,CVCL_0019,SH-SY5Y,Cello GEO GSM,
GSM231674,GSM231674,,,,,,,,,,,,,,,,,,CVCL_0531,SK-N-SH,Cello GEO GSM,
GSM231675,GSM231675,,,,,,,,,,,,,,,,,,CVCL_0531,SK-N-SH,Cello GEO GSM,
GSM231676,GSM231676,,,,,,,,,,,,,,,,,,CVCL_0531,SK-N-SH,Cello GEO GSM,
GSM231677,GSM231677,,,,,,,,,,,,,,,,,,CVCL_0531,SK-N-SH,Cello GEO GSM,
GSM231678,GSM231678,,,,,,,,,,,,,,,,,,CVCL_0531,SK-N-SH,Cello GEO GSM,
GSM231679,GSM231679,,,,,,,,,,,,,,,,,,CVCL_0531,SK-N-SH,Cello GEO GSM,
GSM231680,GSM231680,,,,,,,,,,,,,,,,,,CVCL_0531,SK-N-SH,Cello GEO GSM,
GSM231681,GSM231681,,,,,,,,,,,,,,,,,,CVCL_0531,SK-N-SH,Cello GEO GSM,
GSM231682,GSM231682,,,,,,,,,,,,,,,,,,CVCL_0531,SK-N-SH,Cello GEO GSM,
GSM231683,GSM231683,,,,,,,,,,,,,,,,,,CVCL_0531,SK-N-SH,Cello GEO GSM,
GSM231684,GSM231684,,,,,,,,,,,,,,,,,,CVCL_0531,SK-N-SH,Cello GEO GSM,
GSM231685,GSM231685,,,,,,,,,,,,,,,,,,CVCL_0531,SK-N-SH,Cello GEO GSM,
GSM231686,GSM231686,,,,,,,,,,,,,,,,,,CVCL_0531,SK-N-SH,Cello GEO GSM,
GSM231687,GSM231687,,,,,,,,,,,,,,,,,,CVCL_0531,SK-N-SH,Cello GEO GSM,
GSM231688,GSM231688,,,,,,,,,,,,,,,,,,CVCL_0531,SK-N-SH,Cello GEO GSM,
GSM231689,GSM231689,,,,,,,,,,,,,,,,,,CVCL_0531,SK-N-SH,Cello GEO GSM,
GSM231690,GSM231690,,,,,,,,,,,,,,,,,,CVCL_0531,SK-N-SH,Cello GEO GSM,
GSM231691,GSM231691,,,,,,,,,,,,,,,,,,CVCL_0531,SK-N-SH,Cello GEO GSM,
GSM231692,GSM231692,,,,,,,,,,,,,,,,,,CVCL_0531,SK-N-SH,Cello GEO GSM,
GSM231693,GSM231693,,,,,,,,,,,,,,,,,,CVCL_0531,SK-N-SH,Cello GEO GSM,
GSM2322615,GSM2322615,,,,,,,,,,,,,,,,,,CVCL_7082,,,
GSM2322616,GSM2322616,,,,,,,,,,,,,,,,,,CVCL_7082,,,
GSM2322617,GSM2322617,,,,,,,,,,,,,,,,,,CVCL_7082,,,
GSM2322618,GSM2322618,,,,,,,,,,,,,,,,,,CVCL_1818,Granta-519,Cello GEO GSM,
GSM2322619,GSM2322619,,,,,,,,,,,,,,,,,,CVCL_1865,JeKo-1,Cello GEO GSM,
GSM2322620,GSM2322620,,,,,,,,,,,,,,,,,,CVCL_1319,JVM-2,Cello GEO GSM,
GSM2322621,GSM2322621,,,,,,,,,,,,,,,,,,CVCL_7082,,,
GSM2322622,GSM2322622,,,,,,,,,,,,,,,,,,CVCL_1884,REC-1,Cello GEO GSM,
GSM2322623,GSM2322623,,,,,,,,,,,,,,,,,,CVCL_7082,,,
GSM2322624,GSM2322624,,,,,,,,,,,,,,,,,,CVCL_7082,,,
GSM2322625,GSM2322625,,,,,,,,,,,,,,,,,,CVCL_1872,Mino,Cello GEO GSM,
GSM248213,GSM248213,,,,,,,,,,,,,,,,,,CVCL_3653,BJ [Human fibroblast],Cello GEO GSM,
GSM248214,GSM248214,,,,,,,,,,,,,,,,,,CVCL_3653,BJ [Human fibroblast],Cello GEO GSM,
GSM274638,GSM274638,Replicate 1 for BT549 cell line,Public on Dec 01 2008,Mar 14 2008,Mar 19 2008,RNA,1.0,Human cell line,Homo sapiens,No treatment. See ATCC/DSMZ for cell line details.,GPL570,USA,Genentech,GSE10843,GSE10843_series_matrix.txt.gz,BT549 ,,,CVCL_1092,BT-549,Cello GEO GSM,bt549
GSM274639,GSM274639,Replicate 1 for CAL851 cell line,Public on Dec 01 2008,Mar 14 2008,Mar 19 2008,RNA,1.0,Human cell line,Homo sapiens,No treatment. See ATCC/DSMZ for cell line details.,GPL570,USA,Genentech,GSE10843,GSE10843_series_matrix.txt.gz,CAL851 ,,,CVCL_1114,CAL-85-1,Cello GEO GSM,cal851
GSM274640,GSM274640,Replicate 1 for MCF7 cell line,Public on Dec 01 2008,Mar 14 2008,Mar 19 2008,RNA,1.0,Human cell line,Homo sapiens,No treatment. See ATCC/DSMZ for cell line details.,GPL570,USA,Genentech,GSE10843,GSE10843_series_matrix.txt.gz,MCF7 ,,,CVCL_0031,MCF-7,Cello GEO GSM,mcf7
GSM274641,GSM274641,Replicate 1 for EFM192A cell line,Public on Dec 01 2008,Mar 14 2008,Mar 19 2008,RNA,1.0,Human cell line,Homo sapiens,No treatment. See ATCC/DSMZ for cell line details.,GPL570,USA,Genentech,GSE10843,GSE10843_series_matrix.txt.gz,EFM192A ,,,CVCL_1812,EFM-192A,Cello GEO GSM,efm192a
GSM274642,GSM274642,Replicate 1 for KPL1 cell line,Public on Dec 01 2008,Mar 14 2008,Mar 19 2008,RNA,1.0,Human cell line,Homo sapiens,No treatment. See ATCC/DSMZ for cell line details.,GPL570,USA,Genentech,GSE10843,GSE10843_series_matrix.txt.gz,KPL1 ,,,CVCL_2094,KPL-1,Cello GEO GSM,kpl1
GSM274643,GSM274643,Replicate 2 for KPL1 cell line,Public on Dec 01 2008,Mar 14 2008,Mar 19 2008,RNA,1.0,Human cell line,Homo sapiens,No treatment. See ATCC/DSMZ for cell line details.,GPL570,USA,Genentech,GSE10843,GSE10843_series_matrix.txt.gz,KPL1 ,,,CVCL_2094,KPL-1,Cello GEO GSM,kpl1
GSM274644,GSM274644,Replicate 1 for SKBR3 cell line,Public on Dec 01 2008,Mar 14 2008,Mar 19 2008,RNA,1.0,Human cell line,Homo sapiens,No treatment. See ATCC/DSMZ for cell line details.,GPL570,USA,Genentech,GSE10843,GSE10843_series_matrix.txt.gz,SKBR3 ,,,CVCL_0033,SK-BR-3,Cello GEO GSM,skbr3
GSM274645,GSM274645,Replicate 1 for CAL51 cell line,Public on Dec 01 2008,Mar 14 2008,Mar 19 2008,RNA,1.0,Human cell line,Homo sapiens,No treatment. See ATCC/DSMZ for cell line details.,GPL570,USA,Genentech,GSE10843,GSE10843_series_matrix.txt.gz,CAL51 ,,,CVCL_1110,CAL-51,Cello GEO GSM,cal51
GSM274646,GSM274646,Replicate 2 for CAL51 cell line,Public on Dec 01 2008,Mar 14 2008,Mar 19 2008,RNA,1.0,Human cell line,Homo sapiens,No treatment. See ATCC/DSMZ for cell line details.,GPL570,USA,Genentech,GSE10843,GSE10843_series_matrix.txt.gz,CAL51 ,,,CVCL_1110,CAL-51,Cello GEO GSM,cal51
GSM274647,GSM274647,Replicate 1 for CAL120 cell line,Public on Dec 01 2008,Mar 14 2008,Mar 19 2008,RNA,1.0,Human cell line,Homo sapiens,No treatment. See ATCC/DSMZ for cell line details.,GPL570,USA,Genentech,GSE10843,GSE10843_series_matrix.txt.gz,CAL120 ,,,CVCL_1104,CAL-120,Cello GEO GSM,cal120
GSM274648,GSM274648,Replicate 1 for MDAMB435 cell line,Public on Dec 01 2008,Mar 14 2008,Mar 19 2008,RNA,1.0,Human cell line,Homo sapiens,No treatment. See ATCC/DSMZ for cell line details.,GPL570,USA,Genentech,GSE10843,GSE10843_series_matrix.txt.gz,MDAMB435 ,,,CVCL_0417,MDA-MB-435,Cello GEO GSM,mdamb435
GSM274649,GSM274649,Replicate 2 for MDAMB435 cell line,Public on Dec 01 2008,Mar 14 2008,Mar 19 2008,RNA,1.0,Human cell line,Homo sapiens,No treatment. See ATCC/DSMZ for cell line details.,GPL570,USA,Genentech,GSE10843,GSE10843_series_matrix.txt.gz,MDAMB435 ,,,CVCL_0417,MDA-MB-435,Cello GEO GSM,mdamb435
GSM274650,GSM274650,Replicate 1 for EVSAT cell line,Public on Dec 01 2008,Mar 14 2008,Mar 19 2008,RNA,1.0,Human cell line,Homo sapiens,No treatment. See ATCC/DSMZ for cell line details.,GPL570,USA,Genentech,GSE10843,GSE10843_series_matrix.txt.gz,EVSAT ,,,CVCL_1207,Evsa-T,Cello GEO GSM,evsat
GSM274651,GSM274651,Replicate 1 for T47D cell line,Public on Dec 01 2008,Mar 14 2008,Mar 19 2008,RNA,1.0,Human cell line,Homo sapiens,No treatment. See ATCC/DSMZ for cell line details.,GPL570,USA,Genentech,GSE10843,GSE10843_series_matrix.txt.gz,T47D ,,,CVCL_0553,T-47D,Cello GEO GSM,t47d
GSM274652,GSM274652,Replicate 2 for T47D cell line,Public on Dec 01 2008,Mar 14 2008,Mar 19 2008,RNA,1.0,Human cell line,Homo sapiens,No treatment. See ATCC/DSMZ for cell line details.,GPL570,USA,Genentech,GSE10843,GSE10843_series_matrix.txt.gz,T47D ,,,CVCL_0553,T-47D,Cello GEO GSM,t47d
GSM274653,GSM274653,Replicate 1 for MDAMB231 cell line,Public on Dec 01 2008,Mar 14 2008,Mar 19 2008,RNA,1.0,Human cell line,Homo sapiens,No treatment. See ATCC/DSMZ for cell line details.,GPL570,USA,Genentech,GSE10843,GSE10843_series_matrix.txt.gz,MDAMB231 ,,,CVCL_0062,MDA-MB-231,Cello GEO GSM,mdamb231
GSM274654,GSM274654,Replicate 1 for HCC1937 cell line,Public on Dec 01 2008,Mar 14 2008,Mar 19 2008,RNA,1.0,Human cell line,Homo sapiens,No treatment. See ATCC/DSMZ for cell line details.,GPL570,USA,Genentech,GSE10843,GSE10843_series_matrix.txt.gz,HCC1937 ,,,CVCL_0290,HCC1937,Cello GEO GSM,hcc1937
GSM274655,GSM274655,Replicate 1 for MDAMB361 cell line,Public on Dec 01 2008,Mar 14 2008,Mar 19 2008,RNA,1.0,Human cell line,Homo sapiens,No treatment. See ATCC/DSMZ for cell line details.,GPL570,USA,Genentech,GSE10843,GSE10843_series_matrix.txt.gz,MDAMB361 ,,,CVCL_0620,MDA-MB-361,Cello GEO GSM,mdamb361
GSM274656,GSM274656,Replicate 1 for MDAMB453 cell line,Public on Dec 01 2008,Mar 14 2008,Mar 19 2008,RNA,1.0,Human cell line,Homo sapiens,No treatment. See ATCC/DSMZ for cell line details.,GPL570,USA,Genentech,GSE10843,GSE10843_series_matrix.txt.gz,MDAMB453 ,,,CVCL_0418,MDA-MB-453,Cello GEO GSM,mdamb453
GSM274657,GSM274657,Replicate 1 for BT474 cell line,Public on Dec 01 2008,Mar 14 2008,Mar 19 2008,RNA,1.0,Human cell line,Homo sapiens,No treatment. See ATCC/DSMZ for cell line details.,GPL570,USA,Genentech,GSE10843,GSE10843_series_matrix.txt.gz,BT474 ,,,CVCL_0179,BT-474,Cello GEO GSM,bt474
GSM274658,GSM274658,Replicate 1 for AU565 cell line,Public on Dec 01 2008,Mar 14 2008,Mar 19 2008,RNA,1.0,Human cell line,Homo sapiens,No treatment. See ATCC/DSMZ for cell line details.,GPL570,USA,Genentech,GSE10843,GSE10843_series_matrix.txt.gz,AU565 ,,,CVCL_1074,AU565,Cello GEO GSM,au565
GSM274659,GSM274659,Replicate 1 for DU4475 cell line,Public on Dec 01 2008,Mar 14 2008,Mar 19 2008,RNA,1.0,Human cell line,Homo sapiens,No treatment. See ATCC/DSMZ for cell line details.,GPL570,USA,Genentech,GSE10843,GSE10843_series_matrix.txt.gz,DU4475 ,,,CVCL_1183,DU4475,Cello GEO GSM,du4475
GSM274660,GSM274660,Replicate 1 for ZR751 cell line,Public on Dec 01 2008,Mar 14 2008,Mar 19 2008,RNA,1.0,Human cell line,Homo sapiens,No treatment. See ATCC/DSMZ for cell line details.,GPL570,USA,Genentech,GSE10843,GSE10843_series_matrix.txt.gz,ZR751 ,,,CVCL_0588,ZR-75-1,Cello GEO GSM,zr751
GSM274661,GSM274661,Replicate 1 for HCC1419 cell line,Public on Dec 01 2008,Mar 14 2008,Mar 19 2008,RNA,1.0,Human cell line,Homo sapiens,No treatment. See ATCC/DSMZ for cell line details.,GPL570,USA,Genentech,GSE10843,GSE10843_series_matrix.txt.gz,HCC1419 ,,,CVCL_1251,HCC1419,Cello GEO GSM,hcc1419
GSM274662,GSM274662,Replicate 2 for BT549 cell line,Public on Dec 01 2008,Mar 14 2008,Mar 19 2008,RNA,1.0,Human cell line,Homo sapiens,No treatment. See ATCC/DSMZ for cell line details.,GPL570,USA,Genentech,GSE10843,GSE10843_series_matrix.txt.gz,BT549 ,,,CVCL_1092,BT-549,Cello GEO GSM,bt549
GSM274663,GSM274663,Replicate 2 for SKBR3 cell line,Public on Dec 01 2008,Mar 14 2008,Mar 19 2008,RNA,1.0,Human cell line,Homo sapiens,No treatment. See ATCC/DSMZ for cell line details.,GPL570,USA,Genentech,GSE10843,GSE10843_series_matrix.txt.gz,SKBR3 ,,,CVCL_0033,SK-BR-3,Cello GEO GSM,skbr3
GSM274664,GSM274664,Replicate 3 for T47D cell line,Public on Dec 01 2008,Mar 14 2008,Mar 19 2008,RNA,1.0,Human cell line,Homo sapiens,No treatment. See ATCC/DSMZ for cell line details.,GPL570,USA,Genentech,GSE10843,GSE10843_series_matrix.txt.gz,T47D ,,,CVCL_0553,T-47D,Cello GEO GSM,t47d
GSM274665,GSM274665,Replicate 2 for CAL120 cell line,Public on Dec 01 2008,Mar 14 2008,Mar 19 2008,RNA,1.0,Human cell line,Homo sapiens,No treatment. See ATCC/DSMZ for cell line details.,GPL570,USA,Genentech,GSE10843,GSE10843_series_matrix.txt.gz,CAL120 ,,,CVCL_1104,CAL-120,Cello GEO GSM,cal120
GSM274666,GSM274666,Replicate 1 for HCC1428 cell line,Public on Dec 01 2008,Mar 14 2008,Mar 19 2008,RNA,1.0,Human cell line,Homo sapiens,No treatment. See ATCC/DSMZ for cell line details.,GPL570,USA,Genentech,GSE10843,GSE10843_series_matrix.txt.gz,HCC1428 ,,,CVCL_1252,HCC1428,Cello GEO GSM,hcc1428
GSM274667,GSM274667,Replicate 1 for RERFLCOK cell line,Public on Dec 01 2008,Mar 14 2008,Aug 28 2018,RNA,1.0,Human cell line,Homo sapiens,No treatment. See ATCC/DSMZ for cell line details.,GPL570,USA,Genentech,GSE10843,GSE10843_series_matrix.txt.gz,RERFLCOK ,,,CVCL_3154,RERF-LC-OK,Cello GEO GSM,rerflcok
GSM274668,GSM274668,Replicate 1 for RERFLCAD1 cell line,Public on Dec 01 2008,Mar 14 2008,Aug 28 2018,RNA,1.0,Human cell line,Homo sapiens,No treatment. See ATCC/DSMZ for cell line details.,GPL570,USA,Genentech,GSE10843,GSE10843_series_matrix.txt.gz,RERFLCAD1 ,,,CVCL_1651,RERF-LC-Ad1,Cello GEO GSM,rerflcad1
GSM274669,GSM274669,Replicate 1 for VMRCLCD cell line,Public on Dec 01 2008,Mar 14 2008,Aug 28 2018,RNA,1.0,Human cell line,Homo sapiens,No treatment. See ATCC/DSMZ for cell line details.,GPL570,USA,Genentech,GSE10843,GSE10843_series_matrix.txt.gz,VMRCLCD ,,,CVCL_1787,VMRC-LCD,Cello GEO GSM,vmrclcd
GSM274670,GSM274670,Replicate 1 for ABC1 cell line,Public on Dec 01 2008,Mar 14 2008,Aug 28 2018,RNA,1.0,Human cell line,Homo sapiens,No treatment. See ATCC/DSMZ for cell line details.,GPL570,USA,Genentech,GSE10843,GSE10843_series_matrix.txt.gz,ABC1 ,,,CVCL_1066,ABC-1,Cello GEO GSM,abc1
GSM274671,GSM274671,Replicate 1 for EBC1 cell line,Public on Dec 01 2008,Mar 14 2008,Aug 28 2018,RNA,1.0,Human cell line,Homo sapiens,No treatment. See ATCC/DSMZ for cell line details.,GPL570,USA,Genentech,GSE10843,GSE10843_series_matrix.txt.gz,EBC1 ,,,CVCL_2891,EBC-1,Cello GEO GSM,ebc1
GSM274672,GSM274672,Replicate 1 for KNS62 cell line,Public on Dec 01 2008,Mar 14 2008,Aug 28 2018,RNA,1.0,Human cell line,Homo sapiens,No treatment. See ATCC/DSMZ for cell line details.,GPL570,USA,Genentech,GSE10843,GSE10843_series_matrix.txt.gz,KNS62 ,,,CVCL_1335,KNS-62,Cello GEO GSM,kns62
GSM274673,GSM274673,Replicate 1 for RERFLCMS cell line,Public on Dec 01 2008,Mar 14 2008,Aug 28 2018,RNA,1.0,Human cell line,Homo sapiens,No treatment. See ATCC/DSMZ for cell line details.,GPL570,USA,Genentech,GSE10843,GSE10843_series_matrix.txt.gz,RERFLCMS ,,,CVCL_1655,RERF-LC-MS,Cello GEO GSM,rerflcms
GSM274674,GSM274674,Replicate 1 for RERFLCKJ cell line,Public on Dec 01 2008,Mar 14 2008,Aug 28 2018,RNA,1.0,Human cell line,Homo sapiens,No treatment. See ATCC/DSMZ for cell line details.,GPL570,USA,Genentech,GSE10843,GSE10843_series_matrix.txt.gz,RERFLCKJ ,,,CVCL_1654,RERF-LC-KJ,Cello GEO GSM,rerflckj
GSM274675,GSM274675,Replicate 1 for HCC1954 cell line,Public on Dec 01 2008,Mar 14 2008,Mar 19 2008,RNA,1.0,Human cell line,Homo sapiens,No treatment. See ATCC/DSMZ for cell line details.,GPL570,USA,Genentech,GSE10843,GSE10843_series_matrix.txt.gz,HCC1954 ,,,CVCL_1259,HCC1954,Cello GEO GSM,hcc1954
GSM274676,GSM274676,Replicate 1 for HCC2218 cell line,Public on Dec 01 2008,Mar 14 2008,Mar 19 2008,RNA,1.0,Human cell line,Homo sapiens,No treatment. See ATCC/DSMZ for cell line details.,GPL570,USA,Genentech,GSE10843,GSE10843_series_matrix.txt.gz,HCC2218 ,,,CVCL_1263,HCC2218,Cello GEO GSM,hcc2218
GSM274677,GSM274677,Replicate 1 for HCC1143 cell line,Public on Dec 01 2008,Mar 14 2008,Mar 19 2008,RNA,1.0,Human cell line,Homo sapiens,No treatment. See ATCC/DSMZ for cell line details.,GPL570,USA,Genentech,GSE10843,GSE10843_series_matrix.txt.gz,HCC1143 ,,,CVCL_1245,HCC1143,Cello GEO GSM,hcc1143
GSM274678,GSM274678,Replicate 1 for ZR7530 cell line,Public on Dec 01 2008,Mar 14 2008,Mar 19 2008,RNA,1.0,Human cell line,Homo sapiens,No treatment. See ATCC/DSMZ for cell line details.,GPL570,USA,Genentech,GSE10843,GSE10843_series_matrix.txt.gz,ZR7530 ,,,CVCL_1661,ZR-75-30,Cello GEO GSM,zr7530
GSM274679,GSM274679,Replicate 1 for HCC1569 cell line,Public on Dec 01 2008,Mar 14 2008,Mar 19 2008,RNA,1.0,Human cell line,Homo sapiens,No treatment. See ATCC/DSMZ for cell line details.,GPL570,USA,Genentech,GSE10843,GSE10843_series_matrix.txt.gz,HCC1569 ,,,CVCL_1255,HCC1569,Cello GEO GSM,hcc1569
GSM274680,GSM274680,Replicate 1 for A2058 cell line,Public on Dec 01 2008,Mar 14 2008,Mar 19 2008,RNA,1.0,Human cell line,Homo sapiens,No treatment. See ATCC/DSMZ for cell line details.,GPL570,USA,Genentech,GSE10843,GSE10843_series_matrix.txt.gz,A2058 ,,,CVCL_1059,A2058,Cello GEO GSM,a2058
GSM274681,GSM274681,Replicate 1 for A375 cell line,Public on Dec 01 2008,Mar 14 2008,Mar 19 2008,RNA,1.0,Human cell line,Homo sapiens,No treatment. See ATCC/DSMZ for cell line details.,GPL570,USA,Genentech,GSE10843,GSE10843_series_matrix.txt.gz,A375 ,,,CVCL_0132,A-375,Cello GEO GSM,a375
GSM274682,GSM274682,Replicate 1 for C32 cell line,Public on Dec 01 2008,Mar 14 2008,Mar 19 2008,RNA,1.0,Human cell line,Homo sapiens,No treatment. See ATCC/DSMZ for cell line details.,GPL570,USA,Genentech,GSE10843,GSE10843_series_matrix.txt.gz,C32 ,,,CVCL_ZA06,C32,Cello match alphanum,c32
GSM274683,GSM274683,Replicate 1 for COLO829 cell line,Public on Dec 01 2008,Mar 14 2008,Mar 19 2008,RNA,1.0,Human cell line,Homo sapiens,No treatment. See ATCC/DSMZ for cell line details.,GPL570,USA,Genentech,GSE10843,GSE10843_series_matrix.txt.gz,COLO829 ,,,CVCL_1137,COLO 829,Cello GEO GSM,colo829
GSM274684,GSM274684,Replicate 1 for G361 cell line,Public on Dec 01 2008,Mar 14 2008,Mar 19 2008,RNA,1.0,Human cell line,Homo sapiens,No treatment. See ATCC/DSMZ for cell line details.,GPL570,USA,Genentech,GSE10843,GSE10843_series_matrix.txt.gz,G361 ,,,CVCL_1220,G-361,Cello GEO GSM,g361
GSM274685,GSM274685,Replicate 1 for HS294T cell line,Public on Dec 01 2008,Mar 14 2008,Mar 19 2008,RNA,1.0,Human cell line,Homo sapiens,No treatment. See ATCC/DSMZ for cell line details.,GPL570,USA,Genentech,GSE10843,GSE10843_series_matrix.txt.gz,HS294T ,,,CVCL_0331,Hs 294T,Cello GEO GSM,hs294t
GSM274686,GSM274686,Replicate 1 for HS695T cell line,Public on Dec 01 2008,Mar 14 2008,Mar 19 2008,RNA,1.0,Human cell line,Homo sapiens,No treatment. See ATCC/DSMZ for cell line details.,GPL570,USA,Genentech,GSE10843,GSE10843_series_matrix.txt.gz,HS695T ,,,CVCL_0851,Hs 695T,Cello GEO GSM,hs695t
GSM274687,GSM274687,Replicate 1 for LOXIMVI cell line,Public on Dec 01 2008,Mar 14 2008,Mar 19 2008,RNA,1.0,Human cell line,Homo sapiens,No treatment. See ATCC/DSMZ for cell line details.,GPL570,USA,Genentech,GSE10843,GSE10843_series_matrix.txt.gz,LOXIMVI ,,,CVCL_1381,LOX-IMVI,Cello GEO GSM,loximvi
GSM274688,GSM274688,Replicate 1 for MEWO cell line,Public on Dec 01 2008,Mar 14 2008,Mar 19 2008,RNA,1.0,Human cell line,Homo sapiens,No treatment. See ATCC/DSMZ for cell line details.,GPL570,USA,Genentech,GSE10843,GSE10843_series_matrix.txt.gz,MEWO ,,,CVCL_0445,MeWo,Cello GEO GSM,mewo
GSM274689,GSM274689,Replicate 1 for RPMI7951 cell line,Public on Dec 01 2008,Mar 14 2008,Mar 19 2008,RNA,1.0,Human cell line,Homo sapiens,No treatment. See ATCC/DSMZ for cell line details.,GPL570,USA,Genentech,GSE10843,GSE10843_series_matrix.txt.gz,RPMI7951 ,,,CVCL_1666,RPMI-7951,Cello GEO GSM,rpmi7951
GSM274690,GSM274690,Replicate 1 for SKMEL28 cell line,Public on Dec 01 2008,Mar 14 2008,Mar 19 2008,RNA,1.0,Human cell line,Homo sapiens,No treatment. See ATCC/DSMZ for cell line details.,GPL570,USA,Genentech,GSE10843,GSE10843_series_matrix.txt.gz,SKMEL28 ,,,CVCL_0526,SK-MEL-28,Cello GEO GSM,skmel28
GSM274691,GSM274691,Replicate 1 for 888MEL cell line,Public on Dec 01 2008,Mar 14 2008,Mar 19 2008,RNA,1.0,Human cell line,Homo sapiens,No treatment. See ATCC/DSMZ for cell line details.,GPL570,USA,Genentech,GSE10843,GSE10843_series_matrix.txt.gz,888MEL ,,,CVCL_4632,888-mel,Cello GEO GSM,888mel
GSM274692,GSM274692,Replicate 1 for 624MEL cell line,Public on Dec 01 2008,Mar 14 2008,Mar 19 2008,RNA,1.0,Human cell line,Homo sapiens,No treatment. See ATCC/DSMZ for cell line details.,GPL570,USA,Genentech,GSE10843,GSE10843_series_matrix.txt.gz,624MEL ,,,CVCL_8054,624-mel,Cello GEO GSM,624mel
GSM274693,GSM274693,Replicate 1 for 928MEL cell line,Public on Dec 01 2008,Mar 14 2008,Mar 19 2008,RNA,1.0,Human cell line,Homo sapiens,No treatment. See ATCC/DSMZ for cell line details.,GPL570,USA,Genentech,GSE10843,GSE10843_series_matrix.txt.gz,928MEL ,,,CVCL_C694,Mel 928,Cello GEO GSM,928mel
GSM274694,GSM274694,Replicate 1 for 537MEL cell line,Public on Dec 01 2008,Mar 14 2008,Mar 19 2008,RNA,1.0,Human cell line,Homo sapiens,No treatment. See ATCC/DSMZ for cell line details.,GPL570,USA,Genentech,GSE10843,GSE10843_series_matrix.txt.gz,537MEL ,,,CVCL_8052,537-mel,Cello GEO GSM,537mel
GSM274695,GSM274695,Replicate 1 for CAL148 cell line,Public on Dec 01 2008,Mar 14 2008,Mar 19 2008,RNA,1.0,Human cell line,Homo sapiens,No treatment. See ATCC/DSMZ for cell line details.,GPL570,USA,Genentech,GSE10843,GSE10843_series_matrix.txt.gz,CAL148 ,,,CVCL_1106,CAL-148,Cello GEO GSM,cal148
GSM274696,GSM274696,Replicate 1 for JIMT1 cell line,Public on Dec 01 2008,Mar 14 2008,Mar 19 2008,RNA,1.0,Human cell line,Homo sapiens,No treatment. See ATCC/DSMZ for cell line details.,GPL570,USA,Genentech,GSE10843,GSE10843_series_matrix.txt.gz,JIMT1 ,,,CVCL_2077,JIMT-1,Cello GEO GSM,jimt1
GSM274697,GSM274697,Replicate 1 for TOV112D cell line,Public on Dec 01 2008,Mar 14 2008,Aug 28 2018,RNA,1.0,Human cell line,Homo sapiens,No treatment. See ATCC/DSMZ for cell line details.,GPL570,USA,Genentech,GSE10843,GSE10843_series_matrix.txt.gz,TOV112D ,,,CVCL_3612,TOV-112D,Cello GEO GSM,tov112d
GSM274698,GSM274698,Replicate 1 for EFO21 cell line,Public on Dec 01 2008,Mar 14 2008,Aug 28 2018,RNA,1.0,Human cell line,Homo sapiens,No treatment. See ATCC/DSMZ for cell line details.,GPL570,USA,Genentech,GSE10843,GSE10843_series_matrix.txt.gz,EFO21 ,,,CVCL_0029,EFO-21,Cello GEO GSM,efo21
GSM274699,GSM274699,Replicate 1 for ES2 cell line,Public on Dec 01 2008,Mar 14 2008,Aug 28 2018,RNA,1.0,Human cell line,Homo sapiens,No treatment. See ATCC/DSMZ for cell line details.,GPL570,USA,Genentech,GSE10843,GSE10843_series_matrix.txt.gz,ES2 ,,,CVCL_3509,ES-2,Cello GEO GSM,es2
GSM274700,GSM274700,Replicate 1 for COLO704 cell line,Public on Dec 01 2008,Mar 14 2008,Aug 28 2018,RNA,1.0,Human cell line,Homo sapiens,No treatment. See ATCC/DSMZ for cell line details.,GPL570,USA,Genentech,GSE10843,GSE10843_series_matrix.txt.gz,COLO704 ,,,CVCL_1994,COLO 704,Cello GEO GSM,colo704
GSM274701,GSM274701,Replicate 1 for SKOV3 cell line,Public on Dec 01 2008,Mar 14 2008,Aug 28 2018,RNA,1.0,Human cell line,Homo sapiens,No treatment. See ATCC/DSMZ for cell line details.,GPL570,USA,Genentech,GSE10843,GSE10843_series_matrix.txt.gz,SKOV3 ,,,CVCL_0532,SK-OV-3,Cello GEO GSM,skov3
GSM274702,GSM274702,Replicate 1 for FUOV1 cell line,Public on Dec 01 2008,Mar 14 2008,Aug 28 2018,RNA,1.0,Human cell line,Homo sapiens,No treatment. See ATCC/DSMZ for cell line details.,GPL570,USA,Genentech,GSE10843,GSE10843_series_matrix.txt.gz,FUOV1 ,,,CVCL_2047,FU-OV-1,Cello GEO GSM,fuov1
GSM274703,GSM274703,Replicate 1 for OVCAR3 cell line,Public on Dec 01 2008,Mar 14 2008,Aug 28 2018,RNA,1.0,Human cell line,Homo sapiens,No treatment. See ATCC/DSMZ for cell line details.,GPL570,USA,Genentech,GSE10843,GSE10843_series_matrix.txt.gz,OVCAR3 ,,,CVCL_0465,OVCAR-3,Cello GEO GSM,ovcar3
GSM274704,GSM274704,Replicate 1 for OV90 cell line,Public on Dec 01 2008,Mar 14 2008,Aug 28 2018,RNA,1.0,Human cell line,Homo sapiens,No treatment. See ATCC/DSMZ for cell line details.,GPL570,USA,Genentech,GSE10843,GSE10843_series_matrix.txt.gz,OV90 ,,,CVCL_3768,OV-90,Cello GEO GSM,ov90
GSM274705,GSM274705,Replicate 1 for CAOV3 cell line,Public on Dec 01 2008,Mar 14 2008,Aug 28 2018,RNA,1.0,Human cell line,Homo sapiens,No treatment. See ATCC/DSMZ for cell line details.,GPL570,USA,Genentech,GSE10843,GSE10843_series_matrix.txt.gz,CAOV3 ,,,CVCL_0201,Caov-3,Cello GEO GSM,caov3
GSM274706,GSM274706,Replicate 1 for H1993 cell line,Public on Dec 01 2008,Mar 14 2008,Aug 28 2018,RNA,1.0,Human cell line,Homo sapiens,No treatment. See ATCC/DSMZ for cell line details.,GPL570,USA,Genentech,GSE10843,GSE10843_series_matrix.txt.gz,H1993 ,,,CVCL_1512,H1993,Cello match alphanum,h1993
GSM274707,GSM274707,Replicate 2 for JIMT1 cell line,Public on Dec 01 2008,Mar 14 2008,Mar 19 2008,RNA,1.0,Human cell line,Homo sapiens,No treatment. See ATCC/DSMZ for cell line details.,GPL570,USA,Genentech,GSE10843,GSE10843_series_matrix.txt.gz,JIMT1 ,,,CVCL_2077,JIMT-1,Cello GEO GSM,jimt1
GSM274708,GSM274708,Replicate 1 for WSUDLCL2 cell line,Public on Dec 01 2008,Mar 14 2008,Aug 28 2018,RNA,1.0,Human cell line,Homo sapiens,No treatment. See ATCC/DSMZ for cell line details.,GPL570,USA,Genentech,GSE10843,GSE10843_series_matrix.txt.gz,WSUDLCL2 ,,,CVCL_1902,WSU-DLCL2,Cello GEO GSM,wsudlcl2
GSM274709,GSM274709,Replicate 1 for HCT8 cell line,Public on Dec 01 2008,Mar 14 2008,Aug 28 2018,RNA,1.0,Human cell line,Homo sapiens,No treatment. See ATCC/DSMZ for cell line details.,GPL570,USA,Genentech,GSE10843,GSE10843_series_matrix.txt.gz,HCT8 ,,,CVCL_2478,HCT 8,Cello match alphanum,hct8
GSM274710,GSM274710,Replicate 2 for HCT8 cell line,Public on Dec 01 2008,Mar 14 2008,Mar 19 2008,RNA,1.0,Human cell line,Homo sapiens,No treatment. See ATCC/DSMZ for cell line details.,GPL570,USA,Genentech,GSE10843,GSE10843_series_matrix.txt.gz,HCT8 ,,,CVCL_2478,HCT 8,Cello match alphanum,hct8
GSM274711,GSM274711,Replicate 1 for CACO2 cell line,Public on Dec 01 2008,Mar 14 2008,Mar 19 2008,RNA,1.0,Human cell line,Homo sapiens,No treatment. See ATCC/DSMZ for cell line details.,GPL570,USA,Genentech,GSE10843,GSE10843_series_matrix.txt.gz,CACO2 ,,,CVCL_0025,Caco-2,Cello GEO GSM,caco2
GSM274712,GSM274712,Replicate 2 for CACO2 cell line,Public on Dec 01 2008,Mar 14 2008,Aug 28 2018,RNA,1.0,Human cell line,Homo sapiens,No treatment. See ATCC/DSMZ for cell line details.,GPL570,USA,Genentech,GSE10843,GSE10843_series_matrix.txt.gz,CACO2 ,,,CVCL_0025,Caco-2,Cello GEO GSM,caco2
GSM274713,GSM274713,Replicate 1 for HCT116 cell line,Public on Dec 01 2008,Mar 14 2008,Mar 19 2008,RNA,1.0,Human cell line,Homo sapiens,No treatment. See ATCC/DSMZ for cell line details.,GPL570,USA,Genentech,GSE10843,GSE10843_series_matrix.txt.gz,HCT116 ,,,CVCL_0291,HCT 116,Cello GEO GSM,hct116
GSM274714,GSM274714,Replicate 2 for HCT116 cell line,Public on Dec 01 2008,Mar 14 2008,Aug 28 2018,RNA,1.0,Human cell line,Homo sapiens,No treatment. See ATCC/DSMZ for cell line details.,GPL570,USA,Genentech,GSE10843,GSE10843_series_matrix.txt.gz,HCT116 ,,,CVCL_0291,HCT 116,Cello GEO GSM,hct116
GSM274715,GSM274715,Replicate 1 for DLD1 cell line,Public on Dec 01 2008,Mar 14 2008,Aug 28 2018,RNA,1.0,Human cell line,Homo sapiens,No treatment. See ATCC/DSMZ for cell line details.,GPL570,USA,Genentech,GSE10843,GSE10843_series_matrix.txt.gz,DLD1 ,,,CVCL_0248,DLD-1,Cello GEO GSM,dld1
GSM274716,GSM274716,Replicate 2 for DLD1 cell line,Public on Dec 01 2008,Mar 14 2008,Mar 19 2008,RNA,1.0,Human cell line,Homo sapiens,No treatment. See ATCC/DSMZ for cell line details.,GPL570,USA,Genentech,GSE10843,GSE10843_series_matrix.txt.gz,DLD1 ,,,CVCL_0248,DLD-1,Cello GEO GSM,dld1
GSM274717,GSM274717,Replicate 1 for COLO205 cell line,Public on Dec 01 2008,Mar 14 2008,Mar 19 2008,RNA,1.0,Human cell line,Homo sapiens,No treatment. See ATCC/DSMZ for cell line details.,GPL570,USA,Genentech,GSE10843,GSE10843_series_matrix.txt.gz,COLO205 ,,,CVCL_0218,COLO 205,Cello match alphanum,colo205
GSM274718,GSM274718,Replicate 2 for COLO205 cell line,Public on Dec 01 2008,Mar 14 2008,Aug 28 2018,RNA,1.0,Human cell line,Homo sapiens,No treatment. See ATCC/DSMZ for cell line details.,GPL570,USA,Genentech,GSE10843,GSE10843_series_matrix.txt.gz,COLO205 ,,,CVCL_0218,COLO 205,Cello match alphanum,colo205
GSM274719,GSM274719,Replicate 1 for LOVO cell line,Public on Dec 01 2008,Mar 14 2008,Aug 28 2018,RNA,1.0,Human cell line,Homo sapiens,No treatment. See ATCC/DSMZ for cell line details.,GPL570,USA,Genentech,GSE10843,GSE10843_series_matrix.txt.gz,LOVO ,,,CVCL_0399,LoVo,Cello GEO GSM,lovo
GSM274720,GSM274720,Replicate 2 for LOVO cell line,Public on Dec 01 2008,Mar 14 2008,Mar 19 2008,RNA,1.0,Human cell line,Homo sapiens,No treatment. See ATCC/DSMZ for cell line details.,GPL570,USA,Genentech,GSE10843,GSE10843_series_matrix.txt.gz,LOVO ,,,CVCL_0399,LoVo,Cello GEO GSM,lovo
GSM274721,GSM274721,Replicate 1 for COLO201 cell line,Public on Dec 01 2008,Mar 14 2008,Aug 28 2018,RNA,1.0,Human cell line,Homo sapiens,No treatment. See ATCC/DSMZ for cell line details.,GPL570,USA,Genentech,GSE10843,GSE10843_series_matrix.txt.gz,COLO201 ,,,CVCL_1987,COLO 201,Cello GEO GSM,colo201
GSM274722,GSM274722,Replicate 2 for COLO201 cell line,Public on Dec 01 2008,Mar 14 2008,Mar 19 2008,RNA,1.0,Human cell line,Homo sapiens,No treatment. See ATCC/DSMZ for cell line details.,GPL570,USA,Genentech,GSE10843,GSE10843_series_matrix.txt.gz,COLO201 ,,,CVCL_1987,COLO 201,Cello GEO GSM,colo201
GSM274723,GSM274723,Replicate 3 for HCT8 cell line,Public on Dec 01 2008,Mar 14 2008,Aug 28 2018,RNA,1.0,Human cell line,Homo sapiens,No treatment. See ATCC/DSMZ for cell line details.,GPL570,USA,Genentech,GSE10843,GSE10843_series_matrix.txt.gz,HCT8 ,,,CVCL_2478,HCT 8,Cello match alphanum,hct8
GSM274724,GSM274724,Replicate 1 for SW403 cell line,Public on Dec 01 2008,Mar 14 2008,Aug 28 2018,RNA,1.0,Human cell line,Homo sapiens,No treatment. See ATCC/DSMZ for cell line details.,GPL570,USA,Genentech,GSE10843,GSE10843_series_matrix.txt.gz,SW403 ,,,CVCL_0545,SW403,Cello GEO GSM,sw403
GSM274725,GSM274725,Replicate 3 for CACO2 cell line,Public on Dec 01 2008,Mar 14 2008,Aug 28 2018,RNA,1.0,Human cell line,Homo sapiens,No treatment. See ATCC/DSMZ for cell line details.,GPL570,USA,Genentech,GSE10843,GSE10843_series_matrix.txt.gz,CACO2 ,,,CVCL_0025,Caco-2,Cello GEO GSM,caco2
GSM274726,GSM274726,Replicate 3 for HCT116 cell line,Public on Dec 01 2008,Mar 14 2008,Aug 28 2018,RNA,1.0,Human cell line,Homo sapiens,No treatment. See ATCC/DSMZ for cell line details.,GPL570,USA,Genentech,GSE10843,GSE10843_series_matrix.txt.gz,HCT116 ,,,CVCL_0291,HCT 116,Cello GEO GSM,hct116
GSM274727,GSM274727,Replicate 3 for DLD1 cell line,Public on Dec 01 2008,Mar 14 2008,Aug 28 2018,RNA,1.0,Human cell line,Homo sapiens,No treatment. See ATCC/DSMZ for cell line details.,GPL570,USA,Genentech,GSE10843,GSE10843_series_matrix.txt.gz,DLD1 ,,,CVCL_0248,DLD-1,Cello GEO GSM,dld1
GSM274728,GSM274728,Replicate 3 for COLO205 cell line,Public on Dec 01 2008,Mar 14 2008,Aug 28 2018,RNA,1.0,Human cell line,Homo sapiens,No treatment. See ATCC/DSMZ for cell line details.,GPL570,USA,Genentech,GSE10843,GSE10843_series_matrix.txt.gz,COLO205 ,,,CVCL_0218,COLO 205,Cello match alphanum,colo205
GSM274729,GSM274729,Replicate 3 for LOVO cell line,Public on Dec 01 2008,Mar 14 2008,Aug 28 2018,RNA,1.0,Human cell line,Homo sapiens,No treatment. See ATCC/DSMZ for cell line details.,GPL570,USA,Genentech,GSE10843,GSE10843_series_matrix.txt.gz,LOVO ,,,CVCL_0399,LoVo,Cello GEO GSM,lovo
GSM274730,GSM274730,Replicate 3 for COLO201 cell line,Public on Dec 01 2008,Mar 14 2008,Aug 28 2018,RNA,1.0,Human cell line,Homo sapiens,No treatment. See ATCC/DSMZ for cell line details.,GPL570,USA,Genentech,GSE10843,GSE10843_series_matrix.txt.gz,COLO201 ,,,CVCL_1987,COLO 201,Cello GEO GSM,colo201
GSM274731,GSM274731,Replicate 1 for H358 cell line,Public on Dec 01 2008,Mar 14 2008,Aug 28 2018,RNA,1.0,Human cell line,Homo sapiens,No treatment. See ATCC/DSMZ for cell line details.,GPL570,USA,Genentech,GSE10843,GSE10843_series_matrix.txt.gz,H358 ,,,CVCL_1559,NCI-H358,Cello GEO GSM,h358
GSM274732,GSM274732,Replicate 2 for H358 cell line,Public on Dec 01 2008,Mar 14 2008,Mar 19 2008,RNA,1.0,Human cell line,Homo sapiens,No treatment. See ATCC/DSMZ for cell line details.,GPL570,USA,Genentech,GSE10843,GSE10843_series_matrix.txt.gz,H358 ,,,CVCL_1559,NCI-H358,Cello GEO GSM,h358
GSM274733,GSM274733,Replicate 1 for H1703 cell line,Public on Dec 01 2008,Mar 14 2008,Aug 28 2018,RNA,1.0,Human cell line,Homo sapiens,No treatment. See ATCC/DSMZ for cell line details.,GPL570,USA,Genentech,GSE10843,GSE10843_series_matrix.txt.gz,H1703 ,,,CVCL_1490,NCI-H1703,Cello GEO GSM,h1703
GSM274734,GSM274734,Replicate 2 for H1703 cell line,Public on Dec 01 2008,Mar 14 2008,Mar 19 2008,RNA,1.0,Human cell line,Homo sapiens,No treatment. See ATCC/DSMZ for cell line details.,GPL570,USA,Genentech,GSE10843,GSE10843_series_matrix.txt.gz,H1703 ,,,CVCL_1490,NCI-H1703,Cello GEO GSM,h1703
GSM274735,GSM274735,Replicate 1 for CALU1 cell line,Public on Dec 01 2008,Mar 14 2008,Aug 28 2018,RNA,1.0,Human cell line,Homo sapiens,No treatment. See ATCC/DSMZ for cell line details.,GPL570,USA,Genentech,GSE10843,GSE10843_series_matrix.txt.gz,CALU1 ,,,CVCL_0608,Calu-1,Cello GEO GSM,calu1
GSM274736,GSM274736,Replicate 2 for CALU1 cell line,Public on Dec 01 2008,Mar 14 2008,Mar 19 2008,RNA,1.0,Human cell line,Homo sapiens,No treatment. See ATCC/DSMZ for cell line details.,GPL570,USA,Genentech,GSE10843,GSE10843_series_matrix.txt.gz,CALU1 ,,,CVCL_0608,Calu-1,Cello GEO GSM,calu1
GSM274737,GSM274737,Replicate 1 for H460 cell line,Public on Dec 01 2008,Mar 14 2008,Aug 28 2018,RNA,1.0,Human cell line,Homo sapiens,No treatment. See ATCC/DSMZ for cell line details.,GPL570,USA,Genentech,GSE10843,GSE10843_series_matrix.txt.gz,H460 ,,,CVCL_0459,NCI-H460,Cello GEO GSM,h460
GSM274738,GSM274738,Replicate 2 for H460 cell line,Public on Dec 01 2008,Mar 14 2008,Mar 19 2008,RNA,1.0,Human cell line,Homo sapiens,No treatment. See ATCC/DSMZ for cell line details.,GPL570,USA,Genentech,GSE10843,GSE10843_series_matrix.txt.gz,H460 ,,,CVCL_0459,NCI-H460,Cello GEO GSM,h460
GSM274739,GSM274739,Replicate 1 for A549 cell line,Public on Dec 01 2008,Mar 14 2008,Aug 28 2018,RNA,1.0,Human cell line,Homo sapiens,No treatment. See ATCC/DSMZ for cell line details.,GPL570,USA,Genentech,GSE10843,GSE10843_series_matrix.txt.gz,A549 ,,,CVCL_0023,A-549,Cello GEO GSM,a549
GSM274740,GSM274740,Replicate 2 for A549 cell line,Public on Dec 01 2008,Mar 14 2008,Mar 19 2008,RNA,1.0,Human cell line,Homo sapiens,No treatment. See ATCC/DSMZ for cell line details.,GPL570,USA,Genentech,GSE10843,GSE10843_series_matrix.txt.gz,A549 ,,,CVCL_0023,A-549,Cello GEO GSM,a549
GSM274741,GSM274741,Replicate 1 for H441 cell line,Public on Dec 01 2008,Mar 14 2008,Mar 19 2008,RNA,1.0,Human cell line,Homo sapiens,No treatment. See ATCC/DSMZ for cell line details.,GPL570,USA,Genentech,GSE10843,GSE10843_series_matrix.txt.gz,H441 ,,,CVCL_1561,NCI-H441,Cello GEO GSM,h441
GSM274742,GSM274742,Replicate 2 for H441 cell line,Public on Dec 01 2008,Mar 14 2008,Aug 28 2018,RNA,1.0,Human cell line,Homo sapiens,No treatment. See ATCC/DSMZ for cell line details.,GPL570,USA,Genentech,GSE10843,GSE10843_series_matrix.txt.gz,H441 ,,,CVCL_1561,NCI-H441,Cello GEO GSM,h441
GSM274743,GSM274743,Replicate 1 for H1299 cell line,Public on Dec 01 2008,Mar 14 2008,Mar 19 2008,RNA,1.0,Human cell line,Homo sapiens,No treatment. See ATCC/DSMZ for cell line details.,GPL570,USA,Genentech,GSE10843,GSE10843_series_matrix.txt.gz,H1299 ,,,CVCL_0060,NCI-H1299,Cello GEO GSM,h1299
GSM274744,GSM274744,Replicate 2 for H1299 cell line,Public on Dec 01 2008,Mar 14 2008,Aug 28 2018,RNA,1.0,Human cell line,Homo sapiens,No treatment. See ATCC/DSMZ for cell line details.,GPL570,USA,Genentech,GSE10843,GSE10843_series_matrix.txt.gz,H1299 ,,,CVCL_0060,NCI-H1299,Cello GEO GSM,h1299
GSM274745,GSM274745,Replicate 1 for H292 cell line,Public on Dec 01 2008,Mar 14 2008,Mar 19 2008,RNA,1.0,Human cell line,Homo sapiens,No treatment. See ATCC/DSMZ for cell line details.,GPL570,USA,Genentech,GSE10843,GSE10843_series_matrix.txt.gz,H292 ,,,CVCL_0455,NCI-H292,Cello GEO GSM,h292
GSM274746,GSM274746,Replicate 2 for H292 cell line,Public on Dec 01 2008,Mar 14 2008,Aug 28 2018,RNA,1.0,Human cell line,Homo sapiens,No treatment. See ATCC/DSMZ for cell line details.,GPL570,USA,Genentech,GSE10843,GSE10843_series_matrix.txt.gz,H292 ,,,CVCL_0455,NCI-H292,Cello GEO GSM,h292
GSM274747,GSM274747,Replicate 1 for H2030 cell line,Public on Dec 01 2008,Mar 14 2008,Mar 19 2008,RNA,1.0,Human cell line,Homo sapiens,No treatment. See ATCC/DSMZ for cell line details.,GPL570,USA,Genentech,GSE10843,GSE10843_series_matrix.txt.gz,H2030 ,,,CVCL_1517,NCI-H2030,Cello GEO GSM,h2030
GSM274748,GSM274748,Replicate 2 for H2030 cell line,Public on Dec 01 2008,Mar 14 2008,Aug 28 2018,RNA,1.0,Human cell line,Homo sapiens,No treatment. See ATCC/DSMZ for cell line details.,GPL570,USA,Genentech,GSE10843,GSE10843_series_matrix.txt.gz,H2030 ,,,CVCL_1517,NCI-H2030,Cello GEO GSM,h2030
GSM274749,GSM274749,Replicate 1 for H1838 cell line,Public on Dec 01 2008,Mar 14 2008,Mar 19 2008,RNA,1.0,Human cell line,Homo sapiens,No treatment. See ATCC/DSMZ for cell line details.,GPL570,USA,Genentech,GSE10843,GSE10843_series_matrix.txt.gz,H1838 ,,,CVCL_1499,NCI-H1838,Cello GEO GSM,h1838
GSM274750,GSM274750,Replicate 2 for H1838 cell line,Public on Dec 01 2008,Mar 14 2008,Aug 28 2018,RNA,1.0,Human cell line,Homo sapiens,No treatment. See ATCC/DSMZ for cell line details.,GPL570,USA,Genentech,GSE10843,GSE10843_series_matrix.txt.gz,H1838 ,,,CVCL_1499,NCI-H1838,Cello GEO GSM,h1838
GSM274751,GSM274751,Replicate 1 for H2122 cell line,Public on Dec 01 2008,Mar 14 2008,Aug 28 2018,RNA,1.0,Human cell line,Homo sapiens,No treatment. See ATCC/DSMZ for cell line details.,GPL570,USA,Genentech,GSE10843,GSE10843_series_matrix.txt.gz,H2122 ,,,CVCL_1531,NCI-H2122,Cello GEO GSM,h2122
GSM274752,GSM274752,Replicate 2 for H2122 cell line,Public on Dec 01 2008,Mar 14 2008,Mar 19 2008,RNA,1.0,Human cell line,Homo sapiens,No treatment. See ATCC/DSMZ for cell line details.,GPL570,USA,Genentech,GSE10843,GSE10843_series_matrix.txt.gz,H2122 ,,,CVCL_1531,NCI-H2122,Cello GEO GSM,h2122
GSM274753,GSM274753,Replicate 1 for H522 cell line,Public on Dec 01 2008,Mar 14 2008,Mar 19 2008,RNA,1.0,Human cell line,Homo sapiens,No treatment. See ATCC/DSMZ for cell line details.,GPL570,USA,Genentech,GSE10843,GSE10843_series_matrix.txt.gz,H522 ,,,CVCL_1567,NCI-H522,Cello GEO GSM,h522
GSM274754,GSM274754,Replicate 2 for H522 cell line,Public on Dec 01 2008,Mar 14 2008,Aug 28 2018,RNA,1.0,Human cell line,Homo sapiens,No treatment. See ATCC/DSMZ for cell line details.,GPL570,USA,Genentech,GSE10843,GSE10843_series_matrix.txt.gz,H522 ,,,CVCL_1567,NCI-H522,Cello GEO GSM,h522
GSM274755,GSM274755,Replicate 1 for A427 cell line,Public on Dec 01 2008,Mar 14 2008,Aug 28 2018,RNA,1.0,Human cell line,Homo sapiens,No treatment. See ATCC/DSMZ for cell line details.,GPL570,USA,Genentech,GSE10843,GSE10843_series_matrix.txt.gz,A427 ,,,CVCL_1055,A-427,Cello GEO GSM,a427
GSM274756,GSM274756,Replicate 2 for A427 cell line,Public on Dec 01 2008,Mar 14 2008,Mar 19 2008,RNA,1.0,Human cell line,Homo sapiens,No treatment. See ATCC/DSMZ for cell line details.,GPL570,USA,Genentech,GSE10843,GSE10843_series_matrix.txt.gz,A427 ,,,CVCL_1055,A-427,Cello GEO GSM,a427
GSM274757,GSM274757,Replicate 1 for H322T cell line,Public on Dec 01 2008,Mar 14 2008,Mar 19 2008,RNA,1.0,Human cell line,Homo sapiens,No treatment. See ATCC/DSMZ for cell line details.,GPL570,USA,Genentech,GSE10843,GSE10843_series_matrix.txt.gz,H322T ,,,CVCL_1556,NCI-H322,Cello GEO GSM,h322t
GSM274758,GSM274758,Replicate 2 for H322T cell line,Public on Dec 01 2008,Mar 14 2008,Aug 28 2018,RNA,1.0,Human cell line,Homo sapiens,No treatment. See ATCC/DSMZ for cell line details.,GPL570,USA,Genentech,GSE10843,GSE10843_series_matrix.txt.gz,H322T ,,,CVCL_1556,NCI-H322,Cello GEO GSM,h322t
GSM274759,GSM274759,Replicate 1 for H661 cell line,Public on Dec 01 2008,Mar 14 2008,Aug 28 2018,RNA,1.0,Human cell line,Homo sapiens,No treatment. See ATCC/DSMZ for cell line details.,GPL570,USA,Genentech,GSE10843,GSE10843_series_matrix.txt.gz,H661 ,,,CVCL_1577,NCI-H661,Cello GEO GSM,h661
GSM274760,GSM274760,Replicate 2 for H661 cell line,Public on Dec 01 2008,Mar 14 2008,Mar 19 2008,RNA,1.0,Human cell line,Homo sapiens,No treatment. See ATCC/DSMZ for cell line details.,GPL570,USA,Genentech,GSE10843,GSE10843_series_matrix.txt.gz,H661 ,,,CVCL_1577,NCI-H661,Cello GEO GSM,h661
GSM274761,GSM274761,Replicate 1 for CX1 cell line,Public on Dec 01 2008,Mar 14 2008,Mar 19 2008,RNA,1.0,Human cell line,Homo sapiens,No treatment. See ATCC/DSMZ for cell line details.,GPL570,USA,Genentech,GSE10843,GSE10843_series_matrix.txt.gz,CX1 ,,,CVCL_2011,CX-1,Cello match alphanum,cx1
GSM274762,GSM274762,Replicate 2 for CX1 cell line,Public on Dec 01 2008,Mar 14 2008,Aug 28 2018,RNA,1.0,Human cell line,Homo sapiens,No treatment. See ATCC/DSMZ for cell line details.,GPL570,USA,Genentech,GSE10843,GSE10843_series_matrix.txt.gz,CX1 ,,,CVCL_2011,CX-1,Cello match alphanum,cx1
GSM274763,GSM274763,Replicate 1 for HCT15 cell line,Public on Dec 01 2008,Mar 14 2008,Mar 19 2008,RNA,1.0,Human cell line,Homo sapiens,No treatment. See ATCC/DSMZ for cell line details.,GPL570,USA,Genentech,GSE10843,GSE10843_series_matrix.txt.gz,HCT15 ,,,CVCL_0292,HCT 15,Cello GEO GSM,hct15
GSM274764,GSM274764,Replicate 2 for HCT15 cell line,Public on Dec 01 2008,Mar 14 2008,Aug 28 2018,RNA,1.0,Human cell line,Homo sapiens,No treatment. See ATCC/DSMZ for cell line details.,GPL570,USA,Genentech,GSE10843,GSE10843_series_matrix.txt.gz,HCT15 ,,,CVCL_0292,HCT 15,Cello GEO GSM,hct15
GSM274765,GSM274765,Replicate 1 for RKO cell line,Public on Dec 01 2008,Mar 14 2008,Mar 19 2008,RNA,1.0,Human cell line,Homo sapiens,No treatment. See ATCC/DSMZ for cell line details.,GPL570,USA,Genentech,GSE10843,GSE10843_series_matrix.txt.gz,RKO ,,,CVCL_0504,RKO,Cello GEO GSM,rko
GSM274766,GSM274766,Replicate 2 for RKO cell line,Public on Dec 01 2008,Mar 14 2008,Aug 28 2018,RNA,1.0,Human cell line,Homo sapiens,No treatment. See ATCC/DSMZ for cell line details.,GPL570,USA,Genentech,GSE10843,GSE10843_series_matrix.txt.gz,RKO ,,,CVCL_0504,RKO,Cello GEO GSM,rko
GSM274767,GSM274767,Replicate 1 for RKOAS451 cell line,Public on Dec 01 2008,Mar 14 2008,Mar 19 2008,RNA,1.0,Human cell line,Homo sapiens,No treatment. See ATCC/DSMZ for cell line details.,GPL570,USA,Genentech,GSE10843,GSE10843_series_matrix.txt.gz,RKOAS451 ,,,CVCL_3786,RKO-AS45-1,Cello match alphanum,rkoas451
GSM274768,GSM274768,Replicate 2 for RKOAS451 cell line,Public on Dec 01 2008,Mar 14 2008,Aug 28 2018,RNA,1.0,Human cell line,Homo sapiens,No treatment. See ATCC/DSMZ for cell line details.,GPL570,USA,Genentech,GSE10843,GSE10843_series_matrix.txt.gz,RKOAS451 ,,,CVCL_3786,RKO-AS45-1,Cello match alphanum,rkoas451
GSM274769,GSM274769,Replicate 1 for SKCO1 cell line,Public on Dec 01 2008,Mar 14 2008,Mar 19 2008,RNA,1.0,Human cell line,Homo sapiens,No treatment. See ATCC/DSMZ for cell line details.,GPL570,USA,Genentech,GSE10843,GSE10843_series_matrix.txt.gz,SKCO1 ,,,CVCL_0626,SK-CO-1,Cello GEO GSM,skco1
GSM274770,GSM274770,Replicate 2 for SKCO1 cell line,Public on Dec 01 2008,Mar 14 2008,Aug 28 2018,RNA,1.0,Human cell line,Homo sapiens,No treatment. See ATCC/DSMZ for cell line details.,GPL570,USA,Genentech,GSE10843,GSE10843_series_matrix.txt.gz,SKCO1 ,,,CVCL_0626,SK-CO-1,Cello GEO GSM,skco1
GSM274771,GSM274771,Replicate 1 for SW480 cell line,Public on Dec 01 2008,Mar 14 2008,Aug 28 2018,RNA,1.0,Human cell line,Homo sapiens,No treatment. See ATCC/DSMZ for cell line details.,GPL570,USA,Genentech,GSE10843,GSE10843_series_matrix.txt.gz,SW480 ,,,CVCL_0546,SW480,Cello GEO GSM,sw480
GSM274772,GSM274772,Replicate 2 for SW480 cell line,Public on Dec 01 2008,Mar 14 2008,Mar 19 2008,RNA,1.0,Human cell line,Homo sapiens,No treatment. See ATCC/DSMZ for cell line details.,GPL570,USA,Genentech,GSE10843,GSE10843_series_matrix.txt.gz,SW480 ,,,CVCL_0546,SW480,Cello GEO GSM,sw480
GSM274773,GSM274773,Replicate 1 for SW620 cell line,Public on Dec 01 2008,Mar 14 2008,Mar 19 2008,RNA,1.0,Human cell line,Homo sapiens,No treatment. See ATCC/DSMZ for cell line details.,GPL570,USA,Genentech,GSE10843,GSE10843_series_matrix.txt.gz,SW620 ,,,CVCL_0547,SW620,Cello GEO GSM,sw620
GSM274774,GSM274774,Replicate 2 for SW620 cell line,Public on Dec 01 2008,Mar 14 2008,Aug 28 2018,RNA,1.0,Human cell line,Homo sapiens,No treatment. See ATCC/DSMZ for cell line details.,GPL570,USA,Genentech,GSE10843,GSE10843_series_matrix.txt.gz,SW620 ,,,CVCL_0547,SW620,Cello GEO GSM,sw620
GSM274775,GSM274775,Replicate 1 for CL40 cell line,Public on Dec 01 2008,Mar 14 2008,Aug 28 2018,RNA,1.0,Human cell line,Homo sapiens,No treatment. See ATCC/DSMZ for cell line details.,GPL570,USA,Genentech,GSE10843,GSE10843_series_matrix.txt.gz,CL40 ,,,CVCL_1982,CL-40,Cello GEO GSM,cl40
GSM274776,GSM274776,Replicate 1 for COLO206F cell line,Public on Dec 01 2008,Mar 14 2008,Mar 19 2008,RNA,1.0,Human cell line,Homo sapiens,No treatment. See ATCC/DSMZ for cell line details.,GPL570,USA,Genentech,GSE10843,GSE10843_series_matrix.txt.gz,COLO206F ,,,CVCL_1988,COLO 206F,Cello GEO GSM,colo206f
GSM274777,GSM274777,Replicate 1 for COLO320DM cell line,Public on Dec 01 2008,Mar 14 2008,Mar 19 2008,RNA,1.0,Human cell line,Homo sapiens,No treatment. See ATCC/DSMZ for cell line details.,GPL570,USA,Genentech,GSE10843,GSE10843_series_matrix.txt.gz,COLO320DM ,,,CVCL_0219,COLO 320DM,Cello GEO GSM,colo320dm
GSM274778,GSM274778,Replicate 1 for COLO320HSR cell line,Public on Dec 01 2008,Mar 14 2008,Mar 19 2008,RNA,1.0,Human cell line,Homo sapiens,No treatment. See ATCC/DSMZ for cell line details.,GPL570,USA,Genentech,GSE10843,GSE10843_series_matrix.txt.gz,COLO320HSR ,,,CVCL_0220,COLO 320HSR,Cello match alphanum,colo320hsr
GSM274779,GSM274779,Replicate 1 for COLO678 cell line,Public on Dec 01 2008,Mar 14 2008,Mar 19 2008,RNA,1.0,Human cell line,Homo sapiens,No treatment. See ATCC/DSMZ for cell line details.,GPL570,USA,Genentech,GSE10843,GSE10843_series_matrix.txt.gz,COLO678 ,,,CVCL_1129,COLO 678,Cello GEO GSM,colo678
GSM274780,GSM274780,Replicate 1 for HT29 cell line,Public on Dec 01 2008,Mar 14 2008,Mar 19 2008,RNA,1.0,Human cell line,Homo sapiens,No treatment. See ATCC/DSMZ for cell line details.,GPL570,USA,Genentech,GSE10843,GSE10843_series_matrix.txt.gz,HT29 ,,,CVCL_0320,HT-29,Cello GEO GSM,ht29
GSM274781,GSM274781,Replicate 1 for KM12 cell line,Public on Dec 01 2008,Mar 14 2008,Mar 19 2008,RNA,1.0,Human cell line,Homo sapiens,No treatment. See ATCC/DSMZ for cell line details.,GPL570,USA,Genentech,GSE10843,GSE10843_series_matrix.txt.gz,KM12 ,,,CVCL_1331,KM12,Cello GEO GSM,km12
GSM274782,GSM274782,Replicate 1 for H2009 cell line,Public on Dec 01 2008,Mar 14 2008,Aug 28 2018,RNA,1.0,Human cell line,Homo sapiens,No treatment. See ATCC/DSMZ for cell line details.,GPL570,USA,Genentech,GSE10843,GSE10843_series_matrix.txt.gz,H2009 ,,,CVCL_1514,NCI-H2009,Cello GEO GSM,h2009
GSM274783,GSM274783,Replicate 1 for EKVX cell line,Public on Dec 01 2008,Mar 14 2008,Mar 19 2008,RNA,1.0,Human cell line,Homo sapiens,No treatment. See ATCC/DSMZ for cell line details.,GPL570,USA,Genentech,GSE10843,GSE10843_series_matrix.txt.gz,EKVX ,,,CVCL_1195,EKVX,Cello GEO GSM,ekvx
GSM274784,GSM274784,Replicate 1 for HOP62 cell line,Public on Dec 01 2008,Mar 14 2008,Aug 28 2018,RNA,1.0,Human cell line,Homo sapiens,No treatment. See ATCC/DSMZ for cell line details.,GPL570,USA,Genentech,GSE10843,GSE10843_series_matrix.txt.gz,HOP62 ,,,CVCL_1285,HOP-62,Cello GEO GSM,hop62
GSM274785,GSM274785,Replicate 1 for H226 cell line,Public on Dec 01 2008,Mar 14 2008,Mar 19 2008,RNA,1.0,Human cell line,Homo sapiens,No treatment. See ATCC/DSMZ for cell line details.,GPL570,USA,Genentech,GSE10843,GSE10843_series_matrix.txt.gz,H226 ,,,CVCL_1544,NCI-H226,Cello GEO GSM,h226
GSM274786,GSM274786,Replicate 1 for H1651 cell line,Public on Dec 01 2008,Mar 14 2008,Aug 28 2018,RNA,1.0,Human cell line,Homo sapiens,No treatment. See ATCC/DSMZ for cell line details.,GPL570,USA,Genentech,GSE10843,GSE10843_series_matrix.txt.gz,H1651 ,,,CVCL_1484,NCI-H1651,Cello GEO GSM,h1651
GSM274787,GSM274787,Replicate 1 for H650 cell line,Public on Dec 01 2008,Mar 14 2008,Mar 19 2008,RNA,1.0,Human cell line,Homo sapiens,No treatment. See ATCC/DSMZ for cell line details.,GPL570,USA,Genentech,GSE10843,GSE10843_series_matrix.txt.gz,H650 ,,,CVCL_1575,NCI-H650,Cello GEO GSM,h650
GSM274788,GSM274788,Replicate 1 for SW1573 cell line,Public on Dec 01 2008,Mar 14 2008,Aug 28 2018,RNA,1.0,Human cell line,Homo sapiens,No treatment. See ATCC/DSMZ for cell line details.,GPL570,USA,Genentech,GSE10843,GSE10843_series_matrix.txt.gz,SW1573 ,,,CVCL_1720,SW1573,Cello GEO GSM,sw1573
GSM274789,GSM274789,Replicate 1 for SKMES1 cell line,Public on Dec 01 2008,Mar 14 2008,Mar 19 2008,RNA,1.0,Human cell line,Homo sapiens,No treatment. See ATCC/DSMZ for cell line details.,GPL570,USA,Genentech,GSE10843,GSE10843_series_matrix.txt.gz,SKMES1 ,,,CVCL_0630,SK-MES-1,Cello GEO GSM,skmes1
GSM274790,GSM274790,Replicate 1 for H23 cell line,Public on Dec 01 2008,Mar 14 2008,Aug 28 2018,RNA,1.0,Human cell line,Homo sapiens,No treatment. See ATCC/DSMZ for cell line details.,GPL570,USA,Genentech,GSE10843,GSE10843_series_matrix.txt.gz,H23 ,,,CVCL_1547,NCI-H23,Cello GEO GSM,h23
GSM274791,GSM274791,Replicate 1 for LXFL529 cell line,Public on Dec 01 2008,Mar 14 2008,Mar 19 2008,RNA,1.0,Human cell line,Homo sapiens,No treatment. See ATCC/DSMZ for cell line details.,GPL570,USA,Genentech,GSE10843,GSE10843_series_matrix.txt.gz,LXFL529 ,,,CVCL_D085,LXFL 529L,Cello GEO GSM,lxfl529
GSM274792,GSM274792,Replicate 1 for HOP92 cell line,Public on Dec 01 2008,Mar 14 2008,Aug 28 2018,RNA,1.0,Human cell line,Homo sapiens,No treatment. See ATCC/DSMZ for cell line details.,GPL570,USA,Genentech,GSE10843,GSE10843_series_matrix.txt.gz,HOP92 ,,,CVCL_1286,HOP-92,Cello GEO GSM,hop92
GSM274793,GSM274793,Replicate 1 for H1568 cell line,Public on Dec 01 2008,Mar 14 2008,Aug 28 2018,RNA,1.0,Human cell line,Homo sapiens,No treatment. See ATCC/DSMZ for cell line details.,GPL570,USA,Genentech,GSE10843,GSE10843_series_matrix.txt.gz,H1568 ,,,CVCL_1476,NCI-H1568,Cello GEO GSM,h1568
GSM274794,GSM274794,Replicate 1 for H838 cell line,Public on Dec 01 2008,Mar 14 2008,Mar 19 2008,RNA,1.0,Human cell line,Homo sapiens,No treatment. See ATCC/DSMZ for cell line details.,GPL570,USA,Genentech,GSE10843,GSE10843_series_matrix.txt.gz,H838 ,,,CVCL_1594,NCI-H838,Cello GEO GSM,h838
GSM274795,GSM274795,Replicate 1 for H1650 cell line,Public on Dec 01 2008,Mar 14 2008,Mar 19 2008,RNA,1.0,Human cell line,Homo sapiens,No treatment. See ATCC/DSMZ for cell line details.,GPL570,USA,Genentech,GSE10843,GSE10843_series_matrix.txt.gz,H1650 ,,,CVCL_1483,NCI-H1650,Cello GEO GSM,h1650
GSM274796,GSM274796,Replicate 1 for H596 cell line,Public on Dec 01 2008,Mar 14 2008,Mar 19 2008,RNA,1.0,Human cell line,Homo sapiens,No treatment. See ATCC/DSMZ for cell line details.,GPL570,USA,Genentech,GSE10843,GSE10843_series_matrix.txt.gz,H596 ,,,CVCL_1571,NCI-H596,Cello GEO GSM,h596
GSM274797,GSM274797,Replicate 1 for H1781 cell line,Public on Dec 01 2008,Mar 14 2008,Mar 19 2008,RNA,1.0,Human cell line,Homo sapiens,No treatment. See ATCC/DSMZ for cell line details.,GPL570,USA,Genentech,GSE10843,GSE10843_series_matrix.txt.gz,H1781 ,,,CVCL_1494,NCI-H1781,Cello GEO GSM,h1781
GSM274798,GSM274798,Replicate 1 for H520 cell line,Public on Dec 01 2008,Mar 14 2008,Aug 28 2018,RNA,1.0,Human cell line,Homo sapiens,No treatment. See ATCC/DSMZ for cell line details.,GPL570,USA,Genentech,GSE10843,GSE10843_series_matrix.txt.gz,H520 ,,,CVCL_1566,NCI-H520,Cello GEO GSM,h520
GSM274799,GSM274799,Replicate 1 for H1155 cell line,Public on Dec 01 2008,Mar 14 2008,Aug 28 2018,RNA,1.0,Human cell line,Homo sapiens,No treatment. See ATCC/DSMZ for cell line details.,GPL570,USA,Genentech,GSE10843,GSE10843_series_matrix.txt.gz,H1155 ,,,CVCL_1456,NCI-H1155,Cello GEO GSM,h1155
GSM274800,GSM274800,Replicate 1 for H1435 cell line,Public on Dec 01 2008,Mar 14 2008,Mar 19 2008,RNA,1.0,Human cell line,Homo sapiens,No treatment. See ATCC/DSMZ for cell line details.,GPL570,USA,Genentech,GSE10843,GSE10843_series_matrix.txt.gz,H1435 ,,,CVCL_1470,NCI-H1435,Cello GEO GSM,h1435
GSM274801,GSM274801,Replicate 1 for HOP18 cell line,Public on Dec 01 2008,Mar 14 2008,Aug 28 2018,RNA,1.0,Human cell line,Homo sapiens,No treatment. See ATCC/DSMZ for cell line details.,GPL570,USA,Genentech,GSE10843,GSE10843_series_matrix.txt.gz,HOP18 ,,,CVCL_H642,HOP-18,Cello match alphanum,hop18
GSM274802,GSM274802,Replicate 2 for HOP18 cell line,Public on Dec 01 2008,Mar 14 2008,Mar 19 2008,RNA,1.0,Human cell line,Homo sapiens,No treatment. See ATCC/DSMZ for cell line details.,GPL570,USA,Genentech,GSE10843,GSE10843_series_matrix.txt.gz,HOP18 ,,,CVCL_H642,HOP-18,Cello match alphanum,hop18
GSM274803,GSM274803,Replicate 1 for H2405 cell line,Public on Dec 01 2008,Mar 14 2008,Aug 28 2018,RNA,1.0,Human cell line,Homo sapiens,No treatment. See ATCC/DSMZ for cell line details.,GPL570,USA,Genentech,GSE10843,GSE10843_series_matrix.txt.gz,H2405 ,,,CVCL_1551,NCI-H2405,Cello GEO GSM,h2405
GSM274804,GSM274804,Replicate 2 for H2405 cell line,Public on Dec 01 2008,Mar 14 2008,Mar 19 2008,RNA,1.0,Human cell line,Homo sapiens,No treatment. See ATCC/DSMZ for cell line details.,GPL570,USA,Genentech,GSE10843,GSE10843_series_matrix.txt.gz,H2405 ,,,CVCL_1551,NCI-H2405,Cello GEO GSM,h2405
GSM274805,GSM274805,Replicate 1 for HLFA cell line,Public on Dec 01 2008,Mar 14 2008,Mar 19 2008,RNA,1.0,Human cell line,Homo sapiens,No treatment. See ATCC/DSMZ for cell line details.,GPL570,USA,Genentech,GSE10843,GSE10843_series_matrix.txt.gz,HLFA ,,,CVCL_2255,HLF-a,Cello GEO GSM,hlfa
GSM274806,GSM274806,Replicate 2 for HLFA cell line,Public on Dec 01 2008,Mar 14 2008,Aug 28 2018,RNA,1.0,Human cell line,Homo sapiens,No treatment. See ATCC/DSMZ for cell line details.,GPL570,USA,Genentech,GSE10843,GSE10843_series_matrix.txt.gz,HLFA ,,,CVCL_2255,HLF-a,Cello GEO GSM,hlfa
GSM274807,GSM274807,Replicate 1 for H1666 cell line,Public on Dec 01 2008,Mar 14 2008,Aug 28 2018,RNA,1.0,Human cell line,Homo sapiens,No treatment. See ATCC/DSMZ for cell line details.,GPL570,USA,Genentech,GSE10843,GSE10843_series_matrix.txt.gz,H1666 ,,,CVCL_1485,NCI-H1666,Cello GEO GSM,h1666
GSM274808,GSM274808,Replicate 2 for H1666 cell line,Public on Dec 01 2008,Mar 14 2008,Mar 19 2008,RNA,1.0,Human cell line,Homo sapiens,No treatment. See ATCC/DSMZ for cell line details.,GPL570,USA,Genentech,GSE10843,GSE10843_series_matrix.txt.gz,H1666 ,,,CVCL_1485,NCI-H1666,Cello GEO GSM,h1666
GSM274809,GSM274809,Replicate 1 for H647 cell line,Public on Dec 01 2008,Mar 14 2008,Aug 28 2018,RNA,1.0,Human cell line,Homo sapiens,No treatment. See ATCC/DSMZ for cell line details.,GPL570,USA,Genentech,GSE10843,GSE10843_series_matrix.txt.gz,H647 ,,,CVCL_1574,NCI-H647,Cello GEO GSM,h647
GSM274810,GSM274810,Replicate 2 for H647 cell line,Public on Dec 01 2008,Mar 14 2008,Mar 19 2008,RNA,1.0,Human cell line,Homo sapiens,No treatment. See ATCC/DSMZ for cell line details.,GPL570,USA,Genentech,GSE10843,GSE10843_series_matrix.txt.gz,H647 ,,,CVCL_1574,NCI-H647,Cello GEO GSM,h647
GSM274811,GSM274811,Replicate 1 for H2126 cell line,Public on Dec 01 2008,Mar 14 2008,Aug 28 2018,RNA,1.0,Human cell line,Homo sapiens,No treatment. See ATCC/DSMZ for cell line details.,GPL570,USA,Genentech,GSE10843,GSE10843_series_matrix.txt.gz,H2126 ,,,CVCL_1532,NCI-H2126,Cello GEO GSM,h2126
GSM274812,GSM274812,Replicate 2 for H2126 cell line,Public on Dec 01 2008,Mar 14 2008,Mar 19 2008,RNA,1.0,Human cell line,Homo sapiens,No treatment. See ATCC/DSMZ for cell line details.,GPL570,USA,Genentech,GSE10843,GSE10843_series_matrix.txt.gz,H2126 ,,,CVCL_1532,NCI-H2126,Cello GEO GSM,h2126
GSM274813,GSM274813,Replicate 1 for H1793 cell line,Public on Dec 01 2008,Mar 14 2008,Mar 19 2008,RNA,1.0,Human cell line,Homo sapiens,No treatment. See ATCC/DSMZ for cell line details.,GPL570,USA,Genentech,GSE10843,GSE10843_series_matrix.txt.gz,H1793 ,,,CVCL_1496,NCI-H1793,Cello GEO GSM,h1793
GSM274814,GSM274814,Replicate 2 for H1793 cell line,Public on Dec 01 2008,Mar 14 2008,Aug 28 2018,RNA,1.0,Human cell line,Homo sapiens,No treatment. See ATCC/DSMZ for cell line details.,GPL570,USA,Genentech,GSE10843,GSE10843_series_matrix.txt.gz,H1793 ,,,CVCL_1496,NCI-H1793,Cello GEO GSM,h1793
GSM274815,GSM274815,Replicate 2 for H2009 cell line,Public on Dec 01 2008,Mar 14 2008,Mar 19 2008,RNA,1.0,Human cell line,Homo sapiens,No treatment. See ATCC/DSMZ for cell line details.,GPL570,USA,Genentech,GSE10843,GSE10843_series_matrix.txt.gz,H2009 ,,,CVCL_1514,NCI-H2009,Cello GEO GSM,h2009
GSM274816,GSM274816,Replicate 2 for HOP62 cell line,Public on Dec 01 2008,Mar 14 2008,Mar 19 2008,RNA,1.0,Human cell line,Homo sapiens,No treatment. See ATCC/DSMZ for cell line details.,GPL570,USA,Genentech,GSE10843,GSE10843_series_matrix.txt.gz,HOP62 ,,,CVCL_1285,HOP-62,Cello GEO GSM,hop62
GSM274817,GSM274817,Replicate 2 for EKVX cell line,Public on Dec 01 2008,Mar 14 2008,Aug 28 2018,RNA,1.0,Human cell line,Homo sapiens,No treatment. See ATCC/DSMZ for cell line details.,GPL570,USA,Genentech,GSE10843,GSE10843_series_matrix.txt.gz,EKVX ,,,CVCL_1195,EKVX,Cello GEO GSM,ekvx
GSM274818,GSM274818,Replicate 2 for SW1573 cell line,Public on Dec 01 2008,Mar 14 2008,Mar 19 2008,RNA,1.0,Human cell line,Homo sapiens,No treatment. See ATCC/DSMZ for cell line details.,GPL570,USA,Genentech,GSE10843,GSE10843_series_matrix.txt.gz,SW1573 ,,,CVCL_1720,SW1573,Cello GEO GSM,sw1573
GSM274819,GSM274819,Replicate 2 for SKMES1 cell line,Public on Dec 01 2008,Mar 14 2008,Aug 28 2018,RNA,1.0,Human cell line,Homo sapiens,No treatment. See ATCC/DSMZ for cell line details.,GPL570,USA,Genentech,GSE10843,GSE10843_series_matrix.txt.gz,SKMES1 ,,,CVCL_0630,SK-MES-1,Cello GEO GSM,skmes1
GSM274820,GSM274820,Replicate 2 for H23 cell line,Public on Dec 01 2008,Mar 14 2008,Mar 19 2008,RNA,1.0,Human cell line,Homo sapiens,No treatment. See ATCC/DSMZ for cell line details.,GPL570,USA,Genentech,GSE10843,GSE10843_series_matrix.txt.gz,H23 ,,,CVCL_1547,NCI-H23,Cello GEO GSM,h23
GSM274821,GSM274821,Replicate 2 for H226 cell line,Public on Dec 01 2008,Mar 14 2008,Aug 28 2018,RNA,1.0,Human cell line,Homo sapiens,No treatment. See ATCC/DSMZ for cell line details.,GPL570,USA,Genentech,GSE10843,GSE10843_series_matrix.txt.gz,H226 ,,,CVCL_1544,NCI-H226,Cello GEO GSM,h226
GSM274822,GSM274822,Replicate 2 for H838 cell line,Public on Dec 01 2008,Mar 14 2008,Aug 28 2018,RNA,1.0,Human cell line,Homo sapiens,No treatment. See ATCC/DSMZ for cell line details.,GPL570,USA,Genentech,GSE10843,GSE10843_series_matrix.txt.gz,H838 ,,,CVCL_1594,NCI-H838,Cello GEO GSM,h838
GSM274823,GSM274823,Replicate 2 for H1651 cell line,Public on Dec 01 2008,Mar 14 2008,Mar 19 2008,RNA,1.0,Human cell line,Homo sapiens,No treatment. See ATCC/DSMZ for cell line details.,GPL570,USA,Genentech,GSE10843,GSE10843_series_matrix.txt.gz,H1651 ,,,CVCL_1484,NCI-H1651,Cello GEO GSM,h1651
GSM274824,GSM274824,Replicate 2 for H650 cell line,Public on Dec 01 2008,Mar 14 2008,Aug 28 2018,RNA,1.0,Human cell line,Homo sapiens,No treatment. See ATCC/DSMZ for cell line details.,GPL570,USA,Genentech,GSE10843,GSE10843_series_matrix.txt.gz,H650 ,,,CVCL_1575,NCI-H650,Cello GEO GSM,h650
GSM274825,GSM274825,Replicate 2 for LXFL529 cell line,Public on Dec 01 2008,Mar 14 2008,Aug 28 2018,RNA,1.0,Human cell line,Homo sapiens,No treatment. See ATCC/DSMZ for cell line details.,GPL570,USA,Genentech,GSE10843,GSE10843_series_matrix.txt.gz,LXFL529 ,,,CVCL_D085,LXFL 529L,Cello GEO GSM,lxfl529
GSM274826,GSM274826,Replicate 2 for HOP92 cell line,Public on Dec 01 2008,Mar 14 2008,Mar 19 2008,RNA,1.0,Human cell line,Homo sapiens,No treatment. See ATCC/DSMZ for cell line details.,GPL570,USA,Genentech,GSE10843,GSE10843_series_matrix.txt.gz,HOP92 ,,,CVCL_1286,HOP-92,Cello GEO GSM,hop92
GSM274827,GSM274827,Replicate 2 for H1568 cell line,Public on Dec 01 2008,Mar 14 2008,Mar 19 2008,RNA,1.0,Human cell line,Homo sapiens,No treatment. See ATCC/DSMZ for cell line details.,GPL570,USA,Genentech,GSE10843,GSE10843_series_matrix.txt.gz,H1568 ,,,CVCL_1476,NCI-H1568,Cello GEO GSM,h1568
GSM274828,GSM274828,Replicate 2 for H1650 cell line,Public on Dec 01 2008,Mar 14 2008,Aug 28 2018,RNA,1.0,Human cell line,Homo sapiens,No treatment. See ATCC/DSMZ for cell line details.,GPL570,USA,Genentech,GSE10843,GSE10843_series_matrix.txt.gz,H1650 ,,,CVCL_1483,NCI-H1650,Cello GEO GSM,h1650
GSM274829,GSM274829,Replicate 2 for H596 cell line,Public on Dec 01 2008,Mar 14 2008,Aug 28 2018,RNA,1.0,Human cell line,Homo sapiens,No treatment. See ATCC/DSMZ for cell line details.,GPL570,USA,Genentech,GSE10843,GSE10843_series_matrix.txt.gz,H596 ,,,CVCL_1571,NCI-H596,Cello GEO GSM,h596
GSM274830,GSM274830,Replicate 2 for H1781 cell line,Public on Dec 01 2008,Mar 14 2008,Aug 28 2018,RNA,1.0,Human cell line,Homo sapiens,No treatment. See ATCC/DSMZ for cell line details.,GPL570,USA,Genentech,GSE10843,GSE10843_series_matrix.txt.gz,H1781 ,,,CVCL_1494,NCI-H1781,Cello GEO GSM,h1781
GSM274831,GSM274831,Replicate 2 for H520 cell line,Public on Dec 01 2008,Mar 14 2008,Mar 19 2008,RNA,1.0,Human cell line,Homo sapiens,No treatment. See ATCC/DSMZ for cell line details.,GPL570,USA,Genentech,GSE10843,GSE10843_series_matrix.txt.gz,H520 ,,,CVCL_1566,NCI-H520,Cello GEO GSM,h520
GSM274832,GSM274832,Replicate 2 for H1155 cell line,Public on Dec 01 2008,Mar 14 2008,Mar 19 2008,RNA,1.0,Human cell line,Homo sapiens,No treatment. See ATCC/DSMZ for cell line details.,GPL570,USA,Genentech,GSE10843,GSE10843_series_matrix.txt.gz,H1155 ,,,CVCL_1456,NCI-H1155,Cello GEO GSM,h1155
GSM274833,GSM274833,Replicate 2 for H1435 cell line,Public on Dec 01 2008,Mar 14 2008,Aug 28 2018,RNA,1.0,Human cell line,Homo sapiens,No treatment. See ATCC/DSMZ for cell line details.,GPL570,USA,Genentech,GSE10843,GSE10843_series_matrix.txt.gz,H1435 ,,,CVCL_1470,NCI-H1435,Cello GEO GSM,h1435
GSM274834,GSM274834,Replicate 1 for C170 cell line,Public on Dec 01 2008,Mar 14 2008,Mar 19 2008,RNA,1.0,Human cell line,Homo sapiens,No treatment. See ATCC/DSMZ for cell line details.,GPL570,USA,Genentech,GSE10843,GSE10843_series_matrix.txt.gz,C170 ,,,CVCL_S959,C170,Cello GEO GSM,c170
GSM274835,GSM274835,Replicate 1 for CL34 cell line,Public on Dec 01 2008,Mar 14 2008,Mar 19 2008,RNA,1.0,Human cell line,Homo sapiens,No treatment. See ATCC/DSMZ for cell line details.,GPL570,USA,Genentech,GSE10843,GSE10843_series_matrix.txt.gz,CL34 ,,,CVCL_1980,CL-34,Cello GEO GSM,cl34
GSM274836,GSM274836,Replicate 2 for CL40 cell line,Public on Dec 01 2008,Mar 14 2008,Mar 19 2008,RNA,1.0,Human cell line,Homo sapiens,No treatment. See ATCC/DSMZ for cell line details.,GPL570,USA,Genentech,GSE10843,GSE10843_series_matrix.txt.gz,CL40 ,,,CVCL_1982,CL-40,Cello GEO GSM,cl40
GSM274837,GSM274837,Replicate 1 for HT55 cell line,Public on Dec 01 2008,Mar 14 2008,Mar 19 2008,RNA,1.0,Human cell line,Homo sapiens,No treatment. See ATCC/DSMZ for cell line details.,GPL570,USA,Genentech,GSE10843,GSE10843_series_matrix.txt.gz,HT55 ,,,CVCL_1294,HT-55,Cello GEO GSM,ht55
GSM274838,GSM274838,Replicate 1 for CL11 cell line,Public on Dec 01 2008,Mar 14 2008,Mar 19 2008,RNA,1.0,Human cell line,Homo sapiens,No treatment. See ATCC/DSMZ for cell line details.,GPL570,USA,Genentech,GSE10843,GSE10843_series_matrix.txt.gz,CL11 ,,,CVCL_1978,CL-11,Cello GEO GSM,cl11
GSM274839,GSM274839,Replicate 1 for DB cell line,Public on Dec 01 2008,Mar 14 2008,Aug 28 2018,RNA,1.0,Human cell line,Homo sapiens,No treatment. See ATCC/DSMZ for cell line details.,GPL570,USA,Genentech,GSE10843,GSE10843_series_matrix.txt.gz,DB ,,,CVCL_1168,DB,Cello GEO GSM,db
GSM274840,GSM274840,Replicate 1 for GRANTA519 cell line,Public on Dec 01 2008,Mar 14 2008,Aug 28 2018,RNA,1.0,Human cell line,Homo sapiens,No treatment. See ATCC/DSMZ for cell line details.,GPL570,USA,Genentech,GSE10843,GSE10843_series_matrix.txt.gz,GRANTA519 ,,,CVCL_1818,Granta-519,Cello GEO GSM,granta519
GSM274841,GSM274841,Replicate 1 for HT cell line,Public on Dec 01 2008,Mar 14 2008,Aug 28 2018,RNA,1.0,Human cell line,Homo sapiens,No treatment. See ATCC/DSMZ for cell line details.,GPL570,USA,Genentech,GSE10843,GSE10843_series_matrix.txt.gz,HT ,,,CVCL_1290,HT,Cello GEO GSM,ht
GSM274842,GSM274842,Replicate 1 for SUDHL4 cell line,Public on Dec 01 2008,Mar 14 2008,Aug 28 2018,RNA,1.0,Human cell line,Homo sapiens,No treatment. See ATCC/DSMZ for cell line details.,GPL570,USA,Genentech,GSE10843,GSE10843_series_matrix.txt.gz,SUDHL4 ,,,CVCL_0539,SU-DHL-4,Cello GEO GSM,sudhl4
GSM274843,GSM274843,Replicate 1 for SC1 cell line,Public on Dec 01 2008,Mar 14 2008,Aug 28 2018,RNA,1.0,Human cell line,Homo sapiens,No treatment. See ATCC/DSMZ for cell line details.,GPL570,USA,Genentech,GSE10843,GSE10843_series_matrix.txt.gz,SC1 ,,,CVCL_1888,Sc-1,Cello GEO GSM,sc1
GSM275974,GSM275974,Replicate 1 for BT549 breast cell line,Public on Dec 01 2008,Mar 19 2008,Aug 28 2018,RNA,1.0,Human cell line,Homo sapiens,No treatment. See ATCC/DSMZ for cell line details.,GPL570,USA,Genentech,GSE10890,GSE10890_series_matrix.txt.gz,BT549,,,CVCL_1092,BT549,Cello Cell line Synonym,bt549
GSM275975,GSM275975,Replicate 1 for CAL851 breast cell line,Public on Dec 01 2008,Mar 19 2008,Aug 28 2018,RNA,1.0,Human cell line,Homo sapiens,No treatment. See ATCC/DSMZ for cell line details.,GPL570,USA,Genentech,GSE10890,GSE10890_series_matrix.txt.gz,CAL851,,,CVCL_1114,CAL851,Cello Cell line Synonym,cal851
GSM275976,GSM275976,Replicate 1 for MDA175 breast cell line,Public on Dec 01 2008,Mar 19 2008,Aug 28 2018,RNA,1.0,Human cell line,Homo sapiens,No treatment. See ATCC/DSMZ for cell line details.,GPL570,USA,Genentech,GSE10890,GSE10890_series_matrix.txt.gz,MDA175,,,CVCL_1400,MDA175,Cello Cell line Synonym,mda175
GSM275977,GSM275977,Replicate 1 for HS578T breast cell line,Public on Dec 01 2008,Mar 19 2008,Aug 28 2018,RNA,1.0,Human cell line,Homo sapiens,No treatment. See ATCC/DSMZ for cell line details.,GPL570,USA,Genentech,GSE10890,GSE10890_series_matrix.txt.gz,HS578T,,,CVCL_0332,HS578T,Cello Cell line Synonym,hs578t
GSM275978,GSM275978,Replicate 1 for MCF7 breast cell line,Public on Dec 01 2008,Mar 19 2008,Aug 28 2018,RNA,1.0,Human cell line,Homo sapiens,No treatment. See ATCC/DSMZ for cell line details.,GPL570,USA,Genentech,GSE10890,GSE10890_series_matrix.txt.gz,MCF7,,,CVCL_0031,MCF7,Cello Cell line Synonym,mcf7
GSM275979,GSM275979,Replicate 1 for BT483 breast cell line,Public on Dec 01 2008,Mar 19 2008,Aug 28 2018,RNA,1.0,Human cell line,Homo sapiens,No treatment. See ATCC/DSMZ for cell line details.,GPL570,USA,Genentech,GSE10890,GSE10890_series_matrix.txt.gz,BT483,,,CVCL_2319,BT483,Cello Cell line Synonym,bt483
GSM275980,GSM275980,Replicate 1 for EFM192A breast cell line,Public on Dec 01 2008,Mar 19 2008,Aug 28 2018,RNA,1.0,Human cell line,Homo sapiens,No treatment. See ATCC/DSMZ for cell line details.,GPL570,USA,Genentech,GSE10890,GSE10890_series_matrix.txt.gz,EFM192A,,,CVCL_1812,EFM192A,Cello Cell line Synonym,efm192a
GSM275981,GSM275981,Replicate 1 for KPL1 breast cell line,Public on Dec 01 2008,Mar 19 2008,Aug 28 2018,RNA,1.0,Human cell line,Homo sapiens,No treatment. See ATCC/DSMZ for cell line details.,GPL570,USA,Genentech,GSE10890,GSE10890_series_matrix.txt.gz,KPL1,,,CVCL_2094,KPL1,Cello Cell line Synonym,kpl1
GSM275982,GSM275982,Replicate 2 for KPL1 breast cell line,Public on Dec 01 2008,Mar 19 2008,Aug 28 2018,RNA,1.0,Human cell line,Homo sapiens,No treatment. See ATCC/DSMZ for cell line details.,GPL570,USA,Genentech,GSE10890,GSE10890_series_matrix.txt.gz,KPL1,,,CVCL_2094,KPL1,Cello Cell line Synonym,kpl1
GSM275983,GSM275983,Replicate 1 for SKBR3 breast cell line,Public on Dec 01 2008,Mar 19 2008,Aug 28 2018,RNA,1.0,Human cell line,Homo sapiens,No treatment. See ATCC/DSMZ for cell line details.,GPL570,USA,Genentech,GSE10890,GSE10890_series_matrix.txt.gz,SKBR3,,,CVCL_0033,SKBR3,Cello Cell line Synonym,skbr3
GSM275984,GSM275984,Replicate 1 for CAL51 breast cell line,Public on Dec 01 2008,Mar 19 2008,Aug 28 2018,RNA,1.0,Human cell line,Homo sapiens,No treatment. See ATCC/DSMZ for cell line details.,GPL570,USA,Genentech,GSE10890,GSE10890_series_matrix.txt.gz,CAL51,,,CVCL_1110,CAL51,Cello Cell line Synonym,cal51
GSM275985,GSM275985,Replicate 2 for CAL51 breast cell line,Public on Dec 01 2008,Mar 19 2008,Aug 28 2018,RNA,1.0,Human cell line,Homo sapiens,No treatment. See ATCC/DSMZ for cell line details.,GPL570,USA,Genentech,GSE10890,GSE10890_series_matrix.txt.gz,CAL51,,,CVCL_1110,CAL51,Cello Cell line Synonym,cal51
GSM275986,GSM275986,Replicate 1 for MDA436 breast cell line,Public on Dec 01 2008,Mar 19 2008,Aug 28 2018,RNA,1.0,Human cell line,Homo sapiens,No treatment. See ATCC/DSMZ for cell line details.,GPL570,USA,Genentech,GSE10890,GSE10890_series_matrix.txt.gz,MDA436,,,CVCL_0623,MDA436,Cello Cell line Synonym,mda436
GSM275987,GSM275987,Replicate 1 for CAL120 breast cell line,Public on Dec 01 2008,Mar 19 2008,Aug 28 2018,RNA,1.0,Human cell line,Homo sapiens,No treatment. See ATCC/DSMZ for cell line details.,GPL570,USA,Genentech,GSE10890,GSE10890_series_matrix.txt.gz,CAL120,,,CVCL_1104,CAL120,Cello Cell line Synonym,cal120
GSM275988,GSM275988,Replicate 1 for MDA435 breast cell line,Public on Dec 01 2008,Mar 19 2008,Aug 28 2018,RNA,1.0,Human cell line,Homo sapiens,No treatment. See ATCC/DSMZ for cell line details.,GPL570,USA,Genentech,GSE10890,GSE10890_series_matrix.txt.gz,MDA435,,,CVCL_0417,MDA435,Cello Cell line Synonym,mda435
GSM275989,GSM275989,Replicate 2 for MDA435 breast cell line,Public on Dec 01 2008,Mar 19 2008,Mar 19 2008,RNA,1.0,Human cell line,Homo sapiens,No treatment. See ATCC/DSMZ for cell line details.,GPL570,USA,Genentech,GSE10890,GSE10890_series_matrix.txt.gz,MDA435,,,CVCL_0417,MDA435,Cello Cell line Synonym,mda435
GSM275990,GSM275990,Replicate 1 for EVSA1 breast cell line,Public on Dec 01 2008,Mar 19 2008,Aug 28 2018,RNA,1.0,Human cell line,Homo sapiens,No treatment. See ATCC/DSMZ for cell line details.,GPL570,USA,Genentech,GSE10890,GSE10890_series_matrix.txt.gz,EVSA1,,,,,,evsa1
GSM275991,GSM275991,Replicate 1 for T47D breast cell line,Public on Dec 01 2008,Mar 19 2008,Aug 28 2018,RNA,1.0,Human cell line,Homo sapiens,No treatment. See ATCC/DSMZ for cell line details.,GPL570,USA,Genentech,GSE10890,GSE10890_series_matrix.txt.gz,T47D,,,CVCL_0553,T47D,Cello Cell line Synonym,t47d
GSM275992,GSM275992,Replicate 2 for T47D breast cell line,Public on Dec 01 2008,Mar 19 2008,Aug 28 2018,RNA,1.0,Human cell line,Homo sapiens,No treatment. See ATCC/DSMZ for cell line details.,GPL570,USA,Genentech,GSE10890,GSE10890_series_matrix.txt.gz,T47D,,,CVCL_0553,T47D,Cello Cell line Synonym,t47d
GSM275993,GSM275993,Replicate 1 for MDA231 breast cell line,Public on Dec 01 2008,Mar 19 2008,Aug 28 2018,RNA,1.0,Human cell line,Homo sapiens,No treatment. See ATCC/DSMZ for cell line details.,GPL570,USA,Genentech,GSE10890,GSE10890_series_matrix.txt.gz,MDA231,,,CVCL_0062,MDA231,Cello Cell line Synonym,mda231
GSM275994,GSM275994,Replicate 1 for MDA468 breast cell line,Public on Dec 01 2008,Mar 19 2008,Aug 28 2018,RNA,1.0,Human cell line,Homo sapiens,No treatment. See ATCC/DSMZ for cell line details.,GPL570,USA,Genentech,GSE10890,GSE10890_series_matrix.txt.gz,MDA468,,,CVCL_0419,MDA468,Cello Cell line Synonym,mda468
GSM275995,GSM275995,Replicate 1 for MCF10A breast cell line,Public on Dec 01 2008,Mar 19 2008,Aug 28 2018,RNA,1.0,Human cell line,Homo sapiens,No treatment. See ATCC/DSMZ for cell line details.,GPL570,USA,Genentech,GSE10890,GSE10890_series_matrix.txt.gz,MCF10A,,,CVCL_0598,MCF10A,Cello Cell line Synonym,mcf10a
GSM275996,GSM275996,Replicate 2 for MCF10A breast cell line,Public on Dec 01 2008,Mar 19 2008,Aug 28 2018,RNA,1.0,Human cell line,Homo sapiens,No treatment. See ATCC/DSMZ for cell line details.,GPL570,USA,Genentech,GSE10890,GSE10890_series_matrix.txt.gz,MCF10A,,,CVCL_0598,MCF10A,Cello Cell line Synonym,mcf10a
GSM275997,GSM275997,Replicate 1 for HCC1937 breast cell line,Public on Dec 01 2008,Mar 19 2008,Aug 28 2018,RNA,1.0,Human cell line,Homo sapiens,No treatment. See ATCC/DSMZ for cell line details.,GPL570,USA,Genentech,GSE10890,GSE10890_series_matrix.txt.gz,HCC1937,,,CVCL_0290,HCC1937,Cello Cell line Name,hcc1937
GSM275998,GSM275998,Replicate 1 for MDA361 breast cell line,Public on Dec 01 2008,Mar 19 2008,Aug 28 2018,RNA,1.0,Human cell line,Homo sapiens,No treatment. See ATCC/DSMZ for cell line details.,GPL570,USA,Genentech,GSE10890,GSE10890_series_matrix.txt.gz,MDA361,,,CVCL_0620,MDA361,Cello Cell line Synonym,mda361
GSM275999,GSM275999,Replicate 1 for MT3 breast cell line,Public on Dec 01 2008,Mar 19 2008,Aug 28 2018,RNA,1.0,Human cell line,Homo sapiens,No treatment. See ATCC/DSMZ for cell line details.,GPL570,USA,Genentech,GSE10890,GSE10890_series_matrix.txt.gz,MT3,,,CVCL_M516,MT3,Cello Cell line Name,mt3
GSM276000,GSM276000,Replicate 1 for BT474EI breast cell line,Public on Dec 01 2008,Mar 19 2008,Aug 28 2018,RNA,1.0,Human cell line,Homo sapiens,No treatment. See ATCC/DSMZ for cell line details.,GPL570,USA,Genentech,GSE10890,GSE10890_series_matrix.txt.gz,BT474EI,,,,,,bt474ei
GSM276001,GSM276001,Replicate 2 for BT474EI breast cell line,Public on Dec 01 2008,Mar 19 2008,Aug 28 2018,RNA,1.0,Human cell line,Homo sapiens,No treatment. See ATCC/DSMZ for cell line details.,GPL570,USA,Genentech,GSE10890,GSE10890_series_matrix.txt.gz,BT474EI,,,,,,bt474ei
GSM276002,GSM276002,Replicate 3 for BT474EI breast cell line,Public on Dec 01 2008,Mar 19 2008,Aug 28 2018,RNA,1.0,Human cell line,Homo sapiens,No treatment. See ATCC/DSMZ for cell line details.,GPL570,USA,Genentech,GSE10890,GSE10890_series_matrix.txt.gz,BT474EI,,,,,,bt474ei
GSM276003,GSM276003,Replicate 1 for MDAMB453 breast cell line,Public on Dec 01 2008,Mar 19 2008,Aug 28 2018,RNA,1.0,Human cell line,Homo sapiens,No treatment. See ATCC/DSMZ for cell line details.,GPL570,USA,Genentech,GSE10890,GSE10890_series_matrix.txt.gz,MDAMB453,,,CVCL_0418,MDAMB453,Cello Cell line Synonym,mdamb453
GSM276004,GSM276004,Replicate 1 for BT474 breast cell line,Public on Dec 01 2008,Mar 19 2008,Aug 28 2018,RNA,1.0,Human cell line,Homo sapiens,No treatment. See ATCC/DSMZ for cell line details.,GPL570,USA,Genentech,GSE10890,GSE10890_series_matrix.txt.gz,BT474,,,CVCL_0179,BT474,Cello Cell line Synonym,bt474
GSM276005,GSM276005,Replicate 1 for AU565 breast cell line,Public on Dec 01 2008,Mar 19 2008,Aug 28 2018,RNA,1.0,Human cell line,Homo sapiens,No treatment. See ATCC/DSMZ for cell line details.,GPL570,USA,Genentech,GSE10890,GSE10890_series_matrix.txt.gz,AU565,,,CVCL_1074,AU565,Cello Cell line Name,au565
GSM276006,GSM276006,Replicate 1 for DU4475 breast cell line,Public on Dec 01 2008,Mar 19 2008,Aug 28 2018,RNA,1.0,Human cell line,Homo sapiens,No treatment. See ATCC/DSMZ for cell line details.,GPL570,USA,Genentech,GSE10890,GSE10890_series_matrix.txt.gz,DU4475,,,CVCL_1183,DU4475,Cello Cell line Name,du4475
GSM276007,GSM276007,Replicate 1 for MDAMB415 breast cell line,Public on Dec 01 2008,Mar 19 2008,Aug 28 2018,RNA,1.0,Human cell line,Homo sapiens,No treatment. See ATCC/DSMZ for cell line details.,GPL570,USA,Genentech,GSE10890,GSE10890_series_matrix.txt.gz,MDAMB415,,,CVCL_0621,MDAMB415,Cello Cell line Synonym,mdamb415
GSM276008,GSM276008,Replicate 1 for ZR751 breast cell line,Public on Dec 01 2008,Mar 19 2008,Aug 28 2018,RNA,1.0,Human cell line,Homo sapiens,No treatment. See ATCC/DSMZ for cell line details.,GPL570,USA,Genentech,GSE10890,GSE10890_series_matrix.txt.gz,ZR751,,,CVCL_0588,ZR751,Cello Cell line Synonym,zr751
GSM276009,GSM276009,Replicate 1 for MDAMB468 breast cell line,Public on Dec 01 2008,Mar 19 2008,Aug 28 2018,RNA,1.0,Human cell line,Homo sapiens,No treatment. See ATCC/DSMZ for cell line details.,GPL570,USA,Genentech,GSE10890,GSE10890_series_matrix.txt.gz,MDAMB468,,,CVCL_0419,MDAMB468,Cello Cell line Synonym,mdamb468
GSM276010,GSM276010,Replicate 1 for EFM19 breast cell line,Public on Dec 01 2008,Mar 19 2008,Aug 28 2018,RNA,1.0,Human cell line,Homo sapiens,No treatment. See ATCC/DSMZ for cell line details.,GPL570,USA,Genentech,GSE10890,GSE10890_series_matrix.txt.gz,EFM19,,,CVCL_0253,EFM19,Cello Cell line Synonym,efm19
GSM276011,GSM276011,Replicate 1 for CAMA1 breast cell line,Public on Dec 01 2008,Mar 19 2008,Aug 28 2018,RNA,1.0,Human cell line,Homo sapiens,No treatment. See ATCC/DSMZ for cell line details.,GPL570,USA,Genentech,GSE10890,GSE10890_series_matrix.txt.gz,CAMA1,,,CVCL_1115,CAMA1,Cello Cell line Synonym,cama1
GSM276012,GSM276012,Replicate 1 for HCC1419 breast cell line,Public on Dec 01 2008,Mar 19 2008,Aug 28 2018,RNA,1.0,Human cell line,Homo sapiens,No treatment. See ATCC/DSMZ for cell line details.,GPL570,USA,Genentech,GSE10890,GSE10890_series_matrix.txt.gz,HCC1419,,,CVCL_1251,HCC1419,Cello Cell line Name,hcc1419
GSM276013,GSM276013,Replicate 1 for HCC70 breast cell line,Public on Dec 01 2008,Mar 19 2008,Aug 28 2018,RNA,1.0,Human cell line,Homo sapiens,No treatment. See ATCC/DSMZ for cell line details.,GPL570,USA,Genentech,GSE10890,GSE10890_series_matrix.txt.gz,HCC70,,,CVCL_1270,HCC70,Cello Cell line Name,hcc70
GSM276014,GSM276014,Replicate 1 for BT5491 breast cell line,Public on Dec 01 2008,Mar 19 2008,Aug 28 2018,RNA,1.0,Human cell line,Homo sapiens,No treatment. See ATCC/DSMZ for cell line details.,GPL570,USA,Genentech,GSE10890,GSE10890_series_matrix.txt.gz,BT5491,,,,,,bt5491
GSM276015,GSM276015,Replicate 1 for SKBR31 breast cell line,Public on Dec 01 2008,Mar 19 2008,Aug 28 2018,RNA,1.0,Human cell line,Homo sapiens,No treatment. See ATCC/DSMZ for cell line details.,GPL570,USA,Genentech,GSE10890,GSE10890_series_matrix.txt.gz,SKBR31,,,,,,skbr31
GSM276016,GSM276016,Replicate 1 for T47D1 breast cell line,Public on Dec 01 2008,Mar 19 2008,Aug 28 2018,RNA,1.0,Human cell line,Homo sapiens,No treatment. See ATCC/DSMZ for cell line details.,GPL570,USA,Genentech,GSE10890,GSE10890_series_matrix.txt.gz,T47D1,,,,,,t47d1
GSM276017,GSM276017,Replicate 1 for CAL1201 breast cell line,Public on Dec 01 2008,Mar 19 2008,Aug 28 2018,RNA,1.0,Human cell line,Homo sapiens,No treatment. See ATCC/DSMZ for cell line details.,GPL570,USA,Genentech,GSE10890,GSE10890_series_matrix.txt.gz,CAL1201,,,,,,cal1201
GSM276018,GSM276018,Replicate 1 for HCC1428 breast cell line,Public on Dec 01 2008,Mar 19 2008,Aug 28 2018,RNA,1.0,Human cell line,Homo sapiens,No treatment. See ATCC/DSMZ for cell line details.,GPL570,USA,Genentech,GSE10890,GSE10890_series_matrix.txt.gz,HCC1428,,,CVCL_1252,HCC1428,Cello Cell line Name,hcc1428
GSM276019,GSM276019,Replicate 1 for HCC1954 breast cell line,Public on Dec 01 2008,Mar 19 2008,Aug 28 2018,RNA,1.0,Human cell line,Homo sapiens,No treatment. See ATCC/DSMZ for cell line details.,GPL570,USA,Genentech,GSE10890,GSE10890_series_matrix.txt.gz,HCC1954,,,CVCL_1259,HCC1954,Cello Cell line Name,hcc1954
GSM276020,GSM276020,Replicate 1 for HCC2218 breast cell line,Public on Dec 01 2008,Mar 19 2008,Aug 28 2018,RNA,1.0,Human cell line,Homo sapiens,No treatment. See ATCC/DSMZ for cell line details.,GPL570,USA,Genentech,GSE10890,GSE10890_series_matrix.txt.gz,HCC2218,,,CVCL_1263,HCC2218,Cello Cell line Name,hcc2218
GSM276021,GSM276021,Replicate 1 for HCC1500 breast cell line,Public on Dec 01 2008,Mar 19 2008,Aug 28 2018,RNA,1.0,Human cell line,Homo sapiens,No treatment. See ATCC/DSMZ for cell line details.,GPL570,USA,Genentech,GSE10890,GSE10890_series_matrix.txt.gz,HCC1500,,,CVCL_1254,HCC1500,Cello Cell line Name,hcc1500
GSM276022,GSM276022,Replicate 1 for HCC1395 breast cell line,Public on Dec 01 2008,Mar 19 2008,Aug 28 2018,RNA,1.0,Human cell line,Homo sapiens,No treatment. See ATCC/DSMZ for cell line details.,GPL570,USA,Genentech,GSE10890,GSE10890_series_matrix.txt.gz,HCC1395,,,CVCL_1249,HCC1395,Cello Cell line Name,hcc1395
GSM276023,GSM276023,Replicate 1 for HCC1143 breast cell line,Public on Dec 01 2008,Mar 19 2008,Aug 28 2018,RNA,1.0,Human cell line,Homo sapiens,No treatment. See ATCC/DSMZ for cell line details.,GPL570,USA,Genentech,GSE10890,GSE10890_series_matrix.txt.gz,HCC1143,,,CVCL_1245,HCC1143,Cello Cell line Name,hcc1143
GSM276024,GSM276024,Replicate 1 for HDQP1 breast cell line,Public on Dec 01 2008,Mar 19 2008,Aug 28 2018,RNA,1.0,Human cell line,Homo sapiens,No treatment. See ATCC/DSMZ for cell line details.,GPL570,USA,Genentech,GSE10890,GSE10890_series_matrix.txt.gz,HDQP1,,,CVCL_2067,HDQP1,Cello Cell line Synonym,hdqp1
GSM276025,GSM276025,Replicate 1 for ZR75 breast cell line,Public on Dec 01 2008,Mar 19 2008,Aug 28 2018,RNA,1.0,Human cell line,Homo sapiens,No treatment. See ATCC/DSMZ for cell line details.,GPL570,USA,Genentech,GSE10890,GSE10890_series_matrix.txt.gz,ZR75,,,,,,zr75
GSM276026,GSM276026,Replicate 1 for MFM223 breast cell line,Public on Dec 01 2008,Mar 19 2008,Aug 28 2018,RNA,1.0,Human cell line,Homo sapiens,No treatment. See ATCC/DSMZ for cell line details.,GPL570,USA,Genentech,GSE10890,GSE10890_series_matrix.txt.gz,MFM223,,,CVCL_1408,MFM223,Cello Cell line Synonym,mfm223
GSM276027,GSM276027,Replicate 1 for HCC1569 breast cell line,Public on Dec 01 2008,Mar 19 2008,Aug 28 2018,RNA,1.0,Human cell line,Homo sapiens,No treatment. See ATCC/DSMZ for cell line details.,GPL570,USA,Genentech,GSE10890,GSE10890_series_matrix.txt.gz,HCC1569,,,CVCL_1255,HCC1569,Cello Cell line Name,hcc1569
GSM276028,GSM276028,Replicate 1 for HCC38 breast cell line,Public on Dec 01 2008,Mar 19 2008,Aug 28 2018,RNA,1.0,Human cell line,Homo sapiens,No treatment. See ATCC/DSMZ for cell line details.,GPL570,USA,Genentech,GSE10890,GSE10890_series_matrix.txt.gz,HCC38,,,CVCL_1267,HCC38,Cello Cell line Name,hcc38
GSM276029,GSM276029,Replicate 1 for HCC1806 breast cell line,Public on Dec 01 2008,Mar 19 2008,Aug 28 2018,RNA,1.0,Human cell line,Homo sapiens,No treatment. See ATCC/DSMZ for cell line details.,GPL570,USA,Genentech,GSE10890,GSE10890_series_matrix.txt.gz,HCC1806,,,CVCL_1258,HCC1806,Cello Cell line Name,hcc1806
GSM276030,GSM276030,Replicate 1 for CAL148 breast cell line,Public on Dec 01 2008,Mar 19 2008,Aug 28 2018,RNA,1.0,Human cell line,Homo sapiens,No treatment. See ATCC/DSMZ for cell line details.,GPL570,USA,Genentech,GSE10890,GSE10890_series_matrix.txt.gz,CAL148,,,CVCL_1106,CAL148,Cello Cell line Synonym,cal148
GSM276031,GSM276031,Replicate 1 for JIMT1 breast cell line,Public on Dec 01 2008,Mar 19 2008,Aug 28 2018,RNA,1.0,Human cell line,Homo sapiens,No treatment. See ATCC/DSMZ for cell line details.,GPL570,USA,Genentech,GSE10890,GSE10890_series_matrix.txt.gz,JIMT1,,,CVCL_2077,JIMT1,Cello Cell line Synonym,jimt1
GSM276032,GSM276032,Replicate 1 for UACC812 breast cell line,Public on Dec 01 2008,Mar 19 2008,Aug 28 2018,RNA,1.0,Human cell line,Homo sapiens,No treatment. See ATCC/DSMZ for cell line details.,GPL570,USA,Genentech,GSE10890,GSE10890_series_matrix.txt.gz,UACC812,,,CVCL_1781,UACC812,Cello Cell line Synonym,uacc812
GSM276033,GSM276033,Replicate 1 for UACC893 breast cell line,Public on Dec 01 2008,Mar 19 2008,Aug 28 2018,RNA,1.0,Human cell line,Homo sapiens,No treatment. See ATCC/DSMZ for cell line details.,GPL570,USA,Genentech,GSE10890,GSE10890_series_matrix.txt.gz,UACC893,,,CVCL_1782,UACC893,Cello Cell line Synonym,uacc893
GSM276034,GSM276034,Replicate 1 for BT474.tb breast cell line,Public on Dec 01 2008,Mar 19 2008,Aug 28 2018,RNA,1.0,Human cell line,Homo sapiens,No treatment. See ATCC/DSMZ for cell line details.,GPL570,USA,Genentech,GSE10890,GSE10890_series_matrix.txt.gz,BT474,,,CVCL_0179,BT474,Cello Cell line Synonym,bt474
GSM276035,GSM276035,Replicate 1 for MDAMB361.1 breast cell line,Public on Dec 01 2008,Mar 19 2008,Aug 28 2018,RNA,1.0,Human cell line,Homo sapiens,No treatment. See ATCC/DSMZ for cell line details.,GPL570,USA,Genentech,GSE10890,GSE10890_series_matrix.txt.gz,MDAMB361,,,CVCL_0620,MDAMB361,Cello Cell line Synonym,mdamb361
GSM276036,GSM276036,Replicate 1 for SW527 breast cell line,Public on Dec 01 2008,Mar 19 2008,Aug 28 2018,RNA,1.0,Human cell line,Homo sapiens,No treatment. See ATCC/DSMZ for cell line details.,GPL570,USA,Genentech,GSE10890,GSE10890_series_matrix.txt.gz,SW527,,,CVCL_3799,SW527,Cello Cell line Name,sw527
GSM276037,GSM276037,Replicate 1 for MB231untreated breast cell line,Public on Dec 01 2008,Mar 19 2008,Aug 28 2018,RNA,1.0,Human cell line,Homo sapiens,MB231 untreated cell line to compare to older profiled MB231 sample. See ATCC/DSMZ for cell line details.,GPL570,USA,Genentech,GSE10890,GSE10890_series_matrix.txt.gz,MB231,,,CVCL_0062,MB231,Cello Cell line Synonym,mb231
GSM276038,GSM276038,Replicate 2 for MB231untreated breast cell line,Public on Dec 01 2008,Mar 19 2008,Aug 28 2018,RNA,1.0,Human cell line,Homo sapiens,MB231 untreated cell line to compare to older profiled MB231 sample. See ATCC/DSMZ for cell line details.,GPL570,USA,Genentech,GSE10890,GSE10890_series_matrix.txt.gz,MB231,,,CVCL_0062,MB231,Cello Cell line Synonym,mb231
GSM276039,GSM276039,Replicate 3 for MB231untreated breast cell line,Public on Dec 01 2008,Mar 19 2008,Aug 28 2018,RNA,1.0,Human cell line,Homo sapiens,MB231 untreated cell line to compare to older profiled MB231 sample. See ATCC/DSMZ for cell line details.,GPL570,USA,Genentech,GSE10890,GSE10890_series_matrix.txt.gz,MB231,,,CVCL_0062,MB231,Cello Cell line Synonym,mb231
GSM276040,GSM276040,Replicate 1 for MB231control breast cell line,Public on Dec 01 2008,Mar 19 2008,Aug 28 2018,RNA,1.0,Human cell line,Homo sapiens,MB231 mir-221/222 inhibitor control at 18h,GPL570,USA,Genentech,GSE10890,GSE10890_series_matrix.txt.gz,MB231,,,CVCL_0062,MB231,Cello Cell line Synonym,mb231
GSM276041,GSM276041,Replicate 2 for MB231control breast cell line,Public on Dec 01 2008,Mar 19 2008,Aug 28 2018,RNA,1.0,Human cell line,Homo sapiens,MB231 mir-221/222 inhibitor control at 18h,GPL570,USA,Genentech,GSE10890,GSE10890_series_matrix.txt.gz,MB231,,,CVCL_0062,MB231,Cello Cell line Synonym,mb231
GSM276042,GSM276042,Replicate 3 for MB231control breast cell line,Public on Dec 01 2008,Mar 19 2008,Aug 28 2018,RNA,1.0,Human cell line,Homo sapiens,MB231 mir-221/222 inhibitor control at 18h,GPL570,USA,Genentech,GSE10890,GSE10890_series_matrix.txt.gz,MB231,,,CVCL_0062,MB231,Cello Cell line Synonym,mb231
GSM276043,GSM276043,Replicate 1 for MB231inhibitor breast cell line,Public on Dec 01 2008,Mar 19 2008,Aug 28 2018,RNA,1.0,Human cell line,Homo sapiens,MB231 mir-221/222 inhibitor at 18h,GPL570,USA,Genentech,GSE10890,GSE10890_series_matrix.txt.gz,MB231,,,CVCL_0062,MB231,Cello Cell line Synonym,mb231
GSM276044,GSM276044,Replicate 2 for MB231inhibitor breast cell line,Public on Dec 01 2008,Mar 19 2008,Aug 28 2018,RNA,1.0,Human cell line,Homo sapiens,MB231 mir-221/222 inhibitor at 18h,GPL570,USA,Genentech,GSE10890,GSE10890_series_matrix.txt.gz,MB231,,,CVCL_0062,MB231,Cello Cell line Synonym,mb231
GSM276045,GSM276045,Replicate 3 for MB231inhibitor breast cell line,Public on Dec 01 2008,Mar 19 2008,Aug 28 2018,RNA,1.0,Human cell line,Homo sapiens,MB231 mir-221/222 inhibitor at 18h,GPL570,USA,Genentech,GSE10890,GSE10890_series_matrix.txt.gz,MB231,,,CVCL_0062,MB231,Cello Cell line Synonym,mb231
GSM276046,GSM276046,Replicate 1 for MCF7untreated breast cell line,Public on Dec 01 2008,Mar 19 2008,Aug 28 2018,RNA,1.0,Human cell line,Homo sapiens,MCF7 untreated cell line to compare to older profiled MCF7 sample. See ATCC/DSMZ for cell line details.,GPL570,USA,Genentech,GSE10890,GSE10890_series_matrix.txt.gz,MCF7,,,CVCL_0031,MCF7,Cello Cell line Synonym,mcf7
GSM276047,GSM276047,Replicate 2 for MCF7untreated breast cell line,Public on Dec 01 2008,Mar 19 2008,Aug 28 2018,RNA,1.0,Human cell line,Homo sapiens,MCF7 untreated cell line to compare to older profiled MCF7 sample. See ATCC/DSMZ for cell line details.,GPL570,USA,Genentech,GSE10890,GSE10890_series_matrix.txt.gz,MCF7,,,CVCL_0031,MCF7,Cello Cell line Synonym,mcf7
GSM276048,GSM276048,Replicate 3 for MCF7untreated breast cell line,Public on Dec 01 2008,Mar 19 2008,Aug 28 2018,RNA,1.0,Human cell line,Homo sapiens,MCF7 untreated cell line to compare to older profiled MCF7 sample. See ATCC/DSMZ for cell line details.,GPL570,USA,Genentech,GSE10890,GSE10890_series_matrix.txt.gz,MCF7,,,CVCL_0031,MCF7,Cello Cell line Synonym,mcf7
GSM276049,GSM276049,Replicate 1 for MCF7control breast cell line,Public on Dec 01 2008,Mar 19 2008,Aug 28 2018,RNA,1.0,Human cell line,Homo sapiens,MCF7 mir-221/222 mimic control at 18h,GPL570,USA,Genentech,GSE10890,GSE10890_series_matrix.txt.gz,MCF7,,,CVCL_0031,MCF7,Cello Cell line Synonym,mcf7
GSM276050,GSM276050,Replicate 2 for MCF7control breast cell line,Public on Dec 01 2008,Mar 19 2008,Aug 28 2018,RNA,1.0,Human cell line,Homo sapiens,MCF7 mir-221/222 mimic control at 18h,GPL570,USA,Genentech,GSE10890,GSE10890_series_matrix.txt.gz,MCF7,,,CVCL_0031,MCF7,Cello Cell line Synonym,mcf7
GSM276051,GSM276051,Replicate 3 for MCF7control breast cell line,Public on Dec 01 2008,Mar 19 2008,Aug 28 2018,RNA,1.0,Human cell line,Homo sapiens,MCF7 mir-221/222 mimic control at 18h,GPL570,USA,Genentech,GSE10890,GSE10890_series_matrix.txt.gz,MCF7,,,CVCL_0031,MCF7,Cello Cell line Synonym,mcf7
GSM276052,GSM276052,Replicate 1 for MCF7mimic breast cell line,Public on Dec 01 2008,Mar 19 2008,Aug 28 2018,RNA,1.0,Human cell line,Homo sapiens,MCF7 mir-221/222 mimic at 18h,GPL570,USA,Genentech,GSE10890,GSE10890_series_matrix.txt.gz,MCF7,,,CVCL_0031,MCF7,Cello Cell line Synonym,mcf7
GSM276053,GSM276053,Replicate 2 for MCF7mimic breast cell line,Public on Dec 01 2008,Mar 19 2008,Aug 28 2018,RNA,1.0,Human cell line,Homo sapiens,MCF7 mir-221/222 mimic at 18h,GPL570,USA,Genentech,GSE10890,GSE10890_series_matrix.txt.gz,MCF7,,,CVCL_0031,MCF7,Cello Cell line Synonym,mcf7
GSM276054,GSM276054,Replicate 3 for MCF7mimic breast cell line,Public on Dec 01 2008,Mar 19 2008,Aug 28 2018,RNA,1.0,Human cell line,Homo sapiens,MCF7 mir-221/222 mimic at 18h,GPL570,USA,Genentech,GSE10890,GSE10890_series_matrix.txt.gz,MCF7,,,CVCL_0031,MCF7,Cello Cell line Synonym,mcf7
GSM276055,GSM276055,Replicate 1 for MCF7siRNActr breast cell line,Public on Dec 01 2008,Mar 19 2008,Aug 28 2018,RNA,1.0,Human cell line,Homo sapiens,MCF7 siRNA against ESR1 control at 18h,GPL570,USA,Genentech,GSE10890,GSE10890_series_matrix.txt.gz,MCF7,,,CVCL_0031,MCF7,Cello Cell line Synonym,mcf7
GSM276056,GSM276056,Replicate 2 for MCF7siRNActr breast cell line,Public on Dec 01 2008,Mar 19 2008,Aug 28 2018,RNA,1.0,Human cell line,Homo sapiens,MCF7 siRNA against ESR1 control at 18h,GPL570,USA,Genentech,GSE10890,GSE10890_series_matrix.txt.gz,MCF7,,,CVCL_0031,MCF7,Cello Cell line Synonym,mcf7
GSM276057,GSM276057,Replicate 3 for MCF7siRNActr breast cell line,Public on Dec 01 2008,Mar 19 2008,Aug 28 2018,RNA,1.0,Human cell line,Homo sapiens,MCF7 siRNA against ESR1 control at 18h,GPL570,USA,Genentech,GSE10890,GSE10890_series_matrix.txt.gz,MCF7,,,CVCL_0031,MCF7,Cello Cell line Synonym,mcf7
GSM276058,GSM276058,Replicate 1 for MCF7siRNAESR1 breast cell line,Public on Dec 01 2008,Mar 19 2008,Aug 28 2018,RNA,1.0,Human cell line,Homo sapiens,MCF7 siRNA against ESR1 at 18h,GPL570,USA,Genentech,GSE10890,GSE10890_series_matrix.txt.gz,MCF7,,,CVCL_0031,MCF7,Cello Cell line Synonym,mcf7
GSM276059,GSM276059,Replicate 2 for MCF7siRNAESR1 breast cell line,Public on Dec 01 2008,Mar 19 2008,Aug 28 2018,RNA,1.0,Human cell line,Homo sapiens,MCF7 siRNA against ESR1 at 18h,GPL570,USA,Genentech,GSE10890,GSE10890_series_matrix.txt.gz,MCF7,,,CVCL_0031,MCF7,Cello Cell line Synonym,mcf7
GSM276060,GSM276060,Replicate 2 for BT474 breast cell line,Public on Dec 01 2008,Mar 19 2008,Aug 28 2018,RNA,1.0,Human cell line,Homo sapiens,No treatment. See ATCC/DSMZ for cell line details.,GPL570,USA,Genentech,GSE10890,GSE10890_series_matrix.txt.gz,BT474,,,CVCL_0179,BT474,Cello Cell line Synonym,bt474
GSM276061,GSM276061,Replicate 3 for BT474 breast cell line,Public on Dec 01 2008,Mar 19 2008,Aug 28 2018,RNA,1.0,Human cell line,Homo sapiens,No treatment. See ATCC/DSMZ for cell line details.,GPL570,USA,Genentech,GSE10890,GSE10890_series_matrix.txt.gz,BT474,,,CVCL_0179,BT474,Cello Cell line Synonym,bt474
GSM276062,GSM276062,Replicate 1 for MB231untreated72h breast cell line,Public on Dec 01 2008,Mar 19 2008,Aug 28 2018,RNA,1.0,Human cell line,Homo sapiens,Replicate 1 for MB231untreated72h breast cell line,GPL570,USA,Genentech,GSE10890,GSE10890_series_matrix.txt.gz,MB231,,,CVCL_0062,MB231,Cello Cell line Synonym,mb231
GSM276063,GSM276063,Replicate 2 for MB231untreated72h breast cell line,Public on Dec 01 2008,Mar 19 2008,Aug 28 2018,RNA,1.0,Human cell line,Homo sapiens,Replicate 2 for MB231untreated72h breast cell line,GPL570,USA,Genentech,GSE10890,GSE10890_series_matrix.txt.gz,MB231,,,CVCL_0062,MB231,Cello Cell line Synonym,mb231
GSM276064,GSM276064,Replicate 3 for MB231untreated72h breast cell line,Public on Dec 01 2008,Mar 19 2008,Aug 28 2018,RNA,1.0,Human cell line,Homo sapiens,Replicate 3 for MB231untreated72h breast cell line,GPL570,USA,Genentech,GSE10890,GSE10890_series_matrix.txt.gz,MB231,,,CVCL_0062,MB231,Cello Cell line Synonym,mb231
GSM276065,GSM276065,Replicate 1 for MB231control72h breast cell line,Public on Dec 01 2008,Mar 19 2008,Aug 28 2018,RNA,1.0,Human cell line,Homo sapiens,Replicate 1 for MB231control72h breast cell line,GPL570,USA,Genentech,GSE10890,GSE10890_series_matrix.txt.gz,MB231,,,CVCL_0062,MB231,Cello Cell line Synonym,mb231
GSM276066,GSM276066,Replicate 2 for MB231control72h breast cell line,Public on Dec 01 2008,Mar 19 2008,Aug 28 2018,RNA,1.0,Human cell line,Homo sapiens,Replicate 2 for MB231control72h breast cell line,GPL570,USA,Genentech,GSE10890,GSE10890_series_matrix.txt.gz,MB231,,,CVCL_0062,MB231,Cello Cell line Synonym,mb231
GSM276067,GSM276067,Replicate 3 for MB231control72h breast cell line,Public on Dec 01 2008,Mar 19 2008,Aug 28 2018,RNA,1.0,Human cell line,Homo sapiens,Replicate 3 for MB231control72h breast cell line,GPL570,USA,Genentech,GSE10890,GSE10890_series_matrix.txt.gz,MB231,,,CVCL_0062,MB231,Cello Cell line Synonym,mb231
GSM276068,GSM276068,Replicate 1 for MB231inhibitor72h breast cell line,Public on Dec 01 2008,Mar 19 2008,Aug 28 2018,RNA,1.0,Human cell line,Homo sapiens,Replicate 1 for MB231inhibitor72h breast cell line,GPL570,USA,Genentech,GSE10890,GSE10890_series_matrix.txt.gz,MB231,,,CVCL_0062,MB231,Cello Cell line Synonym,mb231
GSM276069,GSM276069,Replicate 2 for MB231inhibitor72h breast cell line,Public on Dec 01 2008,Mar 19 2008,Aug 28 2018,RNA,1.0,Human cell line,Homo sapiens,Replicate 2 for MB231inhibitor72h breast cell line,GPL570,USA,Genentech,GSE10890,GSE10890_series_matrix.txt.gz,MB231,,,CVCL_0062,MB231,Cello Cell line Synonym,mb231
GSM276070,GSM276070,Replicate 3 for MB231inhibitor72h breast cell line,Public on Dec 01 2008,Mar 19 2008,Aug 28 2018,RNA,1.0,Human cell line,Homo sapiens,Replicate 3 for MB231inhibitor72h breast cell line,GPL570,USA,Genentech,GSE10890,GSE10890_series_matrix.txt.gz,MB231,,,CVCL_0062,MB231,Cello Cell line Synonym,mb231
GSM276071,GSM276071,Replicate 1 for MCF7untreated72h breast cell line,Public on Dec 01 2008,Mar 19 2008,Aug 28 2018,RNA,1.0,Human cell line,Homo sapiens,Replicate 1 for MCF7untreated72h breast cell line,GPL570,USA,Genentech,GSE10890,GSE10890_series_matrix.txt.gz,MCF7,,,CVCL_0031,MCF7,Cello Cell line Synonym,mcf7
GSM276072,GSM276072,Replicate 2 for MCF7untreated72h breast cell line,Public on Dec 01 2008,Mar 19 2008,Aug 28 2018,RNA,1.0,Human cell line,Homo sapiens,Replicate 2 for MCF7untreated72h breast cell line,GPL570,USA,Genentech,GSE10890,GSE10890_series_matrix.txt.gz,MCF7,,,CVCL_0031,MCF7,Cello Cell line Synonym,mcf7
GSM276073,GSM276073,Replicate 3 for MCF7untreated72h breast cell line,Public on Dec 01 2008,Mar 19 2008,Aug 28 2018,RNA,1.0,Human cell line,Homo sapiens,Replicate 3 for MCF7untreated72h breast cell line,GPL570,USA,Genentech,GSE10890,GSE10890_series_matrix.txt.gz,MCF7,,,CVCL_0031,MCF7,Cello Cell line Synonym,mcf7
GSM276074,GSM276074,Replicate 1 for MCF7control72h breast cell line,Public on Dec 01 2008,Mar 19 2008,Aug 28 2018,RNA,1.0,Human cell line,Homo sapiens,Replicate 1 for MCF7control72h breast cell line,GPL570,USA,Genentech,GSE10890,GSE10890_series_matrix.txt.gz,MCF7,,,CVCL_0031,MCF7,Cello Cell line Synonym,mcf7
GSM276075,GSM276075,Replicate 2 for MCF7control72h breast cell line,Public on Dec 01 2008,Mar 19 2008,Aug 28 2018,RNA,1.0,Human cell line,Homo sapiens,Replicate 2 for MCF7control72h breast cell line,GPL570,USA,Genentech,GSE10890,GSE10890_series_matrix.txt.gz,MCF7,,,CVCL_0031,MCF7,Cello Cell line Synonym,mcf7
GSM276076,GSM276076,Replicate 3 for MCF7control72h breast cell line,Public on Dec 01 2008,Mar 19 2008,Aug 28 2018,RNA,1.0,Human cell line,Homo sapiens,Replicate 3 for MCF7control72h breast cell line,GPL570,USA,Genentech,GSE10890,GSE10890_series_matrix.txt.gz,MCF7,,,CVCL_0031,MCF7,Cello Cell line Synonym,mcf7
GSM276077,GSM276077,Replicate 1 for MCF7mimic72h breast cell line,Public on Dec 01 2008,Mar 19 2008,Aug 28 2018,RNA,1.0,Human cell line,Homo sapiens,Replicate 1 for MCF7mimic72h breast cell line,GPL570,USA,Genentech,GSE10890,GSE10890_series_matrix.txt.gz,MCF7,,,CVCL_0031,MCF7,Cello Cell line Synonym,mcf7
GSM276078,GSM276078,Replicate 2 for MCF7mimic72h breast cell line,Public on Dec 01 2008,Mar 19 2008,Aug 28 2018,RNA,1.0,Human cell line,Homo sapiens,Replicate 2 for MCF7mimic72h breast cell line,GPL570,USA,Genentech,GSE10890,GSE10890_series_matrix.txt.gz,MCF7,,,CVCL_0031,MCF7,Cello Cell line Synonym,mcf7
GSM276079,GSM276079,Replicate 3 for MCF7mimic72h breast cell line,Public on Dec 01 2008,Mar 19 2008,Aug 28 2018,RNA,1.0,Human cell line,Homo sapiens,Replicate 3 for MCF7mimic72h breast cell line,GPL570,USA,Genentech,GSE10890,GSE10890_series_matrix.txt.gz,MCF7,,,CVCL_0031,MCF7,Cello Cell line Synonym,mcf7
GSM276080,GSM276080,Replicate 1 for MCF7siRNActr72h breast cell line,Public on Dec 01 2008,Mar 19 2008,Aug 28 2018,RNA,1.0,Human cell line,Homo sapiens,Replicate 1 for MCF7siRNActr72h breast cell line,GPL570,USA,Genentech,GSE10890,GSE10890_series_matrix.txt.gz,MCF7,,,CVCL_0031,MCF7,Cello Cell line Synonym,mcf7
GSM276081,GSM276081,Replicate 2 for MCF7siRNActr72h breast cell line,Public on Dec 01 2008,Mar 19 2008,Aug 28 2018,RNA,1.0,Human cell line,Homo sapiens,Replicate 2 for MCF7siRNActr72h breast cell line,GPL570,USA,Genentech,GSE10890,GSE10890_series_matrix.txt.gz,MCF7,,,CVCL_0031,MCF7,Cello Cell line Synonym,mcf7
GSM276082,GSM276082,Replicate 3 for MCF7siRNActr72h breast cell line,Public on Dec 01 2008,Mar 19 2008,Aug 28 2018,RNA,1.0,Human cell line,Homo sapiens,Replicate 3 for MCF7siRNActr72h breast cell line,GPL570,USA,Genentech,GSE10890,GSE10890_series_matrix.txt.gz,MCF7,,,CVCL_0031,MCF7,Cello Cell line Synonym,mcf7
GSM276083,GSM276083,Replicate 1 for MCF7siRNAESR1_72h breast cell line,Public on Dec 01 2008,Mar 19 2008,Aug 28 2018,RNA,1.0,Human cell line,Homo sapiens,Replicate 1 for MCF7siRNAESR1_72h breast cell line,GPL570,USA,Genentech,GSE10890,GSE10890_series_matrix.txt.gz,MCF7,,,CVCL_0031,MCF7,Cello Cell line Synonym,mcf7
GSM276084,GSM276084,Replicate 2 for MCF7siRNAESR1_72h breast cell line,Public on Dec 01 2008,Mar 19 2008,Aug 28 2018,RNA,1.0,Human cell line,Homo sapiens,Replicate 2 for MCF7siRNAESR1_72h breast cell line,GPL570,USA,Genentech,GSE10890,GSE10890_series_matrix.txt.gz,MCF7,,,CVCL_0031,MCF7,Cello Cell line Synonym,mcf7
GSM276085,GSM276085,Replicate 3 for MCF7siRNAESR1_72h breast cell line,Public on Dec 01 2008,Mar 19 2008,Aug 28 2018,RNA,1.0,Human cell line,Homo sapiens,Replicate 3 for MCF7siRNAESR1_72h breast cell line,GPL570,USA,Genentech,GSE10890,GSE10890_series_matrix.txt.gz,MCF7,,,CVCL_0031,MCF7,Cello Cell line Synonym,mcf7
GSM276736,GSM276736,,,,,,,,,,,,,,,,,,CVCL_1059,A2058,Cello GEO GSM,
GSM276739,GSM276739,,,,,,,,,,,,,,,,,,CVCL_0526,SK-MEL-28,Cello GEO GSM,
GSM276761,GSM276761,,,,,,,,,,,,,,,,,,CVCL_8607,92-1 [Human uveal melanoma],Cello GEO GSM,
GSM276762,GSM276762,,,,,,,,,,,,,,,,,,CVCL_0600,SK-MEL-31,Cello GEO GSM,
GSM276771,GSM276771,,,,,,,,,,,,,,,,,,CVCL_0132,A-375,Cello GEO GSM,
GSM288491,GSM288491,,,,,,,,,,,,,,,,,,CVCL_0320,HT-29,Cello GEO GSM,
GSM288497,GSM288497,,,,,,,,,,,,,,,,,,CVCL_0320,HT-29,Cello GEO GSM,
GSM288499,GSM288499,,,,,,,,,,,,,,,,,,CVCL_0320,HT-29,Cello GEO GSM,
GSM320213,GSM320213,,,,,,,,,,,,,,,,,,CVCL_7082,,,
GSM320214,GSM320214,,,,,,,,,,,,,,,,,,CVCL_7082,,,
GSM320215,GSM320215,,,,,,,,,,,,,,,,,,CVCL_7082,,,
GSM320216,GSM320216,,,,,,,,,,,,,,,,,,CVCL_7082,,,
GSM320217,GSM320217,,,,,,,,,,,,,,,,,,CVCL_7082,,,
GSM320218,GSM320218,,,,,,,,,,,,,,,,,,CVCL_7082,,,
GSM320219,GSM320219,,,,,,,,,,,,,,,,,,CVCL_7082,,,
GSM320220,GSM320220,,,,,,,,,,,,,,,,,,CVCL_7082,,,
GSM320221,GSM320221,,,,,,,,,,,,,,,,,,CVCL_7082,,,
GSM320222,GSM320222,,,,,,,,,,,,,,,,,,CVCL_7082,,,
GSM320223,GSM320223,,,,,,,,,,,,,,,,,,CVCL_7082,,,
GSM320224,GSM320224,,,,,,,,,,,,,,,,,,CVCL_7082,,,
GSM320225,GSM320225,,,,,,,,,,,,,,,,,,CVCL_7082,,,
GSM320226,GSM320226,,,,,,,,,,,,,,,,,,CVCL_7082,,,
GSM320227,GSM320227,,,,,,,,,,,,,,,,,,CVCL_7082,,,
GSM320228,GSM320228,,,,,,,,,,,,,,,,,,CVCL_7082,,,
GSM320229,GSM320229,,,,,,,,,,,,,,,,,,CVCL_7082,,,
GSM320230,GSM320230,,,,,,,,,,,,,,,,,,CVCL_7082,,,
GSM320231,GSM320231,,,,,,,,,,,,,,,,,,CVCL_7082,,,
GSM320232,GSM320232,,,,,,,,,,,,,,,,,,CVCL_7082,,,
GSM320233,GSM320233,,,,,,,,,,,,,,,,,,CVCL_7082,,,
GSM320234,GSM320234,,,,,,,,,,,,,,,,,,CVCL_7082,,,
GSM320235,GSM320235,,,,,,,,,,,,,,,,,,CVCL_7082,,,
GSM320236,GSM320236,,,,,,,,,,,,,,,,,,CVCL_7082,,,
GSM320237,GSM320237,,,,,,,,,,,,,,,,,,CVCL_7082,,,
GSM320238,GSM320238,,,,,,,,,,,,,,,,,,CVCL_7082,,,
GSM320239,GSM320239,,,,,,,,,,,,,,,,,,CVCL_7082,,,
GSM320240,GSM320240,,,,,,,,,,,,,,,,,,CVCL_7082,,,
GSM320241,GSM320241,,,,,,,,,,,,,,,,,,CVCL_7082,,,
GSM320242,GSM320242,,,,,,,,,,,,,,,,,,CVCL_7082,,,
GSM320243,GSM320243,MCF10a_Null_Vector_rep1,Public on Jan 12 2009,Sep 12 2008,Aug 28 2018,RNA,1.0,MCF10a treated with null vector 24h,Homo sapiens,"MCF10a  immortalized, non-transformed human mammary epithelial cell-line overexpressing null vector",GPL570,USA,Genentech,GSE12790,GSE12790_series_matrix.txt.gz,MCF10a,,,CVCL_0598,MCF10a,Cello Cell line Synonym,mcf10a
GSM320244,GSM320244,MCF10a_Null_Vector_rep2,Public on Jan 12 2009,Sep 12 2008,Aug 28 2018,RNA,1.0,MCF10a treated with null vector 24h,Homo sapiens,"MCF10a  immortalized, non-transformed human mammary epithelial cell-line overexpressing null vector",GPL570,USA,Genentech,GSE12790,GSE12790_series_matrix.txt.gz,MCF10a,,,CVCL_0598,MCF10a,Cello Cell line Synonym,mcf10a
GSM320245,GSM320245,MCF10a_Null_Vector_rep3,Public on Jan 12 2009,Sep 12 2008,Aug 28 2018,RNA,1.0,MCF10a treated with null vector 24h,Homo sapiens,"MCF10a  immortalized, non-transformed human mammary epithelial cell-line overexpressing null vector",GPL570,USA,Genentech,GSE12790,GSE12790_series_matrix.txt.gz,MCF10a,,,CVCL_0598,MCF10a,Cello Cell line Synonym,mcf10a
GSM320246,GSM320246,MCF10a_Null_Vector_rep4,Public on Jan 12 2009,Sep 12 2008,Aug 28 2018,RNA,1.0,MCF10a treated with null vector 24h,Homo sapiens,"MCF10a  immortalized, non-transformed human mammary epithelial cell-line overexpressing null vector",GPL570,USA,Genentech,GSE12790,GSE12790_series_matrix.txt.gz,MCF10a,,,CVCL_0598,MCF10a,Cello Cell line Synonym,mcf10a
GSM320247,GSM320247,MCF10a_Null_Vector_rep5,Public on Jan 12 2009,Sep 12 2008,Aug 28 2018,RNA,1.0,MCF10a treated with null vector 24h,Homo sapiens,"MCF10a  immortalized, non-transformed human mammary epithelial cell-line overexpressing null vector",GPL570,USA,Genentech,GSE12790,GSE12790_series_matrix.txt.gz,MCF10a,,,CVCL_0598,MCF10a,Cello Cell line Synonym,mcf10a
GSM320248,GSM320248,MCF10a_Null_Vector_rep6,Public on Jan 12 2009,Sep 12 2008,Aug 28 2018,RNA,1.0,MCF10a treated with null vector 24h,Homo sapiens,"MCF10a  immortalized, non-transformed human mammary epithelial cell-line overexpressing null vector",GPL570,USA,Genentech,GSE12790,GSE12790_series_matrix.txt.gz,MCF10a,,,CVCL_0598,MCF10a,Cello Cell line Synonym,mcf10a
GSM320249,GSM320249,MCF10a_HRas_Vector_rep1,Public on Jan 12 2009,Sep 12 2008,Aug 28 2018,RNA,1.0,MCF10a treated with HRas vector 24h,Homo sapiens,"MCF10a  immortalized, non-transformed human mammary epithelial cell-line overexpressing RAS",GPL570,USA,Genentech,GSE12790,GSE12790_series_matrix.txt.gz,MCF10a,,,CVCL_0598,MCF10a,Cello Cell line Synonym,mcf10a
GSM320250,GSM320250,MCF10a_HRas_Vector_rep2,Public on Jan 12 2009,Sep 12 2008,Aug 28 2018,RNA,1.0,MCF10a treated with HRas vector 24h,Homo sapiens,"MCF10a  immortalized, non-transformed human mammary epithelial cell-line overexpressing RAS",GPL570,USA,Genentech,GSE12790,GSE12790_series_matrix.txt.gz,MCF10a,,,CVCL_0598,MCF10a,Cello Cell line Synonym,mcf10a
GSM320251,GSM320251,MCF10a_HRas_Vector_rep3,Public on Jan 12 2009,Sep 12 2008,Aug 28 2018,RNA,1.0,MCF10a treated with HRas vector 24h,Homo sapiens,"MCF10a  immortalized, non-transformed human mammary epithelial cell-line overexpressing RAS",GPL570,USA,Genentech,GSE12790,GSE12790_series_matrix.txt.gz,MCF10a,,,CVCL_0598,MCF10a,Cello Cell line Synonym,mcf10a
GSM320252,GSM320252,MCF10a_HRas_Vector_rep4,Public on Jan 12 2009,Sep 12 2008,Aug 28 2018,RNA,1.0,MCF10a treated with HRas vector 24h,Homo sapiens,"MCF10a  immortalized, non-transformed human mammary epithelial cell-line overexpressing RAS",GPL570,USA,Genentech,GSE12790,GSE12790_series_matrix.txt.gz,MCF10a,,,CVCL_0598,MCF10a,Cello Cell line Synonym,mcf10a
GSM320253,GSM320253,MCF10a_HRas_Vector_rep5,Public on Jan 12 2009,Sep 12 2008,Aug 28 2018,RNA,1.0,MCF10a treated with HRas vector 24h,Homo sapiens,"MCF10a  immortalized, non-transformed human mammary epithelial cell-line overexpressing RAS",GPL570,USA,Genentech,GSE12790,GSE12790_series_matrix.txt.gz,MCF10a,,,CVCL_0598,MCF10a,Cello Cell line Synonym,mcf10a
GSM320254,GSM320254,MCF10a_MEK1_Vector_rep1,Public on Jan 12 2009,Sep 12 2008,Aug 28 2018,RNA,1.0,MCF10a treated with MEK1 vector 24h,Homo sapiens,"MCF10a  immortalized, non-transformed human mammary epithelial cell-line overexpressing MEK",GPL570,USA,Genentech,GSE12790,GSE12790_series_matrix.txt.gz,MCF10a,,,CVCL_0598,MCF10a,Cello Cell line Synonym,mcf10a
GSM320255,GSM320255,MCF10a_MEK1_Vector_rep2,Public on Jan 12 2009,Sep 12 2008,Aug 28 2018,RNA,1.0,MCF10a treated with MEK1 vector 24h,Homo sapiens,"MCF10a  immortalized, non-transformed human mammary epithelial cell-line overexpressing MEK",GPL570,USA,Genentech,GSE12790,GSE12790_series_matrix.txt.gz,MCF10a,,,CVCL_0598,MCF10a,Cello Cell line Synonym,mcf10a
GSM320256,GSM320256,MCF10a_MEK1_Vector_rep3,Public on Jan 12 2009,Sep 12 2008,Aug 28 2018,RNA,1.0,MCF10a treated with MEK1 vector 24h,Homo sapiens,"MCF10a  immortalized, non-transformed human mammary epithelial cell-line overexpressing MEK",GPL570,USA,Genentech,GSE12790,GSE12790_series_matrix.txt.gz,MCF10a,,,CVCL_0598,MCF10a,Cello Cell line Synonym,mcf10a
GSM320257,GSM320257,MCF10a_MEK1_Vector_rep4,Public on Jan 12 2009,Sep 12 2008,Aug 28 2018,RNA,1.0,MCF10a treated with MEK1 vector 24h,Homo sapiens,"MCF10a  immortalized, non-transformed human mammary epithelial cell-line overexpressing MEK",GPL570,USA,Genentech,GSE12790,GSE12790_series_matrix.txt.gz,MCF10a,,,CVCL_0598,MCF10a,Cello Cell line Synonym,mcf10a
GSM320258,GSM320258,MCF10a_MEK1_Vector_rep5,Public on Jan 12 2009,Sep 12 2008,Aug 28 2018,RNA,1.0,MCF10a treated with MEK1 vector 24h,Homo sapiens,"MCF10a  immortalized, non-transformed human mammary epithelial cell-line overexpressing MEK",GPL570,USA,Genentech,GSE12790,GSE12790_series_matrix.txt.gz,MCF10a,,,CVCL_0598,MCF10a,Cello Cell line Synonym,mcf10a
GSM320259,GSM320259,MCF10a_MEK1_Vector_rep6,Public on Jan 12 2009,Sep 12 2008,Aug 28 2018,RNA,1.0,MCF10a treated with MEK1 vector 24h,Homo sapiens,"MCF10a  immortalized, non-transformed human mammary epithelial cell-line overexpressing MEK",GPL570,USA,Genentech,GSE12790,GSE12790_series_matrix.txt.gz,MCF10a,,,CVCL_0598,MCF10a,Cello Cell line Synonym,mcf10a
GSM320590,GSM320590,breast cancer cell line_BT20,Public on Jan 12 2009,Sep 15 2008,Aug 28 2018,RNA,1.0,Breast cancer,Homo sapiens,gene_expression_subtype: Basal,GPL570,USA,Genentech,GSE12790,GSE12790_series_matrix.txt.gz,BT20,,,CVCL_0178,BT20,Cello Cell line Synonym,bt20
GSM320591,GSM320591,breast cancer cell line_KPL4,Public on Jan 12 2009,Sep 15 2008,Aug 28 2018,RNA,1.0,Breast cancer,Homo sapiens,gene_expression_subtype: Luminal,GPL570,USA,Genentech,GSE12790,GSE12790_series_matrix.txt.gz,KPL4,,,CVCL_5310,KPL4,Cello Cell line Synonym,kpl4
GSM320592,GSM320592,breast cancer cell line_MDA-MB-134VI,Public on Jan 12 2009,Sep 15 2008,Aug 28 2018,RNA,1.0,Breast cancer,Homo sapiens,gene_expression_subtype: Basal,GPL570,USA,Genentech,GSE12790,GSE12790_series_matrix.txt.gz,MDA-MB-134VI,,,CVCL_0617,MDA-MB-134VI,Cello Cell line Synonym,mdamb134vi
GSM320593,GSM320593,breast cancer cell line_MX1,Public on Jan 12 2009,Sep 15 2008,Aug 28 2018,RNA,1.0,Breast cancer,Homo sapiens,gene_expression_subtype: Basal,GPL570,USA,Genentech,GSE12790,GSE12790_series_matrix.txt.gz,MX1,,,CVCL_4774,MX1,Cello Cell line Synonym,mx1
GSM320594,GSM320594,breast cancer cell line_HCC1806,Public on Jan 12 2009,Sep 15 2008,Feb 29 2012,RNA,1.0,Breast cancer,Homo sapiens,gene_expression_subtype: Basal,GPL570,USA,Genentech,GSE12790,GSE12790_series_matrix.txt.gz,HCC1806,,,CVCL_1258,HCC1806,Cello Cell line Name,hcc1806
GSM320595,GSM320595,breast cancer cell line_AU565,Public on Jan 12 2009,Sep 15 2008,Feb 29 2012,RNA,1.0,Breast cancer,Homo sapiens,gene_expression_subtype: Luminal,GPL570,USA,Genentech,GSE12790,GSE12790_series_matrix.txt.gz,AU565,,,CVCL_1074,AU565,Cello Cell line Name,au565
GSM320596,GSM320596,breast cancer cell line_BT474,Public on Jan 12 2009,Sep 15 2008,Feb 29 2012,RNA,1.0,Breast cancer,Homo sapiens,gene_expression_subtype: Luminal,GPL570,USA,Genentech,GSE12790,GSE12790_series_matrix.txt.gz,BT474,,,CVCL_0179,BT474,Cello Cell line Synonym,bt474
GSM320597,GSM320597,breast cancer cell line_BT483,Public on Jan 12 2009,Sep 15 2008,Feb 29 2012,RNA,1.0,Breast cancer,Homo sapiens,gene_expression_subtype: Luminal,GPL570,USA,Genentech,GSE12790,GSE12790_series_matrix.txt.gz,BT483,,,CVCL_2319,BT483,Cello Cell line Synonym,bt483
GSM320598,GSM320598,breast cancer cell line_BT-549,Public on Jan 12 2009,Sep 15 2008,Feb 29 2012,RNA,1.0,Breast cancer,Homo sapiens,gene_expression_subtype: Basal,GPL570,USA,Genentech,GSE12790,GSE12790_series_matrix.txt.gz,BT-549,,,CVCL_1092,BT-549,Cello Cell line Name,bt549
GSM320599,GSM320599,breast cancer cell line_CAMA-1,Public on Jan 12 2009,Sep 15 2008,Feb 29 2012,RNA,1.0,Breast cancer,Homo sapiens,gene_expression_subtype: Luminal,GPL570,USA,Genentech,GSE12790,GSE12790_series_matrix.txt.gz,CAMA-1,,,CVCL_1115,CAMA-1,Cello Cell line Name,cama1
GSM320600,GSM320600,breast cancer cell line_DU4475,Public on Jan 12 2009,Sep 15 2008,Feb 29 2012,RNA,1.0,Breast cancer,Homo sapiens,gene_expression_subtype: Basal,GPL570,USA,Genentech,GSE12790,GSE12790_series_matrix.txt.gz,DU4475,,,CVCL_1183,DU4475,Cello Cell line Name,du4475
GSM320601,GSM320601,breast cancer cell line_Hs578T,Public on Jan 12 2009,Sep 15 2008,Feb 29 2012,RNA,1.0,Breast cancer,Homo sapiens,gene_expression_subtype: Basal,GPL570,USA,Genentech,GSE12790,GSE12790_series_matrix.txt.gz,Hs578T,,,CVCL_0332,Hs578T,Cello Cell line Synonym,hs578t
GSM320602,GSM320602,breast cancer cell line_MCF7,Public on Jan 12 2009,Sep 15 2008,Feb 29 2012,RNA,1.0,Breast cancer,Homo sapiens,gene_expression_subtype: Luminal,GPL570,USA,Genentech,GSE12790,GSE12790_series_matrix.txt.gz,MCF7,,,CVCL_0031,MCF7,Cello Cell line Synonym,mcf7
GSM320603,GSM320603,breast cancer cell line_MDA-MB-175VII,Public on Jan 12 2009,Sep 15 2008,Feb 29 2012,RNA,1.0,Breast cancer,Homo sapiens,gene_expression_subtype: Luminal,GPL570,USA,Genentech,GSE12790,GSE12790_series_matrix.txt.gz,MDA-MB-175VII,,,CVCL_1400,MDA-MB-175VII,Cello Cell line Synonym,mdamb175vii
GSM320604,GSM320604,breast cancer cell line_MDA-MB-231,Public on Jan 12 2009,Sep 15 2008,Feb 29 2012,RNA,1.0,Breast cancer,Homo sapiens,gene_expression_subtype: Basal,GPL570,USA,Genentech,GSE12790,GSE12790_series_matrix.txt.gz,MDA-MB-231,,,CVCL_0062,MDA-MB-231,Cello Cell line Name,mdamb231
GSM320605,GSM320605,breast cancer cell line_MDA-MB-361,Public on Jan 12 2009,Sep 15 2008,Feb 29 2012,RNA,1.0,Breast cancer,Homo sapiens,gene_expression_subtype: Luminal,GPL570,USA,Genentech,GSE12790,GSE12790_series_matrix.txt.gz,MDA-MB-361,,,CVCL_0620,MDA-MB-361,Cello Cell line Name,mdamb361
GSM320606,GSM320606,breast cancer cell line_MDA-MB-415,Public on Jan 12 2009,Sep 15 2008,Feb 29 2012,RNA,1.0,Breast cancer,Homo sapiens,gene_expression_subtype: Luminal,GPL570,USA,Genentech,GSE12790,GSE12790_series_matrix.txt.gz,MDA-MB-415,,,CVCL_0621,MDA-MB-415,Cello Cell line Name,mdamb415
GSM320607,GSM320607,breast cancer cell line_MDA-MB-435s,Public on Jan 12 2009,Sep 15 2008,Feb 29 2012,RNA,1.0,Breast cancer,Homo sapiens,gene_expression_subtype: Basal,GPL570,USA,Genentech,GSE12790,GSE12790_series_matrix.txt.gz,MDA-MB-435s,,,CVCL_0622,MDA-MB-435s,Cello Cell line Synonym,mdamb435s
GSM320608,GSM320608,breast cancer cell line_MDA-MB-436,Public on Jan 12 2009,Sep 15 2008,Feb 29 2012,RNA,1.0,Breast cancer,Homo sapiens,gene_expression_subtype: Basal,GPL570,USA,Genentech,GSE12790,GSE12790_series_matrix.txt.gz,MDA-MB-436,,,CVCL_0623,MDA-MB-436,Cello Cell line Name,mdamb436
GSM320609,GSM320609,breast cancer cell line_MDA-MB-453,Public on Jan 12 2009,Sep 15 2008,Feb 29 2012,RNA,1.0,Breast cancer,Homo sapiens,gene_expression_subtype: Luminal,GPL570,USA,Genentech,GSE12790,GSE12790_series_matrix.txt.gz,MDA-MB-453,,,CVCL_0418,MDA-MB-453,Cello Cell line Name,mdamb453
GSM320610,GSM320610,breast cancer cell line_MDA-MB-468,Public on Jan 12 2009,Sep 15 2008,Feb 29 2012,RNA,1.0,Breast cancer,Homo sapiens,gene_expression_subtype: Basal,GPL570,USA,Genentech,GSE12790,GSE12790_series_matrix.txt.gz,MDA-MB-468,,,CVCL_0419,MDA-MB-468,Cello Cell line Name,mdamb468
GSM320611,GSM320611,breast cancer cell line_SKBR3,Public on Jan 12 2009,Sep 15 2008,Feb 29 2012,RNA,1.0,Breast cancer,Homo sapiens,gene_expression_subtype: Luminal,GPL570,USA,Genentech,GSE12790,GSE12790_series_matrix.txt.gz,SKBR3,,,CVCL_0033,SKBR3,Cello Cell line Synonym,skbr3
GSM320612,GSM320612,breast cancer cell line_T47D,Public on Jan 12 2009,Sep 15 2008,Feb 29 2012,RNA,1.0,Breast cancer,Homo sapiens,gene_expression_subtype: Luminal,GPL570,USA,Genentech,GSE12790,GSE12790_series_matrix.txt.gz,T47D,,,CVCL_0553,T47D,Cello Cell line Synonym,t47d
GSM320613,GSM320613,breast cancer cell line_UACC-812,Public on Jan 12 2009,Sep 15 2008,Feb 29 2012,RNA,1.0,Breast cancer,Homo sapiens,gene_expression_subtype: Luminal,GPL570,USA,Genentech,GSE12790,GSE12790_series_matrix.txt.gz,UACC-812,,,CVCL_1781,UACC-812,Cello Cell line Name,uacc812
GSM320614,GSM320614,breast cancer cell line_ZR75-1,Public on Jan 12 2009,Sep 15 2008,Feb 29 2012,RNA,1.0,Breast cancer,Homo sapiens,gene_expression_subtype: Luminal,GPL570,USA,Genentech,GSE12790,GSE12790_series_matrix.txt.gz,ZR75-1,,,CVCL_0588,ZR75-1,Cello Cell line Synonym,zr751
GSM320615,GSM320615,breast cancer cell line_CAL-120,Public on Jan 12 2009,Sep 15 2008,Feb 29 2012,RNA,1.0,Breast cancer,Homo sapiens,gene_expression_subtype: Basal,GPL570,USA,Genentech,GSE12790,GSE12790_series_matrix.txt.gz,CAL-120,,,CVCL_1104,CAL-120,Cello Cell line Name,cal120
GSM320616,GSM320616,breast cancer cell line_CAL-51,Public on Jan 12 2009,Sep 15 2008,Feb 29 2012,RNA,1.0,Breast cancer,Homo sapiens,gene_expression_subtype: Basal,GPL570,USA,Genentech,GSE12790,GSE12790_series_matrix.txt.gz,CAL-51,,,CVCL_1110,CAL-51,Cello Cell line Name,cal51
GSM320617,GSM320617,breast cancer cell line_CAL85-1,Public on Jan 12 2009,Sep 15 2008,Feb 29 2012,RNA,1.0,Breast cancer,Homo sapiens,gene_expression_subtype: Basal,GPL570,USA,Genentech,GSE12790,GSE12790_series_matrix.txt.gz,CAL85-1,,,CVCL_1114,CAL85-1,Cello Cell line Synonym,cal851
GSM320618,GSM320618,breast cancer cell line_EFM19,Public on Jan 12 2009,Sep 15 2008,Feb 29 2012,RNA,1.0,Breast cancer,Homo sapiens,gene_expression_subtype: Luminal,GPL570,USA,Genentech,GSE12790,GSE12790_series_matrix.txt.gz,EFM19,,,CVCL_0253,EFM19,Cello Cell line Synonym,efm19
GSM320619,GSM320619,breast cancer cell line_EFM-192A,Public on Jan 12 2009,Sep 15 2008,Feb 29 2012,RNA,1.0,Breast cancer,Homo sapiens,gene_expression_subtype: Luminal,GPL570,USA,Genentech,GSE12790,GSE12790_series_matrix.txt.gz,EFM-192A,,,CVCL_1812,EFM-192A,Cello Cell line Name,efm192a
GSM320620,GSM320620,breast cancer cell line_EVSA-T,Public on Jan 12 2009,Sep 15 2008,Feb 29 2012,RNA,1.0,Breast cancer,Homo sapiens,gene_expression_subtype: Luminal,GPL570,USA,Genentech,GSE12790,GSE12790_series_matrix.txt.gz,EVSA-T,,,CVCL_1207,EVSA-T,Cello Cell line Synonym,evsat
GSM320621,GSM320621,breast cancer cell line_HCC1937,Public on Jan 12 2009,Sep 15 2008,Feb 29 2012,RNA,1.0,Breast cancer,Homo sapiens,gene_expression_subtype: Basal,GPL570,USA,Genentech,GSE12790,GSE12790_series_matrix.txt.gz,HCC1937,,,CVCL_0290,HCC1937,Cello Cell line Name,hcc1937
GSM320622,GSM320622,breast cancer cell line_KPL1,Public on Jan 12 2009,Sep 15 2008,Feb 29 2012,RNA,1.0,Breast cancer,Homo sapiens,gene_expression_subtype: Luminal,GPL570,USA,Genentech,GSE12790,GSE12790_series_matrix.txt.gz,KPL1,,,CVCL_2094,KPL1,Cello Cell line Synonym,kpl1
GSM320623,GSM320623,breast cancer cell line_HCC202,Public on Jan 12 2009,Sep 15 2008,Aug 28 2018,RNA,1.0,Breast cancer,Homo sapiens,gene_expression_subtype: Luminal,GPL570,USA,Genentech,GSE12790,GSE12790_series_matrix.txt.gz,HCC202,,,CVCL_2062,HCC202,Cello Cell line Name,hcc202
GSM320624,GSM320624,breast cancer cell line_HCC1419,Public on Jan 12 2009,Sep 15 2008,Feb 29 2012,RNA,1.0,Breast cancer,Homo sapiens,gene_expression_subtype: Luminal,GPL570,USA,Genentech,GSE12790,GSE12790_series_matrix.txt.gz,HCC1419,,,CVCL_1251,HCC1419,Cello Cell line Name,hcc1419
GSM320625,GSM320625,breast cancer cell line_HCC70,Public on Jan 12 2009,Sep 15 2008,Feb 29 2012,RNA,1.0,Breast cancer,Homo sapiens,gene_expression_subtype: Basal,GPL570,USA,Genentech,GSE12790,GSE12790_series_matrix.txt.gz,HCC70,,,CVCL_1270,HCC70,Cello Cell line Name,hcc70
GSM320626,GSM320626,breast cancer cell line_HCC1428,Public on Jan 12 2009,Sep 15 2008,Feb 29 2012,RNA,1.0,Breast cancer,Homo sapiens,gene_expression_subtype: Luminal,GPL570,USA,Genentech,GSE12790,GSE12790_series_matrix.txt.gz,HCC1428,,,CVCL_1252,HCC1428,Cello Cell line Name,hcc1428
GSM320627,GSM320627,breast cancer cell line_HCC1954,Public on Jan 12 2009,Sep 15 2008,Feb 29 2012,RNA,1.0,Breast cancer,Homo sapiens,gene_expression_subtype: Basal,GPL570,USA,Genentech,GSE12790,GSE12790_series_matrix.txt.gz,HCC1954,,,CVCL_1259,HCC1954,Cello Cell line Name,hcc1954
GSM320628,GSM320628,breast cancer cell line_HCC2218,Public on Jan 12 2009,Sep 15 2008,Feb 29 2012,RNA,1.0,Breast cancer,Homo sapiens,gene_expression_subtype: Luminal,GPL570,USA,Genentech,GSE12790,GSE12790_series_matrix.txt.gz,HCC2218,,,CVCL_1263,HCC2218,Cello Cell line Name,hcc2218
GSM320629,GSM320629,breast cancer cell line_HCC1500,Public on Jan 12 2009,Sep 15 2008,Feb 29 2012,RNA,1.0,Breast cancer,Homo sapiens,gene_expression_subtype: Luminal,GPL570,USA,Genentech,GSE12790,GSE12790_series_matrix.txt.gz,HCC1500,,,CVCL_1254,HCC1500,Cello Cell line Name,hcc1500
GSM320630,GSM320630,breast cancer cell line_HCC1395,Public on Jan 12 2009,Sep 15 2008,Feb 29 2012,RNA,1.0,Breast cancer,Homo sapiens,gene_expression_subtype: Basal,GPL570,USA,Genentech,GSE12790,GSE12790_series_matrix.txt.gz,HCC1395,,,CVCL_1249,HCC1395,Cello Cell line Name,hcc1395
GSM320631,GSM320631,breast cancer cell line_HCC1143,Public on Jan 12 2009,Sep 15 2008,Feb 29 2012,RNA,1.0,Breast cancer,Homo sapiens,gene_expression_subtype: Basal,GPL570,USA,Genentech,GSE12790,GSE12790_series_matrix.txt.gz,HCC1143,,,CVCL_1245,HCC1143,Cello Cell line Name,hcc1143
GSM320632,GSM320632,breast cancer cell line_HDQ-P1,Public on Jan 12 2009,Sep 15 2008,Feb 29 2012,RNA,1.0,Breast cancer,Homo sapiens,gene_expression_subtype: Basal,GPL570,USA,Genentech,GSE12790,GSE12790_series_matrix.txt.gz,HDQ-P1,,,CVCL_2067,HDQ-P1,Cello Cell line Name,hdqp1
GSM320633,GSM320633,breast cancer cell line_ZR75-30,Public on Jan 12 2009,Sep 15 2008,Feb 29 2012,RNA,1.0,Breast cancer,Homo sapiens,gene_expression_subtype: Luminal,GPL570,USA,Genentech,GSE12790,GSE12790_series_matrix.txt.gz,ZR75-30,,,CVCL_1661,ZR75-30,Cello Cell line Synonym,zr7530
GSM320634,GSM320634,breast cancer cell line_MFM-223,Public on Jan 12 2009,Sep 15 2008,Feb 29 2012,RNA,1.0,Breast cancer,Homo sapiens,gene_expression_subtype: Luminal,GPL570,USA,Genentech,GSE12790,GSE12790_series_matrix.txt.gz,MFM-223,,,CVCL_1408,MFM-223,Cello Cell line Name,mfm223
GSM320635,GSM320635,breast cancer cell line_HCC1569,Public on Jan 12 2009,Sep 15 2008,Feb 29 2012,RNA,1.0,Breast cancer,Homo sapiens,gene_expression_subtype: Basal,GPL570,USA,Genentech,GSE12790,GSE12790_series_matrix.txt.gz,HCC1569,,,CVCL_1255,HCC1569,Cello Cell line Name,hcc1569
GSM320636,GSM320636,breast cancer cell line_HCC38,Public on Jan 12 2009,Sep 15 2008,Feb 29 2012,RNA,1.0,Breast cancer,Homo sapiens,gene_expression_subtype: Basal,GPL570,USA,Genentech,GSE12790,GSE12790_series_matrix.txt.gz,HCC38,,,CVCL_1267,HCC38,Cello Cell line Name,hcc38
GSM320637,GSM320637,breast cancer cell line_CAL-148,Public on Jan 12 2009,Sep 15 2008,Feb 29 2012,RNA,1.0,Breast cancer,Homo sapiens,gene_expression_subtype: Basal,GPL570,USA,Genentech,GSE12790,GSE12790_series_matrix.txt.gz,CAL-148,,,CVCL_1106,CAL-148,Cello Cell line Name,cal148
GSM320638,GSM320638,breast cancer cell line_UACC-893,Public on Jan 12 2009,Sep 15 2008,Feb 29 2012,RNA,1.0,Breast cancer,Homo sapiens,gene_expression_subtype: Luminal,GPL570,USA,Genentech,GSE12790,GSE12790_series_matrix.txt.gz,UACC-893,,,CVCL_1782,UACC-893,Cello Cell line Name,uacc893
GSM320639,GSM320639,breast cancer cell line_JIMT-1,Public on Jan 12 2009,Sep 15 2008,Feb 29 2012,RNA,1.0,Breast cancer,Homo sapiens,gene_expression_subtype: Luminal,GPL570,USA,Genentech,GSE12790,GSE12790_series_matrix.txt.gz,JIMT-1,,,CVCL_2077,JIMT-1,Cello Cell line Name,jimt1
GSM320640,GSM320640,breast cancer cell line_SW527,Public on Jan 12 2009,Sep 15 2008,Feb 29 2012,RNA,1.0,Breast cancer,Homo sapiens,gene_expression_subtype: Basal,GPL570,USA,Genentech,GSE12790,GSE12790_series_matrix.txt.gz,SW527,,,CVCL_3799,SW527,Cello Cell line Name,sw527
GSM322534,GSM322534,,,,,,,,,,,,,,,,,,CVCL_1629,OVCAR-8,Cello GEO GSM,
GSM322535,GSM322535,,,,,,,,,,,,,,,,,,CVCL_1629,OVCAR-8,Cello GEO GSM,
GSM322536,GSM322536,,,,,,,,,,,,,,,,,,CVCL_1629,OVCAR-8,Cello GEO GSM,
GSM357876,GSM357876,A549-aza-1,Public on Aug 01 2009,Jan 07 2009,Jan 07 2009,RNA,1.0,A549 Cell line,Homo sapiens,Cell line: A549,GPL570,Switzerland,ETH Zurich / University of Zurich,GSE14315,GSE14315_series_matrix.txt.gz,A549,,,CVCL_0023,A549,Cello Cell line Synonym,a549
GSM357877,GSM357877,A549-aza-2,Public on Aug 01 2009,Jan 07 2009,Jan 07 2009,RNA,1.0,A549 Cell line,Homo sapiens,Cell line: A549,GPL570,Switzerland,ETH Zurich / University of Zurich,GSE14315,GSE14315_series_matrix.txt.gz,A549,,,CVCL_0023,A549,Cello Cell line Synonym,a549
GSM357878,GSM357878,A549-aza-3,Public on Aug 01 2009,Jan 07 2009,Jan 07 2009,RNA,1.0,A549 Cell line,Homo sapiens,Cell line: A549,GPL570,Switzerland,ETH Zurich / University of Zurich,GSE14315,GSE14315_series_matrix.txt.gz,A549,,,CVCL_0023,A549,Cello Cell line Synonym,a549
GSM357879,GSM357879,A549-un-1,Public on Aug 01 2009,Jan 07 2009,Jan 07 2009,RNA,1.0,A549 Cell line,Homo sapiens,Cell line: A549,GPL570,Switzerland,ETH Zurich / University of Zurich,GSE14315,GSE14315_series_matrix.txt.gz,A549,,,CVCL_0023,A549,Cello Cell line Synonym,a549
GSM357880,GSM357880,A549-un-2,Public on Aug 01 2009,Jan 07 2009,Jan 07 2009,RNA,1.0,A549 Cell line,Homo sapiens,Cell line: A549,GPL570,Switzerland,ETH Zurich / University of Zurich,GSE14315,GSE14315_series_matrix.txt.gz,A549,,,CVCL_0023,A549,Cello Cell line Synonym,a549
GSM357881,GSM357881,A549-un-3,Public on Aug 01 2009,Jan 07 2009,Jan 07 2009,RNA,1.0,A549 Cell line,Homo sapiens,Cell line: A549,GPL570,Switzerland,ETH Zurich / University of Zurich,GSE14315,GSE14315_series_matrix.txt.gz,A549,,,CVCL_0023,A549,Cello Cell line Synonym,a549
GSM357882,GSM357882,H460-aza-1,Public on Aug 01 2009,Jan 07 2009,Jan 07 2009,RNA,1.0,H460 Cell line,Homo sapiens,Cell line: H460,GPL570,Switzerland,ETH Zurich / University of Zurich,GSE14315,GSE14315_series_matrix.txt.gz,H460,,,CVCL_0459,H460,Cello Cell line Synonym,h460
GSM357883,GSM357883,H460-aza-2,Public on Aug 01 2009,Jan 07 2009,Jan 07 2009,RNA,1.0,H460 Cell line,Homo sapiens,Cell line: H460,GPL570,Switzerland,ETH Zurich / University of Zurich,GSE14315,GSE14315_series_matrix.txt.gz,H460,,,CVCL_0459,H460,Cello Cell line Synonym,h460
GSM357884,GSM357884,H460-aza-3,Public on Aug 01 2009,Jan 07 2009,Jan 07 2009,RNA,1.0,H460 Cell line,Homo sapiens,Cell line: H460,GPL570,Switzerland,ETH Zurich / University of Zurich,GSE14315,GSE14315_series_matrix.txt.gz,H460,,,CVCL_0459,H460,Cello Cell line Synonym,h460
GSM357885,GSM357885,H460-un-1,Public on Aug 01 2009,Jan 07 2009,Jan 07 2009,RNA,1.0,H460 Cell line,Homo sapiens,Cell line: H460,GPL570,Switzerland,ETH Zurich / University of Zurich,GSE14315,GSE14315_series_matrix.txt.gz,H460,,,CVCL_0459,H460,Cello Cell line Synonym,h460
GSM357886,GSM357886,H460-un-2,Public on Aug 01 2009,Jan 07 2009,Jan 07 2009,RNA,1.0,H460 Cell line,Homo sapiens,Cell line: H460,GPL570,Switzerland,ETH Zurich / University of Zurich,GSE14315,GSE14315_series_matrix.txt.gz,H460,,,CVCL_0459,H460,Cello Cell line Synonym,h460
GSM357887,GSM357887,H460-un-3,Public on Aug 01 2009,Jan 07 2009,Jan 07 2009,RNA,1.0,H460 Cell line,Homo sapiens,Cell line: H460,GPL570,Switzerland,ETH Zurich / University of Zurich,GSE14315,GSE14315_series_matrix.txt.gz,H460,,,CVCL_0459,H460,Cello Cell line Synonym,h460
GSM357888,GSM357888,H125-un-1,Public on Aug 01 2009,Jan 07 2009,Jan 07 2009,RNA,1.0,H125 Cell line,Homo sapiens,Cell line: H125,GPL570,Switzerland,ETH Zurich / University of Zurich,GSE14315,GSE14315_series_matrix.txt.gz,H125,,,CVCL_3968,H125,Cello Cell line Synonym,h125
GSM357889,GSM357889,H125-un-2,Public on Aug 01 2009,Jan 07 2009,Jan 07 2009,RNA,1.0,H125 Cell line,Homo sapiens,Cell line: H125,GPL570,Switzerland,ETH Zurich / University of Zurich,GSE14315,GSE14315_series_matrix.txt.gz,H125,,,CVCL_3968,H125,Cello Cell line Synonym,h125
GSM357890,GSM357890,H125-un-3,Public on Aug 01 2009,Jan 07 2009,Jan 07 2009,RNA,1.0,H125 Cell line,Homo sapiens,Cell line: H125,GPL570,Switzerland,ETH Zurich / University of Zurich,GSE14315,GSE14315_series_matrix.txt.gz,H125,,,CVCL_3968,H125,Cello Cell line Synonym,h125
GSM357891,GSM357891,H125-aza-2,Public on Aug 01 2009,Jan 07 2009,Jan 07 2009,RNA,1.0,H125 Cell line,Homo sapiens,Cell line: H125,GPL570,Switzerland,ETH Zurich / University of Zurich,GSE14315,GSE14315_series_matrix.txt.gz,H125,,,CVCL_3968,H125,Cello Cell line Synonym,h125
GSM357892,GSM357892,H125-aza-3,Public on Aug 01 2009,Jan 07 2009,Jan 07 2009,RNA,1.0,H125 Cell line,Homo sapiens,Cell line: H125,GPL570,Switzerland,ETH Zurich / University of Zurich,GSE14315,GSE14315_series_matrix.txt.gz,H125,,,CVCL_3968,H125,Cello Cell line Synonym,h125
GSM357893,GSM357893,ZL25-aza-1,Public on Aug 01 2009,Jan 07 2009,Jan 07 2009,RNA,1.0,ZL25 Cell line,Homo sapiens,Cell line: ZL25,GPL570,Switzerland,ETH Zurich / University of Zurich,GSE14315,GSE14315_series_matrix.txt.gz,ZL25,,,,,,zl25
GSM357894,GSM357894,ZL25-aza-2,Public on Aug 01 2009,Jan 07 2009,Jan 07 2009,RNA,1.0,ZL25 Cell line,Homo sapiens,Cell line: ZL25,GPL570,Switzerland,ETH Zurich / University of Zurich,GSE14315,GSE14315_series_matrix.txt.gz,ZL25,,,,,,zl25
GSM357895,GSM357895,ZL25-aza-3,Public on Aug 01 2009,Jan 07 2009,Jan 07 2009,RNA,1.0,ZL25 Cell line,Homo sapiens,Cell line: ZL25,GPL570,Switzerland,ETH Zurich / University of Zurich,GSE14315,GSE14315_series_matrix.txt.gz,ZL25,,,,,,zl25
GSM357896,GSM357896,ZL25-un-1,Public on Aug 01 2009,Jan 07 2009,Jan 07 2009,RNA,1.0,ZL25 Cell line,Homo sapiens,Cell line: ZL25,GPL570,Switzerland,ETH Zurich / University of Zurich,GSE14315,GSE14315_series_matrix.txt.gz,ZL25,,,,,,zl25
GSM357897,GSM357897,ZL25-un-2,Public on Aug 01 2009,Jan 07 2009,Jan 07 2009,RNA,1.0,ZL25 Cell line,Homo sapiens,Cell line: ZL25,GPL570,Switzerland,ETH Zurich / University of Zurich,GSE14315,GSE14315_series_matrix.txt.gz,ZL25,,,,,,zl25
GSM357898,GSM357898,ZL25-un-3,Public on Aug 01 2009,Jan 07 2009,Jan 07 2009,RNA,1.0,ZL25 Cell line,Homo sapiens,Cell line: ZL25,GPL570,Switzerland,ETH Zurich / University of Zurich,GSE14315,GSE14315_series_matrix.txt.gz,ZL25,,,,,,zl25
GSM357899,GSM357899,Calu3-un-1,Public on Aug 01 2009,Jan 07 2009,Jan 07 2009,RNA,1.0,Calu3 Cell line,Homo sapiens,Cell line: Calu3,GPL570,Switzerland,ETH Zurich / University of Zurich,GSE14315,GSE14315_series_matrix.txt.gz,Calu3,,,CVCL_0609,Calu3,Cello Cell line Synonym,calu3
GSM357900,GSM357900,Calu3-un-2,Public on Aug 01 2009,Jan 07 2009,Jan 07 2009,RNA,1.0,Calu3 Cell line,Homo sapiens,Cell line: Calu3,GPL570,Switzerland,ETH Zurich / University of Zurich,GSE14315,GSE14315_series_matrix.txt.gz,Calu3,,,CVCL_0609,Calu3,Cello Cell line Synonym,calu3
GSM357901,GSM357901,Calu3-aza-1,Public on Aug 01 2009,Jan 07 2009,Jan 07 2009,RNA,1.0,Calu3 Cell line,Homo sapiens,Cell line: Calu3,GPL570,Switzerland,ETH Zurich / University of Zurich,GSE14315,GSE14315_series_matrix.txt.gz,Calu3,,,CVCL_0609,Calu3,Cello Cell line Synonym,calu3
GSM357902,GSM357902,Calu3-aza-2,Public on Aug 01 2009,Jan 07 2009,Jan 07 2009,RNA,1.0,Calu3 Cell line,Homo sapiens,Cell line: Calu3,GPL570,Switzerland,ETH Zurich / University of Zurich,GSE14315,GSE14315_series_matrix.txt.gz,Calu3,,,CVCL_0609,Calu3,Cello Cell line Synonym,calu3
GSM357903,GSM357903,Calu3-aza-3,Public on Aug 01 2009,Jan 07 2009,Jan 07 2009,RNA,1.0,Calu3 Cell line,Homo sapiens,Cell line: Calu3,GPL570,Switzerland,ETH Zurich / University of Zurich,GSE14315,GSE14315_series_matrix.txt.gz,Calu3,,,CVCL_0609,Calu3,Cello Cell line Synonym,calu3
GSM357904,GSM357904,Hotz-un-1,Public on Aug 01 2009,Jan 07 2009,Jan 07 2009,RNA,1.0,Hotz Cell line,Homo sapiens,Cell line: Hotz,GPL570,Switzerland,ETH Zurich / University of Zurich,GSE14315,GSE14315_series_matrix.txt.gz,Hotz,,,,,,hotz
GSM357905,GSM357905,Hotz-un-2,Public on Aug 01 2009,Jan 07 2009,Jan 07 2009,RNA,1.0,Hotz Cell line,Homo sapiens,Cell line: Hotz,GPL570,Switzerland,ETH Zurich / University of Zurich,GSE14315,GSE14315_series_matrix.txt.gz,Hotz,,,,,,hotz
GSM357906,GSM357906,Hotz-un-3,Public on Aug 01 2009,Jan 07 2009,Jan 07 2009,RNA,1.0,Hotz Cell line,Homo sapiens,Cell line: Hotz,GPL570,Switzerland,ETH Zurich / University of Zurich,GSE14315,GSE14315_series_matrix.txt.gz,Hotz,,,,,,hotz
GSM357907,GSM357907,Hotz-aza-1,Public on Aug 01 2009,Jan 07 2009,Jan 07 2009,RNA,1.0,Hotz Cell line,Homo sapiens,Cell line: Hotz,GPL570,Switzerland,ETH Zurich / University of Zurich,GSE14315,GSE14315_series_matrix.txt.gz,Hotz,,,,,,hotz
GSM357908,GSM357908,Hotz-aza-2,Public on Aug 01 2009,Jan 07 2009,Jan 07 2009,RNA,1.0,Hotz Cell line,Homo sapiens,Cell line: Hotz,GPL570,Switzerland,ETH Zurich / University of Zurich,GSE14315,GSE14315_series_matrix.txt.gz,Hotz,,,,,,hotz
GSM357909,GSM357909,Hotz-aza-3,Public on Aug 01 2009,Jan 07 2009,Jan 07 2009,RNA,1.0,Hotz Cell line,Homo sapiens,Cell line: Hotz,GPL570,Switzerland,ETH Zurich / University of Zurich,GSE14315,GSE14315_series_matrix.txt.gz,Hotz,,,,,,hotz
GSM357910,GSM357910,U1752-un-1,Public on Aug 01 2009,Jan 07 2009,Jan 07 2009,RNA,1.0,U1752 Cell line,Homo sapiens,Cell line: U1752,GPL570,Switzerland,ETH Zurich / University of Zurich,GSE14315,GSE14315_series_matrix.txt.gz,U1752,,,CVCL_0565,U1752,Cello Cell line Synonym,u1752
GSM357911,GSM357911,U1752-un-2,Public on Aug 01 2009,Jan 07 2009,Jan 07 2009,RNA,1.0,U1752 Cell line,Homo sapiens,Cell line: U1752,GPL570,Switzerland,ETH Zurich / University of Zurich,GSE14315,GSE14315_series_matrix.txt.gz,U1752,,,CVCL_0565,U1752,Cello Cell line Synonym,u1752
GSM357912,GSM357912,U1752-un-3,Public on Aug 01 2009,Jan 07 2009,Jan 07 2009,RNA,1.0,U1752 Cell line,Homo sapiens,Cell line: U1752,GPL570,Switzerland,ETH Zurich / University of Zurich,GSE14315,GSE14315_series_matrix.txt.gz,U1752,,,CVCL_0565,U1752,Cello Cell line Synonym,u1752
GSM357913,GSM357913,U1752-aza-1,Public on Aug 01 2009,Jan 07 2009,Jan 07 2009,RNA,1.0,U1752 Cell line,Homo sapiens,Cell line: U1752,GPL570,Switzerland,ETH Zurich / University of Zurich,GSE14315,GSE14315_series_matrix.txt.gz,U1752,,,CVCL_0565,U1752,Cello Cell line Synonym,u1752
GSM357914,GSM357914,U1752-aza-2,Public on Aug 01 2009,Jan 07 2009,Jan 07 2009,RNA,1.0,U1752 Cell line,Homo sapiens,Cell line: U1752,GPL570,Switzerland,ETH Zurich / University of Zurich,GSE14315,GSE14315_series_matrix.txt.gz,U1752,,,CVCL_0565,U1752,Cello Cell line Synonym,u1752
GSM357915,GSM357915,U1752-aza-3,Public on Aug 01 2009,Jan 07 2009,Jan 07 2009,RNA,1.0,U1752 Cell line,Homo sapiens,Cell line: U1752,GPL570,Switzerland,ETH Zurich / University of Zurich,GSE14315,GSE14315_series_matrix.txt.gz,U1752,,,CVCL_0565,U1752,Cello Cell line Synonym,u1752
GSM357916,GSM357916,Calu1-un-1,Public on Aug 01 2009,Jan 07 2009,Jan 07 2009,RNA,1.0,Calu1 Cell line,Homo sapiens,Cell line: Calu1,GPL570,Switzerland,ETH Zurich / University of Zurich,GSE14315,GSE14315_series_matrix.txt.gz,Calu1,,,CVCL_0608,Calu1,Cello Cell line Synonym,calu1
GSM357917,GSM357917,Calu1-un-2,Public on Aug 01 2009,Jan 07 2009,Jan 07 2009,RNA,1.0,Calu1 Cell line,Homo sapiens,Cell line: Calu1,GPL570,Switzerland,ETH Zurich / University of Zurich,GSE14315,GSE14315_series_matrix.txt.gz,Calu1,,,CVCL_0608,Calu1,Cello Cell line Synonym,calu1
GSM357918,GSM357918,Calu1-un-3,Public on Aug 01 2009,Jan 07 2009,Jan 07 2009,RNA,1.0,Calu1 Cell line,Homo sapiens,Cell line: Calu1,GPL570,Switzerland,ETH Zurich / University of Zurich,GSE14315,GSE14315_series_matrix.txt.gz,Calu1,,,CVCL_0608,Calu1,Cello Cell line Synonym,calu1
GSM357919,GSM357919,Calu1-aza-1,Public on Aug 01 2009,Jan 07 2009,Jan 07 2009,RNA,1.0,Calu1 Cell line,Homo sapiens,Cell line: Calu1,GPL570,Switzerland,ETH Zurich / University of Zurich,GSE14315,GSE14315_series_matrix.txt.gz,Calu1,,,CVCL_0608,Calu1,Cello Cell line Synonym,calu1
GSM357920,GSM357920,Calu1-aza-2,Public on Aug 01 2009,Jan 07 2009,Jan 07 2009,RNA,1.0,Calu1 Cell line,Homo sapiens,Cell line: Calu1,GPL570,Switzerland,ETH Zurich / University of Zurich,GSE14315,GSE14315_series_matrix.txt.gz,Calu1,,,CVCL_0608,Calu1,Cello Cell line Synonym,calu1
GSM357921,GSM357921,Calu1-aza-3,Public on Aug 01 2009,Jan 07 2009,Jan 07 2009,RNA,1.0,Calu1 Cell line,Homo sapiens,Cell line: Calu1,GPL570,Switzerland,ETH Zurich / University of Zurich,GSE14315,GSE14315_series_matrix.txt.gz,Calu1,,,CVCL_0608,Calu1,Cello Cell line Synonym,calu1
GSM357922,GSM357922,Calu6-un-1,Public on Aug 01 2009,Jan 07 2009,Jan 07 2009,RNA,1.0,Calu6 Cell line,Homo sapiens,Cell line: Calu6,GPL570,Switzerland,ETH Zurich / University of Zurich,GSE14315,GSE14315_series_matrix.txt.gz,Calu6,,,CVCL_0236,Calu6,Cello Cell line Synonym,calu6
GSM357923,GSM357923,Calu6-un-2,Public on Aug 01 2009,Jan 07 2009,Jan 07 2009,RNA,1.0,Calu6 Cell line,Homo sapiens,Cell line: Calu6,GPL570,Switzerland,ETH Zurich / University of Zurich,GSE14315,GSE14315_series_matrix.txt.gz,Calu6,,,CVCL_0236,Calu6,Cello Cell line Synonym,calu6
GSM357924,GSM357924,Calu6-un-3,Public on Aug 01 2009,Jan 07 2009,Jan 07 2009,RNA,1.0,Calu6 Cell line,Homo sapiens,Cell line: Calu6,GPL570,Switzerland,ETH Zurich / University of Zurich,GSE14315,GSE14315_series_matrix.txt.gz,Calu6,,,CVCL_0236,Calu6,Cello Cell line Synonym,calu6
GSM357925,GSM357925,Calu6-aza-1,Public on Aug 01 2009,Jan 07 2009,Jan 07 2009,RNA,1.0,Calu6 Cell line,Homo sapiens,Cell line: Calu6,GPL570,Switzerland,ETH Zurich / University of Zurich,GSE14315,GSE14315_series_matrix.txt.gz,Calu6,,,CVCL_0236,Calu6,Cello Cell line Synonym,calu6
GSM357926,GSM357926,Calu6-aza-2,Public on Aug 01 2009,Jan 07 2009,Jan 07 2009,RNA,1.0,Calu6 Cell line,Homo sapiens,Cell line: Calu6,GPL570,Switzerland,ETH Zurich / University of Zurich,GSE14315,GSE14315_series_matrix.txt.gz,Calu6,,,CVCL_0236,Calu6,Cello Cell line Synonym,calu6
GSM357927,GSM357927,Calu6-aza-3,Public on Aug 01 2009,Jan 07 2009,Jan 07 2009,RNA,1.0,Calu6 Cell line,Homo sapiens,Cell line: Calu6,GPL570,Switzerland,ETH Zurich / University of Zurich,GSE14315,GSE14315_series_matrix.txt.gz,Calu6,,,CVCL_0236,Calu6,Cello Cell line Synonym,calu6
GSM357928,GSM357928,SW2-un-3,Public on Aug 01 2009,Jan 07 2009,Jan 07 2009,RNA,1.0,SW2 Cell line,Homo sapiens,Cell line: SW2,GPL570,Switzerland,ETH Zurich / University of Zurich,GSE14315,GSE14315_series_matrix.txt.gz,SW2,,,CVCL_R777,SW2,Cello Cell line Name,sw2
GSM357929,GSM357929,SW2-un-4,Public on Aug 01 2009,Jan 07 2009,Jan 07 2009,RNA,1.0,SW2 Cell line,Homo sapiens,Cell line: SW2,GPL570,Switzerland,ETH Zurich / University of Zurich,GSE14315,GSE14315_series_matrix.txt.gz,SW2,,,CVCL_R777,SW2,Cello Cell line Name,sw2
GSM357930,GSM357930,SW2-un-5,Public on Aug 01 2009,Jan 07 2009,Jan 07 2009,RNA,1.0,SW2 Cell line,Homo sapiens,Cell line: SW2,GPL570,Switzerland,ETH Zurich / University of Zurich,GSE14315,GSE14315_series_matrix.txt.gz,SW2,,,CVCL_R777,SW2,Cello Cell line Name,sw2
GSM357931,GSM357931,SW2-aza-2,Public on Aug 01 2009,Jan 07 2009,Jan 07 2009,RNA,1.0,SW2 Cell line,Homo sapiens,Cell line: SW2,GPL570,Switzerland,ETH Zurich / University of Zurich,GSE14315,GSE14315_series_matrix.txt.gz,SW2,,,CVCL_R777,SW2,Cello Cell line Name,sw2
GSM357932,GSM357932,SW2-aza-3,Public on Aug 01 2009,Jan 07 2009,Jan 07 2009,RNA,1.0,SW2 Cell line,Homo sapiens,Cell line: SW2,GPL570,Switzerland,ETH Zurich / University of Zurich,GSE14315,GSE14315_series_matrix.txt.gz,SW2,,,CVCL_R777,SW2,Cello Cell line Name,sw2
GSM357933,GSM357933,SW2-aza-4,Public on Aug 01 2009,Jan 07 2009,Jan 07 2009,RNA,1.0,SW2 Cell line,Homo sapiens,Cell line: SW2,GPL570,Switzerland,ETH Zurich / University of Zurich,GSE14315,GSE14315_series_matrix.txt.gz,SW2,,,CVCL_R777,SW2,Cello Cell line Name,sw2
GSM385010,GSM385010,"human non-Hodgkins lymphoma cell line, A3_Kawakami_rep1",Public on May 11 2009,Mar 20 2009,May 11 2009,RNA,1.0,human non-Hodgkins lymphoma cell line,Homo sapiens,cell line: A3_Kawakami,GPL570,USA,Genentech Inc,GSE15329,GSE15329_series_matrix.txt.gz,A3_Kawakami,,,CVCL_1062,A3/Kawakami,Cello match alphanum,a3kawakami
GSM385011,GSM385011,"human non-Hodgkins lymphoma cell line, A3_Kawakami_rep2",Public on May 11 2009,Mar 20 2009,May 11 2009,RNA,1.0,human non-Hodgkins lymphoma cell line,Homo sapiens,cell line: A3_Kawakami,GPL570,USA,Genentech Inc,GSE15329,GSE15329_series_matrix.txt.gz,A3_Kawakami,,,CVCL_1062,A3/Kawakami,Cello match alphanum,a3kawakami
GSM385012,GSM385012,"human non-Hodgkins lymphoma cell line, A4_Fukada_rep2",Public on May 11 2009,Mar 20 2009,May 11 2009,RNA,1.0,human non-Hodgkins lymphoma cell line,Homo sapiens,cell line: A4_Fukada,GPL570,USA,Genentech Inc,GSE15329,GSE15329_series_matrix.txt.gz,A4_Fukada,,,,,,a4fukada
GSM385013,GSM385013,"human non-Hodgkins lymphoma cell line, BJAB",Public on May 11 2009,Mar 20 2009,May 11 2009,RNA,1.0,human non-Hodgkins lymphoma cell line,Homo sapiens,cell line: BJAB,GPL570,USA,Genentech Inc,GSE15329,GSE15329_series_matrix.txt.gz,BJAB,,,CVCL_5711,BJAB,Cello Cell line Name,bjab
GSM385014,GSM385014,"human non-Hodgkins lymphoma cell line, CI-1_rep1",Public on May 11 2009,Mar 20 2009,May 11 2009,RNA,1.0,human non-Hodgkins lymphoma cell line,Homo sapiens,cell line: CI-1,GPL570,USA,Genentech Inc,GSE15329,GSE15329_series_matrix.txt.gz,CI-1,,,CVCL_1861,CI-1,Cello Cell line Synonym,ci1
GSM385015,GSM385015,"human non-Hodgkins lymphoma cell line, CI-1_rep2",Public on May 11 2009,Mar 20 2009,May 11 2009,RNA,1.0,human non-Hodgkins lymphoma cell line,Homo sapiens,cell line: CI-1,GPL570,USA,Genentech Inc,GSE15329,GSE15329_series_matrix.txt.gz,CI-1,,,CVCL_1861,CI-1,Cello Cell line Synonym,ci1
GSM385016,GSM385016,"human non-Hodgkins lymphoma cell line, DB",Public on May 11 2009,Mar 20 2009,May 11 2009,RNA,1.0,human non-Hodgkins lymphoma cell line,Homo sapiens,cell line: DB,GPL570,USA,Genentech Inc,GSE15329,GSE15329_series_matrix.txt.gz,DB,,,CVCL_1168,DB,Cello Cell line Name,db
GSM385017,GSM385017,"human non-Hodgkins lymphoma cell line, DoHH2",Public on May 11 2009,Mar 20 2009,May 11 2009,RNA,1.0,human non-Hodgkins lymphoma cell line,Homo sapiens,cell line: DoHH2,GPL570,USA,Genentech Inc,GSE15329,GSE15329_series_matrix.txt.gz,DoHH2,,,CVCL_1179,DoHH2,Cello Cell line Name,dohh2
GSM385018,GSM385018,"human non-Hodgkins lymphoma cell line, Farage",Public on May 11 2009,Mar 20 2009,May 11 2009,RNA,1.0,human non-Hodgkins lymphoma cell line,Homo sapiens,cell line: Farage,GPL570,USA,Genentech Inc,GSE15329,GSE15329_series_matrix.txt.gz,Farage,,,CVCL_3302,Farage,Cello Cell line Name,farage
GSM385019,GSM385019,"human non-Hodgkins lymphoma cell line, FarageX1_rep1",Public on May 11 2009,Mar 20 2009,May 11 2009,RNA,1.0,human non-Hodgkins lymphoma cell line,Homo sapiens,cell line: FarageX1,GPL570,USA,Genentech Inc,GSE15329,GSE15329_series_matrix.txt.gz,FarageX1,,,,,,faragex1
GSM385020,GSM385020,"human non-Hodgkins lymphoma cell line, FarageX1_rep2",Public on May 11 2009,Mar 20 2009,May 11 2009,RNA,1.0,human non-Hodgkins lymphoma cell line,Homo sapiens,cell line: FarageX1,GPL570,USA,Genentech Inc,GSE15329,GSE15329_series_matrix.txt.gz,FarageX1,,,,,,faragex1
GSM385021,GSM385021,"human non-Hodgkins lymphoma cell line, GRANTA-519",Public on May 11 2009,Mar 20 2009,May 11 2009,RNA,1.0,human non-Hodgkins lymphoma cell line,Homo sapiens,cell line: GRANTA-519,GPL570,USA,Genentech Inc,GSE15329,GSE15329_series_matrix.txt.gz,GRANTA-519,,,CVCL_1818,GRANTA-519,Cello Cell line Synonym,granta519
GSM385022,GSM385022,"human non-Hodgkins lymphoma cell line, HT",Public on May 11 2009,Mar 20 2009,May 11 2009,RNA,1.0,human non-Hodgkins lymphoma cell line,Homo sapiens,cell line: HT,GPL570,USA,Genentech Inc,GSE15329,GSE15329_series_matrix.txt.gz,HT,,,CVCL_1290,HT,Cello Cell line Name,ht
GSM385023,GSM385023,"human non-Hodgkins lymphoma cell line, Jeko1",Public on May 11 2009,Mar 20 2009,May 11 2009,RNA,1.0,human non-Hodgkins lymphoma cell line,Homo sapiens,cell line: Jeko1,GPL570,USA,Genentech Inc,GSE15329,GSE15329_series_matrix.txt.gz,Jeko1,,,CVCL_1865,Jeko1,Cello Cell line Synonym,jeko1
GSM385024,GSM385024,"human non-Hodgkins lymphoma cell line, KARPAS-1106P_rep1",Public on May 11 2009,Mar 20 2009,May 11 2009,RNA,1.0,human non-Hodgkins lymphoma cell line,Homo sapiens,cell line: KARPAS-1106P,GPL570,USA,Genentech Inc,GSE15329,GSE15329_series_matrix.txt.gz,KARPAS-1106P,,,CVCL_1821,KARPAS-1106P,Cello Cell line Synonym,karpas1106p
GSM385025,GSM385025,"human non-Hodgkins lymphoma cell line, KARPAS-1106P_rep2",Public on May 11 2009,Mar 20 2009,May 11 2009,RNA,1.0,human non-Hodgkins lymphoma cell line,Homo sapiens,cell line: KARPAS-1106P,GPL570,USA,Genentech Inc,GSE15329,GSE15329_series_matrix.txt.gz,KARPAS-1106P,,,CVCL_1821,KARPAS-1106P,Cello Cell line Synonym,karpas1106p
GSM385026,GSM385026,"human non-Hodgkins lymphoma cell line, Karpas-422",Public on May 11 2009,Mar 20 2009,May 11 2009,RNA,1.0,human non-Hodgkins lymphoma cell line,Homo sapiens,cell line: Karpas-422,GPL570,USA,Genentech Inc,GSE15329,GSE15329_series_matrix.txt.gz,Karpas-422,,,CVCL_1325,Karpas-422,Cello Cell line Name,karpas422
GSM385027,GSM385027,"human non-Hodgkins lymphoma cell line, MC116",Public on May 11 2009,Mar 20 2009,May 11 2009,RNA,1.0,human non-Hodgkins lymphoma cell line,Homo sapiens,cell line: MC116,GPL570,USA,Genentech Inc,GSE15329,GSE15329_series_matrix.txt.gz,MC116,,,CVCL_1399,MC116,Cello Cell line Name,mc116
GSM385028,GSM385028,"human non-Hodgkins lymphoma cell line, MHH-PREB-1_rep1",Public on May 11 2009,Mar 20 2009,May 11 2009,RNA,1.0,human non-Hodgkins lymphoma cell line,Homo sapiens,cell line: MHH-PREB-1,GPL570,USA,Genentech Inc,GSE15329,GSE15329_series_matrix.txt.gz,MHH-PREB-1,,,CVCL_1413,MHH-PREB-1,Cello Cell line Name,mhhpreb1
GSM385029,GSM385029,"human non-Hodgkins lymphoma cell line, MHH-PREB-1_rep2",Public on May 11 2009,Mar 20 2009,May 11 2009,RNA,1.0,human non-Hodgkins lymphoma cell line,Homo sapiens,cell line: MHH-PREB-1,GPL570,USA,Genentech Inc,GSE15329,GSE15329_series_matrix.txt.gz,MHH-PREB-1,,,CVCL_1413,MHH-PREB-1,Cello Cell line Name,mhhpreb1
GSM385030,GSM385030,"human non-Hodgkins lymphoma cell line, NU-DHL-1_rep3",Public on May 11 2009,Mar 20 2009,May 11 2009,RNA,1.0,human non-Hodgkins lymphoma cell line,Homo sapiens,cell line: NU-DHL-1,GPL570,USA,Genentech Inc,GSE15329,GSE15329_series_matrix.txt.gz,NU-DHL-1,,,CVCL_1876,NU-DHL-1,Cello Cell line Name,nudhl1
GSM385031,GSM385031,"human non-Hodgkins lymphoma cell line, NU-DHL-1_rep4",Public on May 11 2009,Mar 20 2009,May 11 2009,RNA,1.0,human non-Hodgkins lymphoma cell line,Homo sapiens,cell line: NU-DHL-1,GPL570,USA,Genentech Inc,GSE15329,GSE15329_series_matrix.txt.gz,NU-DHL-1,,,CVCL_1876,NU-DHL-1,Cello Cell line Name,nudhl1
GSM385032,GSM385032,"human non-Hodgkins lymphoma cell line, NU-DUL-1_rep1",Public on May 11 2009,Mar 20 2009,May 11 2009,RNA,1.0,human non-Hodgkins lymphoma cell line,Homo sapiens,cell line: NU-DUL-1,GPL570,USA,Genentech Inc,GSE15329,GSE15329_series_matrix.txt.gz,NU-DUL-1,,,CVCL_1877,NU-DUL-1,Cello Cell line Name,nudul1
GSM385033,GSM385033,"human non-Hodgkins lymphoma cell line, NU-DUL-1_rep2",Public on May 11 2009,Mar 20 2009,May 11 2009,RNA,1.0,human non-Hodgkins lymphoma cell line,Homo sapiens,cell line: NU-DUL-1,GPL570,USA,Genentech Inc,GSE15329,GSE15329_series_matrix.txt.gz,NU-DUL-1,,,CVCL_1877,NU-DUL-1,Cello Cell line Name,nudul1
GSM385034,GSM385034,"human non-Hodgkins lymphoma cell line, OCI-Ly19_rep1",Public on May 11 2009,Mar 20 2009,May 11 2009,RNA,1.0,human non-Hodgkins lymphoma cell line,Homo sapiens,cell line: OCI-Ly19,GPL570,USA,Genentech Inc,GSE15329,GSE15329_series_matrix.txt.gz,OCI-Ly19,,,CVCL_1878,OCI-Ly19,Cello Cell line Name,ocily19
GSM385035,GSM385035,"human non-Hodgkins lymphoma cell line, OCI-Ly19_rep2",Public on May 11 2009,Mar 20 2009,May 11 2009,RNA,1.0,human non-Hodgkins lymphoma cell line,Homo sapiens,cell line: OCI-Ly19,GPL570,USA,Genentech Inc,GSE15329,GSE15329_series_matrix.txt.gz,OCI-Ly19,,,CVCL_1878,OCI-Ly19,Cello Cell line Name,ocily19
GSM385036,GSM385036,"human non-Hodgkins lymphoma cell line, Pfeiffer",Public on May 11 2009,Mar 20 2009,May 11 2009,RNA,1.0,human non-Hodgkins lymphoma cell line,Homo sapiens,cell line: Pfeiffer,GPL570,USA,Genentech Inc,GSE15329,GSE15329_series_matrix.txt.gz,Pfeiffer,,,CVCL_3326,Pfeiffer,Cello Cell line Name,pfeiffer
GSM385037,GSM385037,"human non-Hodgkins lymphoma cell line, RC-K8_rep1",Public on May 11 2009,Mar 20 2009,May 11 2009,RNA,1.0,human non-Hodgkins lymphoma cell line,Homo sapiens,cell line: RC-K8,GPL570,USA,Genentech Inc,GSE15329,GSE15329_series_matrix.txt.gz,RC-K8,,,CVCL_1883,RC-K8,Cello Cell line Name,rck8
GSM385038,GSM385038,"human non-Hodgkins lymphoma cell line, RC-K8_rep2",Public on May 11 2009,Mar 20 2009,May 11 2009,RNA,1.0,human non-Hodgkins lymphoma cell line,Homo sapiens,cell line: RC-K8,GPL570,USA,Genentech Inc,GSE15329,GSE15329_series_matrix.txt.gz,RC-K8,,,CVCL_1883,RC-K8,Cello Cell line Name,rck8
GSM385039,GSM385039,"human non-Hodgkins lymphoma cell line, REC-1",Public on May 11 2009,Mar 20 2009,May 11 2009,RNA,1.0,human non-Hodgkins lymphoma cell line,Homo sapiens,cell line: REC-1,GPL570,USA,Genentech Inc,GSE15329,GSE15329_series_matrix.txt.gz,REC-1,,,CVCL_1884,REC-1,Cello Cell line Name,rec1
GSM385040,GSM385040,"human non-Hodgkins lymphoma cell line, RI_1",Public on May 11 2009,Mar 20 2009,May 11 2009,RNA,1.0,human non-Hodgkins lymphoma cell line,Homo sapiens,cell line: RI_1,GPL570,USA,Genentech Inc,GSE15329,GSE15329_series_matrix.txt.gz,RI_1,,,CVCL_1885,Ri-1,Cello match alphanum,ri1
GSM385041,GSM385041,"human non-Hodgkins lymphoma cell line, RL_rep1",Public on May 11 2009,Mar 20 2009,May 11 2009,RNA,1.0,human non-Hodgkins lymphoma cell line,Homo sapiens,cell line: RL,GPL570,USA,Genentech Inc,GSE15329,GSE15329_series_matrix.txt.gz,RL,,,CVCL_1660,RL,Cello Cell line Name,rl
GSM385042,GSM385042,"human non-Hodgkins lymphoma cell line, RL_rep2",Public on May 11 2009,Mar 20 2009,May 11 2009,RNA,1.0,human non-Hodgkins lymphoma cell line,Homo sapiens,cell line: RL,GPL570,USA,Genentech Inc,GSE15329,GSE15329_series_matrix.txt.gz,RL,,,CVCL_1660,RL,Cello Cell line Name,rl
GSM385043,GSM385043,"human non-Hodgkins lymphoma cell line, Ramos_rep1",Public on May 11 2009,Mar 20 2009,May 11 2009,RNA,1.0,human non-Hodgkins lymphoma cell line,Homo sapiens,cell line: Ramos,GPL570,USA,Genentech Inc,GSE15329,GSE15329_series_matrix.txt.gz,Ramos,,,CVCL_0597,Ramos,Cello Cell line Name,ramos
GSM385044,GSM385044,"human non-Hodgkins lymphoma cell line, Ramos_rep2",Public on May 11 2009,Mar 20 2009,May 11 2009,RNA,1.0,human non-Hodgkins lymphoma cell line,Homo sapiens,cell line: Ramos,GPL570,USA,Genentech Inc,GSE15329,GSE15329_series_matrix.txt.gz,Ramos,,,CVCL_0597,Ramos,Cello Cell line Name,ramos
GSM385045,GSM385045,"human non-Hodgkins lymphoma cell line, SCC-3_rep1",Public on May 11 2009,Mar 20 2009,May 11 2009,RNA,1.0,human non-Hodgkins lymphoma cell line,Homo sapiens,cell line: SCC-3,GPL570,USA,Genentech Inc,GSE15329,GSE15329_series_matrix.txt.gz,SCC-3,,,CVCL_1683,SCC-3,Cello Cell line Name,scc3
GSM385046,GSM385046,"human non-Hodgkins lymphoma cell line, SCC-3_rep2",Public on May 11 2009,Mar 20 2009,May 11 2009,RNA,1.0,human non-Hodgkins lymphoma cell line,Homo sapiens,cell line: SCC-3,GPL570,USA,Genentech Inc,GSE15329,GSE15329_series_matrix.txt.gz,SCC-3,,,CVCL_1683,SCC-3,Cello Cell line Name,scc3
GSM385047,GSM385047,"human non-Hodgkins lymphoma cell line, SR",Public on May 11 2009,Mar 20 2009,May 11 2009,RNA,1.0,human non-Hodgkins lymphoma cell line,Homo sapiens,cell line: SR,GPL570,USA,Genentech Inc,GSE15329,GSE15329_series_matrix.txt.gz,SR,,,CVCL_1711,SR,Cello Cell line Name,sr
GSM385048,GSM385048,"human non-Hodgkins lymphoma cell line, SU-DHL-10_rep1",Public on May 11 2009,Mar 20 2009,May 11 2009,RNA,1.0,human non-Hodgkins lymphoma cell line,Homo sapiens,cell line: SU-DHL-10,GPL570,USA,Genentech Inc,GSE15329,GSE15329_series_matrix.txt.gz,SU-DHL-10,,,CVCL_1889,SU-DHL-10,Cello Cell line Name,sudhl10
GSM385049,GSM385049,"human non-Hodgkins lymphoma cell line, SU-DHL-10_rep2",Public on May 11 2009,Mar 20 2009,May 11 2009,RNA,1.0,human non-Hodgkins lymphoma cell line,Homo sapiens,cell line: SU-DHL-10,GPL570,USA,Genentech Inc,GSE15329,GSE15329_series_matrix.txt.gz,SU-DHL-10,,,CVCL_1889,SU-DHL-10,Cello Cell line Name,sudhl10
GSM385050,GSM385050,"human non-Hodgkins lymphoma cell line, SU-DHL-16_rep1",Public on May 11 2009,Mar 20 2009,May 11 2009,RNA,1.0,human non-Hodgkins lymphoma cell line,Homo sapiens,cell line: SU-DHL-16,GPL570,USA,Genentech Inc,GSE15329,GSE15329_series_matrix.txt.gz,SU-DHL-16,,,CVCL_1890,SU-DHL-16,Cello Cell line Name,sudhl16
GSM385051,GSM385051,"human non-Hodgkins lymphoma cell line, SU-DHL-16_rep2",Public on May 11 2009,Mar 20 2009,May 11 2009,RNA,1.0,human non-Hodgkins lymphoma cell line,Homo sapiens,cell line: SU-DHL-16,GPL570,USA,Genentech Inc,GSE15329,GSE15329_series_matrix.txt.gz,SU-DHL-16,,,CVCL_1890,SU-DHL-16,Cello Cell line Name,sudhl16
GSM385052,GSM385052,"human non-Hodgkins lymphoma cell line, SU-DHL-1_rep1",Public on May 11 2009,Mar 20 2009,May 11 2009,RNA,1.0,human non-Hodgkins lymphoma cell line,Homo sapiens,cell line: SU-DHL-1,GPL570,USA,Genentech Inc,GSE15329,GSE15329_series_matrix.txt.gz,SU-DHL-1,,,CVCL_0538,SU-DHL-1,Cello Cell line Name,sudhl1
GSM385053,GSM385053,"human non-Hodgkins lymphoma cell line, SU-DHL-1_rep2",Public on May 11 2009,Mar 20 2009,May 11 2009,RNA,1.0,human non-Hodgkins lymphoma cell line,Homo sapiens,cell line: SU-DHL-1,GPL570,USA,Genentech Inc,GSE15329,GSE15329_series_matrix.txt.gz,SU-DHL-1,,,CVCL_0538,SU-DHL-1,Cello Cell line Name,sudhl1
GSM385054,GSM385054,"human non-Hodgkins lymphoma cell line, SU-DHL-4_rep1",Public on May 11 2009,Mar 20 2009,May 11 2009,RNA,1.0,human non-Hodgkins lymphoma cell line,Homo sapiens,cell line: SU-DHL-4,GPL570,USA,Genentech Inc,GSE15329,GSE15329_series_matrix.txt.gz,SU-DHL-4,,,CVCL_0539,SU-DHL-4,Cello Cell line Name,sudhl4
GSM385055,GSM385055,"human non-Hodgkins lymphoma cell line, SU-DHL-4_rep2",Public on May 11 2009,Mar 20 2009,May 11 2009,RNA,1.0,human non-Hodgkins lymphoma cell line,Homo sapiens,cell line: SU-DHL-4,GPL570,USA,Genentech Inc,GSE15329,GSE15329_series_matrix.txt.gz,SU-DHL-4,,,CVCL_0539,SU-DHL-4,Cello Cell line Name,sudhl4
GSM385056,GSM385056,"human non-Hodgkins lymphoma cell line, SU-DHL-4_rep3",Public on May 11 2009,Mar 20 2009,May 11 2009,RNA,1.0,human non-Hodgkins lymphoma cell line,Homo sapiens,cell line: SU-DHL-4,GPL570,USA,Genentech Inc,GSE15329,GSE15329_series_matrix.txt.gz,SU-DHL-4,,,CVCL_0539,SU-DHL-4,Cello Cell line Name,sudhl4
GSM385057,GSM385057,"human non-Hodgkins lymphoma cell line, SU-DHL-4_rep4",Public on May 11 2009,Mar 20 2009,May 11 2009,RNA,1.0,human non-Hodgkins lymphoma cell line,Homo sapiens,cell line: SU-DHL-4,GPL570,USA,Genentech Inc,GSE15329,GSE15329_series_matrix.txt.gz,SU-DHL-4,,,CVCL_0539,SU-DHL-4,Cello Cell line Name,sudhl4
GSM385058,GSM385058,"human non-Hodgkins lymphoma cell line, SU-DHL-4_rep5",Public on May 11 2009,Mar 20 2009,May 11 2009,RNA,1.0,human non-Hodgkins lymphoma cell line,Homo sapiens,cell line: SU-DHL-4,GPL570,USA,Genentech Inc,GSE15329,GSE15329_series_matrix.txt.gz,SU-DHL-4,,,CVCL_0539,SU-DHL-4,Cello Cell line Name,sudhl4
GSM385059,GSM385059,"human non-Hodgkins lymphoma cell line, SU-DHL-5",Public on May 11 2009,Mar 20 2009,May 11 2009,RNA,1.0,human non-Hodgkins lymphoma cell line,Homo sapiens,cell line: SU-DHL-5,GPL570,USA,Genentech Inc,GSE15329,GSE15329_series_matrix.txt.gz,SU-DHL-5,,,CVCL_1735,SU-DHL-5,Cello Cell line Name,sudhl5
GSM385060,GSM385060,"human non-Hodgkins lymphoma cell line, SU-DHL-6",Public on May 11 2009,Mar 20 2009,May 11 2009,RNA,1.0,human non-Hodgkins lymphoma cell line,Homo sapiens,cell line: SU-DHL-6,GPL570,USA,Genentech Inc,GSE15329,GSE15329_series_matrix.txt.gz,SU-DHL-6,,,CVCL_2206,SU-DHL-6,Cello Cell line Name,sudhl6
GSM385061,GSM385061,"human non-Hodgkins lymphoma cell line, SU-DHL-8_rep1",Public on May 11 2009,Mar 20 2009,May 11 2009,RNA,1.0,human non-Hodgkins lymphoma cell line,Homo sapiens,cell line: SU-DHL-8,GPL570,USA,Genentech Inc,GSE15329,GSE15329_series_matrix.txt.gz,SU-DHL-8,,,CVCL_2207,SU-DHL-8,Cello Cell line Name,sudhl8
GSM385062,GSM385062,"human non-Hodgkins lymphoma cell line, SU-DHL-8_rep2",Public on May 11 2009,Mar 20 2009,May 11 2009,RNA,1.0,human non-Hodgkins lymphoma cell line,Homo sapiens,cell line: SU-DHL-8,GPL570,USA,Genentech Inc,GSE15329,GSE15329_series_matrix.txt.gz,SU-DHL-8,,,CVCL_2207,SU-DHL-8,Cello Cell line Name,sudhl8
GSM385063,GSM385063,"human non-Hodgkins lymphoma cell line, Sc-1",Public on May 11 2009,Mar 20 2009,May 11 2009,RNA,1.0,human non-Hodgkins lymphoma cell line,Homo sapiens,cell line: Sc-1,GPL570,USA,Genentech Inc,GSE15329,GSE15329_series_matrix.txt.gz,Sc-1,,,CVCL_1888,Sc-1,Cello Cell line Name,sc1
GSM385064,GSM385064,"human non-Hodgkins lymphoma cell line, TK_rep1",Public on May 11 2009,Mar 20 2009,May 11 2009,RNA,1.0,human non-Hodgkins lymphoma cell line,Homo sapiens,cell line: TK,GPL570,USA,Genentech Inc,GSE15329,GSE15329_series_matrix.txt.gz,TK,,,CVCL_E941,Tk,Cello match alphanum,tk
GSM385065,GSM385065,"human non-Hodgkins lymphoma cell line, TK_rep2",Public on May 11 2009,Mar 20 2009,May 11 2009,RNA,1.0,human non-Hodgkins lymphoma cell line,Homo sapiens,cell line: TK,GPL570,USA,Genentech Inc,GSE15329,GSE15329_series_matrix.txt.gz,TK,,,CVCL_E941,Tk,Cello match alphanum,tk
GSM385066,GSM385066,"human non-Hodgkins lymphoma cell line, Toledo",Public on May 11 2009,Mar 20 2009,May 11 2009,RNA,1.0,human non-Hodgkins lymphoma cell line,Homo sapiens,cell line: Toledo,GPL570,USA,Genentech Inc,GSE15329,GSE15329_series_matrix.txt.gz,Toledo,,,CVCL_3611,Toledo,Cello Cell line Name,toledo
GSM385067,GSM385067,"human non-Hodgkins lymphoma cell line, U-698-M_rep1",Public on May 11 2009,Mar 20 2009,May 11 2009,RNA,1.0,human non-Hodgkins lymphoma cell line,Homo sapiens,cell line: U-698-M,GPL570,USA,Genentech Inc,GSE15329,GSE15329_series_matrix.txt.gz,U-698-M,,,CVCL_0017,U-698-M,Cello Cell line Name,u698m
GSM385068,GSM385068,"human non-Hodgkins lymphoma cell line, U-698-M_rep2",Public on May 11 2009,Mar 20 2009,May 11 2009,RNA,1.0,human non-Hodgkins lymphoma cell line,Homo sapiens,cell line: U-698-M,GPL570,USA,Genentech Inc,GSE15329,GSE15329_series_matrix.txt.gz,U-698-M,,,CVCL_0017,U-698-M,Cello Cell line Name,u698m
GSM385069,GSM385069,"human non-Hodgkins lymphoma cell line, WSU-DLCL2",Public on May 11 2009,Mar 20 2009,May 11 2009,RNA,1.0,human non-Hodgkins lymphoma cell line,Homo sapiens,cell line: WSU-DLCL2,GPL570,USA,Genentech Inc,GSE15329,GSE15329_series_matrix.txt.gz,WSU-DLCL2,,,CVCL_1902,WSU-DLCL2,Cello Cell line Name,wsudlcl2
GSM385070,GSM385070,"human non-Hodgkins lymphoma cell line, WSU-FSCCL_rep1",Public on May 11 2009,Mar 20 2009,May 11 2009,RNA,1.0,human non-Hodgkins lymphoma cell line,Homo sapiens,cell line: WSU-FSCCL,GPL570,USA,Genentech Inc,GSE15329,GSE15329_series_matrix.txt.gz,WSU-FSCCL,,,CVCL_1903,WSU-FSCCL,Cello Cell line Name,wsufsccl
GSM385071,GSM385071,"human non-Hodgkins lymphoma cell line, WSU-FSCCL_rep2",Public on May 11 2009,Mar 20 2009,May 11 2009,RNA,1.0,human non-Hodgkins lymphoma cell line,Homo sapiens,cell line: WSU-FSCCL,GPL570,USA,Genentech Inc,GSE15329,GSE15329_series_matrix.txt.gz,WSU-FSCCL,,,CVCL_1903,WSU-FSCCL,Cello Cell line Name,wsufsccl
GSM385072,GSM385072,"human non-Hodgkins lymphoma cell line, WSU-NHL",Public on May 11 2009,Mar 20 2009,May 11 2009,RNA,1.0,human non-Hodgkins lymphoma cell line,Homo sapiens,cell line: WSU-NHL,GPL570,USA,Genentech Inc,GSE15329,GSE15329_series_matrix.txt.gz,WSU-NHL,,,CVCL_1793,WSU-NHL,Cello Cell line Name,wsunhl
GSM388882,GSM388882,,,,,,,,,,,,,,,,,,CVCL_0336,Huh-7,Cello GEO GSM,
GSM388883,GSM388883,,,,,,,,,,,,,,,,,,CVCL_0336,Huh-7,Cello GEO GSM,
GSM388884,GSM388884,,,,,,,,,,,,,,,,,,CVCL_0336,Huh-7,Cello GEO GSM,
GSM388886,GSM388886,,,,,,,,,,,,,,,,,,CVCL_7082,,,
GSM388887,GSM388887,,,,,,,,,,,,,,,,,,CVCL_7082,,,
GSM388888,GSM388888,,,,,,,,,,,,,,,,,,CVCL_7082,,,
GSM397661,GSM397661,,,,,,,,,,,,,,,,,,CVCL_0392,LN-18,Cello GEO GSM,
GSM397662,GSM397662,,,,,,,,,,,,,,,,,,CVCL_0392,LN-18,Cello GEO GSM,
GSM397663,GSM397663,,,,,,,,,,,,,,,,,,CVCL_3954,LN-215,Cello GEO GSM,
GSM397664,GSM397664,,,,,,,,,,,,,,,,,,CVCL_3954,LN-215,Cello GEO GSM,
GSM397665,GSM397665,,,,,,,,,,,,,,,,,,CVCL_0393,LN-229,Cello GEO GSM,
GSM397666,GSM397666,,,,,,,,,,,,,,,,,,CVCL_0393,LN-229,Cello GEO GSM,
GSM397667,GSM397667,,,,,,,,,,,,,,,,,,CVCL_3958,LN-319,Cello GEO GSM,
GSM397668,GSM397668,,,,,,,,,,,,,,,,,,CVCL_3958,LN-319,Cello GEO GSM,
GSM397669,GSM397669,,,,,,,,,,,,,,,,,,CVCL_7082,,,
GSM397670,GSM397670,,,,,,,,,,,,,,,,,,CVCL_7082,,,
GSM472000,GSM472000,,,,,,,,,,,,,,,,,,CVCL_2976,KHYG-1,Cello GEO GSM,
GSM482707,GSM482707,,,,,,,,,,,,,,,,,,CVCL_1218,FaDu,Cello GEO GSM,
GSM482708,GSM482708,,,,,,,,,,,,,,,,,,CVCL_1218,FaDu,Cello GEO GSM,
GSM482709,GSM482709,,,,,,,,,,,,,,,,,,CVCL_1218,FaDu,Cello GEO GSM,
GSM482710,GSM482710,,,,,,,,,,,,,,,,,,CVCL_1218,FaDu,Cello GEO GSM,
GSM499721,GSM499721,,,,,,,,,,,,,,,,,,CVCL_1361,L-428,Cello GEO GSM,
GSM499722,GSM499722,,,,,,,,,,,,,,,,,,CVCL_2096,L-1236,Cello GEO GSM,
GSM499723,GSM499723,,,,,,,,,,,,,,,,,,CVCL_1330,KM-H2,Cello GEO GSM,
GSM499724,GSM499724,,,,,,,,,,,,,,,,,,CVCL_0009,HDLM-2,Cello GEO GSM,
GSM499725,GSM499725,,,,,,,,,,,,,,,,,,CVCL_1362,L-540,Cello GEO GSM,
GSM499726,GSM499726,,,,,,,,,,,,,,,,,,CVCL_1362,L-540,Cello GEO GSM,
GSM499727,GSM499727,,,,,,,,,,,,,,,,,,CVCL_1650,Reh,Cello GEO GSM,
GSM499728,GSM499728,,,,,,,,,,,,,,,,,,CVCL_0067,Namalwa,Cello GEO GSM,
GSM499729,GSM499729,,,,,,,,,,,,,,,,,,CVCL_1361,L-428,Cello GEO GSM,
GSM499730,GSM499730,,,,,,,,,,,,,,,,,,CVCL_2096,L-1236,Cello GEO GSM,
GSM499731,GSM499731,,,,,,,,,,,,,,,,,,CVCL_1330,KM-H2,Cello GEO GSM,
GSM499732,GSM499732,,,,,,,,,,,,,,,,,,CVCL_0009,HDLM-2,Cello GEO GSM,
GSM499733,GSM499733,,,,,,,,,,,,,,,,,,CVCL_1650,Reh,Cello GEO GSM,
GSM499734,GSM499734,,,,,,,,,,,,,,,,,,CVCL_0067,Namalwa,Cello GEO GSM,
GSM499735,GSM499735,,,,,,,,,,,,,,,,,,CVCL_0539,SU-DHL-4,Cello GEO GSM,
GSM552354,GSM552354,,,,,,,,,,,,,,,,,,CVCL_0139,AGS,Cello GEO GSM,
GSM552357,GSM552357,,,,,,,,,,,,,,,,,,CVCL_2908,Fu97,Cello GEO GSM,
GSM552358,GSM552358,,,,,,,,,,,,,,,,,,CVCL_1279,HGC-27,Cello GEO GSM,
GSM552359,GSM552359,,,,,,,,,,,,,,,,,,CVCL_0333,Hs 746.T,Cello GEO GSM,
GSM552360,GSM552360,,,,,,,,,,,,,,,,,,CVCL_2961,IM95,Cello GEO GSM,
GSM552362,GSM552362,,,,,,,,,,,,,,,,,,CVCL_0371,KATO III,Cello GEO GSM,
GSM552363,GSM552363,,,,,,,,,,,,,,,,,,CVCL_1415,MKN1,Cello GEO GSM,
GSM552364,GSM552364,,,,,,,,,,,,,,,,,,CVCL_0434,MKN45,Cello GEO GSM,
GSM552365,GSM552365,,,,,,,,,,,,,,,,,,CVCL_1417,MKN7,Cello GEO GSM,
GSM552366,GSM552366,,,,,,,,,,,,,,,,,,CVCL_1603,NCI-N87,Cello GEO GSM,
GSM552367,GSM552367,,,,,,,,,,,,,,,,,,CVCL_1612,NUGC-3,Cello GEO GSM,
GSM552368,GSM552368,,,,,,,,,,,,,,,,,,CVCL_3082,NUGC-4,Cello GEO GSM,
GSM552369,GSM552369,,,,,,,,,,,,,,,,,,CVCL_3084,OCUM-1,Cello GEO GSM,
GSM552370,GSM552370,,,,,,,,,,,,,,,,,,CVCL_3152,RERF-GC-1B,Cello GEO GSM,
GSM552372,GSM552372,,,,,,,,,,,,,,,,,,CVCL_0099,SNU-1,Cello GEO GSM,
GSM552373,GSM552373,,,,,,,,,,,,,,,,,,CVCL_0076,SNU-16,Cello GEO GSM,
GSM552374,GSM552374,,,,,,,,,,,,,,,,,,CVCL_0078,SNU-5,Cello GEO GSM,
GSM552375,GSM552375,,,,,,,,,,,,,,,,,,CVCL_5086,SNU-719,Cello GEO GSM,
GSM562809,GSM562809,,,,,,,,,,,,,,,,,,CVCL_2981,KMM-1,Cello GEO GSM,
GSM562810,GSM562810,,,,,,,,,,,,,,,,,,CVCL_2989,KMS-11,Cello GEO GSM,
GSM562812,GSM562812,,,,,,,,,,,,,,,,,,CVCL_1334,KMS-12-BM,Cello GEO GSM,
GSM562813,GSM562813,,,,,,,,,,,,,,,,,,CVCL_0012,LP-1,Cello GEO GSM,
GSM562814,GSM562814,,,,,,,,,,,,,,,,,,CVCL_8792,MM1.S,Cello GEO GSM,
GSM562815,GSM562815,,,,,,,,,,,,,,,,,,CVCL_2123,MOLP-2,Cello GEO GSM,
GSM562816,GSM562816,,,,,,,,,,,,,,,,,,CVCL_2124,MOLP-8,Cello GEO GSM,
GSM562817,GSM562817,,,,,,,,,,,,,,,,,,CVCL_1600,NCI-H929,Cello GEO GSM,
GSM562818,GSM562818,,,,,,,,,,,,,,,,,,CVCL_1625,OPM-2,Cello GEO GSM,
GSM562819,GSM562819,,,,,,,,,,,,,,,,,,CVCL_0014,RPMI-8226,Cello GEO GSM,
GSM562821,GSM562821,,,,,,,,,,,,,,,,,,CVCL_0566,U266B1,Cello GEO GSM,
GSM562822,GSM562822,,,,,,,,,,,,,,,,,,CVCL_1806,AMO1,Cello GEO GSM,
GSM562823,GSM562823,,,,,,,,,,,,,,,,,,CVCL_1168,DB,Cello GEO GSM,
GSM562824,GSM562824,,,,,,,,,,,,,,,,,,CVCL_1290,HT,Cello GEO GSM,
GSM562825,GSM562825,,,,,,,,,,,,,,,,,,CVCL_1881,OCI-Ly7,Cello GEO GSM,
GSM562826,GSM562826,,,,,,,,,,,,,,,,,,CVCL_0539,SU-DHL-4,Cello GEO GSM,
GSM579886,GSM579886,,,,,,,,,,,,,,,,,,CVCL_3653,BJ [Human fibroblast],Cello GEO GSM,
GSM579887,GSM579887,,,,,,,,,,,,,,,,,,CVCL_3653,BJ [Human fibroblast],Cello GEO GSM,
GSM587155,GSM587155,"conventional glioma cell line, serum_DBTRG05MG",Public on Feb 12 2011,Aug 25 2010,Feb 12 2011,RNA,1.0,conventional glioma cell line,Homo sapiens,sample name: DBTRG05MG,GPL570,Germany,UKE,GSE23806,GSE23806_series_matrix.txt.gz,DBTRG05MG,,,CVCL_1169,DBTRG05MG,Cello Cell line Synonym,dbtrg05mg
GSM587156,GSM587156,"conventional glioma cell line, serum_G122",Public on Feb 12 2011,Aug 25 2010,Feb 12 2011,RNA,1.0,conventional glioma cell line,Homo sapiens,sample name: G122,GPL570,Germany,UKE,GSE23806,GSE23806_series_matrix.txt.gz,G122,,,CVCL_N744,G122,Cello Cell line Synonym,g122
GSM587157,GSM587157,"conventional glioma cell line, serum_LN229",Public on Feb 12 2011,Aug 25 2010,Feb 12 2011,RNA,1.0,conventional glioma cell line,Homo sapiens,sample name: LN229,GPL570,Germany,UKE,GSE23806,GSE23806_series_matrix.txt.gz,LN229,,,CVCL_0393,LN229,Cello Cell line Synonym,ln229
GSM587158,GSM587158,"conventional glioma cell line, serum_M059K",Public on Feb 12 2011,Aug 25 2010,Feb 12 2011,RNA,1.0,conventional glioma cell line,Homo sapiens,sample name: M059K,GPL570,Germany,UKE,GSE23806,GSE23806_series_matrix.txt.gz,M059K,,,CVCL_0401,M059K,Cello Cell line Name,m059k
GSM587159,GSM587159,"conventional glioma cell line, serum_G141",Public on Feb 12 2011,Aug 25 2010,Feb 12 2011,RNA,1.0,conventional glioma cell line,Homo sapiens,sample name: G141,GPL570,Germany,UKE,GSE23806,GSE23806_series_matrix.txt.gz,G141,,,CVCL_N749,G141,Cello Cell line Synonym,g141
GSM587160,GSM587160,"conventional glioma cell line, serum_M059J",Public on Feb 12 2011,Aug 25 2010,Feb 12 2011,RNA,1.0,conventional glioma cell line,Homo sapiens,sample name: M059J,GPL570,Germany,UKE,GSE23806,GSE23806_series_matrix.txt.gz,M059J,,,CVCL_0400,M059J,Cello Cell line Name,m059j
GSM587161,GSM587161,"conventional glioma cell line, serum_A172",Public on Feb 12 2011,Aug 25 2010,Feb 12 2011,RNA,1.0,conventional glioma cell line,Homo sapiens,sample name: A172,GPL570,Germany,UKE,GSE23806,GSE23806_series_matrix.txt.gz,A172,,,CVCL_0131,A172,Cello Cell line Synonym,a172
GSM587162,GSM587162,"conventional glioma cell line, serum_G121",Public on Feb 12 2011,Aug 25 2010,Feb 12 2011,RNA,1.0,conventional glioma cell line,Homo sapiens,sample name: G121,GPL570,Germany,UKE,GSE23806,GSE23806_series_matrix.txt.gz,G121,,,CVCL_N743,G121,Cello Cell line Synonym,g121
GSM587163,GSM587163,"conventional glioma cell line, serum_G84",Public on Feb 12 2011,Aug 25 2010,Feb 12 2011,RNA,1.0,conventional glioma cell line,Homo sapiens,sample name: G84,GPL570,Germany,UKE,GSE23806,GSE23806_series_matrix.txt.gz,G84,,,CVCL_N735,G84,Cello Cell line Synonym,g84
GSM587164,GSM587164,"conventional glioma cell line, serum_G120",Public on Feb 12 2011,Aug 25 2010,Feb 12 2011,RNA,1.0,conventional glioma cell line,Homo sapiens,sample name: G120,GPL570,Germany,UKE,GSE23806,GSE23806_series_matrix.txt.gz,G120,,,CVCL_N742,G120,Cello Cell line Synonym,g120
GSM587165,GSM587165,"conventional glioma cell line, serum_G61",Public on Feb 12 2011,Aug 25 2010,Feb 12 2011,RNA,1.0,conventional glioma cell line,Homo sapiens,sample name: G61,GPL570,Germany,UKE,GSE23806,GSE23806_series_matrix.txt.gz,G61,,,CVCL_N731,G61,Cello Cell line Synonym,g61
GSM587166,GSM587166,"conventional glioma cell line, serum_G112",Public on Feb 12 2011,Aug 25 2010,Feb 12 2011,RNA,1.0,conventional glioma cell line,Homo sapiens,sample name: G112,GPL570,Germany,UKE,GSE23806,GSE23806_series_matrix.txt.gz,G112,,,CVCL_N740,G112,Cello Cell line Synonym,g112
GSM587167,GSM587167,"conventional glioma cell line, serum_G130",Public on Feb 12 2011,Aug 25 2010,Feb 12 2011,RNA,1.0,conventional glioma cell line,Homo sapiens,sample name: G130,GPL570,Germany,UKE,GSE23806,GSE23806_series_matrix.txt.gz,G130,,,CVCL_N747,G130,Cello Cell line Synonym,g130
GSM587168,GSM587168,"conventional glioma cell line, serum_U118MG",Public on Feb 12 2011,Aug 25 2010,Feb 12 2011,RNA,1.0,conventional glioma cell line,Homo sapiens,sample name: U118MG,GPL570,Germany,UKE,GSE23806,GSE23806_series_matrix.txt.gz,U118MG,,,CVCL_0633,U118MG,Cello Cell line Synonym,u118mg
GSM587169,GSM587169,"conventional glioma cell line, serum_SF268",Public on Feb 12 2011,Aug 25 2010,Feb 12 2011,RNA,1.0,conventional glioma cell line,Homo sapiens,sample name: SF268,GPL570,Germany,UKE,GSE23806,GSE23806_series_matrix.txt.gz,SF268,,,CVCL_1689,SF268,Cello Cell line Name,sf268
GSM587170,GSM587170,"conventional glioma cell line, serum_G124",Public on Feb 12 2011,Aug 25 2010,Feb 12 2011,RNA,1.0,conventional glioma cell line,Homo sapiens,sample name: G124,GPL570,Germany,UKE,GSE23806,GSE23806_series_matrix.txt.gz,G124,,,CVCL_N746,G124,Cello Cell line Synonym,g124
GSM587171,GSM587171,"conventional glioma cell line, serum_G118",Public on Feb 12 2011,Aug 25 2010,Feb 12 2011,RNA,1.0,conventional glioma cell line,Homo sapiens,sample name: G118,GPL570,Germany,UKE,GSE23806,GSE23806_series_matrix.txt.gz,G118,,,CVCL_N741,G118,Cello Cell line Synonym,g118
GSM587172,GSM587172,"conventional glioma cell line, serum_G142",Public on Feb 12 2011,Aug 25 2010,Feb 12 2011,RNA,1.0,conventional glioma cell line,Homo sapiens,sample name: G142,GPL570,Germany,UKE,GSE23806,GSE23806_series_matrix.txt.gz,G142,,,CVCL_N750,G142,Cello Cell line Synonym,g142
GSM587173,GSM587173,"conventional glioma cell line, serum_G44",Public on Feb 12 2011,Aug 25 2010,Feb 12 2011,RNA,1.0,conventional glioma cell line,Homo sapiens,sample name: G44,GPL570,Germany,UKE,GSE23806,GSE23806_series_matrix.txt.gz,G44,,,CVCL_N727,G44,Cello Cell line Synonym,g44
GSM587174,GSM587174,"conventional glioma cell line, serum_SW1783",Public on Feb 12 2011,Aug 25 2010,Feb 12 2011,RNA,1.0,conventional glioma cell line,Homo sapiens,sample name: SW1783,GPL570,Germany,UKE,GSE23806,GSE23806_series_matrix.txt.gz,SW1783,,,CVCL_1722,SW1783,Cello Cell line Name,sw1783
GSM587175,GSM587175,"conventional glioma cell line, serum_G22",Public on Feb 12 2011,Aug 25 2010,Feb 12 2011,RNA,1.0,conventional glioma cell line,Homo sapiens,sample name: G22,GPL570,Germany,UKE,GSE23806,GSE23806_series_matrix.txt.gz,G22,,,CVCL_N723,G22,Cello Cell line Synonym,g22
GSM587176,GSM587176,"conventional glioma cell line, serum_G28T",Public on Feb 12 2011,Aug 25 2010,Feb 12 2011,RNA,1.0,conventional glioma cell line,Homo sapiens,sample name: G28T,GPL570,Germany,UKE,GSE23806,GSE23806_series_matrix.txt.gz,G28T,,,CVCL_0V15,G28T,Cello Cell line Synonym,g28t
GSM587177,GSM587177,"conventional glioma cell line, serum_G59",Public on Feb 12 2011,Aug 25 2010,Feb 12 2011,RNA,1.0,conventional glioma cell line,Homo sapiens,sample name: G59,GPL570,Germany,UKE,GSE23806,GSE23806_series_matrix.txt.gz,G59,,,CVCL_N729,G59,Cello Cell line Synonym,g59
GSM587178,GSM587178,"conventional glioma cell line, serum_G63",Public on Feb 12 2011,Aug 25 2010,Feb 12 2011,RNA,1.0,conventional glioma cell line,Homo sapiens,sample name: G63,GPL570,Germany,UKE,GSE23806,GSE23806_series_matrix.txt.gz,G63,,,CVCL_N733,G63,Cello Cell line Synonym,g63
GSM587179,GSM587179,"conventional glioma cell line, serum_T98G",Public on Feb 12 2011,Aug 25 2010,Feb 12 2011,RNA,1.0,conventional glioma cell line,Homo sapiens,sample name: T98G,GPL570,Germany,UKE,GSE23806,GSE23806_series_matrix.txt.gz,T98G,,,CVCL_0556,T98G,Cello Cell line Name,t98g
GSM587180,GSM587180,"conventional glioma cell line, serum_U87MG",Public on Feb 12 2011,Aug 25 2010,Feb 12 2011,RNA,1.0,conventional glioma cell line,Homo sapiens,sample name: U87MG,GPL570,Germany,UKE,GSE23806,GSE23806_series_matrix.txt.gz,U87MG,,,CVCL_0022,U87MG,Cello Cell line Synonym,u87mg
GSM587181,GSM587181,"conventional glioma cell line, serum_HS683",Public on Feb 12 2011,Aug 25 2010,Feb 12 2011,RNA,1.0,conventional glioma cell line,Homo sapiens,sample name: HS683,GPL570,Germany,UKE,GSE23806,GSE23806_series_matrix.txt.gz,HS683,,,CVCL_0844,HS683,Cello Cell line Synonym,hs683
GSM587182,GSM587182,"conventional glioma cell line, serum_G111",Public on Feb 12 2011,Aug 25 2010,Feb 12 2011,RNA,1.0,conventional glioma cell line,Homo sapiens,sample name: G111,GPL570,Germany,UKE,GSE23806,GSE23806_series_matrix.txt.gz,G111,,,CVCL_N739,G111,Cello Cell line Synonym,g111
GSM587183,GSM587183,"conventional glioma cell line, serum_G140",Public on Feb 12 2011,Aug 25 2010,Feb 12 2011,RNA,1.0,conventional glioma cell line,Homo sapiens,sample name: G140,GPL570,Germany,UKE,GSE23806,GSE23806_series_matrix.txt.gz,G140,,,CVCL_N748,G140,Cello Cell line Synonym,g140
GSM587184,GSM587184,"conventional glioma cell line, serum_SF539",Public on Feb 12 2011,Aug 25 2010,Feb 12 2011,RNA,1.0,conventional glioma cell line,Homo sapiens,sample name: SF539,GPL570,Germany,UKE,GSE23806,GSE23806_series_matrix.txt.gz,SF539,,,CVCL_1691,SF539,Cello Cell line Name,sf539
GSM587185,GSM587185,"conventional glioma cell line, serum_LN18",Public on Feb 12 2011,Aug 25 2010,Feb 12 2011,RNA,1.0,conventional glioma cell line,Homo sapiens,sample name: LN18,GPL570,Germany,UKE,GSE23806,GSE23806_series_matrix.txt.gz,LN18,,,CVCL_0392,LN18,Cello Cell line Synonym,ln18
GSM587186,GSM587186,"conventional glioma cell line, serum_G96",Public on Feb 12 2011,Aug 25 2010,Feb 12 2011,RNA,1.0,conventional glioma cell line,Homo sapiens,sample name: G96,GPL570,Germany,UKE,GSE23806,GSE23806_series_matrix.txt.gz,G96,,,CVCL_N736,G96,Cello Cell line Synonym,g96
GSM587187,GSM587187,"conventional glioma cell line, serum, est. from GS line-generating tumors_ML-4 p3",Public on Feb 12 2011,Aug 25 2010,Feb 12 2011,RNA,1.0,conventional glioma cell line established from primary tumor GS.4T,Homo sapiens,sample name: ML-4 p3,GPL570,Germany,UKE,GSE23806,GSE23806_series_matrix.txt.gz,ML-4,,,,,,ml4
GSM587188,GSM587188,"conventional glioma cell line, serum, est. from GS line-generating tumors_ML-5 p7",Public on Feb 12 2011,Aug 25 2010,Feb 12 2011,RNA,1.0,conventional glioma cell line established from primary tumor GS.5T,Homo sapiens,sample name: ML-5 p7,GPL570,Germany,UKE,GSE23806,GSE23806_series_matrix.txt.gz,ML-5,,,CVCL_D278,ML-5,Cello Cell line Synonym,ml5
GSM587189,GSM587189,"conventional glioma cell line, serum, est. from GS line-generating tumors_ML-8 p8",Public on Feb 12 2011,Aug 25 2010,Feb 12 2011,RNA,1.0,conventional glioma cell line established from primary tumor GS.8T,Homo sapiens,sample name: ML-8 p8,GPL570,Germany,UKE,GSE23806,GSE23806_series_matrix.txt.gz,ML-8,,,CVCL_Y284,ML8,Cello match alphanum,ml8
GSM587190,GSM587190,"conventional glioma cell line, serum, est. from GS line-generating tumors_ML-9 p6",Public on Feb 12 2011,Aug 25 2010,Feb 12 2011,RNA,1.0,conventional glioma cell line established from primary tumor GS.9T,Homo sapiens,sample name: ML-9 p6,GPL570,Germany,UKE,GSE23806,GSE23806_series_matrix.txt.gz,ML-9,,,,,,ml9
GSM587191,GSM587191,"glioblastoma stem-like cell line, serum free, early passage_GS-1 p19",Public on Feb 12 2011,Aug 25 2010,Feb 12 2011,RNA,1.0,"glioblastoma stem-like cell line, GSr cell line (GÃ¼nther HS et al.)",Homo sapiens,sample name: GS-1 p19,GPL570,Germany,UKE,GSE23806,GSE23806_series_matrix.txt.gz,GS-1,,,CVCL_VM37,GS-1,Cello Cell line Name,gs1
GSM587192,GSM587192,"glioblastoma stem-like cell line, serum free, later passage_GS-1 p28",Public on Feb 12 2011,Aug 25 2010,Feb 12 2011,RNA,1.0,"glioblastoma stem-like cell line, GSr cell line (GÃ¼nther HS et al.)",Homo sapiens,sample name: GS-1 p28,GPL570,Germany,UKE,GSE23806,GSE23806_series_matrix.txt.gz,GS-1,,,CVCL_VM37,GS-1,Cello Cell line Name,gs1
GSM587193,GSM587193,"glioblastoma stem-like cell line, serum free, early passage_GS-2 p10",Public on Feb 12 2011,Aug 25 2010,Feb 12 2011,RNA,1.0,"glioblastoma stem-like cell line, GSr cell line (GÃ¼nther HS et al.)",Homo sapiens,sample name: GS-2 p10,GPL570,Germany,UKE,GSE23806,GSE23806_series_matrix.txt.gz,GS-2,,,CVCL_YI85,GS2,Cello match alphanum,gs2
GSM587194,GSM587194,"glioblastoma stem-like cell line, serum free, later passage_GS-2. p13",Public on Feb 12 2011,Aug 25 2010,Feb 12 2011,RNA,1.0,"glioblastoma stem-like cell line, GSr cell line (GÃ¼nther HS et al.)",Homo sapiens,sample name: GS-2. p13,GPL570,Germany,UKE,GSE23806,GSE23806_series_matrix.txt.gz,GS-2.,,,CVCL_YI85,GS2,Cello match alphanum,gs2
GSM587195,GSM587195,"glioblastoma stem-like cell line, serum free, early passage_GS-4 p11",Public on Feb 12 2011,Aug 25 2010,Feb 12 2011,RNA,1.0,"glioblastoma stem-like cell line, GSr cell line (GÃ¼nther HS et al.)",Homo sapiens,sample name: GS-4 p11,GPL570,Germany,UKE,GSE23806,GSE23806_series_matrix.txt.gz,GS-4,,,,,,gs4
GSM587196,GSM587196,"glioblastoma stem-like cell line, serum free, later passage_GS-4 p12",Public on Feb 12 2011,Aug 25 2010,Feb 12 2011,RNA,1.0,"glioblastoma stem-like cell line, GSr cell line (GÃ¼nther HS et al.)",Homo sapiens,sample name: GS-4 p12,GPL570,Germany,UKE,GSE23806,GSE23806_series_matrix.txt.gz,GS-4,,,,,,gs4
GSM587197,GSM587197,"glioblastoma stem-like cell line, serum free_GS-6 p10",Public on Feb 12 2011,Aug 25 2010,Feb 12 2011,RNA,1.0,"glioblastoma stem-like cell line, GSr cell line (GÃ¼nther HS et al.)",Homo sapiens,sample name: GS-6 p10,GPL570,Germany,UKE,GSE23806,GSE23806_series_matrix.txt.gz,GS-6,,,,,,gs6
GSM587198,GSM587198,"glioblastoma stem-like cell line, serum free, early passage_GS-7 p11",Public on Feb 12 2011,Aug 25 2010,Feb 12 2011,RNA,1.0,"glioblastoma stem-like cell line, GSr cell line (GÃ¼nther HS et al.)",Homo sapiens,sample name: GS-7 p11,GPL570,Germany,UKE,GSE23806,GSE23806_series_matrix.txt.gz,GS-7,,,,,,gs7
GSM587199,GSM587199,"glioblastoma stem-like cell line, serum free, later passage_GS-7 p25",Public on Feb 12 2011,Aug 25 2010,Feb 12 2011,RNA,1.0,"glioblastoma stem-like cell line, GSr cell line (GÃ¼nther HS et al.)",Homo sapiens,sample name: GS-7 p25,GPL570,Germany,UKE,GSE23806,GSE23806_series_matrix.txt.gz,GS-7,,,,,,gs7
GSM587200,GSM587200,"glioblastoma stem-like cell line, serum free_GS-7 clone 1",Public on Feb 12 2011,Aug 25 2010,Feb 12 2011,RNA,1.0,"glioblastoma stem-like cell line, GSr cell line, clonal cell line from GS7",Homo sapiens,sample name: GS-7 clone 1,GPL570,Germany,UKE,GSE23806,GSE23806_series_matrix.txt.gz,GS-7,,,,,,gs7
GSM587201,GSM587201,"glioblastoma stem-like cell line, serum free_GS-7 clone 2",Public on Feb 12 2011,Aug 25 2010,Feb 12 2011,RNA,1.0,"glioblastoma stem-like cell line, GSr cell line, clonal cell line from GS7",Homo sapiens,sample name: GS-7 clone 2,GPL570,Germany,UKE,GSE23806,GSE23806_series_matrix.txt.gz,GS-7,,,,,,gs7
GSM587202,GSM587202,"glioblastoma stem-like cell line, serum free_GS-7 clone 3",Public on Feb 12 2011,Aug 25 2010,Feb 12 2011,RNA,1.0,"glioblastoma stem-like cell line, GSr cell line, clonal cell line from GS7",Homo sapiens,sample name: GS-7 clone 3,GPL570,Germany,UKE,GSE23806,GSE23806_series_matrix.txt.gz,GS-7,,,,,,gs7
GSM587203,GSM587203,"glioblastoma stem-like cell line, serum free, early passage_GS-3 p12",Public on Feb 12 2011,Aug 25 2010,Feb 12 2011,RNA,1.0,"glioblastoma stem-like cell line, GSf cell line (GÃ¼nther HS et al.)",Homo sapiens,sample name: GS-3 p12,GPL570,Germany,UKE,GSE23806,GSE23806_series_matrix.txt.gz,GS-3,,,,,,gs3
GSM587204,GSM587204,"glioblastoma stem-like cell line, serum free, later passage_GS-3 p23",Public on Feb 12 2011,Aug 25 2010,Feb 12 2011,RNA,1.0,"glioblastoma stem-like cell line, GSf cell line (GÃ¼nther HS et al.)",Homo sapiens,sample name: GS-3 p23,GPL570,Germany,UKE,GSE23806,GSE23806_series_matrix.txt.gz,GS-3,,,,,,gs3
GSM587205,GSM587205,"glioblastoma stem-like cell line, serum free_GS-3 clone  1",Public on Feb 12 2011,Aug 25 2010,Feb 12 2011,RNA,1.0,"glioblastoma stem-like cell line, GSf cell line, clonal cell line from GS3",Homo sapiens,sample name: GS-3 clone  1,GPL570,Germany,UKE,GSE23806,GSE23806_series_matrix.txt.gz,GS-3,,,,,,gs3
GSM587206,GSM587206,"glioblastoma stem-like cell line, serum free_GS-3 clone  2",Public on Feb 12 2011,Aug 25 2010,Feb 12 2011,RNA,1.0,"glioblastoma stem-like cell line, GSf cell line, clonal cell line from GS3",Homo sapiens,sample name: GS-3 clone  2,GPL570,Germany,UKE,GSE23806,GSE23806_series_matrix.txt.gz,GS-3,,,,,,gs3
GSM587207,GSM587207,"glioblastoma stem-like cell line, serum free_GS-3 clone  3",Public on Feb 12 2011,Aug 25 2010,Feb 12 2011,RNA,1.0,"glioblastoma stem-like cell line, GSf cell line, clonal cell line from GS3",Homo sapiens,sample name: GS-3 clone  3,GPL570,Germany,UKE,GSE23806,GSE23806_series_matrix.txt.gz,GS-3,,,,,,gs3
GSM587208,GSM587208,"glioblastoma stem-like cell line, serum free_GS-3 clone  4",Public on Feb 12 2011,Aug 25 2010,Feb 12 2011,RNA,1.0,"glioblastoma stem-like cell line, GSf cell line, clonal cell line from GS3",Homo sapiens,sample name: GS-3 clone  4,GPL570,Germany,UKE,GSE23806,GSE23806_series_matrix.txt.gz,GS-3,,,,,,gs3
GSM587209,GSM587209,"glioblastoma stem-like cell line, serum free, early passage_GS-5 p9",Public on Feb 12 2011,Aug 25 2010,Feb 12 2011,RNA,1.0,"glioblastoma stem-like cell line, GSf cell line (GÃ¼nther HS et al.)",Homo sapiens,sample name: GS-5 p9,GPL570,Germany,UKE,GSE23806,GSE23806_series_matrix.txt.gz,GS-5,,,,,,gs5
GSM587210,GSM587210,"glioblastoma stem-like cell line, serum free, later passage_GS-5 p12",Public on Feb 12 2011,Aug 25 2010,Feb 12 2011,RNA,1.0,"glioblastoma stem-like cell line, GSf cell line (GÃ¼nther HS et al.)",Homo sapiens,sample name: GS-5 p12,GPL570,Germany,UKE,GSE23806,GSE23806_series_matrix.txt.gz,GS-5,,,,,,gs5
GSM587211,GSM587211,"glioblastoma stem-like cell line, serum free, early passage_GS-8 p8",Public on Feb 12 2011,Aug 25 2010,Feb 12 2011,RNA,1.0,"glioblastoma stem-like cell line, GSf cell line (GÃ¼nther HS et al.)",Homo sapiens,sample name: GS-8 p8,GPL570,Germany,UKE,GSE23806,GSE23806_series_matrix.txt.gz,GS-8,,,,,,gs8
GSM587212,GSM587212,"glioblastoma stem-like cell line, serum free, later passage_GS-8 p18",Public on Feb 12 2011,Aug 25 2010,Feb 12 2011,RNA,1.0,"glioblastoma stem-like cell line, GSf cell line (GÃ¼nther HS et al.)",Homo sapiens,sample name: GS-8 p18,GPL570,Germany,UKE,GSE23806,GSE23806_series_matrix.txt.gz,GS-8,,,,,,gs8
GSM587213,GSM587213,"glioblastoma stem-like cell line, serum free, early passage_GS-9 p6",Public on Feb 12 2011,Aug 25 2010,Feb 12 2011,RNA,1.0,"glioblastoma stem-like cell line, GSf cell line (GÃ¼nther HS et al.)",Homo sapiens,sample name: GS-9 p6,GPL570,Germany,UKE,GSE23806,GSE23806_series_matrix.txt.gz,GS-9,,,,,,gs9
GSM587214,GSM587214,"glioblastoma stem-like cell line, serum free, later passage_GS-9 p13",Public on Feb 12 2011,Aug 25 2010,Feb 12 2011,RNA,1.0,"glioblastoma stem-like cell line, GSf cell line (GÃ¼nther HS et al.)",Homo sapiens,sample name: GS-9 p13,GPL570,Germany,UKE,GSE23806,GSE23806_series_matrix.txt.gz,GS-9,,,,,,gs9
GSM587215,GSM587215,"glioblastoma stem-like cell line, serum free, later passage_GS-10 p12",Public on Feb 12 2011,Aug 25 2010,Feb 12 2011,RNA,1.0,glioblastoma stem-like cell line,Homo sapiens,sample name: GS-10 p12,GPL570,Germany,UKE,GSE23806,GSE23806_series_matrix.txt.gz,GS-10,,,,,,gs10
GSM587216,GSM587216,"glioblastoma stem-like cell line, serum free, later passage_GS-11 p11",Public on Feb 12 2011,Aug 25 2010,Feb 12 2011,RNA,1.0,glioblastoma stem-like cell line,Homo sapiens,sample name: GS-11 p11,GPL570,Germany,UKE,GSE23806,GSE23806_series_matrix.txt.gz,GS-11,,,,,,gs11
GSM587217,GSM587217,"glioblastoma stem-like cell line, serum free, later passage_GS-12 p11",Public on Feb 12 2011,Aug 25 2010,Feb 12 2011,RNA,1.0,glioblastoma stem-like cell line,Homo sapiens,sample name: GS-12 p11,GPL570,Germany,UKE,GSE23806,GSE23806_series_matrix.txt.gz,GS-12,,,,,,gs12
GSM587218,GSM587218,,,,,,,,,,,,,,,,,,CVCL_7082,,,
GSM587219,GSM587219,,,,,,,,,,,,,,,,,,CVCL_7082,,,
GSM587220,GSM587220,,,,,,,,,,,,,,,,,,CVCL_7082,,,
GSM587221,GSM587221,,,,,,,,,,,,,,,,,,CVCL_7082,,,
GSM587222,GSM587222,,,,,,,,,,,,,,,,,,CVCL_7082,,,
GSM587223,GSM587223,,,,,,,,,,,,,,,,,,CVCL_7082,,,
GSM587224,GSM587224,,,,,,,,,,,,,,,,,,CVCL_7082,,,
GSM587225,GSM587225,,,,,,,,,,,,,,,,,,CVCL_7082,,,
GSM587226,GSM587226,,,,,,,,,,,,,,,,,,CVCL_7082,,,
GSM587227,GSM587227,,,,,,,,,,,,,,,,,,CVCL_7082,,,
GSM587228,GSM587228,,,,,,,,,,,,,,,,,,CVCL_7082,,,
GSM587229,GSM587229,,,,,,,,,,,,,,,,,,CVCL_7082,,,
GSM618009,GSM618009,,,,,,,,,,,,,,,,,,CVCL_0139,AGS,Cello GEO GSM,
GSM618010,GSM618010,,,,,,,,,,,,,,,,,,CVCL_0139,AGS,Cello GEO GSM,
GSM618011,GSM618011,,,,,,,,,,,,,,,,,,CVCL_0139,AGS,Cello GEO GSM,
GSM618012,GSM618012,,,,,,,,,,,,,,,,,,CVCL_0139,AGS,Cello GEO GSM,
GSM618013,GSM618013,,,,,,,,,,,,,,,,,,CVCL_0434,MKN45,Cello GEO GSM,
GSM618014,GSM618014,,,,,,,,,,,,,,,,,,CVCL_0434,MKN45,Cello GEO GSM,
GSM618015,GSM618015,,,,,,,,,,,,,,,,,,CVCL_0434,MKN45,Cello GEO GSM,
GSM618016,GSM618016,,,,,,,,,,,,,,,,,,CVCL_0434,MKN45,Cello GEO GSM,
GSM629484,GSM629484,,,,,,,,,,,,,,,,,,CVCL_1818,Granta-519,Cello GEO GSM,
GSM629485,GSM629485,,,,,,,,,,,,,,,,,,CVCL_1818,Granta-519,Cello GEO GSM,
GSM629490,GSM629490,,,,,,,,,,,,,,,,,,CVCL_1865,JeKo-1,Cello GEO GSM,
GSM629491,GSM629491,,,,,,,,,,,,,,,,,,CVCL_1865,JeKo-1,Cello GEO GSM,
GSM629492,GSM629492,,,,,,,,,,,,,,,,,,CVCL_1319,JVM-2,Cello GEO GSM,
GSM629493,GSM629493,,,,,,,,,,,,,,,,,,CVCL_1319,JVM-2,Cello GEO GSM,
GSM629496,GSM629496,,,,,,,,,,,,,,,,,,CVCL_1872,Mino,Cello GEO GSM,
GSM629497,GSM629497,,,,,,,,,,,,,,,,,,CVCL_1872,Mino,Cello GEO GSM,
GSM629498,GSM629498,,,,,,,,,,,,,,,,,,CVCL_1884,REC-1,Cello GEO GSM,
GSM629499,GSM629499,,,,,,,,,,,,,,,,,,CVCL_1884,REC-1,Cello GEO GSM,
GSM686033,GSM686033,,,,,,,,,,,,,,,,,,CVCL_7668,GTL-16,Cello GEO GSM,
GSM686034,GSM686034,,,,,,,,,,,,,,,,,,CVCL_7668,GTL-16,Cello GEO GSM,
GSM692854,GSM692854,,,,,,,,,,,,,,,,,,CVCL_1702,SK-N-FI,Cello GEO GSM,
GSM692855,GSM692855,,,,,,,,,,,,,,,,,,CVCL_1700,SK-N-AS,Cello GEO GSM,
GSM692856,GSM692856,,,,,,,,,,,,,,,,,,CVCL_1232,GI-ME-N,Cello GEO GSM,
GSM692859,GSM692859,,,,,,,,,,,,,,,,,,CVCL_0346,IMR-32,Cello GEO GSM,
GSM692862,GSM692862,,,,,,,,,,,,,,,,,,CVCL_2143,NMB,Cello GEO GSM,
GSM692863,GSM692863,,,,,,,,,,,,,,,,,,CVCL_1124,CHP-134,Cello GEO GSM,
GSM692864,GSM692864,,,,,,,,,,,,,,,,,,CVCL_0531,SK-N-SH,Cello GEO GSM,
GSM692865,GSM692865,,,,,,,,,,,,,,,,,,CVCL_2141,NGP,Cello GEO GSM,
GSM692869,GSM692869,,,,,,,,,,,,,,,,,,CVCL_0528,SK-N-BE(2),Cello GEO GSM,
GSM692874,GSM692874,,,,,,,,,,,,,,,,,,CVCL_0019,SH-SY5Y,Cello GEO GSM,
GSM711694,GSM711694,,,,,,,,,,,,,,,,,,CVCL_7082,,,
GSM711695,GSM711695,,,,,,,,,,,,,,,,,,CVCL_4647,JHOS-2,Cello GEO GSM,
GSM711696,GSM711696,,,,,,,,,,,,,,,,,,CVCL_1614,OAW28,Cello GEO GSM,
GSM711697,GSM711697,,,,,,,,,,,,,,,,,,CVCL_1615,OAW42,Cello GEO GSM,
GSM711698,GSM711698,,,,,,,,,,,,,,,,,,CVCL_2675,OV7,Cello GEO GSM,
GSM711699,GSM711699,,,,,,,,,,,,,,,,,,CVCL_2672,OV17R,Cello GEO GSM,
GSM711700,GSM711700,,,,,,,,,,,,,,,,,,CVCL_2673,OV56,Cello GEO GSM,
GSM711701,GSM711701,,,,,,,,,,,,,,,,,,CVCL_7082,,,
GSM711702,GSM711702,,,,,,,,,,,,,,,,,,CVCL_3768,OV-90,Cello GEO GSM,
GSM711703,GSM711703,,,,,,,,,,,,,,,,,,CVCL_3935,OVCA420,Cello GEO GSM,
GSM711704,GSM711704,,,,,,,,,,,,,,,,,,CVCL_7082,,,
GSM711705,GSM711705,,,,,,,,,,,,,,,,,,CVCL_3769,OVCA432,Cello GEO GSM,
GSM711706,GSM711706,,,,,,,,,,,,,,,,,,CVCL_0475,OVCA433,Cello GEO GSM,
GSM711707,GSM711707,,,,,,,,,,,,,,,,,,CVCL_7082,,,
GSM711708,GSM711708,,,,,,,,,,,,,,,,,,CVCL_0465,OVCAR-3,Cello GEO GSM,
GSM711709,GSM711709,,,,,,,,,,,,,,,,,,CVCL_1628,OVCAR-5,Cello GEO GSM,
GSM711710,GSM711710,,,,,,,,,,,,,,,,,,CVCL_1629,OVCAR-8,Cello GEO GSM,
GSM711711,GSM711711,,,,,,,,,,,,,,,,,,CVCL_7082,,,
GSM711712,GSM711712,,,,,,,,,,,,,,,,,,CVCL_0201,Caov-3,Cello GEO GSM,
GSM711713,GSM711713,,,,,,,,,,,,,,,,,,CVCL_0532,SK-OV-3,Cello GEO GSM,
GSM711714,GSM711714,,,,,,,,,,,,,,,,,,CVCL_B079,UWB1.289,Cello GEO GSM,
GSM711715,GSM711715,,,,,,,,,,,,,,,,,,CVCL_7082,,,
GSM711716,GSM711716,,,,,,,,,,,,,,,,,,CVCL_0029,EFO-21,Cello GEO GSM,
GSM711717,GSM711717,,,,,,,,,,,,,,,,,,CVCL_7082,,,
GSM711718,GSM711718,,,,,,,,,,,,,,,,,,CVCL_7082,,,
GSM711719,GSM711719,,,,,,,,,,,,,,,,,,CVCL_2047,FU-OV-1,Cello GEO GSM,
GSM711720,GSM711720,,,,,,,,,,,,,,,,,,CVCL_1304,IGROV-1,Cello GEO GSM,
GSM711721,GSM711721,,,,,,,,,,,,,,,,,,CVCL_3612,TOV-112D,Cello GEO GSM,
GSM711722,GSM711722,,,,,,,,,,,,,,,,,,CVCL_0134,A2780,Cello GEO GSM,
GSM711723,GSM711723,,,,,,,,,,,,,,,,,,CVCL_7082,,,
GSM711724,GSM711724,,,,,,,,,,,,,,,,,,CVCL_6774,DOV13,Cello GEO GSM,
GSM711725,GSM711725,,,,,,,,,,,,,,,,,,CVCL_1776,TYK-nu,Cello GEO GSM,
GSM711726,GSM711726,,,,,,,,,,,,,,,,,,CVCL_2686,PEO1,Cello GEO GSM,
GSM711727,GSM711727,,,,,,,,,,,,,,,,,,CVCL_7082,,,
GSM748815,GSM748815,"G361 cells, untreated, 0h, rep1",Public on Aug 01 2011,Jun 27 2011,Aug 01 2011,RNA,1.0,"G361 cells, untreated, 0h",Homo sapiens,cell line: G361,GPL570,Israel,Tel Aviv University,GSE30240,GSE30240_series_matrix.txt.gz,G361,,,CVCL_C8ZL,G361,Cello Cell line Name,g361
GSM748816,GSM748816,"G361 cells, untreated, 0h, rep2",Public on Aug 01 2011,Jun 27 2011,Aug 01 2011,RNA,1.0,"G361 cells, untreated, 0h",Homo sapiens,cell line: G361,GPL570,Israel,Tel Aviv University,GSE30240,GSE30240_series_matrix.txt.gz,G361,,,CVCL_C8ZL,G361,Cello Cell line Name,g361
GSM748817,GSM748817,"G361 cells, untreated, 0h, rep3",Public on Aug 01 2011,Jun 27 2011,Aug 01 2011,RNA,1.0,"G361 cells, untreated, 0h",Homo sapiens,cell line: G361,GPL570,Israel,Tel Aviv University,GSE30240,GSE30240_series_matrix.txt.gz,G361,,,CVCL_C8ZL,G361,Cello Cell line Name,g361
GSM748818,GSM748818,"G361 cells, untreated, 3h, rep1",Public on Aug 01 2011,Jun 27 2011,Aug 01 2011,RNA,1.0,"G361 cells, untreated, 3h",Homo sapiens,cell line: G361,GPL570,Israel,Tel Aviv University,GSE30240,GSE30240_series_matrix.txt.gz,G361,,,CVCL_C8ZL,G361,Cello Cell line Name,g361
GSM748819,GSM748819,"G361 cells, untreated, 3h, rep2",Public on Aug 01 2011,Jun 27 2011,Aug 01 2011,RNA,1.0,"G361 cells, untreated, 3h",Homo sapiens,cell line: G361,GPL570,Israel,Tel Aviv University,GSE30240,GSE30240_series_matrix.txt.gz,G361,,,CVCL_C8ZL,G361,Cello Cell line Name,g361
GSM748820,GSM748820,"G361 cells, untreated, 3h, rep3",Public on Aug 01 2011,Jun 27 2011,Aug 01 2011,RNA,1.0,"G361 cells, untreated, 3h",Homo sapiens,cell line: G361,GPL570,Israel,Tel Aviv University,GSE30240,GSE30240_series_matrix.txt.gz,G361,,,CVCL_C8ZL,G361,Cello Cell line Name,g361
GSM748821,GSM748821,"G361 cells, untreated, 6h, rep1",Public on Aug 01 2011,Jun 27 2011,Aug 01 2011,RNA,1.0,"G361 cells, untreated, 6h",Homo sapiens,cell line: G361,GPL570,Israel,Tel Aviv University,GSE30240,GSE30240_series_matrix.txt.gz,G361,,,CVCL_C8ZL,G361,Cello Cell line Name,g361
GSM748822,GSM748822,"G361 cells, untreated, 6h, rep2",Public on Aug 01 2011,Jun 27 2011,Aug 01 2011,RNA,1.0,"G361 cells, untreated, 6h",Homo sapiens,cell line: G361,GPL570,Israel,Tel Aviv University,GSE30240,GSE30240_series_matrix.txt.gz,G361,,,CVCL_C8ZL,G361,Cello Cell line Name,g361
GSM748823,GSM748823,"G361 cells, untreated, 6h, rep3",Public on Aug 01 2011,Jun 27 2011,Aug 01 2011,RNA,1.0,"G361 cells, untreated, 6h",Homo sapiens,cell line: G361,GPL570,Israel,Tel Aviv University,GSE30240,GSE30240_series_matrix.txt.gz,G361,,,CVCL_C8ZL,G361,Cello Cell line Name,g361
GSM748824,GSM748824,"G361 cells, IR, 3h, rep1",Public on Aug 01 2011,Jun 27 2011,Aug 01 2011,RNA,1.0,"G361 cells, IR 3h",Homo sapiens,cell line: G361,GPL570,Israel,Tel Aviv University,GSE30240,GSE30240_series_matrix.txt.gz,G361,,,CVCL_C8ZL,G361,Cello Cell line Name,g361
GSM748825,GSM748825,"G361 cells, IR, 3h, rep2",Public on Aug 01 2011,Jun 27 2011,Aug 01 2011,RNA,1.0,"G361 cells, IR 3h",Homo sapiens,cell line: G361,GPL570,Israel,Tel Aviv University,GSE30240,GSE30240_series_matrix.txt.gz,G361,,,CVCL_C8ZL,G361,Cello Cell line Name,g361
GSM748826,GSM748826,"G361 cells, IR, 3h, rep3",Public on Aug 01 2011,Jun 27 2011,Aug 01 2011,RNA,1.0,"G361 cells, IR 3h",Homo sapiens,cell line: G361,GPL570,Israel,Tel Aviv University,GSE30240,GSE30240_series_matrix.txt.gz,G361,,,CVCL_C8ZL,G361,Cello Cell line Name,g361
GSM748827,GSM748827,"G361 cells, IR, 6h, rep1",Public on Aug 01 2011,Jun 27 2011,Aug 01 2011,RNA,1.0,"G361 cells, IR 6h",Homo sapiens,cell line: G361,GPL570,Israel,Tel Aviv University,GSE30240,GSE30240_series_matrix.txt.gz,G361,,,CVCL_C8ZL,G361,Cello Cell line Name,g361
GSM748828,GSM748828,"G361 cells, IR, 6h, rep2",Public on Aug 01 2011,Jun 27 2011,Aug 01 2011,RNA,1.0,"G361 cells, IR 6h",Homo sapiens,cell line: G361,GPL570,Israel,Tel Aviv University,GSE30240,GSE30240_series_matrix.txt.gz,G361,,,CVCL_C8ZL,G361,Cello Cell line Name,g361
GSM748829,GSM748829,"G361 cells, IR, 6h, rep3",Public on Aug 01 2011,Jun 27 2011,Aug 01 2011,RNA,1.0,"G361 cells, IR 6h",Homo sapiens,cell line: G361,GPL570,Israel,Tel Aviv University,GSE30240,GSE30240_series_matrix.txt.gz,G361,,,CVCL_C8ZL,G361,Cello Cell line Name,g361
GSM748830,GSM748830,"HepG2 cells, untreated, 0h, rep1",Public on Aug 01 2011,Jun 27 2011,Aug 01 2011,RNA,1.0,"HepG2 cells, untreated, 0h",Homo sapiens,cell line: HepG2,GPL570,Israel,Tel Aviv University,GSE30240,GSE30240_series_matrix.txt.gz,HepG2,,,CVCL_0027,HepG2,Cello Cell line Synonym,hepg2
GSM748831,GSM748831,"HepG2 cells, untreated, 0h, rep2",Public on Aug 01 2011,Jun 27 2011,Aug 01 2011,RNA,1.0,"HepG2 cells, untreated, 0h",Homo sapiens,cell line: HepG2,GPL570,Israel,Tel Aviv University,GSE30240,GSE30240_series_matrix.txt.gz,HepG2,,,CVCL_0027,HepG2,Cello Cell line Synonym,hepg2
GSM748832,GSM748832,"HepG2 cells, untreated, 0h, rep3",Public on Aug 01 2011,Jun 27 2011,Aug 01 2011,RNA,1.0,"HepG2 cells, untreated, 0h",Homo sapiens,cell line: HepG2,GPL570,Israel,Tel Aviv University,GSE30240,GSE30240_series_matrix.txt.gz,HepG2,,,CVCL_0027,HepG2,Cello Cell line Synonym,hepg2
GSM748833,GSM748833,"HepG2 cells, untreated, 3h, rep1",Public on Aug 01 2011,Jun 27 2011,Aug 01 2011,RNA,1.0,"HepG2 cells, untreated, 3h",Homo sapiens,cell line: HepG2,GPL570,Israel,Tel Aviv University,GSE30240,GSE30240_series_matrix.txt.gz,HepG2,,,CVCL_0027,HepG2,Cello Cell line Synonym,hepg2
GSM748834,GSM748834,"HepG2 cells, untreated, 3h, rep2",Public on Aug 01 2011,Jun 27 2011,Aug 01 2011,RNA,1.0,"HepG2 cells, untreated, 3h",Homo sapiens,cell line: HepG2,GPL570,Israel,Tel Aviv University,GSE30240,GSE30240_series_matrix.txt.gz,HepG2,,,CVCL_0027,HepG2,Cello Cell line Synonym,hepg2
GSM748835,GSM748835,"HepG2 cells, untreated, 3h, rep3",Public on Aug 01 2011,Jun 27 2011,Aug 01 2011,RNA,1.0,"HepG2 cells, untreated, 3h",Homo sapiens,cell line: HepG2,GPL570,Israel,Tel Aviv University,GSE30240,GSE30240_series_matrix.txt.gz,HepG2,,,CVCL_0027,HepG2,Cello Cell line Synonym,hepg2
GSM748836,GSM748836,"HepG2 cells, untreated, 6h, rep1",Public on Aug 01 2011,Jun 27 2011,Aug 01 2011,RNA,1.0,"HepG2 cells, untreated, 6h",Homo sapiens,cell line: HepG2,GPL570,Israel,Tel Aviv University,GSE30240,GSE30240_series_matrix.txt.gz,HepG2,,,CVCL_0027,HepG2,Cello Cell line Synonym,hepg2
GSM748837,GSM748837,"HepG2 cells, untreated, 6h, rep2",Public on Aug 01 2011,Jun 27 2011,Aug 01 2011,RNA,1.0,"HepG2 cells, untreated, 6h",Homo sapiens,cell line: HepG2,GPL570,Israel,Tel Aviv University,GSE30240,GSE30240_series_matrix.txt.gz,HepG2,,,CVCL_0027,HepG2,Cello Cell line Synonym,hepg2
GSM748838,GSM748838,"HepG2 cells, untreated, 6h, rep3",Public on Aug 01 2011,Jun 27 2011,Aug 01 2011,RNA,1.0,"HepG2 cells, untreated, 6h",Homo sapiens,cell line: HepG2,GPL570,Israel,Tel Aviv University,GSE30240,GSE30240_series_matrix.txt.gz,HepG2,,,CVCL_0027,HepG2,Cello Cell line Synonym,hepg2
GSM748839,GSM748839,"HepG2 cells, IR, 3h, rep1",Public on Aug 01 2011,Jun 27 2011,Aug 01 2011,RNA,1.0,"HepG2 cells, IR 3h",Homo sapiens,cell line: HepG2,GPL570,Israel,Tel Aviv University,GSE30240,GSE30240_series_matrix.txt.gz,HepG2,,,CVCL_0027,HepG2,Cello Cell line Synonym,hepg2
GSM748840,GSM748840,"HepG2 cells, IR, 3h, rep2",Public on Aug 01 2011,Jun 27 2011,Aug 01 2011,RNA,1.0,"HepG2 cells, IR 3h",Homo sapiens,cell line: HepG2,GPL570,Israel,Tel Aviv University,GSE30240,GSE30240_series_matrix.txt.gz,HepG2,,,CVCL_0027,HepG2,Cello Cell line Synonym,hepg2
GSM748841,GSM748841,"HepG2 cells, IR, 3h, rep3",Public on Aug 01 2011,Jun 27 2011,Aug 01 2011,RNA,1.0,"HepG2 cells, IR 3h",Homo sapiens,cell line: HepG2,GPL570,Israel,Tel Aviv University,GSE30240,GSE30240_series_matrix.txt.gz,HepG2,,,CVCL_0027,HepG2,Cello Cell line Synonym,hepg2
GSM748842,GSM748842,"HepG2 cells, IR, 6h, rep1",Public on Aug 01 2011,Jun 27 2011,Aug 01 2011,RNA,1.0,"HepG2 cells, IR 6h",Homo sapiens,cell line: HepG2,GPL570,Israel,Tel Aviv University,GSE30240,GSE30240_series_matrix.txt.gz,HepG2,,,CVCL_0027,HepG2,Cello Cell line Synonym,hepg2
GSM748843,GSM748843,"HepG2 cells, IR, 6h, rep2",Public on Aug 01 2011,Jun 27 2011,Aug 01 2011,RNA,1.0,"HepG2 cells, IR 6h",Homo sapiens,cell line: HepG2,GPL570,Israel,Tel Aviv University,GSE30240,GSE30240_series_matrix.txt.gz,HepG2,,,CVCL_0027,HepG2,Cello Cell line Synonym,hepg2
GSM748844,GSM748844,"HepG2 cells, IR, 6h, rep3",Public on Aug 01 2011,Jun 27 2011,Aug 01 2011,RNA,1.0,"HepG2 cells, IR 6h",Homo sapiens,cell line: HepG2,GPL570,Israel,Tel Aviv University,GSE30240,GSE30240_series_matrix.txt.gz,HepG2,,,CVCL_0027,HepG2,Cello Cell line Synonym,hepg2
GSM748845,GSM748845,"TK6 cells, untreated, 0h, rep1",Public on Aug 01 2011,Jun 27 2011,Aug 01 2011,RNA,1.0,"TK6 cells, untreated, 0h",Homo sapiens,cell line: TK6,GPL570,Israel,Tel Aviv University,GSE30240,GSE30240_series_matrix.txt.gz,TK6,,,CVCL_0561,TK6,Cello Cell line Name,tk6
GSM748846,GSM748846,"TK6 cells, untreated, 0h, rep2",Public on Aug 01 2011,Jun 27 2011,Aug 01 2011,RNA,1.0,"TK6 cells, untreated, 0h",Homo sapiens,cell line: TK6,GPL570,Israel,Tel Aviv University,GSE30240,GSE30240_series_matrix.txt.gz,TK6,,,CVCL_0561,TK6,Cello Cell line Name,tk6
GSM748847,GSM748847,"TK6 cells, untreated, 0h, rep3",Public on Aug 01 2011,Jun 27 2011,Aug 01 2011,RNA,1.0,"TK6 cells, untreated, 0h",Homo sapiens,cell line: TK6,GPL570,Israel,Tel Aviv University,GSE30240,GSE30240_series_matrix.txt.gz,TK6,,,CVCL_0561,TK6,Cello Cell line Name,tk6
GSM748848,GSM748848,"TK6 cells, untreated, 3h, rep1",Public on Aug 01 2011,Jun 27 2011,Aug 01 2011,RNA,1.0,"TK6 cells, untreated, 3h",Homo sapiens,cell line: TK6,GPL570,Israel,Tel Aviv University,GSE30240,GSE30240_series_matrix.txt.gz,TK6,,,CVCL_0561,TK6,Cello Cell line Name,tk6
GSM748849,GSM748849,"TK6 cells, untreated, 3h, rep2",Public on Aug 01 2011,Jun 27 2011,Aug 01 2011,RNA,1.0,"TK6 cells, untreated, 3h",Homo sapiens,cell line: TK6,GPL570,Israel,Tel Aviv University,GSE30240,GSE30240_series_matrix.txt.gz,TK6,,,CVCL_0561,TK6,Cello Cell line Name,tk6
GSM748850,GSM748850,"TK6 cells, untreated, 3h, rep3",Public on Aug 01 2011,Jun 27 2011,Aug 01 2011,RNA,1.0,"TK6 cells, untreated, 3h",Homo sapiens,cell line: TK6,GPL570,Israel,Tel Aviv University,GSE30240,GSE30240_series_matrix.txt.gz,TK6,,,CVCL_0561,TK6,Cello Cell line Name,tk6
GSM748851,GSM748851,"TK6 cells, untreated, 6h, rep1",Public on Aug 01 2011,Jun 27 2011,Aug 01 2011,RNA,1.0,"TK6 cells, untreated, 6h",Homo sapiens,cell line: TK6,GPL570,Israel,Tel Aviv University,GSE30240,GSE30240_series_matrix.txt.gz,TK6,,,CVCL_0561,TK6,Cello Cell line Name,tk6
GSM748852,GSM748852,"TK6 cells, untreated, 6h, rep2",Public on Aug 01 2011,Jun 27 2011,Aug 01 2011,RNA,1.0,"TK6 cells, untreated, 6h",Homo sapiens,cell line: TK6,GPL570,Israel,Tel Aviv University,GSE30240,GSE30240_series_matrix.txt.gz,TK6,,,CVCL_0561,TK6,Cello Cell line Name,tk6
GSM748853,GSM748853,"TK6 cells, untreated, 6h, rep3",Public on Aug 01 2011,Jun 27 2011,Aug 01 2011,RNA,1.0,"TK6 cells, untreated, 6h",Homo sapiens,cell line: TK6,GPL570,Israel,Tel Aviv University,GSE30240,GSE30240_series_matrix.txt.gz,TK6,,,CVCL_0561,TK6,Cello Cell line Name,tk6
GSM748854,GSM748854,"TK6 cells, IR, 3h, rep1",Public on Aug 01 2011,Jun 27 2011,Aug 01 2011,RNA,1.0,"TK6 cells, IR 3h",Homo sapiens,cell line: TK6,GPL570,Israel,Tel Aviv University,GSE30240,GSE30240_series_matrix.txt.gz,TK6,,,CVCL_0561,TK6,Cello Cell line Name,tk6
GSM748855,GSM748855,"TK6 cells, IR, 3h, rep2",Public on Aug 01 2011,Jun 27 2011,Aug 01 2011,RNA,1.0,"TK6 cells, IR 3h",Homo sapiens,cell line: TK6,GPL570,Israel,Tel Aviv University,GSE30240,GSE30240_series_matrix.txt.gz,TK6,,,CVCL_0561,TK6,Cello Cell line Name,tk6
GSM748856,GSM748856,"TK6 cells, IR, 3h, rep3",Public on Aug 01 2011,Jun 27 2011,Aug 01 2011,RNA,1.0,"TK6 cells, IR 3h",Homo sapiens,cell line: TK6,GPL570,Israel,Tel Aviv University,GSE30240,GSE30240_series_matrix.txt.gz,TK6,,,CVCL_0561,TK6,Cello Cell line Name,tk6
GSM748857,GSM748857,"TK6 cells, IR, 6h, rep1",Public on Aug 01 2011,Jun 27 2011,Aug 01 2011,RNA,1.0,"TK6 cells, IR 6h",Homo sapiens,cell line: TK6,GPL570,Israel,Tel Aviv University,GSE30240,GSE30240_series_matrix.txt.gz,TK6,,,CVCL_0561,TK6,Cello Cell line Name,tk6
GSM748858,GSM748858,"TK6 cells, IR, 6h, rep2",Public on Aug 01 2011,Jun 27 2011,Aug 01 2011,RNA,1.0,"TK6 cells, IR 6h",Homo sapiens,cell line: TK6,GPL570,Israel,Tel Aviv University,GSE30240,GSE30240_series_matrix.txt.gz,TK6,,,CVCL_0561,TK6,Cello Cell line Name,tk6
GSM748859,GSM748859,"TK6 cells, IR, 6h, rep3",Public on Aug 01 2011,Jun 27 2011,Aug 01 2011,RNA,1.0,"TK6 cells, IR 6h",Homo sapiens,cell line: TK6,GPL570,Israel,Tel Aviv University,GSE30240,GSE30240_series_matrix.txt.gz,TK6,,,CVCL_0561,TK6,Cello Cell line Name,tk6
GSM748860,GSM748860,"U2OS cells, untreated, 0h, rep1",Public on Aug 01 2011,Jun 27 2011,Aug 01 2011,RNA,1.0,"U2OS cells, untreated, 0h",Homo sapiens,cell line: U2OS,GPL570,Israel,Tel Aviv University,GSE30240,GSE30240_series_matrix.txt.gz,U2OS,,,CVCL_0042,U2OS,Cello Cell line Name,u2os
GSM748861,GSM748861,"U2OS cells, untreated, 0h, rep2",Public on Aug 01 2011,Jun 27 2011,Aug 01 2011,RNA,1.0,"U2OS cells, untreated, 0h",Homo sapiens,cell line: U2OS,GPL570,Israel,Tel Aviv University,GSE30240,GSE30240_series_matrix.txt.gz,U2OS,,,CVCL_0042,U2OS,Cello Cell line Name,u2os
GSM748862,GSM748862,"U2OS cells, untreated, 0h, rep3",Public on Aug 01 2011,Jun 27 2011,Aug 01 2011,RNA,1.0,"U2OS cells, untreated, 0h",Homo sapiens,cell line: U2OS,GPL570,Israel,Tel Aviv University,GSE30240,GSE30240_series_matrix.txt.gz,U2OS,,,CVCL_0042,U2OS,Cello Cell line Name,u2os
GSM748863,GSM748863,"U2OS cells, untreated, 3h, rep1",Public on Aug 01 2011,Jun 27 2011,Aug 01 2011,RNA,1.0,"U2OS cells, untreated, 3h",Homo sapiens,cell line: U2OS,GPL570,Israel,Tel Aviv University,GSE30240,GSE30240_series_matrix.txt.gz,U2OS,,,CVCL_0042,U2OS,Cello Cell line Name,u2os
GSM748864,GSM748864,"U2OS cells, untreated, 3h, rep2",Public on Aug 01 2011,Jun 27 2011,Aug 01 2011,RNA,1.0,"U2OS cells, untreated, 3h",Homo sapiens,cell line: U2OS,GPL570,Israel,Tel Aviv University,GSE30240,GSE30240_series_matrix.txt.gz,U2OS,,,CVCL_0042,U2OS,Cello Cell line Name,u2os
GSM748865,GSM748865,"U2OS cells, untreated, 3h, rep3",Public on Aug 01 2011,Jun 27 2011,Aug 01 2011,RNA,1.0,"U2OS cells, untreated, 3h",Homo sapiens,cell line: U2OS,GPL570,Israel,Tel Aviv University,GSE30240,GSE30240_series_matrix.txt.gz,U2OS,,,CVCL_0042,U2OS,Cello Cell line Name,u2os
GSM748866,GSM748866,"U2OS cells, untreated, 6h, rep1",Public on Aug 01 2011,Jun 27 2011,Aug 01 2011,RNA,1.0,"U2OS cells, untreated, 6h",Homo sapiens,cell line: U2OS,GPL570,Israel,Tel Aviv University,GSE30240,GSE30240_series_matrix.txt.gz,U2OS,,,CVCL_0042,U2OS,Cello Cell line Name,u2os
GSM748867,GSM748867,"U2OS cells, untreated, 6h, rep2",Public on Aug 01 2011,Jun 27 2011,Aug 01 2011,RNA,1.0,"U2OS cells, untreated, 6h",Homo sapiens,cell line: U2OS,GPL570,Israel,Tel Aviv University,GSE30240,GSE30240_series_matrix.txt.gz,U2OS,,,CVCL_0042,U2OS,Cello Cell line Name,u2os
GSM748868,GSM748868,"U2OS cells, untreated, 6h, rep3",Public on Aug 01 2011,Jun 27 2011,Aug 01 2011,RNA,1.0,"U2OS cells, untreated, 6h",Homo sapiens,cell line: U2OS,GPL570,Israel,Tel Aviv University,GSE30240,GSE30240_series_matrix.txt.gz,U2OS,,,CVCL_0042,U2OS,Cello Cell line Name,u2os
GSM748869,GSM748869,"U2OS cells, IR, 3h, rep1",Public on Aug 01 2011,Jun 27 2011,Aug 01 2011,RNA,1.0,"U2OS cells, IR 3h",Homo sapiens,cell line: U2OS,GPL570,Israel,Tel Aviv University,GSE30240,GSE30240_series_matrix.txt.gz,U2OS,,,CVCL_0042,U2OS,Cello Cell line Name,u2os
GSM748870,GSM748870,"U2OS cells, IR, 3h, rep2",Public on Aug 01 2011,Jun 27 2011,Aug 01 2011,RNA,1.0,"U2OS cells, IR 3h",Homo sapiens,cell line: U2OS,GPL570,Israel,Tel Aviv University,GSE30240,GSE30240_series_matrix.txt.gz,U2OS,,,CVCL_0042,U2OS,Cello Cell line Name,u2os
GSM748871,GSM748871,"U2OS cells, IR, 3h, rep3",Public on Aug 01 2011,Jun 27 2011,Aug 01 2011,RNA,1.0,"U2OS cells, IR 3h",Homo sapiens,cell line: U2OS,GPL570,Israel,Tel Aviv University,GSE30240,GSE30240_series_matrix.txt.gz,U2OS,,,CVCL_0042,U2OS,Cello Cell line Name,u2os
GSM748872,GSM748872,"U2OS cells, IR, 6h, rep1",Public on Aug 01 2011,Jun 27 2011,Aug 01 2011,RNA,1.0,"U2OS cells, IR 6h",Homo sapiens,cell line: U2OS,GPL570,Israel,Tel Aviv University,GSE30240,GSE30240_series_matrix.txt.gz,U2OS,,,CVCL_0042,U2OS,Cello Cell line Name,u2os
GSM748873,GSM748873,"U2OS cells, IR, 6h, rep2",Public on Aug 01 2011,Jun 27 2011,Aug 01 2011,RNA,1.0,"U2OS cells, IR 6h",Homo sapiens,cell line: U2OS,GPL570,Israel,Tel Aviv University,GSE30240,GSE30240_series_matrix.txt.gz,U2OS,,,CVCL_0042,U2OS,Cello Cell line Name,u2os
GSM748874,GSM748874,"U2OS cells, IR, 6h, rep3",Public on Aug 01 2011,Jun 27 2011,Aug 01 2011,RNA,1.0,"U2OS cells, IR 6h",Homo sapiens,cell line: U2OS,GPL570,Israel,Tel Aviv University,GSE30240,GSE30240_series_matrix.txt.gz,U2OS,,,CVCL_0042,U2OS,Cello Cell line Name,u2os
GSM749871,GSM749871,"BJ cells, untreated, 0h, rep1",Public on Aug 01 2011,Jun 28 2011,Aug 01 2011,RNA,1.0,"BJ cells, untreated, 0h",Homo sapiens,cell line: BJ,GPL570,Israel,Tel Aviv University,GSE30240,GSE30240_series_matrix.txt.gz,BJ,,,,,,bj
GSM749872,GSM749872,"BJ cells, untreated, 0h, rep2",Public on Aug 01 2011,Jun 28 2011,Aug 01 2011,RNA,1.0,"BJ cells, untreated, 0h",Homo sapiens,cell line: BJ,GPL570,Israel,Tel Aviv University,GSE30240,GSE30240_series_matrix.txt.gz,BJ,,,,,,bj
GSM749873,GSM749873,"BJ cells, untreated, 0h, rep3",Public on Aug 01 2011,Jun 28 2011,Aug 01 2011,RNA,1.0,"BJ cells, untreated, 0h",Homo sapiens,cell line: BJ,GPL570,Israel,Tel Aviv University,GSE30240,GSE30240_series_matrix.txt.gz,BJ,,,,,,bj
GSM749874,GSM749874,"BJ cells, untreated, 3h, rep1",Public on Aug 01 2011,Jun 28 2011,Aug 01 2011,RNA,1.0,"BJ cells, untreated, 3h",Homo sapiens,cell line: BJ,GPL570,Israel,Tel Aviv University,GSE30240,GSE30240_series_matrix.txt.gz,BJ,,,,,,bj
GSM749875,GSM749875,"BJ cells, untreated, 3h, rep2",Public on Aug 01 2011,Jun 28 2011,Aug 01 2011,RNA,1.0,"BJ cells, untreated, 3h",Homo sapiens,cell line: BJ,GPL570,Israel,Tel Aviv University,GSE30240,GSE30240_series_matrix.txt.gz,BJ,,,,,,bj
GSM749876,GSM749876,"BJ cells, untreated, 3h, rep3",Public on Aug 01 2011,Jun 28 2011,Aug 01 2011,RNA,1.0,"BJ cells, untreated, 3h",Homo sapiens,cell line: BJ,GPL570,Israel,Tel Aviv University,GSE30240,GSE30240_series_matrix.txt.gz,BJ,,,,,,bj
GSM749877,GSM749877,"BJ cells, untreated, 6h, rep1",Public on Aug 01 2011,Jun 28 2011,Aug 01 2011,RNA,1.0,"BJ cells, untreated, 6h",Homo sapiens,cell line: BJ,GPL570,Israel,Tel Aviv University,GSE30240,GSE30240_series_matrix.txt.gz,BJ,,,,,,bj
GSM749878,GSM749878,"BJ cells, untreated, 6h, rep2",Public on Aug 01 2011,Jun 28 2011,Aug 01 2011,RNA,1.0,"BJ cells, untreated, 6h",Homo sapiens,cell line: BJ,GPL570,Israel,Tel Aviv University,GSE30240,GSE30240_series_matrix.txt.gz,BJ,,,,,,bj
GSM749879,GSM749879,"BJ cells, untreated, 6h, rep3",Public on Aug 01 2011,Jun 28 2011,Aug 01 2011,RNA,1.0,"BJ cells, untreated, 6h",Homo sapiens,cell line: BJ,GPL570,Israel,Tel Aviv University,GSE30240,GSE30240_series_matrix.txt.gz,BJ,,,,,,bj
GSM749880,GSM749880,"BJ cells, IR, 3h, rep1",Public on Aug 01 2011,Jun 28 2011,Aug 01 2011,RNA,1.0,"BJ cells, IR 3h",Homo sapiens,cell line: BJ,GPL570,Israel,Tel Aviv University,GSE30240,GSE30240_series_matrix.txt.gz,BJ,,,,,,bj
GSM749881,GSM749881,"BJ cells, IR, 3h, rep2",Public on Aug 01 2011,Jun 28 2011,Aug 01 2011,RNA,1.0,"BJ cells, IR 3h",Homo sapiens,cell line: BJ,GPL570,Israel,Tel Aviv University,GSE30240,GSE30240_series_matrix.txt.gz,BJ,,,,,,bj
GSM749882,GSM749882,"BJ cells, IR, 3h, rep3",Public on Aug 01 2011,Jun 28 2011,Aug 01 2011,RNA,1.0,"BJ cells, IR 3h",Homo sapiens,cell line: BJ,GPL570,Israel,Tel Aviv University,GSE30240,GSE30240_series_matrix.txt.gz,BJ,,,,,,bj
GSM749883,GSM749883,"BJ cells, IR, 6h, rep1",Public on Aug 01 2011,Jun 28 2011,Aug 01 2011,RNA,1.0,"BJ cells, IR 6h",Homo sapiens,cell line: BJ,GPL570,Israel,Tel Aviv University,GSE30240,GSE30240_series_matrix.txt.gz,BJ,,,,,,bj
GSM749884,GSM749884,"BJ cells, IR, 6h, rep2",Public on Aug 01 2011,Jun 28 2011,Aug 01 2011,RNA,1.0,"BJ cells, IR 6h",Homo sapiens,cell line: BJ,GPL570,Israel,Tel Aviv University,GSE30240,GSE30240_series_matrix.txt.gz,BJ,,,,,,bj
GSM749885,GSM749885,"BJ cells, IR, 6h, rep3",Public on Aug 01 2011,Jun 28 2011,Aug 01 2011,RNA,1.0,"BJ cells, IR 6h",Homo sapiens,cell line: BJ,GPL570,Israel,Tel Aviv University,GSE30240,GSE30240_series_matrix.txt.gz,BJ,,,,,,bj
GSM799168,GSM799168,,,,,,,,,,,,,,,,,,CVCL_0179,BT-474,Cello GEO GSM,
GSM799169,GSM799169,,,,,,,,,,,,,,,,,,CVCL_0179,BT-474,Cello GEO GSM,
GSM799170,GSM799170,,,,,,,,,,,,,,,,,,CVCL_0179,BT-474,Cello GEO GSM,
GSM799171,GSM799171,,,,,,,,,,,,,,,,,,CVCL_0179,BT-474,Cello GEO GSM,
GSM799172,GSM799172,,,,,,,,,,,,,,,,,,CVCL_0179,BT-474,Cello GEO GSM,
GSM799173,GSM799173,,,,,,,,,,,,,,,,,,CVCL_0179,BT-474,Cello GEO GSM,
GSM820814,GSM820814,,,,,,,,,,,,,,,,,,CVCL_0062,MDA-MB-231,Cello GEO GSM,
GSM820815,GSM820815,,,,,,,,,,,,,,,,,,CVCL_0062,MDA-MB-231,Cello GEO GSM,
GSM820816,GSM820816,,,,,,,,,,,,,,,,,,CVCL_0062,MDA-MB-231,Cello GEO GSM,
GSM843436,GSM843436,"184A1, gene expression array U133Plus2",Public on Jan 20 2012,Dec 05 2011,Jan 20 2012,RNA,1.0,184A1,Homo sapiens,cell line: 184A1,GPL570,USA,"Pfizer, Inc.",GSE34211,GSE34211-GPL570_series_matrix.txt.gz,184A1,,breast,CVCL_3040,184A1,Cello Cell line Name,184a1
GSM843437,GSM843437,"7860, gene expression array U133Plus2",Public on Jan 20 2012,Dec 05 2011,Jan 20 2012,RNA,1.0,7860,Homo sapiens,cell line: 7860,GPL570,USA,"Pfizer, Inc.",GSE34211,GSE34211-GPL570_series_matrix.txt.gz,7860,,renal,CVCL_1051,786-O,Cello GEO GSM,7860
GSM843438,GSM843438,"A498, gene expression array U133Plus2",Public on Jan 20 2012,Dec 05 2011,Jan 20 2012,RNA,1.0,A498,Homo sapiens,cell line: A498,GPL570,USA,"Pfizer, Inc.",GSE34211,GSE34211-GPL570_series_matrix.txt.gz,A498,,renal,CVCL_1056,A-498,Cello GEO GSM,a498
GSM843439,GSM843439,"A549, gene expression array U133Plus2",Public on Jan 20 2012,Dec 05 2011,Jan 20 2012,RNA,1.0,A549,Homo sapiens,cell line: A549,GPL570,USA,"Pfizer, Inc.",GSE34211,GSE34211-GPL570_series_matrix.txt.gz,A549,,lung,CVCL_0023,A-549,Cello GEO GSM,a549
GSM843440,GSM843440,"AGS, gene expression array U133Plus2",Public on Jan 20 2012,Dec 05 2011,Jan 20 2012,RNA,1.0,AGS,Homo sapiens,cell line: AGS,GPL570,USA,"Pfizer, Inc.",GSE34211,GSE34211-GPL570_series_matrix.txt.gz,AGS,,stomach,CVCL_0139,AGS,Cello Cell line Name,ags
GSM843441,GSM843441,"AU565, gene expression array U133Plus2 replicate 1",Public on Jan 20 2012,Dec 05 2011,Jan 20 2012,RNA,1.0,AU565,Homo sapiens,cell line: AU565,GPL570,USA,"Pfizer, Inc.",GSE34211,GSE34211-GPL570_series_matrix.txt.gz,AU565,,breast,CVCL_1074,AU565,Cello Cell line Name,au565
GSM843442,GSM843442,"AU565, gene expression array U133Plus2 replicate 2",Public on Jan 20 2012,Dec 05 2011,Jan 20 2012,RNA,1.0,AU565,Homo sapiens,cell line: AU565,GPL570,USA,"Pfizer, Inc.",GSE34211,GSE34211-GPL570_series_matrix.txt.gz,AU565,,breast,CVCL_1074,AU565,Cello Cell line Name,au565
GSM843443,GSM843443,"AZ521, gene expression array U133Plus2",Public on Jan 20 2012,Dec 05 2011,Jan 20 2012,RNA,1.0,AZ521,Homo sapiens,cell line: AZ521,GPL570,USA,"Pfizer, Inc.",GSE34211,GSE34211-GPL570_series_matrix.txt.gz,AZ521,,stomach,CVCL_2862,AZ521,Cello Cell line Synonym,az521
GSM843444,GSM843444,"BGC823, gene expression array U133Plus2",Public on Jan 20 2012,Dec 05 2011,Jan 20 2012,RNA,1.0,BGC823,Homo sapiens,cell line: BGC823,GPL570,USA,"Pfizer, Inc.",GSE34211,GSE34211-GPL570_series_matrix.txt.gz,BGC823,,stomach,CVCL_3360,BGC823,Cello Cell line Synonym,bgc823
GSM843445,GSM843445,"BT20, gene expression array U133Plus2 replicate 1",Public on Jan 20 2012,Dec 05 2011,Jan 20 2012,RNA,1.0,BT20,Homo sapiens,cell line: BT20,GPL570,USA,"Pfizer, Inc.",GSE34211,GSE34211-GPL570_series_matrix.txt.gz,BT20,,breast,CVCL_0178,BT-20,Cello GEO GSM,bt20
GSM843446,GSM843446,"BT20, gene expression array U133Plus2 replicate 2",Public on Jan 20 2012,Dec 05 2011,Jan 20 2012,RNA,1.0,BT20,Homo sapiens,cell line: BT20,GPL570,USA,"Pfizer, Inc.",GSE34211,GSE34211-GPL570_series_matrix.txt.gz,BT20,,breast,CVCL_0178,BT-20,Cello GEO GSM,bt20
GSM843476,GSM843476,"BT474, gene expression array U133Plus2",Public on Jan 20 2012,Dec 05 2011,Jan 20 2012,RNA,1.0,BT474,Homo sapiens,cell line: BT474,GPL570,USA,"Pfizer, Inc.",GSE34211,GSE34211-GPL570_series_matrix.txt.gz,BT474,,breast,CVCL_0179,BT-474,Cello GEO GSM,bt474
GSM843477,GSM843477,"BT549, gene expression array U133Plus2 replicate 1",Public on Jan 20 2012,Dec 05 2011,Jan 20 2012,RNA,1.0,BT549,Homo sapiens,cell line: BT549,GPL570,USA,"Pfizer, Inc.",GSE34211,GSE34211-GPL570_series_matrix.txt.gz,BT549,,breast,CVCL_1092,BT-549,Cello GEO GSM,bt549
GSM843478,GSM843478,"BT549, gene expression array U133Plus2 replicate 2",Public on Jan 20 2012,Dec 05 2011,Jan 20 2012,RNA,1.0,BT549,Homo sapiens,cell line: BT549,GPL570,USA,"Pfizer, Inc.",GSE34211,GSE34211-GPL570_series_matrix.txt.gz,BT549,,breast,CVCL_1092,BT-549,Cello GEO GSM,bt549
GSM843479,GSM843479,"BT549, gene expression array U133Plus2",Public on Jan 20 2012,Dec 05 2011,Jan 20 2012,RNA,1.0,BT549,Homo sapiens,cell line: BT549,GPL570,USA,"Pfizer, Inc.",GSE34211,GSE34211-GPL570_series_matrix.txt.gz,BT549,,breast,CVCL_1092,BT-549,Cello GEO GSM,bt549
GSM843480,GSM843480,"BT549, gene expression array U133Plus2 Pfizer",Public on Jan 20 2012,Dec 05 2011,Jan 20 2012,RNA,1.0,BT549,Homo sapiens,cell line: BT549,GPL570,USA,"Pfizer, Inc.",GSE34211,GSE34211-GPL570_series_matrix.txt.gz,BT549,,breast,CVCL_1092,BT-549,Cello GEO GSM,bt549
GSM843481,GSM843481,"CACO2, gene expression array U133Plus2 replicate 1",Public on Jan 20 2012,Dec 05 2011,Jan 20 2012,RNA,1.0,CACO2,Homo sapiens,cell line: CACO2,GPL570,USA,"Pfizer, Inc.",GSE34211,GSE34211-GPL570_series_matrix.txt.gz,CACO2,,large_intestine,CVCL_0025,Caco-2,Cello GEO GSM,caco2
GSM843482,GSM843482,"CACO2, gene expression array U133Plus2 replicate 2",Public on Jan 20 2012,Dec 05 2011,Jan 20 2012,RNA,1.0,CACO2,Homo sapiens,cell line: CACO2,GPL570,USA,"Pfizer, Inc.",GSE34211,GSE34211-GPL570_series_matrix.txt.gz,CACO2,,large_intestine,CVCL_0025,Caco-2,Cello GEO GSM,caco2
GSM843483,GSM843483,"CAL120, gene expression array U133Plus2",Public on Jan 20 2012,Dec 05 2011,Jan 20 2012,RNA,1.0,CAL120,Homo sapiens,cell line: CAL120,GPL570,USA,"Pfizer, Inc.",GSE34211,GSE34211-GPL570_series_matrix.txt.gz,CAL120,,breast,CVCL_1104,CAL-120,Cello GEO GSM,cal120
GSM843484,GSM843484,"CAL851, gene expression array U133Plus2 replicate 1",Public on Jan 20 2012,Dec 05 2011,Jan 20 2012,RNA,1.0,CAL851,Homo sapiens,cell line: CAL851,GPL570,USA,"Pfizer, Inc.",GSE34211,GSE34211-GPL570_series_matrix.txt.gz,CAL851,,breast,CVCL_1114,CAL-85-1,Cello GEO GSM,cal851
GSM843485,GSM843485,"CAL851, gene expression array U133Plus2 replicate 2",Public on Jan 20 2012,Dec 05 2011,Jan 20 2012,RNA,1.0,CAL851,Homo sapiens,cell line: CAL851,GPL570,USA,"Pfizer, Inc.",GSE34211,GSE34211-GPL570_series_matrix.txt.gz,CAL851,,breast,CVCL_1114,CAL-85-1,Cello GEO GSM,cal851
GSM843486,GSM843486,"CALU1, gene expression array U133Plus2",Public on Jan 20 2012,Dec 05 2011,Jan 20 2012,RNA,1.0,CALU1,Homo sapiens,cell line: CALU1,GPL570,USA,"Pfizer, Inc.",GSE34211,GSE34211-GPL570_series_matrix.txt.gz,CALU1,,lung,CVCL_0608,Calu-1,Cello GEO GSM,calu1
GSM843487,GSM843487,"CALU6, gene expression array U133Plus2",Public on Jan 20 2012,Dec 05 2011,Jan 20 2012,RNA,1.0,CALU6,Homo sapiens,cell line: CALU6,GPL570,USA,"Pfizer, Inc.",GSE34211,GSE34211-GPL570_series_matrix.txt.gz,CALU6,,lung,CVCL_0236,Calu-6,Cello GEO GSM,calu6
GSM843488,GSM843488,"CAMA1, gene expression array U133Plus2 replicate 1",Public on Jan 20 2012,Dec 05 2011,Jan 20 2012,RNA,1.0,CAMA1,Homo sapiens,cell line: CAMA1,GPL570,USA,"Pfizer, Inc.",GSE34211,GSE34211-GPL570_series_matrix.txt.gz,CAMA1,,breast,CVCL_1115,CAMA-1,Cello GEO GSM,cama1
GSM843489,GSM843489,"CAMA1, gene expression array U133Plus2 replicate 2",Public on Jan 20 2012,Dec 05 2011,Jan 20 2012,RNA,1.0,CAMA1,Homo sapiens,cell line: CAMA1,GPL570,USA,"Pfizer, Inc.",GSE34211,GSE34211-GPL570_series_matrix.txt.gz,CAMA1,,breast,CVCL_1115,CAMA-1,Cello GEO GSM,cama1
GSM843490,GSM843490,"COLO205, gene expression array U133Plus2",Public on Jan 20 2012,Dec 05 2011,Jan 20 2012,RNA,1.0,COLO205,Homo sapiens,cell line: COLO205,GPL570,USA,"Pfizer, Inc.",GSE34211,GSE34211-GPL570_series_matrix.txt.gz,COLO205,,large_intestine,CVCL_F402,COLO205,Cello Cell line Name,colo205
GSM843491,GSM843491,"COLO320HSR, gene expression array U133Plus2",Public on Jan 20 2012,Dec 05 2011,Jan 20 2012,RNA,1.0,COLO320HSR,Homo sapiens,cell line: COLO320HSR,GPL570,USA,"Pfizer, Inc.",GSE34211,GSE34211-GPL570_series_matrix.txt.gz,COLO320HSR,,large_intestine,CVCL_0220,COLO 320HSR,Cello match alphanum,colo320hsr
GSM843492,GSM843492,"COLO824, gene expression array U133Plus2 replicate 1",Public on Jan 20 2012,Dec 05 2011,Jan 20 2012,RNA,1.0,COLO824,Homo sapiens,cell line: COLO824,GPL570,USA,"Pfizer, Inc.",GSE34211,GSE34211-GPL570_series_matrix.txt.gz,COLO824,,breast,CVCL_1136,COLO 824,Cello GEO GSM,colo824
GSM843493,GSM843493,"COLO824, gene expression array U133Plus2 replicate 2",Public on Jan 20 2012,Dec 05 2011,Jan 20 2012,RNA,1.0,COLO824,Homo sapiens,cell line: COLO824,GPL570,USA,"Pfizer, Inc.",GSE34211,GSE34211-GPL570_series_matrix.txt.gz,COLO824,,breast,CVCL_1136,COLO 824,Cello GEO GSM,colo824
GSM843494,GSM843494,"DU145T, gene expression array U133Plus2",Public on Jan 20 2012,Dec 05 2011,Jan 20 2012,RNA,1.0,DU145T,Homo sapiens,cell line: DU145T,GPL570,USA,"Pfizer, Inc.",GSE34211,GSE34211-GPL570_series_matrix.txt.gz,DU145T,,prostate,CVCL_0105,DU145,Cello GEO GSM,du145t
GSM843495,GSM843495,"ECC1, gene expression array U133Plus2 replicate 1",Public on Jan 20 2012,Dec 05 2011,Jan 20 2012,RNA,1.0,ECC1,Homo sapiens,cell line: ECC1,GPL570,USA,"Pfizer, Inc.",GSE34211,GSE34211-GPL570_series_matrix.txt.gz,ECC1,,endometrium,CVCL_7260,ECC1,Cello Cell line Synonym,ecc1
GSM843496,GSM843496,"ECC1, gene expression array U133Plus2 replicate 2",Public on Jan 20 2012,Dec 05 2011,Jan 20 2012,RNA,1.0,ECC1,Homo sapiens,cell line: ECC1,GPL570,USA,"Pfizer, Inc.",GSE34211,GSE34211-GPL570_series_matrix.txt.gz,ECC1,,endometrium,CVCL_7260,ECC1,Cello Cell line Synonym,ecc1
GSM843497,GSM843497,"EFM19, gene expression array U133Plus2",Public on Jan 20 2012,Dec 05 2011,Jan 20 2012,RNA,1.0,EFM19,Homo sapiens,cell line: EFM19,GPL570,USA,"Pfizer, Inc.",GSE34211,GSE34211-GPL570_series_matrix.txt.gz,EFM19,,breast,CVCL_0253,EFM-19,Cello GEO GSM,efm19
GSM843498,GSM843498,"EFM192A, gene expression array U133Plus2",Public on Jan 20 2012,Dec 05 2011,Jan 20 2012,RNA,1.0,EFM192A,Homo sapiens,cell line: EFM192A,GPL570,USA,"Pfizer, Inc.",GSE34211,GSE34211-GPL570_series_matrix.txt.gz,EFM192A,,breast,CVCL_1812,EFM-192A,Cello GEO GSM,efm192a
GSM843499,GSM843499,"EKVX, gene expression array U133Plus2",Public on Jan 20 2012,Dec 05 2011,Jan 20 2012,RNA,1.0,EKVX,Homo sapiens,cell line: EKVX,GPL570,USA,"Pfizer, Inc.",GSE34211,GSE34211-GPL570_series_matrix.txt.gz,EKVX,,lung,CVCL_1195,EKVX,Cello Cell line Name,ekvx
GSM843500,GSM843500,"EVSA, gene expression array U133Plus2 replicate 1",Public on Jan 20 2012,Dec 05 2011,Jan 20 2012,RNA,1.0,EVSA,Homo sapiens,cell line: EVSA,GPL570,USA,"Pfizer, Inc.",GSE34211,GSE34211-GPL570_series_matrix.txt.gz,EVSA,,breast,CVCL_1207,Evsa-T,Cello GEO GSM,evsa
GSM843501,GSM843501,"EVSA, gene expression array U133Plus2 replicate 2",Public on Jan 20 2012,Dec 05 2011,Jan 20 2012,RNA,1.0,EVSA,Homo sapiens,cell line: EVSA,GPL570,USA,"Pfizer, Inc.",GSE34211,GSE34211-GPL570_series_matrix.txt.gz,EVSA,,breast,CVCL_1207,Evsa-T,Cello GEO GSM,evsa
GSM843502,GSM843502,"FU97, gene expression array U133Plus2",Public on Jan 20 2012,Dec 05 2011,Jan 20 2012,RNA,1.0,FU97,Homo sapiens,cell line: FU97,GPL570,USA,"Pfizer, Inc.",GSE34211,GSE34211-GPL570_series_matrix.txt.gz,FU97,,stomach,CVCL_2908,Fu97,Cello GEO GSM,fu97
GSM843503,GSM843503,"GAM016, gene expression array U133Plus2",Public on Jan 20 2012,Dec 05 2011,Jan 20 2012,RNA,1.0,GAM016,Homo sapiens,cell line: GAM016,GPL570,USA,"Pfizer, Inc.",GSE34211,GSE34211-GPL570_series_matrix.txt.gz,GAM016,,stomach,,,,gam016
GSM843504,GSM843504,"GAM022, gene expression array U133Plus2",Public on Jan 20 2012,Dec 05 2011,Jan 20 2012,RNA,1.0,GAM022,Homo sapiens,cell line: GAM022,GPL570,USA,"Pfizer, Inc.",GSE34211,GSE34211-GPL570_series_matrix.txt.gz,GAM022,,stomach,,,,gam022
GSM843505,GSM843505,"GTL16, gene expression array U133Plus2 Pfizer",Public on Jan 20 2012,Dec 05 2011,Jan 20 2012,RNA,1.0,GTL16,Homo sapiens,cell line: GTL16,GPL570,USA,"Pfizer, Inc.",GSE34211,GSE34211-GPL570_series_matrix.txt.gz,GTL16,,stomach,CVCL_7668,GTL-16,Cello GEO GSM,gtl16
GSM844013,GSM844013,"HCC38, gene expression array U133Plus2",Public on Jan 20 2012,Dec 06 2011,Jan 20 2012,RNA,1.0,HCC38,Homo sapiens,cell line: HCC38,GPL570,USA,"Pfizer, Inc.",GSE34211,GSE34211-GPL570_series_matrix.txt.gz,HCC38,,breast,CVCL_1267,HCC38,Cello Cell line Name,hcc38
GSM844014,GSM844014,"HCC70, gene expression array U133Plus2 replicate 1",Public on Jan 20 2012,Dec 06 2011,Jan 20 2012,RNA,1.0,HCC70,Homo sapiens,cell line: HCC70,GPL570,USA,"Pfizer, Inc.",GSE34211,GSE34211-GPL570_series_matrix.txt.gz,HCC70,,breast,CVCL_1270,HCC70,Cello Cell line Name,hcc70
GSM844015,GSM844015,"HCC70, gene expression array U133Plus2 replicate 2",Public on Jan 20 2012,Dec 06 2011,Jan 20 2012,RNA,1.0,HCC70,Homo sapiens,cell line: HCC70,GPL570,USA,"Pfizer, Inc.",GSE34211,GSE34211-GPL570_series_matrix.txt.gz,HCC70,,breast,CVCL_1270,HCC70,Cello Cell line Name,hcc70
GSM844089,GSM844089,"HCC202, gene expression array U133Plus2",Public on Jan 20 2012,Dec 06 2011,Jan 20 2012,RNA,1.0,HCC202,Homo sapiens,cell line: HCC202,GPL570,USA,"Pfizer, Inc.",GSE34211,GSE34211-GPL570_series_matrix.txt.gz,HCC202,,breast,CVCL_2062,HCC202,Cello Cell line Name,hcc202
GSM844541,GSM844541,"HCC1143, gene expression array U133Plus2",Public on Jan 20 2012,Dec 06 2011,Jan 20 2012,RNA,1.0,HCC1143,Homo sapiens,cell line: HCC1143,GPL570,USA,"Pfizer, Inc.",GSE34211,GSE34211-GPL570_series_matrix.txt.gz,HCC1143,,,CVCL_1245,HCC1143,Cello Cell line Name,hcc1143
GSM844542,GSM844542,"HCC1187, gene expression array U133Plus2",Public on Jan 20 2012,Dec 06 2011,Jan 20 2012,RNA,1.0,HCC1187,Homo sapiens,cell line: HCC1187,GPL570,USA,"Pfizer, Inc.",GSE34211,GSE34211-GPL570_series_matrix.txt.gz,HCC1187,,,CVCL_1247,HCC1187,Cello Cell line Name,hcc1187
GSM844543,GSM844543,"HCC1395, gene expression array U133Plus2",Public on Jan 20 2012,Dec 06 2011,Jan 20 2012,RNA,1.0,HCC1395,Homo sapiens,cell line: HCC1395,GPL570,USA,"Pfizer, Inc.",GSE34211,GSE34211-GPL570_series_matrix.txt.gz,HCC1395,,,CVCL_1249,HCC1395,Cello Cell line Name,hcc1395
GSM844544,GSM844544,"HCC1419, gene expression array U133Plus2",Public on Jan 20 2012,Dec 06 2011,Jan 20 2012,RNA,1.0,HCC1419,Homo sapiens,cell line: HCC1419,GPL570,USA,"Pfizer, Inc.",GSE34211,GSE34211-GPL570_series_matrix.txt.gz,HCC1419,,,CVCL_1251,HCC1419,Cello Cell line Name,hcc1419
GSM844545,GSM844545,"HCC1569, gene expression array U133Plus2",Public on Jan 20 2012,Dec 06 2011,Jan 20 2012,RNA,1.0,HCC1569,Homo sapiens,cell line: HCC1569,GPL570,USA,"Pfizer, Inc.",GSE34211,GSE34211-GPL570_series_matrix.txt.gz,HCC1569,,,CVCL_1255,HCC1569,Cello Cell line Name,hcc1569
GSM844546,GSM844546,"HCC1806, gene expression array U133Plus2 PFIZER",Public on Jan 20 2012,Dec 06 2011,Jan 20 2012,RNA,1.0,HCC1806,Homo sapiens,cell line: HCC1806,GPL570,USA,"Pfizer, Inc.",GSE34211,GSE34211-GPL570_series_matrix.txt.gz,HCC1806,,,CVCL_1258,HCC1806,Cello Cell line Name,hcc1806
GSM844547,GSM844547,"HCC1806, gene expression array U133Plus2 Good_BREAST_WYETH",Public on Jan 20 2012,Dec 06 2011,Jan 20 2012,RNA,1.0,HCC1806,Homo sapiens,cell line: HCC1806,GPL570,USA,"Pfizer, Inc.",GSE34211,GSE34211-GPL570_series_matrix.txt.gz,HCC1806,,,CVCL_1258,HCC1806,Cello Cell line Name,hcc1806
GSM844548,GSM844548,"HCC2218, gene expression array U133Plus2",Public on Jan 20 2012,Dec 06 2011,Jan 20 2012,RNA,1.0,HCC2218,Homo sapiens,cell line: HCC2218,GPL570,USA,"Pfizer, Inc.",GSE34211,GSE34211-GPL570_series_matrix.txt.gz,HCC2218,,,CVCL_1263,HCC2218,Cello Cell line Name,hcc2218
GSM844549,GSM844549,"HCC2935, gene expression array U133Plus2",Public on Jan 20 2012,Dec 06 2011,Jan 20 2012,RNA,1.0,HCC2935,Homo sapiens,cell line: HCC2935,GPL570,USA,"Pfizer, Inc.",GSE34211,GSE34211-GPL570_series_matrix.txt.gz,HCC2935,,,CVCL_1265,HCC2935,Cello Cell line Name,hcc2935
GSM844550,GSM844550,"HCC2998, gene expression array U133Plus2 replicate 1",Public on Jan 20 2012,Dec 06 2011,Jan 20 2012,RNA,1.0,HCC2998,Homo sapiens,cell line: HCC2998,GPL570,USA,"Pfizer, Inc.",GSE34211,GSE34211-GPL570_series_matrix.txt.gz,HCC2998,,,CVCL_1266,HCC2998,Cello Cell line Name,hcc2998
GSM844551,GSM844551,"HCC2998, gene expression array U133Plus2 replicate 2",Public on Jan 20 2012,Dec 06 2011,Jan 20 2012,RNA,1.0,HCC2998,Homo sapiens,cell line: HCC2998,GPL570,USA,"Pfizer, Inc.",GSE34211,GSE34211-GPL570_series_matrix.txt.gz,HCC2998,,,CVCL_1266,HCC2998,Cello Cell line Name,hcc2998
GSM844552,GSM844552,"HCC4006, gene expression array U133Plus2",Public on Jan 20 2012,Dec 06 2011,Jan 20 2012,RNA,1.0,HCC4006,Homo sapiens,cell line: HCC4006,GPL570,USA,"Pfizer, Inc.",GSE34211,GSE34211-GPL570_series_matrix.txt.gz,HCC4006,,,CVCL_1269,HCC4006,Cello Cell line Name,hcc4006
GSM844553,GSM844553,"HCC827, gene expression array U133Plus2",Public on Jan 20 2012,Dec 06 2011,Jan 20 2012,RNA,1.0,HCC827,Homo sapiens,cell line: HCC827,GPL570,USA,"Pfizer, Inc.",GSE34211,GSE34211-GPL570_series_matrix.txt.gz,HCC827,,,CVCL_2063,HCC827,Cello Cell line Name,hcc827
GSM844554,GSM844554,"HCT15, gene expression array U133Plus2",Public on Jan 20 2012,Dec 06 2011,Jan 20 2012,RNA,1.0,HCT15,Homo sapiens,cell line: HCT15,GPL570,USA,"Pfizer, Inc.",GSE34211,GSE34211-GPL570_series_matrix.txt.gz,HCT15,,,CVCL_0292,HCT 15,Cello GEO GSM,hct15
GSM844555,GSM844555,"HEC1A, gene expression array U133Plus2 replicate 1",Public on Jan 20 2012,Dec 06 2011,Jan 20 2012,RNA,1.0,HEC1A,Homo sapiens,cell line: HEC1A,GPL570,USA,"Pfizer, Inc.",GSE34211,GSE34211-GPL570_series_matrix.txt.gz,HEC1A,,,CVCL_0293,HEC-1-A,Cello GEO GSM,hec1a
GSM844556,GSM844556,"HEC1A, gene expression array U133Plus2 replicate 2",Public on Jan 20 2012,Dec 06 2011,Jan 20 2012,RNA,1.0,HEC1A,Homo sapiens,cell line: HEC1A,GPL570,USA,"Pfizer, Inc.",GSE34211,GSE34211-GPL570_series_matrix.txt.gz,HEC1A,,,CVCL_0293,HEC-1-A,Cello GEO GSM,hec1a
GSM844557,GSM844557,"HEC1B, gene expression array U133Plus2",Public on Jan 20 2012,Dec 06 2011,Jan 20 2012,RNA,1.0,HEC1B,Homo sapiens,cell line: HEC1B,GPL570,USA,"Pfizer, Inc.",GSE34211,GSE34211-GPL570_series_matrix.txt.gz,HEC1B,,,CVCL_0294,HEC-1-B,Cello GEO GSM,hec1b
GSM844558,GSM844558,"HGC27, gene expression array U133Plus2",Public on Jan 20 2012,Dec 06 2011,Jan 20 2012,RNA,1.0,HGC27,Homo sapiens,cell line: HGC27,GPL570,USA,"Pfizer, Inc.",GSE34211,GSE34211-GPL570_series_matrix.txt.gz,HGC27,,,CVCL_1279,HGC-27,Cello GEO GSM,hgc27
GSM844559,GSM844559,"HPET11, gene expression array U133Plus2",Public on Jan 20 2012,Dec 06 2011,Jan 20 2012,RNA,1.0,HPET11,Homo sapiens,cell line: HPET11,GPL570,USA,"Pfizer, Inc.",GSE34211,GSE34211-GPL570_series_matrix.txt.gz,HPET11,,,CVCL_EQ26,HPET11,Cello Cell line Synonym,hpet11
GSM844560,GSM844560,"HPET13, gene expression array U133Plus2 replicate 1",Public on Jan 20 2012,Dec 06 2011,Jan 20 2012,RNA,1.0,HPET13,Homo sapiens,cell line: HPET13,GPL570,USA,"Pfizer, Inc.",GSE34211,GSE34211-GPL570_series_matrix.txt.gz,HPET13,,,CVCL_EQ27,HPET13,Cello Cell line Synonym,hpet13
GSM844561,GSM844561,"HPET13, gene expression array U133Plus2 replicate 2",Public on Jan 20 2012,Dec 06 2011,Jan 20 2012,RNA,1.0,HPET13,Homo sapiens,cell line: HPET13,GPL570,USA,"Pfizer, Inc.",GSE34211,GSE34211-GPL570_series_matrix.txt.gz,HPET13,,,CVCL_EQ27,HPET13,Cello Cell line Synonym,hpet13
GSM844562,GSM844562,"HPET5, gene expression array U133Plus2",Public on Jan 20 2012,Dec 06 2011,Jan 20 2012,RNA,1.0,HPET5,Homo sapiens,cell line: HPET5,GPL570,USA,"Pfizer, Inc.",GSE34211,GSE34211-GPL570_series_matrix.txt.gz,HPET5,,,CVCL_EQ25,HPET5,Cello Cell line Synonym,hpet5
GSM844563,GSM844563,"HS578T, gene expression array U133Plus2 Good_BREAST_WYETH",Public on Jan 20 2012,Dec 06 2011,Jan 20 2012,RNA,1.0,HS578T,Homo sapiens,cell line: HS578T,GPL570,USA,"Pfizer, Inc.",GSE34211,GSE34211-GPL570_series_matrix.txt.gz,HS578T,,,CVCL_0332,Hs 578T,Cello GEO GSM,hs578t
GSM844564,GSM844564,"HS578T, gene expression array U133Plus2 Good_NCI50_WYETH",Public on Jan 20 2012,Dec 06 2011,Jan 20 2012,RNA,1.0,HS578T,Homo sapiens,cell line: HS578T,GPL570,USA,"Pfizer, Inc.",GSE34211,GSE34211-GPL570_series_matrix.txt.gz,HS578T,,,CVCL_0332,Hs 578T,Cello GEO GSM,hs578t
GSM844565,GSM844565,"HS578T, gene expression array U133Plus2 PFIZER",Public on Jan 20 2012,Dec 06 2011,Jan 20 2012,RNA,1.0,HS578T,Homo sapiens,cell line: HS578T,GPL570,USA,"Pfizer, Inc.",GSE34211,GSE34211-GPL570_series_matrix.txt.gz,HS578T,,,CVCL_0332,Hs 578T,Cello GEO GSM,hs578t
GSM844566,GSM844566,"HS746T, gene expression array U133Plus2",Public on Jan 20 2012,Dec 06 2011,Jan 20 2012,RNA,1.0,HS746T,Homo sapiens,cell line: HS746T,GPL570,USA,"Pfizer, Inc.",GSE34211,GSE34211-GPL570_series_matrix.txt.gz,HS746T,,,CVCL_0333,Hs 746.T,Cello GEO GSM,hs746t
GSM844567,GSM844567,"IGROV1, gene expression array U133Plus2 replicate 1",Public on Jan 20 2012,Dec 06 2011,Jan 20 2012,RNA,1.0,IGROV1,Homo sapiens,cell line: IGROV1,GPL570,USA,"Pfizer, Inc.",GSE34211,GSE34211-GPL570_series_matrix.txt.gz,IGROV1,,,CVCL_1304,IGROV-1,Cello GEO GSM,igrov1
GSM844568,GSM844568,"IGROV1, gene expression array U133Plus2 replicate 2",Public on Jan 20 2012,Dec 06 2011,Jan 20 2012,RNA,1.0,IGROV1,Homo sapiens,cell line: IGROV1,GPL570,USA,"Pfizer, Inc.",GSE34211,GSE34211-GPL570_series_matrix.txt.gz,IGROV1,,,CVCL_1304,IGROV-1,Cello GEO GSM,igrov1
GSM844569,GSM844569,"IGROV1, gene expression array U133Plus2 replicate 3",Public on Jan 20 2012,Dec 06 2011,Jan 20 2012,RNA,1.0,IGROV1,Homo sapiens,cell line: IGROV1,GPL570,USA,"Pfizer, Inc.",GSE34211,GSE34211-GPL570_series_matrix.txt.gz,IGROV1,,,CVCL_1304,IGROV-1,Cello GEO GSM,igrov1
GSM844570,GSM844570,"IGROV1, gene expression array U133Plus2 replicate 4",Public on Jan 20 2012,Dec 06 2011,Jan 20 2012,RNA,1.0,IGROV1,Homo sapiens,cell line: IGROV1,GPL570,USA,"Pfizer, Inc.",GSE34211,GSE34211-GPL570_series_matrix.txt.gz,IGROV1,,,CVCL_1304,IGROV-1,Cello GEO GSM,igrov1
GSM844571,GSM844571,"IM95, gene expression array U133Plus2",Public on Jan 20 2012,Dec 06 2011,Jan 20 2012,RNA,1.0,IM95,Homo sapiens,cell line: IM95,GPL570,USA,"Pfizer, Inc.",GSE34211,GSE34211-GPL570_series_matrix.txt.gz,IM95,,,CVCL_2961,IM95,Cello Cell line Name,im95
GSM844572,GSM844572,"IM95M, gene expression array U133Plus2",Public on Jan 20 2012,Dec 06 2011,Jan 20 2012,RNA,1.0,IM95M,Homo sapiens,cell line: IM95M,GPL570,USA,"Pfizer, Inc.",GSE34211,GSE34211-GPL570_series_matrix.txt.gz,IM95M,,,CVCL_2962,IM95M,Cello Cell line Synonym,im95m
GSM844573,GSM844573,"KATOIII, gene expression array U133Plus2",Public on Jan 20 2012,Dec 06 2011,Jan 20 2012,RNA,1.0,KATOIII,Homo sapiens,cell line: KATOIII,GPL570,USA,"Pfizer, Inc.",GSE34211,GSE34211-GPL570_series_matrix.txt.gz,KATOIII,,,CVCL_0371,KATO III,Cello GEO GSM,katoiii
GSM844574,GSM844574,"KLE, gene expression array U133Plus2 replicate 1",Public on Jan 20 2012,Dec 06 2011,Jan 20 2012,RNA,1.0,KLE,Homo sapiens,cell line: KLE,GPL570,USA,"Pfizer, Inc.",GSE34211,GSE34211-GPL570_series_matrix.txt.gz,KLE,,,CVCL_1329,KLE,Cello Cell line Name,kle
GSM844575,GSM844575,"KLE, gene expression array U133Plus2 replicate 2",Public on Jan 20 2012,Dec 06 2011,Jan 20 2012,RNA,1.0,KLE,Homo sapiens,cell line: KLE,GPL570,USA,"Pfizer, Inc.",GSE34211,GSE34211-GPL570_series_matrix.txt.gz,KLE,,,CVCL_1329,KLE,Cello Cell line Name,kle
GSM844576,GSM844576,"KM12, gene expression array U133Plus2 replicate 1",Public on Jan 20 2012,Dec 06 2011,Jan 20 2012,RNA,1.0,KM12,Homo sapiens,cell line: KM12,GPL570,USA,"Pfizer, Inc.",GSE34211,GSE34211-GPL570_series_matrix.txt.gz,KM12,,,CVCL_1331,KM12,Cello Cell line Name,km12
GSM844577,GSM844577,"KM12, gene expression array U133Plus2 replicate 2",Public on Jan 20 2012,Dec 06 2011,Jan 20 2012,RNA,1.0,KM12,Homo sapiens,cell line: KM12,GPL570,USA,"Pfizer, Inc.",GSE34211,GSE34211-GPL570_series_matrix.txt.gz,KM12,,,CVCL_1331,KM12,Cello Cell line Name,km12
GSM844579,GSM844579,"LNCAP, gene expression array U133Plus2",Public on Jan 20 2012,Dec 06 2011,Jan 20 2012,RNA,1.0,LNCAP,Homo sapiens,cell line: LNCAP,GPL570,USA,"Pfizer, Inc.",GSE34211,GSE34211-GPL570_series_matrix.txt.gz,LNCAP,,,CVCL_0395,LNCaP,Cello GEO GSM,lncap
GSM844580,GSM844580,"LS123, gene expression array U133Plus2",Public on Jan 20 2012,Dec 06 2011,Jan 20 2012,RNA,1.0,LS123,Homo sapiens,cell line: LS123,GPL570,USA,"Pfizer, Inc.",GSE34211,GSE34211-GPL570_series_matrix.txt.gz,LS123,,,CVCL_1383,LS123,Cello Cell line Name,ls123
GSM844581,GSM844581,"LS153, gene expression array U133Plus2",Public on Jan 20 2012,Dec 06 2011,Jan 20 2012,RNA,1.0,LS153,Homo sapiens,cell line: LS153,GPL570,USA,"Pfizer, Inc.",GSE34211,GSE34211-GPL570_series_matrix.txt.gz,LS153,,,CVCL_1383,LS123,Cello GEO GSM,ls153
GSM844583,GSM844583,"M14, gene expression array U133Plus2",Public on Jan 20 2012,Dec 06 2011,Jan 20 2012,RNA,1.0,M14,Homo sapiens,cell line: M14,GPL570,USA,"Pfizer, Inc.",GSE34211,GSE34211-GPL570_series_matrix.txt.gz,M14,,,CVCL_1395,M14,Cello Cell line Name,m14
GSM844584,GSM844584,"MCF10A, gene expression array U133Plus2",Public on Jan 20 2012,Dec 06 2011,Jan 20 2012,RNA,1.0,MCF10A,Homo sapiens,cell line: MCF10A,GPL570,USA,"Pfizer, Inc.",GSE34211,GSE34211-GPL570_series_matrix.txt.gz,MCF10A,,,CVCL_0598,MCF-10A,Cello GEO GSM,mcf10a
GSM844585,GSM844585,"MCF12A, gene expression array U133Plus2",Public on Jan 20 2012,Dec 06 2011,Jan 20 2012,RNA,1.0,MCF12A,Homo sapiens,cell line: MCF12A,GPL570,USA,"Pfizer, Inc.",GSE34211,GSE34211-GPL570_series_matrix.txt.gz,MCF12A,,,CVCL_3744,MCF12A,Cello Cell line Synonym,mcf12a
GSM844586,GSM844586,"MCF7, gene expression array U133Plus2 replicate 1",Public on Jan 20 2012,Dec 06 2011,Jan 20 2012,RNA,1.0,MCF7,Homo sapiens,cell line: MCF7,GPL570,USA,"Pfizer, Inc.",GSE34211,GSE34211-GPL570_series_matrix.txt.gz,MCF7,,,CVCL_0031,MCF-7,Cello GEO GSM,mcf7
GSM844587,GSM844587,"MCF7, gene expression array U133Plus2 replicate 2",Public on Jan 20 2012,Dec 06 2011,Jan 20 2012,RNA,1.0,MCF7,Homo sapiens,cell line: MCF7,GPL570,USA,"Pfizer, Inc.",GSE34211,GSE34211-GPL570_series_matrix.txt.gz,MCF7,,,CVCL_0031,MCF-7,Cello GEO GSM,mcf7
GSM844588,GSM844588,"MCG803, gene expression array U133Plus2",Public on Jan 20 2012,Dec 06 2011,Jan 20 2012,RNA,1.0,MCG803,Homo sapiens,cell line: MCG803,GPL570,USA,"Pfizer, Inc.",GSE34211,GSE34211-GPL570_series_matrix.txt.gz,MCG803,,,,,,mcg803
GSM844589,GSM844589,"MDA435, gene expression array U133Plus2 replicate 1",Public on Jan 20 2012,Dec 06 2011,Jan 20 2012,RNA,1.0,MDA435,Homo sapiens,cell line: MDA435,GPL570,USA,"Pfizer, Inc.",GSE34211,GSE34211-GPL570_series_matrix.txt.gz,MDA435,,,CVCL_0417,MDA-MB-435,Cello GEO GSM,mda435
GSM844590,GSM844590,"MDA435, gene expression array U133Plus2 replicate 2",Public on Jan 20 2012,Dec 06 2011,Jan 20 2012,RNA,1.0,MDA435,Homo sapiens,cell line: MDA435,GPL570,USA,"Pfizer, Inc.",GSE34211,GSE34211-GPL570_series_matrix.txt.gz,MDA435,,,CVCL_0417,MDA-MB-435,Cello GEO GSM,mda435
GSM844591,GSM844591,"MDAMB157, gene expression array U133Plus2",Public on Jan 20 2012,Dec 06 2011,Jan 20 2012,RNA,1.0,MDAMB157,Homo sapiens,cell line: MDAMB157,GPL570,USA,"Pfizer, Inc.",GSE34211,GSE34211-GPL570_series_matrix.txt.gz,MDAMB157,,,CVCL_0618,MDA-MB-157,Cello GEO GSM,mdamb157
GSM844592,GSM844592,"MDAMB175, gene expression array U133Plus2 replicate 1",Public on Jan 20 2012,Dec 06 2011,Jan 20 2012,RNA,1.0,MDAMB175,Homo sapiens,cell line: MDAMB175,GPL570,USA,"Pfizer, Inc.",GSE34211,GSE34211-GPL570_series_matrix.txt.gz,MDAMB175,,,CVCL_1400,MDA-MB-175-VII,Cello GEO GSM,mdamb175
GSM844593,GSM844593,"MDAMB175, gene expression array U133Plus2 replicate 2",Public on Jan 20 2012,Dec 06 2011,Jan 20 2012,RNA,1.0,MDAMB175,Homo sapiens,cell line: MDAMB175,GPL570,USA,"Pfizer, Inc.",GSE34211,GSE34211-GPL570_series_matrix.txt.gz,MDAMB175,,,CVCL_1400,MDA-MB-175-VII,Cello GEO GSM,mdamb175
GSM844594,GSM844594,"MDAMB231, gene expression array U133Plus2 Good_BREAST_WYETH",Public on Jan 20 2012,Dec 06 2011,Jan 20 2012,RNA,1.0,MDAMB231,Homo sapiens,cell line: MDAMB231,GPL570,USA,"Pfizer, Inc.",GSE34211,GSE34211-GPL570_series_matrix.txt.gz,MDAMB231,,,CVCL_0062,MDA-MB-231,Cello GEO GSM,mdamb231
GSM844595,GSM844595,"MDAMB231, gene expression array U133Plus2 Good_NCI50_WYETH",Public on Jan 20 2012,Dec 06 2011,Jan 20 2012,RNA,1.0,MDAMB231,Homo sapiens,cell line: MDAMB231,GPL570,USA,"Pfizer, Inc.",GSE34211,GSE34211-GPL570_series_matrix.txt.gz,MDAMB231,,,CVCL_0062,MDA-MB-231,Cello GEO GSM,mdamb231
GSM844596,GSM844596,"MDAMB415, gene expression array U133Plus2 replicate 1",Public on Jan 20 2012,Dec 06 2011,Jan 20 2012,RNA,1.0,MDAMB415,Homo sapiens,cell line: MDAMB415,GPL570,USA,"Pfizer, Inc.",GSE34211,GSE34211-GPL570_series_matrix.txt.gz,MDAMB415,,,CVCL_0621,MDA-MB-415,Cello GEO GSM,mdamb415
GSM844597,GSM844597,"MDAMB415, gene expression array U133Plus2 replicate 2",Public on Jan 20 2012,Dec 06 2011,Jan 20 2012,RNA,1.0,MDAMB415,Homo sapiens,cell line: MDAMB415,GPL570,USA,"Pfizer, Inc.",GSE34211,GSE34211-GPL570_series_matrix.txt.gz,MDAMB415,,,CVCL_0621,MDA-MB-415,Cello GEO GSM,mdamb415
GSM844598,GSM844598,"MDAMB415, gene expression array U133Plus2 replicate 3",Public on Jan 20 2012,Dec 06 2011,Jan 20 2012,RNA,1.0,MDAMB415,Homo sapiens,cell line: MDAMB415,GPL570,USA,"Pfizer, Inc.",GSE34211,GSE34211-GPL570_series_matrix.txt.gz,MDAMB415,,,CVCL_0621,MDA-MB-415,Cello GEO GSM,mdamb415
GSM844599,GSM844599,"MDAMB415, gene expression array U133Plus2 replicate 4",Public on Jan 20 2012,Dec 06 2011,Jan 20 2012,RNA,1.0,MDAMB415,Homo sapiens,cell line: MDAMB415,GPL570,USA,"Pfizer, Inc.",GSE34211,GSE34211-GPL570_series_matrix.txt.gz,MDAMB415,,,CVCL_0621,MDA-MB-415,Cello GEO GSM,mdamb415
GSM844600,GSM844600,"MDAMB436, gene expression array U133Plus2 replicate 1",Public on Jan 20 2012,Dec 06 2011,Jan 20 2012,RNA,1.0,MDAMB436,Homo sapiens,cell line: MDAMB436,GPL570,USA,"Pfizer, Inc.",GSE34211,GSE34211-GPL570_series_matrix.txt.gz,MDAMB436,,,CVCL_0623,MDA-MB-436,Cello GEO GSM,mdamb436
GSM844601,GSM844601,"MDAMB436, gene expression array U133Plus2 replicate 2",Public on Jan 20 2012,Dec 06 2011,Jan 20 2012,RNA,1.0,MDAMB436,Homo sapiens,cell line: MDAMB436,GPL570,USA,"Pfizer, Inc.",GSE34211,GSE34211-GPL570_series_matrix.txt.gz,MDAMB436,,,CVCL_0623,MDA-MB-436,Cello GEO GSM,mdamb436
GSM844602,GSM844602,"MDAMB453, gene expression array U133Plus2",Public on Jan 20 2012,Dec 06 2011,Jan 20 2012,RNA,1.0,MDAMB453,Homo sapiens,cell line: MDAMB453,GPL570,USA,"Pfizer, Inc.",GSE34211,GSE34211-GPL570_series_matrix.txt.gz,MDAMB453,,,CVCL_0418,MDA-MB-453,Cello GEO GSM,mdamb453
GSM844603,GSM844603,"MFE280, gene expression array U133Plus2",Public on Jan 20 2012,Dec 06 2011,Jan 20 2012,RNA,1.0,MFE280,Homo sapiens,cell line: MFE280,GPL570,USA,"Pfizer, Inc.",GSE34211,GSE34211-GPL570_series_matrix.txt.gz,MFE280,,,CVCL_1405,MFE-280,Cello GEO GSM,mfe280
GSM844604,GSM844604,"MFE296, gene expression array U133Plus2 replicate 1",Public on Jan 20 2012,Dec 06 2011,Jan 20 2012,RNA,1.0,MFE296,Homo sapiens,cell line: MFE296,GPL570,USA,"Pfizer, Inc.",GSE34211,GSE34211-GPL570_series_matrix.txt.gz,MFE296,,,CVCL_1406,MFE-296,Cello GEO GSM,mfe296
GSM844605,GSM844605,"MFE296, gene expression array U133Plus2 replicate 2",Public on Jan 20 2012,Dec 06 2011,Jan 20 2012,RNA,1.0,MFE296,Homo sapiens,cell line: MFE296,GPL570,USA,"Pfizer, Inc.",GSE34211,GSE34211-GPL570_series_matrix.txt.gz,MFE296,,,CVCL_1406,MFE-296,Cello GEO GSM,mfe296
GSM844606,GSM844606,"MKN1, gene expression array U133Plus2",Public on Jan 20 2012,Dec 06 2011,Jan 20 2012,RNA,1.0,MKN1,Homo sapiens,cell line: MKN1,GPL570,USA,"Pfizer, Inc.",GSE34211,GSE34211-GPL570_series_matrix.txt.gz,MKN1,,,CVCL_1415,MKN1,Cello Cell line Name,mkn1
GSM844607,GSM844607,"MKN45, gene expression array U133Plus2",Public on Jan 20 2012,Dec 06 2011,Jan 20 2012,RNA,1.0,MKN45,Homo sapiens,cell line: MKN45,GPL570,USA,"Pfizer, Inc.",GSE34211,GSE34211-GPL570_series_matrix.txt.gz,MKN45,,,CVCL_0434,MKN45,Cello Cell line Name,mkn45
GSM844608,GSM844608,"MKN7, gene expression array U133Plus2",Public on Jan 20 2012,Dec 06 2011,Jan 20 2012,RNA,1.0,MKN7,Homo sapiens,cell line: MKN7,GPL570,USA,"Pfizer, Inc.",GSE34211,GSE34211-GPL570_series_matrix.txt.gz,MKN7,,,CVCL_1417,MKN7,Cello Cell line Name,mkn7
GSM844609,GSM844609,"MKN74, gene expression array U133Plus2",Public on Jan 20 2012,Dec 06 2011,Jan 20 2012,RNA,1.0,MKN74,Homo sapiens,cell line: MKN74,GPL570,USA,"Pfizer, Inc.",GSE34211,GSE34211-GPL570_series_matrix.txt.gz,MKN74,,,CVCL_2791,MKN74,Cello Cell line Name,mkn74
GSM844610,GSM844610,"MT3, gene expression array U133Plus2",Public on Jan 20 2012,Dec 06 2011,Jan 20 2012,RNA,1.0,MT3,Homo sapiens,cell line: MT3,GPL570,USA,"Pfizer, Inc.",GSE34211,GSE34211-GPL570_series_matrix.txt.gz,MT3,,,CVCL_M516,MT3,Cello Cell line Name,mt3
GSM844611,GSM844611,"MX1, gene expression array U133Plus2 replicate 1",Public on Jan 20 2012,Dec 06 2011,Jan 20 2012,RNA,1.0,MX1,Homo sapiens,cell line: MX1,GPL570,USA,"Pfizer, Inc.",GSE34211,GSE34211-GPL570_series_matrix.txt.gz,MX1,,,CVCL_4774,MX-1,Cello GEO GSM,mx1
GSM844612,GSM844612,"MX1, gene expression array U133Plus2 PFIZER",Public on Jan 20 2012,Dec 06 2011,Jan 20 2012,RNA,1.0,MX1,Homo sapiens,cell line: MX1,GPL570,USA,"Pfizer, Inc.",GSE34211,GSE34211-GPL570_series_matrix.txt.gz,MX1,,,CVCL_4774,MX-1,Cello GEO GSM,mx1
GSM844613,GSM844613,"MX1, gene expression array U133Plus2 replicate 2",Public on Jan 20 2012,Dec 06 2011,Jan 20 2012,RNA,1.0,MX1,Homo sapiens,cell line: MX1,GPL570,USA,"Pfizer, Inc.",GSE34211,GSE34211-GPL570_series_matrix.txt.gz,MX1,,,CVCL_4774,MX-1,Cello GEO GSM,mx1
GSM844614,GSM844614,"NCIADRRES, gene expression array U133Plus2 replicate 1",Public on Jan 20 2012,Dec 06 2011,Jan 20 2012,RNA,1.0,NCIADRRES,Homo sapiens,cell line: NCIADRRES,GPL570,USA,"Pfizer, Inc.",GSE34211,GSE34211-GPL570_series_matrix.txt.gz,NCIADRRES,,,CVCL_1452,NCIADRRES,Cello Cell line Synonym,nciadrres
GSM844615,GSM844615,"NCIADRRES, gene expression array U133Plus2 replicate 2",Public on Jan 20 2012,Dec 06 2011,Jan 20 2012,RNA,1.0,NCIADRRES,Homo sapiens,cell line: NCIADRRES,GPL570,USA,"Pfizer, Inc.",GSE34211,GSE34211-GPL570_series_matrix.txt.gz,NCIADRRES,,,CVCL_1452,NCIADRRES,Cello Cell line Synonym,nciadrres
GSM844616,GSM844616,"NCIH1184, gene expression array U133Plus2",Public on Jan 20 2012,Dec 06 2011,Jan 20 2012,RNA,1.0,NCIH1184,Homo sapiens,cell line: NCIH1184,GPL570,USA,"Pfizer, Inc.",GSE34211,GSE34211-GPL570_series_matrix.txt.gz,NCIH1184,,,CVCL_1458,NCI-H1184,Cello GEO GSM,ncih1184
GSM844617,GSM844617,"NCIH1299, gene expression array U133Plus2",Public on Jan 20 2012,Dec 06 2011,Jan 20 2012,RNA,1.0,NCIH1299,Homo sapiens,cell line: NCIH1299,GPL570,USA,"Pfizer, Inc.",GSE34211,GSE34211-GPL570_series_matrix.txt.gz,NCIH1299,,,CVCL_0060,NCI-H1299,Cello GEO GSM,ncih1299
GSM844618,GSM844618,"NCIH1355, gene expression array U133Plus2",Public on Jan 20 2012,Dec 06 2011,Jan 20 2012,RNA,1.0,NCIH1355,Homo sapiens,cell line: NCIH1355,GPL570,USA,"Pfizer, Inc.",GSE34211,GSE34211-GPL570_series_matrix.txt.gz,NCIH1355,,,CVCL_1464,NCI-H1355,Cello GEO GSM,ncih1355
GSM844619,GSM844619,"NCIH1395, gene expression array U133Plus2 replicate 1",Public on Jan 20 2012,Dec 06 2011,Jan 20 2012,RNA,1.0,NCIH1395,Homo sapiens,cell line: NCIH1395,GPL570,USA,"Pfizer, Inc.",GSE34211,GSE34211-GPL570_series_matrix.txt.gz,NCIH1395,,,CVCL_1467,NCI-H1395,Cello GEO GSM,ncih1395
GSM844620,GSM844620,"NCIH1395, gene expression array U133Plus2 replicate 2",Public on Jan 20 2012,Dec 06 2011,Jan 20 2012,RNA,1.0,NCIH1395,Homo sapiens,cell line: NCIH1395,GPL570,USA,"Pfizer, Inc.",GSE34211,GSE34211-GPL570_series_matrix.txt.gz,NCIH1395,,,CVCL_1467,NCI-H1395,Cello GEO GSM,ncih1395
GSM844621,GSM844621,"NCIH146, gene expression array U133Plus2",Public on Jan 20 2012,Dec 06 2011,Jan 20 2012,RNA,1.0,NCIH146,Homo sapiens,cell line: NCIH146,GPL570,USA,"Pfizer, Inc.",GSE34211,GSE34211-GPL570_series_matrix.txt.gz,NCIH146,,,CVCL_1473,NCI-H146,Cello GEO GSM,ncih146
GSM844622,GSM844622,"NCIH1581, gene expression array U133Plus2",Public on Jan 20 2012,Dec 06 2011,Jan 20 2012,RNA,1.0,NCIH1581,Homo sapiens,cell line: NCIH1581,GPL570,USA,"Pfizer, Inc.",GSE34211,GSE34211-GPL570_series_matrix.txt.gz,NCIH1581,,,CVCL_1479,NCI-H1581,Cello GEO GSM,ncih1581
GSM844623,GSM844623,"NCIH1650, gene expression array U133Plus2",Public on Jan 20 2012,Dec 06 2011,Jan 20 2012,RNA,1.0,NCIH1650,Homo sapiens,cell line: NCIH1650,GPL570,USA,"Pfizer, Inc.",GSE34211,GSE34211-GPL570_series_matrix.txt.gz,NCIH1650,,,CVCL_1483,NCI-H1650,Cello GEO GSM,ncih1650
GSM844624,GSM844624,"NCIH1651, gene expression array U133Plus2",Public on Jan 20 2012,Dec 06 2011,Jan 20 2012,RNA,1.0,NCIH1651,Homo sapiens,cell line: NCIH1651,GPL570,USA,"Pfizer, Inc.",GSE34211,GSE34211-GPL570_series_matrix.txt.gz,NCIH1651,,,CVCL_1484,NCI-H1651,Cello GEO GSM,ncih1651
GSM844625,GSM844625,"NCIH1666, gene expression array U133Plus2 replicate 1",Public on Jan 20 2012,Dec 06 2011,Jan 20 2012,RNA,1.0,NCIH1666,Homo sapiens,cell line: NCIH1666,GPL570,USA,"Pfizer, Inc.",GSE34211,GSE34211-GPL570_series_matrix.txt.gz,NCIH1666,,,CVCL_1485,NCI-H1666,Cello GEO GSM,ncih1666
GSM844626,GSM844626,"NCIH1666, gene expression array U133Plus2 replicate 2",Public on Jan 20 2012,Dec 06 2011,Jan 20 2012,RNA,1.0,NCIH1666,Homo sapiens,cell line: NCIH1666,GPL570,USA,"Pfizer, Inc.",GSE34211,GSE34211-GPL570_series_matrix.txt.gz,NCIH1666,,,CVCL_1485,NCI-H1666,Cello GEO GSM,ncih1666
GSM844627,GSM844627,"NCIH1666, gene expression array U133Plus2 replicate 3",Public on Jan 20 2012,Dec 06 2011,Jan 20 2012,RNA,1.0,NCIH1666,Homo sapiens,cell line: NCIH1666,GPL570,USA,"Pfizer, Inc.",GSE34211,GSE34211-GPL570_series_matrix.txt.gz,NCIH1666,,,CVCL_1485,NCI-H1666,Cello GEO GSM,ncih1666
GSM844628,GSM844628,"NCIH1703, gene expression array U133Plus2",Public on Jan 20 2012,Dec 06 2011,Jan 20 2012,RNA,1.0,NCIH1703,Homo sapiens,cell line: NCIH1703,GPL570,USA,"Pfizer, Inc.",GSE34211,GSE34211-GPL570_series_matrix.txt.gz,NCIH1703,,,CVCL_1490,NCI-H1703,Cello GEO GSM,ncih1703
GSM844629,GSM844629,"NCIH1770, gene expression array U133Plus2",Public on Jan 20 2012,Dec 06 2011,Jan 20 2012,RNA,1.0,NCIH1770,Homo sapiens,cell line: NCIH1770,GPL570,USA,"Pfizer, Inc.",GSE34211,GSE34211-GPL570_series_matrix.txt.gz,NCIH1770,,,CVCL_1493,NCI-H1770,Cello GEO GSM,ncih1770
GSM844630,GSM844630,"NCIH1869, gene expression array U133Plus2 replicate 1",Public on Jan 20 2012,Dec 06 2011,Jan 20 2012,RNA,1.0,NCIH1869,Homo sapiens,cell line: NCIH1869,GPL570,USA,"Pfizer, Inc.",GSE34211,GSE34211-GPL570_series_matrix.txt.gz,NCIH1869,,,CVCL_1500,NCI-H1869,Cello GEO GSM,ncih1869
GSM844631,GSM844631,"NCIH1869, gene expression array U133Plus2 replicate 2",Public on Jan 20 2012,Dec 06 2011,Jan 20 2012,RNA,1.0,NCIH1869,Homo sapiens,cell line: NCIH1869,GPL570,USA,"Pfizer, Inc.",GSE34211,GSE34211-GPL570_series_matrix.txt.gz,NCIH1869,,,CVCL_1500,NCI-H1869,Cello GEO GSM,ncih1869
GSM844632,GSM844632,"NCIH187, gene expression array U133Plus2",Public on Jan 20 2012,Dec 06 2011,Jan 20 2012,RNA,1.0,NCIH187,Homo sapiens,cell line: NCIH187,GPL570,USA,"Pfizer, Inc.",GSE34211,GSE34211-GPL570_series_matrix.txt.gz,NCIH187,,,CVCL_1501,NCI-H187,Cello GEO GSM,ncih187
GSM844633,GSM844633,"NCIH196, gene expression array U133Plus2",Public on Jan 20 2012,Dec 06 2011,Jan 20 2012,RNA,1.0,NCIH196,Homo sapiens,cell line: NCIH196,GPL570,USA,"Pfizer, Inc.",GSE34211,GSE34211-GPL570_series_matrix.txt.gz,NCIH196,,,CVCL_1509,NCI-H196,Cello GEO GSM,ncih196
GSM844634,GSM844634,"NCIH1963, gene expression array U133Plus2",Public on Jan 20 2012,Dec 06 2011,Jan 20 2012,RNA,1.0,NCIH1963,Homo sapiens,cell line: NCIH1963,GPL570,USA,"Pfizer, Inc.",GSE34211,GSE34211-GPL570_series_matrix.txt.gz,NCIH1963,,,CVCL_1510,NCI-H1963,Cello GEO GSM,ncih1963
GSM844635,GSM844635,"NCIH1993, gene expression array U133Plus2",Public on Jan 20 2012,Dec 06 2011,Jan 20 2012,RNA,1.0,NCIH1993,Homo sapiens,cell line: NCIH1993,GPL570,USA,"Pfizer, Inc.",GSE34211,GSE34211-GPL570_series_matrix.txt.gz,NCIH1993,,,CVCL_1510,NCI-H1963,Cello GEO GSM,ncih1993
GSM844636,GSM844636,"NCIH209, gene expression array U133Plus2",Public on Jan 20 2012,Dec 06 2011,Jan 20 2012,RNA,1.0,NCIH209,Homo sapiens,cell line: NCIH209,GPL570,USA,"Pfizer, Inc.",GSE34211,GSE34211-GPL570_series_matrix.txt.gz,NCIH209,,,CVCL_1525,NCI-H209,Cello GEO GSM,ncih209
GSM844637,GSM844637,"NCIH2107, gene expression array U133Plus2",Public on Jan 20 2012,Dec 06 2011,Jan 20 2012,RNA,1.0,NCIH2107,Homo sapiens,cell line: NCIH2107,GPL570,USA,"Pfizer, Inc.",GSE34211,GSE34211-GPL570_series_matrix.txt.gz,NCIH2107,,,CVCL_1527,NCIH2107,Cello Cell line Synonym,ncih2107
GSM844638,GSM844638,"NCIH2141, gene expression array U133Plus2",Public on Jan 20 2012,Dec 06 2011,Jan 20 2012,RNA,1.0,NCIH2141,Homo sapiens,cell line: NCIH2141,GPL570,USA,"Pfizer, Inc.",GSE34211,GSE34211-GPL570_series_matrix.txt.gz,NCIH2141,,,CVCL_1534,NCIH2141,Cello Cell line Synonym,ncih2141
GSM844639,GSM844639,"NCIH2170, gene expression array U133Plus2",Public on Jan 20 2012,Dec 06 2011,Jan 20 2012,RNA,1.0,NCIH2170,Homo sapiens,cell line: NCIH2170,GPL570,USA,"Pfizer, Inc.",GSE34211,GSE34211-GPL570_series_matrix.txt.gz,NCIH2170,,,CVCL_1535,NCI-H2170,Cello GEO GSM,ncih2170
GSM844640,GSM844640,"NCIH226, gene expression array U133Plus2 replicate 1",Public on Jan 20 2012,Dec 06 2011,Jan 20 2012,RNA,1.0,NCIH226,Homo sapiens,cell line: NCIH226,GPL570,USA,"Pfizer, Inc.",GSE34211,GSE34211-GPL570_series_matrix.txt.gz,NCIH226,,,CVCL_1544,NCI-H226,Cello GEO GSM,ncih226
GSM844641,GSM844641,"NCIH226, gene expression array U133Plus2 PFIZER",Public on Jan 20 2012,Dec 06 2011,Jan 20 2012,RNA,1.0,NCIH226,Homo sapiens,cell line: NCIH226,GPL570,USA,"Pfizer, Inc.",GSE34211,GSE34211-GPL570_series_matrix.txt.gz,NCIH226,,,CVCL_1544,NCI-H226,Cello GEO GSM,ncih226
GSM844642,GSM844642,"NCIH226, gene expression array U133Plus2 replicate 2",Public on Jan 20 2012,Dec 06 2011,Jan 20 2012,RNA,1.0,NCIH226,Homo sapiens,cell line: NCIH226,GPL570,USA,"Pfizer, Inc.",GSE34211,GSE34211-GPL570_series_matrix.txt.gz,NCIH226,,,CVCL_1544,NCI-H226,Cello GEO GSM,ncih226
GSM844643,GSM844643,"NCIH23, gene expression array U133Plus2",Public on Jan 20 2012,Dec 06 2011,Jan 20 2012,RNA,1.0,NCIH23,Homo sapiens,cell line: NCIH23,GPL570,USA,"Pfizer, Inc.",GSE34211,GSE34211-GPL570_series_matrix.txt.gz,NCIH23,,,CVCL_1547,NCI-H23,Cello GEO GSM,ncih23
GSM844644,GSM844644,"NCIH2347, gene expression array U133Plus2",Public on Jan 20 2012,Dec 06 2011,Jan 20 2012,RNA,1.0,NCIH2347,Homo sapiens,cell line: NCIH2347,GPL570,USA,"Pfizer, Inc.",GSE34211,GSE34211-GPL570_series_matrix.txt.gz,NCIH2347,,,CVCL_1550,NCI-H2347,Cello GEO GSM,ncih2347
GSM844645,GSM844645,"NCIH2405, gene expression array U133Plus2",Public on Jan 20 2012,Dec 06 2011,Jan 20 2012,RNA,1.0,NCIH2405,Homo sapiens,cell line: NCIH2405,GPL570,USA,"Pfizer, Inc.",GSE34211,GSE34211-GPL570_series_matrix.txt.gz,NCIH2405,,,CVCL_1551,NCI-H2405,Cello GEO GSM,ncih2405
GSM844646,GSM844646,"NCIH249, gene expression array U133Plus2",Public on Jan 20 2012,Dec 06 2011,Jan 20 2012,RNA,1.0,NCIH249,Homo sapiens,cell line: NCIH249,GPL570,USA,"Pfizer, Inc.",GSE34211,GSE34211-GPL570_series_matrix.txt.gz,NCIH249,,,CVCL_A537,NCIH249,Cello Cell line Synonym,ncih249
GSM844647,GSM844647,"NCIH345, gene expression array U133Plus2",Public on Jan 20 2012,Dec 06 2011,Jan 20 2012,RNA,1.0,NCIH345,Homo sapiens,cell line: NCIH345,GPL570,USA,"Pfizer, Inc.",GSE34211,GSE34211-GPL570_series_matrix.txt.gz,NCIH345,,,CVCL_1558,NCI-H345,Cello GEO GSM,ncih345
GSM844648,GSM844648,"NCIH358, gene expression array U133Plus2",Public on Jan 20 2012,Dec 06 2011,Jan 20 2012,RNA,1.0,NCIH358,Homo sapiens,cell line: NCIH358,GPL570,USA,"Pfizer, Inc.",GSE34211,GSE34211-GPL570_series_matrix.txt.gz,NCIH358,,,CVCL_1559,NCI-H358,Cello GEO GSM,ncih358
GSM844649,GSM844649,"NCIH378, gene expression array U133Plus2",Public on Jan 20 2012,Dec 06 2011,Jan 20 2012,RNA,1.0,NCIH378,Homo sapiens,cell line: NCIH378,GPL570,USA,"Pfizer, Inc.",GSE34211,GSE34211-GPL570_series_matrix.txt.gz,NCIH378,,,CVCL_1560,NCIH378,Cello Cell line Synonym,ncih378
GSM844650,GSM844650,"NCIH441, gene expression array U133Plus2",Public on Jan 20 2012,Dec 06 2011,Jan 20 2012,RNA,1.0,NCIH441,Homo sapiens,cell line: NCIH441,GPL570,USA,"Pfizer, Inc.",GSE34211,GSE34211-GPL570_series_matrix.txt.gz,NCIH441,,,CVCL_1561,NCI-H441,Cello GEO GSM,ncih441
GSM844651,GSM844651,"NCIH460, gene expression array U133Plus2 PFIZER",Public on Jan 20 2012,Dec 06 2011,Jan 20 2012,RNA,1.0,NCIH460,Homo sapiens,cell line: NCIH460,GPL570,USA,"Pfizer, Inc.",GSE34211,GSE34211-GPL570_series_matrix.txt.gz,NCIH460,,,CVCL_0459,NCI-H460,Cello GEO GSM,ncih460
GSM844652,GSM844652,"NCIH460, gene expression array U133Plus2 Good_NCI50_WYETH",Public on Jan 20 2012,Dec 06 2011,Jan 20 2012,RNA,1.0,NCIH460,Homo sapiens,cell line: NCIH460,GPL570,USA,"Pfizer, Inc.",GSE34211,GSE34211-GPL570_series_matrix.txt.gz,NCIH460,,,CVCL_0459,NCI-H460,Cello GEO GSM,ncih460
GSM844653,GSM844653,"NCIH520, gene expression array U133Plus2 replicate 1",Public on Jan 20 2012,Dec 06 2011,Jan 20 2012,RNA,1.0,NCIH520,Homo sapiens,cell line: NCIH520,GPL570,USA,"Pfizer, Inc.",GSE34211,GSE34211-GPL570_series_matrix.txt.gz,NCIH520,,,CVCL_1566,NCI-H520,Cello GEO GSM,ncih520
GSM844654,GSM844654,"NCIH520, gene expression array U133Plus2 replicate 2",Public on Jan 20 2012,Dec 06 2011,Jan 20 2012,RNA,1.0,NCIH520,Homo sapiens,cell line: NCIH520,GPL570,USA,"Pfizer, Inc.",GSE34211,GSE34211-GPL570_series_matrix.txt.gz,NCIH520,,,CVCL_1566,NCI-H520,Cello GEO GSM,ncih520
GSM844655,GSM844655,"NCIH526, gene expression array U133Plus2",Public on Jan 20 2012,Dec 06 2011,Jan 20 2012,RNA,1.0,NCIH526,Homo sapiens,cell line: NCIH526,GPL570,USA,"Pfizer, Inc.",GSE34211,GSE34211-GPL570_series_matrix.txt.gz,NCIH526,,,CVCL_1569,NCI-H526,Cello GEO GSM,ncih526
GSM844656,GSM844656,"NCIH596, gene expression array U133Plus2",Public on Jan 20 2012,Dec 06 2011,Jan 20 2012,RNA,1.0,NCIH596,Homo sapiens,cell line: NCIH596,GPL570,USA,"Pfizer, Inc.",GSE34211,GSE34211-GPL570_series_matrix.txt.gz,NCIH596,,,CVCL_1571,NCI-H596,Cello GEO GSM,ncih596
GSM844657,GSM844657,"NCIH647, gene expression array U133Plus2 replicate 1",Public on Jan 20 2012,Dec 06 2011,Jan 20 2012,RNA,1.0,NCIH647,Homo sapiens,cell line: NCIH647,GPL570,USA,"Pfizer, Inc.",GSE34211,GSE34211-GPL570_series_matrix.txt.gz,NCIH647,,,CVCL_1574,NCI-H647,Cello GEO GSM,ncih647
GSM844658,GSM844658,"NCIH647, gene expression array U133Plus2 replicate 2",Public on Jan 20 2012,Dec 06 2011,Jan 20 2012,RNA,1.0,NCIH647,Homo sapiens,cell line: NCIH647,GPL570,USA,"Pfizer, Inc.",GSE34211,GSE34211-GPL570_series_matrix.txt.gz,NCIH647,,,CVCL_1574,NCI-H647,Cello GEO GSM,ncih647
GSM844659,GSM844659,"NCIH69, gene expression array U133Plus2",Public on Jan 20 2012,Dec 06 2011,Jan 20 2012,RNA,1.0,NCIH69,Homo sapiens,cell line: NCIH69,GPL570,USA,"Pfizer, Inc.",GSE34211,GSE34211-GPL570_series_matrix.txt.gz,NCIH69,,,CVCL_1579,NCI-H69,Cello GEO GSM,ncih69
GSM844660,GSM844660,"NCIH82, gene expression array U133Plus2",Public on Jan 20 2012,Dec 06 2011,Jan 20 2012,RNA,1.0,NCIH82,Homo sapiens,cell line: NCIH82,GPL570,USA,"Pfizer, Inc.",GSE34211,GSE34211-GPL570_series_matrix.txt.gz,NCIH82,,,CVCL_1591,NCI-H82,Cello GEO GSM,ncih82
GSM844661,GSM844661,"NCIH841, gene expression array U133Plus2",Public on Jan 20 2012,Dec 06 2011,Jan 20 2012,RNA,1.0,NCIH841,Homo sapiens,cell line: NCIH841,GPL570,USA,"Pfizer, Inc.",GSE34211,GSE34211-GPL570_series_matrix.txt.gz,NCIH841,,,CVCL_1595,NCI-H841,Cello GEO GSM,ncih841
GSM844662,GSM844662,"NCIH889, gene expression array U133Plus2",Public on Jan 20 2012,Dec 06 2011,Jan 20 2012,RNA,1.0,NCIH889,Homo sapiens,cell line: NCIH889,GPL570,USA,"Pfizer, Inc.",GSE34211,GSE34211-GPL570_series_matrix.txt.gz,NCIH889,,,CVCL_1598,NCI-H889,Cello GEO GSM,ncih889
GSM844663,GSM844663,"NCIN417, gene expression array U133Plus2",Public on Jan 20 2012,Dec 06 2011,Jan 20 2012,RNA,1.0,NCIN417,Homo sapiens,cell line: NCIN417,GPL570,USA,"Pfizer, Inc.",GSE34211,GSE34211-GPL570_series_matrix.txt.gz,NCIN417,,,CVCL_1602,NCI-N417,Cello GEO GSM,ncin417
GSM844664,GSM844664,"NCIN592, gene expression array U133Plus2",Public on Jan 20 2012,Dec 06 2011,Jan 20 2012,RNA,1.0,NCIN592,Homo sapiens,cell line: NCIN592,GPL570,USA,"Pfizer, Inc.",GSE34211,GSE34211-GPL570_series_matrix.txt.gz,NCIN592,,,CVCL_A590,NCIN592,Cello Cell line Synonym,ncin592
GSM844665,GSM844665,"NCIN87, gene expression array U133Plus2",Public on Jan 20 2012,Dec 06 2011,Jan 20 2012,RNA,1.0,NCIN87,Homo sapiens,cell line: NCIN87,GPL570,USA,"Pfizer, Inc.",GSE34211,GSE34211-GPL570_series_matrix.txt.gz,NCIN87,,,CVCL_1603,NCI-N87,Cello GEO GSM,ncin87
GSM844666,GSM844666,"NUGC3, gene expression array U133Plus2",Public on Jan 20 2012,Dec 06 2011,Jan 20 2012,RNA,1.0,NUGC3,Homo sapiens,cell line: NUGC3,GPL570,USA,"Pfizer, Inc.",GSE34211,GSE34211-GPL570_series_matrix.txt.gz,NUGC3,,,CVCL_1612,NUGC-3,Cello GEO GSM,nugc3
GSM844667,GSM844667,"NUGC4, gene expression array U133Plus2",Public on Jan 20 2012,Dec 06 2011,Jan 20 2012,RNA,1.0,NUGC4,Homo sapiens,cell line: NUGC4,GPL570,USA,"Pfizer, Inc.",GSE34211,GSE34211-GPL570_series_matrix.txt.gz,NUGC4,,,CVCL_3082,NUGC-4,Cello GEO GSM,nugc4
GSM844668,GSM844668,"OVCAR3, gene expression array U133Plus2",Public on Jan 20 2012,Dec 06 2011,Jan 20 2012,RNA,1.0,OVCAR3,Homo sapiens,cell line: OVCAR3,GPL570,USA,"Pfizer, Inc.",GSE34211,GSE34211-GPL570_series_matrix.txt.gz,OVCAR3,,,CVCL_0465,OVCAR-3,Cello GEO GSM,ovcar3
GSM844669,GSM844669,"OVCAR4, gene expression array U133Plus2 replicate 1",Public on Jan 20 2012,Dec 06 2011,Jan 20 2012,RNA,1.0,OVCAR4,Homo sapiens,cell line: OVCAR4,GPL570,USA,"Pfizer, Inc.",GSE34211,GSE34211-GPL570_series_matrix.txt.gz,OVCAR4,,,CVCL_1627,OVCAR-4,Cello GEO GSM,ovcar4
GSM844670,GSM844670,"OVCAR4, gene expression array U133Plus2 replicate 2",Public on Jan 20 2012,Dec 06 2011,Jan 20 2012,RNA,1.0,OVCAR4,Homo sapiens,cell line: OVCAR4,GPL570,USA,"Pfizer, Inc.",GSE34211,GSE34211-GPL570_series_matrix.txt.gz,OVCAR4,,,CVCL_1627,OVCAR-4,Cello GEO GSM,ovcar4
GSM844671,GSM844671,"OVCAR5, gene expression array U133Plus2",Public on Jan 20 2012,Dec 06 2011,Jan 20 2012,RNA,1.0,OVCAR5,Homo sapiens,cell line: OVCAR5,GPL570,USA,"Pfizer, Inc.",GSE34211,GSE34211-GPL570_series_matrix.txt.gz,OVCAR5,,,CVCL_1628,OVCAR-5,Cello GEO GSM,ovcar5
GSM844672,GSM844672,"OVCAR8, gene expression array U133Plus2 replicate 1",Public on Jan 20 2012,Dec 06 2011,Jan 20 2012,RNA,1.0,OVCAR8,Homo sapiens,cell line: OVCAR8,GPL570,USA,"Pfizer, Inc.",GSE34211,GSE34211-GPL570_series_matrix.txt.gz,OVCAR8,,,CVCL_1629,OVCAR-8,Cello GEO GSM,ovcar8
GSM844673,GSM844673,"OVCAR8, gene expression array U133Plus2 replicate 2",Public on Jan 20 2012,Dec 06 2011,Jan 20 2012,RNA,1.0,OVCAR8,Homo sapiens,cell line: OVCAR8,GPL570,USA,"Pfizer, Inc.",GSE34211,GSE34211-GPL570_series_matrix.txt.gz,OVCAR8,,,CVCL_1629,OVCAR-8,Cello GEO GSM,ovcar8
GSM844674,GSM844674,"PC3, gene expression array U133Plus2 PFIZER",Public on Jan 20 2012,Dec 06 2011,Jan 20 2012,RNA,1.0,PC3,Homo sapiens,cell line: PC3,GPL570,USA,"Pfizer, Inc.",GSE34211,GSE34211-GPL570_series_matrix.txt.gz,PC3,,,CVCL_0035,PC-3,Cello GEO GSM,pc3
GSM844675,GSM844675,"PC3, gene expression array U133Plus2 Good_NCI50_WYETH",Public on Jan 20 2012,Dec 06 2011,Jan 20 2012,RNA,1.0,PC3,Homo sapiens,cell line: PC3,GPL570,USA,"Pfizer, Inc.",GSE34211,GSE34211-GPL570_series_matrix.txt.gz,PC3,,,CVCL_0035,PC-3,Cello GEO GSM,pc3
GSM844676,GSM844676,"RKO, gene expression array U133Plus2",Public on Jan 20 2012,Dec 06 2011,Jan 20 2012,RNA,1.0,RKO,Homo sapiens,cell line: RKO,GPL570,USA,"Pfizer, Inc.",GSE34211,GSE34211-GPL570_series_matrix.txt.gz,RKO,,,CVCL_0504,RKO,Cello Cell line Name,rko
GSM844677,GSM844677,"RL952, gene expression array U133Plus2",Public on Jan 20 2012,Dec 06 2011,Jan 20 2012,RNA,1.0,RL952,Homo sapiens,cell line: RL952,GPL570,USA,"Pfizer, Inc.",GSE34211,GSE34211-GPL570_series_matrix.txt.gz,RL952,,,CVCL_0505,RL95-2,Cello GEO GSM,rl952
GSM844678,GSM844678,"RXF393, gene expression array U133Plus2 replicate 1",Public on Jan 20 2012,Dec 06 2011,Jan 20 2012,RNA,1.0,RXF393,Homo sapiens,cell line: RXF393,GPL570,USA,"Pfizer, Inc.",GSE34211,GSE34211-GPL570_series_matrix.txt.gz,RXF393,,,CVCL_1673,RXF393,Cello Cell line Synonym,rxf393
GSM844679,GSM844679,"RXF393, gene expression array U133Plus2 replicate 2",Public on Jan 20 2012,Dec 06 2011,Jan 20 2012,RNA,1.0,RXF393,Homo sapiens,cell line: RXF393,GPL570,USA,"Pfizer, Inc.",GSE34211,GSE34211-GPL570_series_matrix.txt.gz,RXF393,,,CVCL_1673,RXF393,Cello Cell line Synonym,rxf393
GSM844680,GSM844680,"SF268, gene expression array U133Plus2 replicate 1",Public on Jan 20 2012,Dec 06 2011,Jan 20 2012,RNA,1.0,SF268,Homo sapiens,cell line: SF268,GPL570,USA,"Pfizer, Inc.",GSE34211,GSE34211-GPL570_series_matrix.txt.gz,SF268,,,CVCL_1689,SF268,Cello Cell line Name,sf268
GSM844681,GSM844681,"SF268, gene expression array U133Plus2 replicate 2",Public on Jan 20 2012,Dec 06 2011,Jan 20 2012,RNA,1.0,SF268,Homo sapiens,cell line: SF268,GPL570,USA,"Pfizer, Inc.",GSE34211,GSE34211-GPL570_series_matrix.txt.gz,SF268,,,CVCL_1689,SF268,Cello Cell line Name,sf268
GSM844682,GSM844682,"SF295, gene expression array U133Plus2",Public on Jan 20 2012,Dec 06 2011,Jan 20 2012,RNA,1.0,SF295,Homo sapiens,cell line: SF295,GPL570,USA,"Pfizer, Inc.",GSE34211,GSE34211-GPL570_series_matrix.txt.gz,SF295,,,CVCL_1690,SF295,Cello Cell line Name,sf295
GSM844683,GSM844683,"SF539, gene expression array U133Plus2 replicate 1",Public on Jan 20 2012,Dec 06 2011,Jan 20 2012,RNA,1.0,SF539,Homo sapiens,cell line: SF539,GPL570,USA,"Pfizer, Inc.",GSE34211,GSE34211-GPL570_series_matrix.txt.gz,SF539,,,CVCL_1691,SF539,Cello Cell line Name,sf539
GSM844684,GSM844684,"SF539, gene expression array U133Plus2 replicate 2",Public on Jan 20 2012,Dec 06 2011,Jan 20 2012,RNA,1.0,SF539,Homo sapiens,cell line: SF539,GPL570,USA,"Pfizer, Inc.",GSE34211,GSE34211-GPL570_series_matrix.txt.gz,SF539,,,CVCL_1691,SF539,Cello Cell line Name,sf539
GSM844685,GSM844685,"SGC7901, gene expression array U133Plus2",Public on Jan 20 2012,Dec 06 2011,Jan 20 2012,RNA,1.0,SGC7901,Homo sapiens,cell line: SGC7901,GPL570,USA,"Pfizer, Inc.",GSE34211,GSE34211-GPL570_series_matrix.txt.gz,SGC7901,,,CVCL_0520,SGC7901,Cello Cell line Synonym,sgc7901
GSM844686,GSM844686,"SKBR3, gene expression array U133Plus2 replicate 1",Public on Jan 20 2012,Dec 06 2011,Jan 20 2012,RNA,1.0,SKBR3,Homo sapiens,cell line: SKBR3,GPL570,USA,"Pfizer, Inc.",GSE34211,GSE34211-GPL570_series_matrix.txt.gz,SKBR3,,,CVCL_0033,SK-BR-3,Cello GEO GSM,skbr3
GSM844687,GSM844687,"SKBR3, gene expression array U133Plus2 replicate 2",Public on Jan 20 2012,Dec 06 2011,Jan 20 2012,RNA,1.0,SKBR3,Homo sapiens,cell line: SKBR3,GPL570,USA,"Pfizer, Inc.",GSE34211,GSE34211-GPL570_series_matrix.txt.gz,SKBR3,,,CVCL_0033,SK-BR-3,Cello GEO GSM,skbr3
GSM844688,GSM844688,"SKMEL2, gene expression array U133Plus2 replicate 1",Public on Jan 20 2012,Dec 06 2011,Jan 20 2012,RNA,1.0,SKMEL2,Homo sapiens,cell line: SKMEL2,GPL570,USA,"Pfizer, Inc.",GSE34211,GSE34211-GPL570_series_matrix.txt.gz,SKMEL2,,,CVCL_0069,SK-MEL-2,Cello GEO GSM,skmel2
GSM844689,GSM844689,"SKMEL2, gene expression array U133Plus2 replicate 2",Public on Jan 20 2012,Dec 06 2011,Jan 20 2012,RNA,1.0,SKMEL2,Homo sapiens,cell line: SKMEL2,GPL570,USA,"Pfizer, Inc.",GSE34211,GSE34211-GPL570_series_matrix.txt.gz,SKMEL2,,,CVCL_0069,SK-MEL-2,Cello GEO GSM,skmel2
GSM844690,GSM844690,"SKMEL28, gene expression array U133Plus2",Public on Jan 20 2012,Dec 06 2011,Jan 20 2012,RNA,1.0,SKMEL28,Homo sapiens,cell line: SKMEL28,GPL570,USA,"Pfizer, Inc.",GSE34211,GSE34211-GPL570_series_matrix.txt.gz,SKMEL28,,,CVCL_0526,SK-MEL-28,Cello GEO GSM,skmel28
GSM844691,GSM844691,"SKMEL5, gene expression array U133Plus2",Public on Jan 20 2012,Dec 06 2011,Jan 20 2012,RNA,1.0,SKMEL5,Homo sapiens,cell line: SKMEL5,GPL570,USA,"Pfizer, Inc.",GSE34211,GSE34211-GPL570_series_matrix.txt.gz,SKMEL5,,,CVCL_0527,SK-MEL-5,Cello GEO GSM,skmel5
GSM844692,GSM844692,"SKNEP, gene expression array U133Plus2",Public on Jan 20 2012,Dec 06 2011,Jan 20 2012,RNA,1.0,SKNEP,Homo sapiens,cell line: SKNEP,GPL570,USA,"Pfizer, Inc.",GSE34211,GSE34211-GPL570_series_matrix.txt.gz,SKNEP,,,CVCL_0631,SK-NEP-1,Cello GEO GSM,sknep
GSM844693,GSM844693,"SKUT1B, gene expression array U133Plus2 replicate 1",Public on Jan 20 2012,Dec 06 2011,Jan 20 2012,RNA,1.0,SKUT1B,Homo sapiens,cell line: SKUT1B,GPL570,USA,"Pfizer, Inc.",GSE34211,GSE34211-GPL570_series_matrix.txt.gz,SKUT1B,,,CVCL_2250,SKUT1B,Cello Cell line Synonym,skut1b
GSM844694,GSM844694,"SKUT1B, gene expression array U133Plus2 replicate 2",Public on Jan 20 2012,Dec 06 2011,Jan 20 2012,RNA,1.0,SKUT1B,Homo sapiens,cell line: SKUT1B,GPL570,USA,"Pfizer, Inc.",GSE34211,GSE34211-GPL570_series_matrix.txt.gz,SKUT1B,,,CVCL_2250,SKUT1B,Cello Cell line Synonym,skut1b
GSM844695,GSM844695,"SN12C, gene expression array U133Plus2 replicate 1",Public on Jan 20 2012,Dec 06 2011,Jan 20 2012,RNA,1.0,SN12C,Homo sapiens,cell line: SN12C,GPL570,USA,"Pfizer, Inc.",GSE34211,GSE34211-GPL570_series_matrix.txt.gz,SN12C,,,CVCL_1705,SN12C,Cello Cell line Name,sn12c
GSM844696,GSM844696,"SN12C, gene expression array U133Plus2 replicate 2",Public on Jan 20 2012,Dec 06 2011,Jan 20 2012,RNA,1.0,SN12C,Homo sapiens,cell line: SN12C,GPL570,USA,"Pfizer, Inc.",GSE34211,GSE34211-GPL570_series_matrix.txt.gz,SN12C,,,CVCL_1705,SN12C,Cello Cell line Name,sn12c
GSM844697,GSM844697,"SNB19, gene expression array U133Plus2",Public on Jan 20 2012,Dec 06 2011,Jan 20 2012,RNA,1.0,SNB19,Homo sapiens,cell line: SNB19,GPL570,USA,"Pfizer, Inc.",GSE34211,GSE34211-GPL570_series_matrix.txt.gz,SNB19,,,CVCL_0535,SNB19,Cello Cell line Synonym,snb19
GSM844698,GSM844698,"SNB75, gene expression array U133Plus2 replicate 1",Public on Jan 20 2012,Dec 06 2011,Jan 20 2012,RNA,1.0,SNB75,Homo sapiens,cell line: SNB75,GPL570,USA,"Pfizer, Inc.",GSE34211,GSE34211-GPL570_series_matrix.txt.gz,SNB75,,,CVCL_1706,SNB-75,Cello GEO GSM,snb75
GSM844699,GSM844699,"SNB75, gene expression array U133Plus2 replicate 2",Public on Jan 20 2012,Dec 06 2011,Jan 20 2012,RNA,1.0,SNB75,Homo sapiens,cell line: SNB75,GPL570,USA,"Pfizer, Inc.",GSE34211,GSE34211-GPL570_series_matrix.txt.gz,SNB75,,,CVCL_1706,SNB-75,Cello GEO GSM,snb75
GSM844700,GSM844700,"SNB75, gene expression array U133Plus2 replicate 3",Public on Jan 20 2012,Dec 06 2011,Jan 20 2012,RNA,1.0,SNB75,Homo sapiens,cell line: SNB75,GPL570,USA,"Pfizer, Inc.",GSE34211,GSE34211-GPL570_series_matrix.txt.gz,SNB75,,,CVCL_1706,SNB-75,Cello GEO GSM,snb75
GSM844701,GSM844701,"SNU1, gene expression array U133Plus2",Public on Jan 20 2012,Dec 06 2011,Jan 20 2012,RNA,1.0,SNU1,Homo sapiens,cell line: SNU1,GPL570,USA,"Pfizer, Inc.",GSE34211,GSE34211-GPL570_series_matrix.txt.gz,SNU1,,,CVCL_0099,SNU-1,Cello GEO GSM,snu1
GSM844702,GSM844702,"SNU16, gene expression array U133Plus2",Public on Jan 20 2012,Dec 06 2011,Jan 20 2012,RNA,1.0,SNU16,Homo sapiens,cell line: SNU16,GPL570,USA,"Pfizer, Inc.",GSE34211,GSE34211-GPL570_series_matrix.txt.gz,SNU16,,,CVCL_0076,SNU-16,Cello GEO GSM,snu16
GSM844703,GSM844703,"SNU5, gene expression array U133Plus2",Public on Jan 20 2012,Dec 06 2011,Jan 20 2012,RNA,1.0,SNU5,Homo sapiens,cell line: SNU5,GPL570,USA,"Pfizer, Inc.",GSE34211,GSE34211-GPL570_series_matrix.txt.gz,SNU5,,,CVCL_0078,SNU-5,Cello GEO GSM,snu5
GSM844704,GSM844704,"SNUC1, gene expression array U133Plus2",Public on Jan 20 2012,Dec 06 2011,Jan 20 2012,RNA,1.0,SNUC1,Homo sapiens,cell line: SNUC1,GPL570,USA,"Pfizer, Inc.",GSE34211,GSE34211-GPL570_series_matrix.txt.gz,SNUC1,,,CVCL_1708,SNU-C1,Cello GEO GSM,snuc1
GSM844705,GSM844705,"SUM149PT, gene expression array U133Plus2",Public on Jan 20 2012,Dec 06 2011,Jan 20 2012,RNA,1.0,SUM149PT,Homo sapiens,cell line: SUM149PT,GPL570,USA,"Pfizer, Inc.",GSE34211,GSE34211-GPL570_series_matrix.txt.gz,SUM149PT,,,CVCL_3422,SUM149PT,Cello Cell line Name,sum149pt
GSM844706,GSM844706,"SUM159PT, gene expression array U133Plus2 Medium_BREAST_WYETH",Public on Jan 20 2012,Dec 06 2011,Jan 20 2012,RNA,1.0,SUM159PT,Homo sapiens,cell line: SUM159PT,GPL570,USA,"Pfizer, Inc.",GSE34211,GSE34211-GPL570_series_matrix.txt.gz,SUM159PT,,,CVCL_5423,SUM159PT,Cello Cell line Name,sum159pt
GSM844707,GSM844707,"SUM159PT, gene expression array U133Plus2 Good_BREAST_WYETH",Public on Jan 20 2012,Dec 06 2011,Jan 20 2012,RNA,1.0,SUM159PT,Homo sapiens,cell line: SUM159PT,GPL570,USA,"Pfizer, Inc.",GSE34211,GSE34211-GPL570_series_matrix.txt.gz,SUM159PT,,,CVCL_5423,SUM159PT,Cello Cell line Name,sum159pt
GSM844708,GSM844708,"SUM185PE, gene expression array U133Plus2",Public on Jan 20 2012,Dec 06 2011,Jan 20 2012,RNA,1.0,SUM185PE,Homo sapiens,cell line: SUM185PE,GPL570,USA,"Pfizer, Inc.",GSE34211,GSE34211-GPL570_series_matrix.txt.gz,SUM185PE,,,CVCL_5591,SUM185PE,Cello Cell line Name,sum185pe
GSM844709,GSM844709,"SUM225CWN, gene expression array U133Plus2 replicate 1",Public on Jan 20 2012,Dec 06 2011,Jan 20 2012,RNA,1.0,SUM225CWN,Homo sapiens,cell line: SUM225CWN,GPL570,USA,"Pfizer, Inc.",GSE34211,GSE34211-GPL570_series_matrix.txt.gz,SUM225CWN,,,CVCL_5593,SUM225CWN,Cello Cell line Name,sum225cwn
GSM844710,GSM844710,"SUM225CWN, gene expression array U133Plus2 replicate 2",Public on Jan 20 2012,Dec 06 2011,Jan 20 2012,RNA,1.0,SUM225CWN,Homo sapiens,cell line: SUM225CWN,GPL570,USA,"Pfizer, Inc.",GSE34211,GSE34211-GPL570_series_matrix.txt.gz,SUM225CWN,,,CVCL_5593,SUM225CWN,Cello Cell line Name,sum225cwn
GSM844711,GSM844711,"SUM52PE, gene expression array U133Plus2 replicate 1",Public on Jan 20 2012,Dec 06 2011,Jan 20 2012,RNA,1.0,SUM52PE,Homo sapiens,cell line: SUM52PE,GPL570,USA,"Pfizer, Inc.",GSE34211,GSE34211-GPL570_series_matrix.txt.gz,SUM52PE,,,CVCL_3425,SUM52PE,Cello Cell line Name,sum52pe
GSM844712,GSM844712,"SUM52PE, gene expression array U133Plus2 replicate 2",Public on Jan 20 2012,Dec 06 2011,Jan 20 2012,RNA,1.0,SUM52PE,Homo sapiens,cell line: SUM52PE,GPL570,USA,"Pfizer, Inc.",GSE34211,GSE34211-GPL570_series_matrix.txt.gz,SUM52PE,,,CVCL_3425,SUM52PE,Cello Cell line Name,sum52pe
GSM844713,GSM844713,"SW48, gene expression array U133Plus2",Public on Jan 20 2012,Dec 06 2011,Jan 20 2012,RNA,1.0,SW48,Homo sapiens,cell line: SW48,GPL570,USA,"Pfizer, Inc.",GSE34211,GSE34211-GPL570_series_matrix.txt.gz,SW48,,,CVCL_1724,SW48,Cello Cell line Name,sw48
GSM844714,GSM844714,"T47D, gene expression array U133Plus2 replicate 1",Public on Jan 20 2012,Dec 06 2011,Jan 20 2012,RNA,1.0,T47D,Homo sapiens,cell line: T47D,GPL570,USA,"Pfizer, Inc.",GSE34211,GSE34211-GPL570_series_matrix.txt.gz,T47D,,,CVCL_0553,T-47D,Cello GEO GSM,t47d
GSM844715,GSM844715,"T47D, gene expression array U133Plus2 Good_BREAST_WYETH",Public on Jan 20 2012,Dec 06 2011,Jan 20 2012,RNA,1.0,T47D,Homo sapiens,cell line: T47D,GPL570,USA,"Pfizer, Inc.",GSE34211,GSE34211-GPL570_series_matrix.txt.gz,T47D,,,CVCL_0553,T-47D,Cello GEO GSM,t47d
GSM844716,GSM844716,"T47D, gene expression array U133Plus2 replicate 2",Public on Jan 20 2012,Dec 06 2011,Jan 20 2012,RNA,1.0,T47D,Homo sapiens,cell line: T47D,GPL570,USA,"Pfizer, Inc.",GSE34211,GSE34211-GPL570_series_matrix.txt.gz,T47D,,,CVCL_0553,T-47D,Cello GEO GSM,t47d
GSM844717,GSM844717,"TK10, gene expression array U133Plus2",Public on Jan 20 2012,Dec 06 2011,Jan 20 2012,RNA,1.0,TK10,Homo sapiens,cell line: TK10,GPL570,USA,"Pfizer, Inc.",GSE34211,GSE34211-GPL570_series_matrix.txt.gz,TK10,,,CVCL_1773,TK-10,Cello GEO GSM,tk10
GSM844718,GSM844718,"U251, gene expression array U133Plus2 replicate 1",Public on Jan 20 2012,Dec 06 2011,Jan 20 2012,RNA,1.0,U251,Homo sapiens,cell line: U251,GPL570,USA,"Pfizer, Inc.",GSE34211,GSE34211-GPL570_series_matrix.txt.gz,U251,,,CVCL_0021,U-251MG,Cello GEO GSM,u251
GSM844719,GSM844719,"U251, gene expression array U133Plus2 replicate 2",Public on Jan 20 2012,Dec 06 2011,Jan 20 2012,RNA,1.0,U251,Homo sapiens,cell line: U251,GPL570,USA,"Pfizer, Inc.",GSE34211,GSE34211-GPL570_series_matrix.txt.gz,U251,,,CVCL_0021,U-251MG,Cello GEO GSM,u251
GSM844720,GSM844720,"UACC257, gene expression array U133Plus2 replicate 1",Public on Jan 20 2012,Dec 06 2011,Jan 20 2012,RNA,1.0,UACC257,Homo sapiens,cell line: UACC257,GPL570,USA,"Pfizer, Inc.",GSE34211,GSE34211-GPL570_series_matrix.txt.gz,UACC257,,,CVCL_1779,UACC-257,Cello GEO GSM,uacc257
GSM844721,GSM844721,"UACC257, gene expression array U133Plus2 replicate 2",Public on Jan 20 2012,Dec 06 2011,Jan 20 2012,RNA,1.0,UACC257,Homo sapiens,cell line: UACC257,GPL570,USA,"Pfizer, Inc.",GSE34211,GSE34211-GPL570_series_matrix.txt.gz,UACC257,,,CVCL_1779,UACC-257,Cello GEO GSM,uacc257
GSM844722,GSM844722,"UACC62, gene expression array U133Plus2",Public on Jan 20 2012,Dec 06 2011,Jan 20 2012,RNA,1.0,UACC62,Homo sapiens,cell line: UACC62,GPL570,USA,"Pfizer, Inc.",GSE34211,GSE34211-GPL570_series_matrix.txt.gz,UACC62,,,CVCL_1780,UACC-62,Cello GEO GSM,uacc62
GSM844723,GSM844723,"UACC812, gene expression array U133Plus2",Public on Jan 20 2012,Dec 06 2011,Jan 20 2012,RNA,1.0,UACC812,Homo sapiens,cell line: UACC812,GPL570,USA,"Pfizer, Inc.",GSE34211,GSE34211-GPL570_series_matrix.txt.gz,UACC812,,,CVCL_1781,UACC-812,Cello GEO GSM,uacc812
GSM844724,GSM844724,"UO31, gene expression array U133Plus2",Public on Jan 20 2012,Dec 06 2011,Jan 20 2012,RNA,1.0,UO31,Homo sapiens,cell line: UO31,GPL570,USA,"Pfizer, Inc.",GSE34211,GSE34211-GPL570_series_matrix.txt.gz,UO31,,,CVCL_1911,UO-31,Cello GEO GSM,uo31
GSM844725,GSM844725,"ZR751, gene expression array U133Plus2",Public on Jan 20 2012,Dec 06 2011,Jan 20 2012,RNA,1.0,ZR751,Homo sapiens,cell line: ZR751,GPL570,USA,"Pfizer, Inc.",GSE34211,GSE34211-GPL570_series_matrix.txt.gz,ZR751,,,CVCL_0588,ZR-75-1,Cello GEO GSM,zr751
GSM844726,GSM844726,"ZR7530, gene expression array U133Plus2 PFIZER",Public on Jan 20 2012,Dec 06 2011,Jan 20 2012,RNA,1.0,ZR7530,Homo sapiens,cell line: ZR7530,GPL570,USA,"Pfizer, Inc.",GSE34211,GSE34211-GPL570_series_matrix.txt.gz,ZR7530,,,CVCL_1661,ZR-75-30,Cello GEO GSM,zr7530
GSM844727,GSM844727,"ZR7530, gene expression array U133Plus2 Good_BREAST_WYETH",Public on Jan 20 2012,Dec 06 2011,Jan 20 2012,RNA,1.0,ZR7530,Homo sapiens,cell line: ZR7530,GPL570,USA,"Pfizer, Inc.",GSE34211,GSE34211-GPL570_series_matrix.txt.gz,ZR7530,,,CVCL_1661,ZR-75-30,Cello GEO GSM,zr7530
GSM881253,GSM881253,FaDu_HNSCC_rep1,Public on Oct 02 2014,Feb 27 2012,Jul 19 2016,RNA,1.0,HNSCC cell line FaDu,Homo sapiens,cell line: FaDu,GPL570,USA,Johns Hopkins University,GSE84557,GSE84557_series_matrix.txt.gz,FaDu,,,CVCL_1218,FaDu,Cello Cell line Name,fadu
GSM881254,GSM881254,FaDu_HNSCC_rep2,Public on Oct 02 2014,Feb 27 2012,Jul 19 2016,RNA,1.0,HNSCC cell line FaDu,Homo sapiens,cell line: FaDu,GPL570,USA,Johns Hopkins University,GSE84557,GSE84557_series_matrix.txt.gz,FaDu,,,CVCL_1218,FaDu,Cello Cell line Name,fadu
GSM881257,GSM881257,JSQ3_HNSCC_rep1,Public on Oct 03 2017,Feb 27 2012,Oct 03 2017,RNA,1.0,HNSCC cell line JSQ3,Homo sapiens,cell line: JSQ3,GPL570,USA,Johns Hopkins University,GSE84557,GSE84557_series_matrix.txt.gz,JSQ3,,,CVCL_L892,JSQ3,Cello Cell line Synonym,jsq3
GSM881258,GSM881258,JSQ3_HNSCC_rep2,Public on Oct 03 2017,Feb 27 2012,Oct 03 2017,RNA,1.0,HNSCC cell line JSQ3,Homo sapiens,cell line: JSQ3,GPL570,USA,Johns Hopkins University,GSE84557,GSE84557_series_matrix.txt.gz,JSQ3,,,CVCL_L892,JSQ3,Cello Cell line Synonym,jsq3
GSM881259,GSM881259,SCC6_HNSCC_rep1,Public on Oct 02 2014,Feb 27 2012,Jul 19 2016,RNA,1.0,HNSCC cell line SCC6,Homo sapiens,cell line: SCC6,GPL570,USA,Johns Hopkins University,GSE84557,GSE84557_series_matrix.txt.gz,SCC6,,,CVCL_7773,SCC-6,Cello match alphanum,scc6
GSM881260,GSM881260,SCC6_HNSCC_rep2,Public on Oct 02 2014,Feb 27 2012,Jul 19 2016,RNA,1.0,HNSCC cell line SCC6,Homo sapiens,cell line: SCC6,GPL570,USA,Johns Hopkins University,GSE84557,GSE84557_series_matrix.txt.gz,SCC6,,,CVCL_7773,SCC-6,Cello match alphanum,scc6
GSM881264,GSM881264,UNC10_HNSCC_rep1,Public on Oct 03 2017,Feb 27 2012,Oct 03 2017,RNA,1.0,HNSCC cell line UNC10,Homo sapiens,cell line: UNC10,GPL570,USA,Johns Hopkins University,GSE84557,GSE84557_series_matrix.txt.gz,UNC10,,,CVCL_L890,UNC10,Cello Cell line Synonym,unc10
GSM881265,GSM881265,UNC10_HNSCC_rep2,Public on Oct 03 2017,Feb 27 2012,Oct 03 2017,RNA,1.0,HNSCC cell line UNC10,Homo sapiens,cell line: UNC10,GPL570,USA,Johns Hopkins University,GSE84557,GSE84557_series_matrix.txt.gz,UNC10,,,CVCL_L890,UNC10,Cello Cell line Synonym,unc10
GSM881266,GSM881266,UNC7_HNSCC_rep1,Public on Oct 02 2014,Feb 27 2012,Jul 19 2016,RNA,1.0,HNSCC cell line UNC7,Homo sapiens,cell line: UNC7,GPL570,USA,Johns Hopkins University,GSE84557,GSE84557_series_matrix.txt.gz,UNC7,,,CVCL_L891,UNC7,Cello Cell line Synonym,unc7
GSM881267,GSM881267,UNC7_HNSCC_rep2,Public on Oct 02 2014,Feb 27 2012,Jul 19 2016,RNA,1.0,HNSCC cell line UNC7,Homo sapiens,cell line: UNC7,GPL570,USA,Johns Hopkins University,GSE84557,GSE84557_series_matrix.txt.gz,UNC7,,,CVCL_L891,UNC7,Cello Cell line Synonym,unc7
GSM881268,GSM881268,CAL27_HNSCC_rep1,Public on Oct 02 2014,Feb 27 2012,Jul 19 2016,RNA,1.0,HNSCC cell line CAL27,Homo sapiens,cell line: CAL27,GPL570,USA,Johns Hopkins University,GSE84557,GSE84557_series_matrix.txt.gz,CAL27,,,CVCL_1107,CAL27,Cello Cell line Synonym,cal27
GSM881269,GSM881269,CAL27_HNSCC_rep2,Public on Oct 02 2014,Feb 27 2012,Jul 19 2016,RNA,1.0,HNSCC cell line CAL27,Homo sapiens,cell line: CAL27,GPL570,USA,Johns Hopkins University,GSE84557,GSE84557_series_matrix.txt.gz,CAL27,,,CVCL_1107,CAL27,Cello Cell line Synonym,cal27
GSM881273,GSM881273,HN5_HNSCC_rep1,Public on Oct 03 2017,Feb 27 2012,Oct 03 2017,RNA,1.0,HNSCC cell line HN5,Homo sapiens,cell line: HN5,GPL570,USA,Johns Hopkins University,GSE84557,GSE84557_series_matrix.txt.gz,HN5,,,CVCL_8128,HN5,Cello Cell line Synonym,hn5
GSM881274,GSM881274,HN5_HNSCC_rep2,Public on Oct 03 2017,Feb 27 2012,Oct 03 2017,RNA,1.0,HNSCC cell line HN5,Homo sapiens,cell line: HN5,GPL570,USA,Johns Hopkins University,GSE84557,GSE84557_series_matrix.txt.gz,HN5,,,CVCL_8128,HN5,Cello Cell line Synonym,hn5
GSM881275,GSM881275,HO1u1_HNSCC_rep1,Public on Oct 03 2017,Feb 27 2012,Oct 03 2017,RNA,1.0,HNSCC cell line HO1u1,Homo sapiens,cell line: HO1u1,GPL570,USA,Johns Hopkins University,GSE84557,GSE84557_series_matrix.txt.gz,HO1u1,,,CVCL_2784,HO1u1,Cello Cell line Synonym,ho1u1
GSM881276,GSM881276,HO1u1_HNSCC_rep2,Public on Oct 03 2017,Feb 27 2012,Oct 03 2017,RNA,1.0,HNSCC cell line HO1u1,Homo sapiens,cell line: HO1u1,GPL570,USA,Johns Hopkins University,GSE84557,GSE84557_series_matrix.txt.gz,HO1u1,,,CVCL_2784,HO1u1,Cello Cell line Synonym,ho1u1
GSM881277,GSM881277,HSC2_HNSCC_rep1,Public on Oct 03 2017,Feb 27 2012,Oct 03 2017,RNA,1.0,HNSCC cell line HSC2,Homo sapiens,cell line: HSC2,GPL570,USA,Johns Hopkins University,GSE84557,GSE84557_series_matrix.txt.gz,HSC2,,,CVCL_1287,HSC2,Cello Cell line Synonym,hsc2
GSM881278,GSM881278,HSC2_HNSCC_rep2,Public on Oct 03 2017,Feb 27 2012,Oct 03 2017,RNA,1.0,HNSCC cell line HSC2,Homo sapiens,cell line: HSC2,GPL570,USA,Johns Hopkins University,GSE84557,GSE84557_series_matrix.txt.gz,HSC2,,,CVCL_1287,HSC2,Cello Cell line Synonym,hsc2
GSM881279,GSM881279,HSC3_HNSCC_rep1,Public on Oct 03 2017,Feb 27 2012,Oct 03 2017,RNA,1.0,HNSCC cell line HSC3,Homo sapiens,cell line: HSC3,GPL570,USA,Johns Hopkins University,GSE84557,GSE84557_series_matrix.txt.gz,HSC3,,,CVCL_1288,HSC3,Cello Cell line Synonym,hsc3
GSM881280,GSM881280,HSC3_HNSCC_rep2,Public on Oct 03 2017,Feb 27 2012,Oct 03 2017,RNA,1.0,HNSCC cell line HSC3,Homo sapiens,cell line: HSC3,GPL570,USA,Johns Hopkins University,GSE84557,GSE84557_series_matrix.txt.gz,HSC3,,,CVCL_1288,HSC3,Cello Cell line Synonym,hsc3
GSM881287,GSM881287,SCC15_HNSCC_rep1,Public on Oct 03 2017,Feb 27 2012,Oct 03 2017,RNA,1.0,HNSCC cell line SCC15,Homo sapiens,cell line: SCC15,GPL570,USA,Johns Hopkins University,GSE84557,GSE84557_series_matrix.txt.gz,SCC15,,,CVCL_1681,SCC15,Cello Cell line Synonym,scc15
GSM881288,GSM881288,SCC15_HNSCC_rep2,Public on Oct 03 2017,Feb 27 2012,Oct 03 2017,RNA,1.0,HNSCC cell line SCC15,Homo sapiens,cell line: SCC15,GPL570,USA,Johns Hopkins University,GSE84557,GSE84557_series_matrix.txt.gz,SCC15,,,CVCL_1681,SCC15,Cello Cell line Synonym,scc15
GSM881292,GSM881292,SCC9_HNSCC_rep1,Public on Oct 03 2017,Feb 27 2012,Oct 03 2017,RNA,1.0,HNSCC cell line SCC9,Homo sapiens,cell line: SCC9,GPL570,USA,Johns Hopkins University,GSE84557,GSE84557_series_matrix.txt.gz,SCC9,,,CVCL_1685,SCC9,Cello Cell line Synonym,scc9
GSM881293,GSM881293,SCC9_HNSCC_rep2,Public on Oct 03 2017,Feb 27 2012,Oct 03 2017,RNA,1.0,HNSCC cell line SCC9,Homo sapiens,cell line: SCC9,GPL570,USA,Johns Hopkins University,GSE84557,GSE84557_series_matrix.txt.gz,SCC9,,,CVCL_1685,SCC9,Cello Cell line Synonym,scc9
GSM881294,GSM881294,SKN3_HNSCC_rep1,Public on Oct 02 2014,Feb 27 2012,Jul 19 2016,RNA,1.0,HNSCC cell line SKN3,Homo sapiens,cell line: SKN3,GPL570,USA,Johns Hopkins University,GSE84557,GSE84557_series_matrix.txt.gz,SKN3,,,CVCL_3168,SKN3,Cello Cell line Synonym,skn3
GSM881295,GSM881295,SKN3_HNSCC_rep2,Public on Oct 02 2014,Feb 27 2012,Jul 19 2016,RNA,1.0,HNSCC cell line SKN3,Homo sapiens,cell line: SKN3,GPL570,USA,Johns Hopkins University,GSE84557,GSE84557_series_matrix.txt.gz,SKN3,,,CVCL_3168,SKN3,Cello Cell line Synonym,skn3
GSM881299,GSM881299,SQ9G_HNSCC_rep1,Public on Oct 03 2017,Feb 27 2012,Oct 03 2017,RNA,1.0,HNSCC cell line SQ9G,Homo sapiens,cell line: SQ9G,GPL570,USA,Johns Hopkins University,GSE84557,GSE84557_series_matrix.txt.gz,SQ9G,,,CVCL_7144,SQ9G,Cello Cell line Synonym,sq9g
GSM881300,GSM881300,SQ9G_HNSCC_rep2,Public on Oct 03 2017,Feb 27 2012,Oct 03 2017,RNA,1.0,HNSCC cell line SQ9G,Homo sapiens,cell line: SQ9G,GPL570,USA,Johns Hopkins University,GSE84557,GSE84557_series_matrix.txt.gz,SQ9G,,,CVCL_7144,SQ9G,Cello Cell line Synonym,sq9g
GSM935083,GSM935083,,,,,,,,,,,,,,,,,,CVCL_2063,HCC827,Cello GEO GSM,
GSM960275,GSM960275,,,,,,,,,,,,,,,,,,CVCL_7082,,,
GSM960276,GSM960276,,,,,,,,,,,,,,,,,,CVCL_7082,,,
GSM960277,GSM960277,,,,,,,,,,,,,,,,,,CVCL_7082,,,
GSM960278,GSM960278,,,,,,,,,,,,,,,,,,CVCL_0038,HaCaT,Cello GEO GSM,
GSM960279,GSM960279,,,,,,,,,,,,,,,,,,CVCL_0038,HaCaT,Cello GEO GSM,
GSM960280,GSM960280,,,,,,,,,,,,,,,,,,CVCL_0038,HaCaT,Cello GEO GSM,
GSM960281,GSM960281,,,,,,,,,,,,,,,,,,CVCL_7082,,,
GSM960282,GSM960282,,,,,,,,,,,,,,,,,,CVCL_7082,,,
GSM960283,GSM960283,,,,,,,,,,,,,,,,,,CVCL_7082,,,
GSM960284,GSM960284,,,,,,,,,,,,,,,,,,CVCL_7082,,,
GSM960285,GSM960285,,,,,,,,,,,,,,,,,,CVCL_7082,,,
GSM960286,GSM960286,,,,,,,,,,,,,,,,,,CVCL_0038,HaCaT,Cello GEO GSM,
GSM960287,GSM960287,,,,,,,,,,,,,,,,,,CVCL_0038,HaCaT,Cello GEO GSM,
GSM960288,GSM960288,,,,,,,,,,,,,,,,,,CVCL_0038,HaCaT,Cello GEO GSM,
GSM960289,GSM960289,,,,,,,,,,,,,,,,,,CVCL_7082,,,
GSM960290,GSM960290,,,,,,,,,,,,,,,,,,CVCL_7082,,,
GSM960291,GSM960291,,,,,,,,,,,,,,,,,,CVCL_7082,,,
GSM960292,GSM960292,,,,,,,,,,,,,,,,,,CVCL_7082,,,
GSM960293,GSM960293,,,,,,,,,,,,,,,,,,CVCL_7082,,,
GSM960294,GSM960294,,,,,,,,,,,,,,,,,,CVCL_0038,HaCaT,Cello GEO GSM,
GSM960295,GSM960295,,,,,,,,,,,,,,,,,,CVCL_0038,HaCaT,Cello GEO GSM,
GSM960296,GSM960296,,,,,,,,,,,,,,,,,,CVCL_0038,HaCaT,Cello GEO GSM,
GSM960297,GSM960297,,,,,,,,,,,,,,,,,,CVCL_7082,,,
GSM960298,GSM960298,,,,,,,,,,,,,,,,,,CVCL_7082,,,
