C:\Users\vigne\AppData\Roaming\Python\Python314\site-packages\statsmodels\robust\robust_linear_model.py:167: RuntimeWarning: invalid value encountered in divide
  return self.M(tmp_resid / tmp_results.scale).sum()
C:\Users\vigne\AppData\Roaming\Python\Python314\site-packages\statsmodels\robust\robust_linear_model.py:289: ConvergenceWarning: Estimated scale is 0.0 indicating that the most last iteration produced a perfect fit of the weighted data.
  warnings.warn('Estimated scale is 0.0 indicating that the most'
C:\Users\vigne\AppData\Roaming\Python\Python314\site-packages\statsmodels\robust\robust_linear_model.py:289: ConvergenceWarning: Estimated scale is 0.0 indicating that the most last iteration produced a perfect fit of the weighted data.
  warnings.warn('Estimated scale is 0.0 indicating that the most'
C:\Users\vigne\AppData\Roaming\Python\Python314\site-packages\statsmodels\robust\robust_linear_model.py:289: ConvergenceWarning: Estimated scale is 0.0 indicating that the most last iteration produced a perfect fit of the weighted data.
  warnings.warn('Estimated scale is 0.0 indicating that the most'
C:\Users\vigne\AppData\Roaming\Python\Python314\site-packages\statsmodels\robust\robust_linear_model.py:289: ConvergenceWarning: Estimated scale is 0.0 indicating that the most last iteration produced a perfect fit of the weighted data.
  warnings.warn('Estimated scale is 0.0 indicating that the most'
C:\Users\vigne\AppData\Roaming\Python\Python314\site-packages\statsmodels\robust\robust_linear_model.py:289: ConvergenceWarning: Estimated scale is 0.0 indicating that the most last iteration produced a perfect fit of the weighted data.
  warnings.warn('Estimated scale is 0.0 indicating that the most'
C:\Users\vigne\AppData\Roaming\Python\Python314\site-packages\statsmodels\robust\robust_linear_model.py:289: ConvergenceWarning: Estimated scale is 0.0 indicating that the most last iteration produced a perfect fit of the weighted data.
  warnings.warn('Estimated scale is 0.0 indicating that the most'
C:\Users\vigne\AppData\Roaming\Python\Python314\site-packages\statsmodels\robust\robust_linear_model.py:289: ConvergenceWarning: Estimated scale is 0.0 indicating that the most last iteration produced a perfect fit of the weighted data.
  warnings.warn('Estimated scale is 0.0 indicating that the most'
C:\Users\vigne\AppData\Roaming\Python\Python314\site-packages\statsmodels\robust\robust_linear_model.py:289: ConvergenceWarning: Estimated scale is 0.0 indicating that the most last iteration produced a perfect fit of the weighted data.
  warnings.warn('Estimated scale is 0.0 indicating that the most'
C:\Users\vigne\AppData\Roaming\Python\Python314\site-packages\statsmodels\robust\robust_linear_model.py:289: ConvergenceWarning: Estimated scale is 0.0 indicating that the most last iteration produced a perfect fit of the weighted data.
  warnings.warn('Estimated scale is 0.0 indicating that the most'
C:\Users\vigne\AppData\Roaming\Python\Python314\site-packages\statsmodels\robust\robust_linear_model.py:289: ConvergenceWarning: Estimated scale is 0.0 indicating that the most last iteration produced a perfect fit of the weighted data.
  warnings.warn('Estimated scale is 0.0 indicating that the most'
C:\Users\vigne\AppData\Roaming\Python\Python314\site-packages\statsmodels\robust\robust_linear_model.py:289: ConvergenceWarning: Estimated scale is 0.0 indicating that the most last iteration produced a perfect fit of the weighted data.
  warnings.warn('Estimated scale is 0.0 indicating that the most'
C:\Users\vigne\AppData\Roaming\Python\Python314\site-packages\statsmodels\robust\robust_linear_model.py:289: ConvergenceWarning: Estimated scale is 0.0 indicating that the most last iteration produced a perfect fit of the weighted data.
  warnings.warn('Estimated scale is 0.0 indicating that the most'
C:\Users\vigne\AppData\Roaming\Python\Python314\site-packages\statsmodels\robust\robust_linear_model.py:289: ConvergenceWarning: Estimated scale is 0.0 indicating that the most last iteration produced a perfect fit of the weighted data.
  warnings.warn('Estimated scale is 0.0 indicating that the most'
C:\Users\vigne\AppData\Roaming\Python\Python314\site-packages\statsmodels\robust\robust_linear_model.py:289: ConvergenceWarning: Estimated scale is 0.0 indicating that the most last iteration produced a perfect fit of the weighted data.
  warnings.warn('Estimated scale is 0.0 indicating that the most'
C:\Users\vigne\AppData\Roaming\Python\Python314\site-packages\statsmodels\robust\robust_linear_model.py:289: ConvergenceWarning: Estimated scale is 0.0 indicating that the most last iteration produced a perfect fit of the weighted data.
  warnings.warn('Estimated scale is 0.0 indicating that the most'
C:\Users\vigne\AppData\Roaming\Python\Python314\site-packages\statsmodels\robust\robust_linear_model.py:289: ConvergenceWarning: Estimated scale is 0.0 indicating that the most last iteration produced a perfect fit of the weighted data.
  warnings.warn('Estimated scale is 0.0 indicating that the most'
C:\Users\vigne\AppData\Roaming\Python\Python314\site-packages\statsmodels\robust\robust_linear_model.py:289: ConvergenceWarning: Estimated scale is 0.0 indicating that the most last iteration produced a perfect fit of the weighted data.
  warnings.warn('Estimated scale is 0.0 indicating that the most'
C:\Users\vigne\AppData\Roaming\Python\Python314\site-packages\statsmodels\robust\robust_linear_model.py:289: ConvergenceWarning: Estimated scale is 0.0 indicating that the most last iteration produced a perfect fit of the weighted data.
  warnings.warn('Estimated scale is 0.0 indicating that the most'
C:\Users\vigne\AppData\Roaming\Python\Python314\site-packages\statsmodels\robust\robust_linear_model.py:289: ConvergenceWarning: Estimated scale is 0.0 indicating that the most last iteration produced a perfect fit of the weighted data.
  warnings.warn('Estimated scale is 0.0 indicating that the most'
C:\Users\vigne\AppData\Roaming\Python\Python314\site-packages\statsmodels\robust\robust_linear_model.py:289: ConvergenceWarning: Estimated scale is 0.0 indicating that the most last iteration produced a perfect fit of the weighted data.
  warnings.warn('Estimated scale is 0.0 indicating that the most'
C:\Users\vigne\AppData\Roaming\Python\Python314\site-packages\statsmodels\robust\robust_linear_model.py:289: ConvergenceWarning: Estimated scale is 0.0 indicating that the most last iteration produced a perfect fit of the weighted data.
  warnings.warn('Estimated scale is 0.0 indicating that the most'
C:\Users\vigne\AppData\Roaming\Python\Python314\site-packages\statsmodels\robust\robust_linear_model.py:289: ConvergenceWarning: Estimated scale is 0.0 indicating that the most last iteration produced a perfect fit of the weighted data.
  warnings.warn('Estimated scale is 0.0 indicating that the most'
C:\Users\vigne\AppData\Roaming\Python\Python314\site-packages\statsmodels\robust\robust_linear_model.py:289: ConvergenceWarning: Estimated scale is 0.0 indicating that the most last iteration produced a perfect fit of the weighted data.
  warnings.warn('Estimated scale is 0.0 indicating that the most'
C:\Users\vigne\AppData\Roaming\Python\Python314\site-packages\statsmodels\robust\robust_linear_model.py:289: ConvergenceWarning: Estimated scale is 0.0 indicating that the most last iteration produced a perfect fit of the weighted data.
  warnings.warn('Estimated scale is 0.0 indicating that the most'
C:\Users\vigne\AppData\Roaming\Python\Python314\site-packages\statsmodels\robust\robust_linear_model.py:289: ConvergenceWarning: Estimated scale is 0.0 indicating that the most last iteration produced a perfect fit of the weighted data.
  warnings.warn('Estimated scale is 0.0 indicating that the most'
C:\Users\vigne\AppData\Roaming\Python\Python314\site-packages\statsmodels\robust\robust_linear_model.py:289: ConvergenceWarning: Estimated scale is 0.0 indicating that the most last iteration produced a perfect fit of the weighted data.
  warnings.warn('Estimated scale is 0.0 indicating that the most'
C:\Users\vigne\AppData\Roaming\Python\Python314\site-packages\statsmodels\robust\robust_linear_model.py:289: ConvergenceWarning: Estimated scale is 0.0 indicating that the most last iteration produced a perfect fit of the weighted data.
  warnings.warn('Estimated scale is 0.0 indicating that the most'
C:\Users\vigne\AppData\Roaming\Python\Python314\site-packages\statsmodels\robust\robust_linear_model.py:289: ConvergenceWarning: Estimated scale is 0.0 indicating that the most last iteration produced a perfect fit of the weighted data.
  warnings.warn('Estimated scale is 0.0 indicating that the most'
C:\Users\vigne\AppData\Roaming\Python\Python314\site-packages\statsmodels\robust\robust_linear_model.py:289: ConvergenceWarning: Estimated scale is 0.0 indicating that the most last iteration produced a perfect fit of the weighted data.
  warnings.warn('Estimated scale is 0.0 indicating that the most'
C:\Users\vigne\AppData\Roaming\Python\Python314\site-packages\statsmodels\robust\robust_linear_model.py:289: ConvergenceWarning: Estimated scale is 0.0 indicating that the most last iteration produced a perfect fit of the weighted data.
  warnings.warn('Estimated scale is 0.0 indicating that the most'
C:\Users\vigne\AppData\Roaming\Python\Python314\site-packages\statsmodels\robust\robust_linear_model.py:289: ConvergenceWarning: Estimated scale is 0.0 indicating that the most last iteration produced a perfect fit of the weighted data.
  warnings.warn('Estimated scale is 0.0 indicating that the most'
C:\Users\vigne\AppData\Roaming\Python\Python314\site-packages\statsmodels\robust\robust_linear_model.py:289: ConvergenceWarning: Estimated scale is 0.0 indicating that the most last iteration produced a perfect fit of the weighted data.
  warnings.warn('Estimated scale is 0.0 indicating that the most'
C:\Users\vigne\AppData\Roaming\Python\Python314\site-packages\statsmodels\robust\robust_linear_model.py:289: ConvergenceWarning: Estimated scale is 0.0 indicating that the most last iteration produced a perfect fit of the weighted data.
  warnings.warn('Estimated scale is 0.0 indicating that the most'
C:\Users\vigne\AppData\Roaming\Python\Python314\site-packages\statsmodels\robust\robust_linear_model.py:289: ConvergenceWarning: Estimated scale is 0.0 indicating that the most last iteration produced a perfect fit of the weighted data.
  warnings.warn('Estimated scale is 0.0 indicating that the most'
C:\Users\vigne\AppData\Roaming\Python\Python314\site-packages\statsmodels\robust\robust_linear_model.py:289: ConvergenceWarning: Estimated scale is 0.0 indicating that the most last iteration produced a perfect fit of the weighted data.
  warnings.warn('Estimated scale is 0.0 indicating that the most'
C:\Users\vigne\AppData\Roaming\Python\Python314\site-packages\statsmodels\robust\robust_linear_model.py:289: ConvergenceWarning: Estimated scale is 0.0 indicating that the most last iteration produced a perfect fit of the weighted data.
  warnings.warn('Estimated scale is 0.0 indicating that the most'
C:\Users\vigne\AppData\Roaming\Python\Python314\site-packages\statsmodels\robust\robust_linear_model.py:289: ConvergenceWarning: Estimated scale is 0.0 indicating that the most last iteration produced a perfect fit of the weighted data.
  warnings.warn('Estimated scale is 0.0 indicating that the most'
C:\Users\vigne\AppData\Roaming\Python\Python314\site-packages\statsmodels\robust\robust_linear_model.py:289: ConvergenceWarning: Estimated scale is 0.0 indicating that the most last iteration produced a perfect fit of the weighted data.
  warnings.warn('Estimated scale is 0.0 indicating that the most'
C:\Users\vigne\AppData\Roaming\Python\Python314\site-packages\statsmodels\robust\robust_linear_model.py:289: ConvergenceWarning: Estimated scale is 0.0 indicating that the most last iteration produced a perfect fit of the weighted data.
  warnings.warn('Estimated scale is 0.0 indicating that the most'
C:\Users\vigne\AppData\Roaming\Python\Python314\site-packages\statsmodels\robust\robust_linear_model.py:289: ConvergenceWarning: Estimated scale is 0.0 indicating that the most last iteration produced a perfect fit of the weighted data.
  warnings.warn('Estimated scale is 0.0 indicating that the most'
C:\Users\vigne\AppData\Roaming\Python\Python314\site-packages\statsmodels\robust\robust_linear_model.py:289: ConvergenceWarning: Estimated scale is 0.0 indicating that the most last iteration produced a perfect fit of the weighted data.
  warnings.warn('Estimated scale is 0.0 indicating that the most'
C:\Users\vigne\AppData\Roaming\Python\Python314\site-packages\statsmodels\robust\robust_linear_model.py:289: ConvergenceWarning: Estimated scale is 0.0 indicating that the most last iteration produced a perfect fit of the weighted data.
  warnings.warn('Estimated scale is 0.0 indicating that the most'
C:\Users\vigne\AppData\Roaming\Python\Python314\site-packages\statsmodels\robust\robust_linear_model.py:289: ConvergenceWarning: Estimated scale is 0.0 indicating that the most last iteration produced a perfect fit of the weighted data.
  warnings.warn('Estimated scale is 0.0 indicating that the most'
C:\Users\vigne\AppData\Roaming\Python\Python314\site-packages\statsmodels\robust\robust_linear_model.py:289: ConvergenceWarning: Estimated scale is 0.0 indicating that the most last iteration produced a perfect fit of the weighted data.
  warnings.warn('Estimated scale is 0.0 indicating that the most'
C:\Users\vigne\AppData\Roaming\Python\Python314\site-packages\statsmodels\robust\robust_linear_model.py:289: ConvergenceWarning: Estimated scale is 0.0 indicating that the most last iteration produced a perfect fit of the weighted data.
  warnings.warn('Estimated scale is 0.0 indicating that the most'
C:\Users\vigne\AppData\Roaming\Python\Python314\site-packages\statsmodels\robust\robust_linear_model.py:289: ConvergenceWarning: Estimated scale is 0.0 indicating that the most last iteration produced a perfect fit of the weighted data.
  warnings.warn('Estimated scale is 0.0 indicating that the most'
C:\Users\vigne\AppData\Roaming\Python\Python314\site-packages\statsmodels\robust\robust_linear_model.py:289: ConvergenceWarning: Estimated scale is 0.0 indicating that the most last iteration produced a perfect fit of the weighted data.
  warnings.warn('Estimated scale is 0.0 indicating that the most'
C:\Users\vigne\AppData\Roaming\Python\Python314\site-packages\statsmodels\robust\robust_linear_model.py:289: ConvergenceWarning: Estimated scale is 0.0 indicating that the most last iteration produced a perfect fit of the weighted data.
  warnings.warn('Estimated scale is 0.0 indicating that the most'
C:\Users\vigne\AppData\Roaming\Python\Python314\site-packages\statsmodels\robust\robust_linear_model.py:289: ConvergenceWarning: Estimated scale is 0.0 indicating that the most last iteration produced a perfect fit of the weighted data.
  warnings.warn('Estimated scale is 0.0 indicating that the most'
C:\Users\vigne\AppData\Roaming\Python\Python314\site-packages\statsmodels\robust\robust_linear_model.py:289: ConvergenceWarning: Estimated scale is 0.0 indicating that the most last iteration produced a perfect fit of the weighted data.
  warnings.warn('Estimated scale is 0.0 indicating that the most'
C:\Users\vigne\AppData\Roaming\Python\Python314\site-packages\statsmodels\robust\robust_linear_model.py:289: ConvergenceWarning: Estimated scale is 0.0 indicating that the most last iteration produced a perfect fit of the weighted data.
  warnings.warn('Estimated scale is 0.0 indicating that the most'
C:\Users\vigne\AppData\Roaming\Python\Python314\site-packages\statsmodels\robust\robust_linear_model.py:289: ConvergenceWarning: Estimated scale is 0.0 indicating that the most last iteration produced a perfect fit of the weighted data.
  warnings.warn('Estimated scale is 0.0 indicating that the most'
C:\Users\vigne\AppData\Roaming\Python\Python314\site-packages\statsmodels\robust\robust_linear_model.py:289: ConvergenceWarning: Estimated scale is 0.0 indicating that the most last iteration produced a perfect fit of the weighted data.
  warnings.warn('Estimated scale is 0.0 indicating that the most'
C:\Users\vigne\AppData\Roaming\Python\Python314\site-packages\statsmodels\robust\robust_linear_model.py:289: ConvergenceWarning: Estimated scale is 0.0 indicating that the most last iteration produced a perfect fit of the weighted data.
  warnings.warn('Estimated scale is 0.0 indicating that the most'
C:\Users\vigne\AppData\Roaming\Python\Python314\site-packages\statsmodels\robust\robust_linear_model.py:289: ConvergenceWarning: Estimated scale is 0.0 indicating that the most last iteration produced a perfect fit of the weighted data.
  warnings.warn('Estimated scale is 0.0 indicating that the most'
C:\Users\vigne\AppData\Roaming\Python\Python314\site-packages\statsmodels\robust\robust_linear_model.py:289: ConvergenceWarning: Estimated scale is 0.0 indicating that the most last iteration produced a perfect fit of the weighted data.
  warnings.warn('Estimated scale is 0.0 indicating that the most'
C:\Users\vigne\AppData\Roaming\Python\Python314\site-packages\statsmodels\robust\robust_linear_model.py:289: ConvergenceWarning: Estimated scale is 0.0 indicating that the most last iteration produced a perfect fit of the weighted data.
  warnings.warn('Estimated scale is 0.0 indicating that the most'
C:\Users\vigne\AppData\Roaming\Python\Python314\site-packages\statsmodels\robust\robust_linear_model.py:289: ConvergenceWarning: Estimated scale is 0.0 indicating that the most last iteration produced a perfect fit of the weighted data.
  warnings.warn('Estimated scale is 0.0 indicating that the most'
C:\Users\vigne\AppData\Roaming\Python\Python314\site-packages\statsmodels\robust\robust_linear_model.py:289: ConvergenceWarning: Estimated scale is 0.0 indicating that the most last iteration produced a perfect fit of the weighted data.
  warnings.warn('Estimated scale is 0.0 indicating that the most'
C:\Users\vigne\AppData\Roaming\Python\Python314\site-packages\statsmodels\robust\robust_linear_model.py:289: ConvergenceWarning: Estimated scale is 0.0 indicating that the most last iteration produced a perfect fit of the weighted data.
  warnings.warn('Estimated scale is 0.0 indicating that the most'
C:\Users\vigne\AppData\Roaming\Python\Python314\site-packages\statsmodels\robust\robust_linear_model.py:289: ConvergenceWarning: Estimated scale is 0.0 indicating that the most last iteration produced a perfect fit of the weighted data.
  warnings.warn('Estimated scale is 0.0 indicating that the most'
C:\Users\vigne\AppData\Roaming\Python\Python314\site-packages\statsmodels\robust\robust_linear_model.py:289: ConvergenceWarning: Estimated scale is 0.0 indicating that the most last iteration produced a perfect fit of the weighted data.
  warnings.warn('Estimated scale is 0.0 indicating that the most'
C:\Users\vigne\AppData\Roaming\Python\Python314\site-packages\statsmodels\robust\robust_linear_model.py:289: ConvergenceWarning: Estimated scale is 0.0 indicating that the most last iteration produced a perfect fit of the weighted data.
  warnings.warn('Estimated scale is 0.0 indicating that the most'
C:\Users\vigne\AppData\Roaming\Python\Python314\site-packages\statsmodels\robust\robust_linear_model.py:289: ConvergenceWarning: Estimated scale is 0.0 indicating that the most last iteration produced a perfect fit of the weighted data.
  warnings.warn('Estimated scale is 0.0 indicating that the most'
C:\Users\vigne\AppData\Roaming\Python\Python314\site-packages\statsmodels\robust\robust_linear_model.py:289: ConvergenceWarning: Estimated scale is 0.0 indicating that the most last iteration produced a perfect fit of the weighted data.
  warnings.warn('Estimated scale is 0.0 indicating that the most'
C:\Users\vigne\AppData\Roaming\Python\Python314\site-packages\statsmodels\robust\robust_linear_model.py:289: ConvergenceWarning: Estimated scale is 0.0 indicating that the most last iteration produced a perfect fit of the weighted data.
  warnings.warn('Estimated scale is 0.0 indicating that the most'
C:\Users\vigne\AppData\Roaming\Python\Python314\site-packages\statsmodels\robust\robust_linear_model.py:289: ConvergenceWarning: Estimated scale is 0.0 indicating that the most last iteration produced a perfect fit of the weighted data.
  warnings.warn('Estimated scale is 0.0 indicating that the most'
C:\Users\vigne\AppData\Roaming\Python\Python314\site-packages\statsmodels\robust\robust_linear_model.py:289: ConvergenceWarning: Estimated scale is 0.0 indicating that the most last iteration produced a perfect fit of the weighted data.
  warnings.warn('Estimated scale is 0.0 indicating that the most'
C:\Users\vigne\AppData\Roaming\Python\Python314\site-packages\statsmodels\robust\robust_linear_model.py:289: ConvergenceWarning: Estimated scale is 0.0 indicating that the most last iteration produced a perfect fit of the weighted data.
  warnings.warn('Estimated scale is 0.0 indicating that the most'
C:\Users\vigne\AppData\Roaming\Python\Python314\site-packages\statsmodels\robust\robust_linear_model.py:289: ConvergenceWarning: Estimated scale is 0.0 indicating that the most last iteration produced a perfect fit of the weighted data.
  warnings.warn('Estimated scale is 0.0 indicating that the most'
C:\Users\vigne\AppData\Roaming\Python\Python314\site-packages\statsmodels\robust\robust_linear_model.py:289: ConvergenceWarning: Estimated scale is 0.0 indicating that the most last iteration produced a perfect fit of the weighted data.
  warnings.warn('Estimated scale is 0.0 indicating that the most'
C:\Users\vigne\AppData\Roaming\Python\Python314\site-packages\statsmodels\robust\robust_linear_model.py:289: ConvergenceWarning: Estimated scale is 0.0 indicating that the most last iteration produced a perfect fit of the weighted data.
  warnings.warn('Estimated scale is 0.0 indicating that the most'
C:\Users\vigne\AppData\Roaming\Python\Python314\site-packages\statsmodels\robust\robust_linear_model.py:289: ConvergenceWarning: Estimated scale is 0.0 indicating that the most last iteration produced a perfect fit of the weighted data.
  warnings.warn('Estimated scale is 0.0 indicating that the most'
C:\Users\vigne\AppData\Roaming\Python\Python314\site-packages\statsmodels\robust\robust_linear_model.py:289: ConvergenceWarning: Estimated scale is 0.0 indicating that the most last iteration produced a perfect fit of the weighted data.
  warnings.warn('Estimated scale is 0.0 indicating that the most'
C:\Users\vigne\AppData\Roaming\Python\Python314\site-packages\statsmodels\robust\robust_linear_model.py:289: ConvergenceWarning: Estimated scale is 0.0 indicating that the most last iteration produced a perfect fit of the weighted data.
  warnings.warn('Estimated scale is 0.0 indicating that the most'
C:\Users\vigne\AppData\Roaming\Python\Python314\site-packages\statsmodels\robust\robust_linear_model.py:289: ConvergenceWarning: Estimated scale is 0.0 indicating that the most last iteration produced a perfect fit of the weighted data.
  warnings.warn('Estimated scale is 0.0 indicating that the most'
C:\Users\vigne\AppData\Roaming\Python\Python314\site-packages\statsmodels\robust\robust_linear_model.py:289: ConvergenceWarning: Estimated scale is 0.0 indicating that the most last iteration produced a perfect fit of the weighted data.
  warnings.warn('Estimated scale is 0.0 indicating that the most'
C:\Users\vigne\AppData\Roaming\Python\Python314\site-packages\statsmodels\robust\robust_linear_model.py:289: ConvergenceWarning: Estimated scale is 0.0 indicating that the most last iteration produced a perfect fit of the weighted data.
  warnings.warn('Estimated scale is 0.0 indicating that the most'
C:\Users\vigne\AppData\Roaming\Python\Python314\site-packages\statsmodels\robust\robust_linear_model.py:289: ConvergenceWarning: Estimated scale is 0.0 indicating that the most last iteration produced a perfect fit of the weighted data.
  warnings.warn('Estimated scale is 0.0 indicating that the most'
C:\Users\vigne\AppData\Roaming\Python\Python314\site-packages\statsmodels\robust\robust_linear_model.py:289: ConvergenceWarning: Estimated scale is 0.0 indicating that the most last iteration produced a perfect fit of the weighted data.
  warnings.warn('Estimated scale is 0.0 indicating that the most'
C:\Users\vigne\AppData\Roaming\Python\Python314\site-packages\statsmodels\robust\robust_linear_model.py:289: ConvergenceWarning: Estimated scale is 0.0 indicating that the most last iteration produced a perfect fit of the weighted data.
  warnings.warn('Estimated scale is 0.0 indicating that the most'
C:\Users\vigne\AppData\Roaming\Python\Python314\site-packages\statsmodels\robust\robust_linear_model.py:289: ConvergenceWarning: Estimated scale is 0.0 indicating that the most last iteration produced a perfect fit of the weighted data.
  warnings.warn('Estimated scale is 0.0 indicating that the most'
C:\Users\vigne\AppData\Roaming\Python\Python314\site-packages\statsmodels\robust\robust_linear_model.py:289: ConvergenceWarning: Estimated scale is 0.0 indicating that the most last iteration produced a perfect fit of the weighted data.
  warnings.warn('Estimated scale is 0.0 indicating that the most'
C:\Users\vigne\AppData\Roaming\Python\Python314\site-packages\statsmodels\robust\robust_linear_model.py:289: ConvergenceWarning: Estimated scale is 0.0 indicating that the most last iteration produced a perfect fit of the weighted data.
  warnings.warn('Estimated scale is 0.0 indicating that the most'
C:\Users\vigne\AppData\Roaming\Python\Python314\site-packages\statsmodels\robust\robust_linear_model.py:289: ConvergenceWarning: Estimated scale is 0.0 indicating that the most last iteration produced a perfect fit of the weighted data.
  warnings.warn('Estimated scale is 0.0 indicating that the most'
C:\Users\vigne\AppData\Roaming\Python\Python314\site-packages\statsmodels\robust\robust_linear_model.py:289: ConvergenceWarning: Estimated scale is 0.0 indicating that the most last iteration produced a perfect fit of the weighted data.
  warnings.warn('Estimated scale is 0.0 indicating that the most'
C:\Users\vigne\AppData\Roaming\Python\Python314\site-packages\statsmodels\robust\robust_linear_model.py:289: ConvergenceWarning: Estimated scale is 0.0 indicating that the most last iteration produced a perfect fit of the weighted data.
  warnings.warn('Estimated scale is 0.0 indicating that the most'
C:\Users\vigne\AppData\Roaming\Python\Python314\site-packages\statsmodels\robust\robust_linear_model.py:289: ConvergenceWarning: Estimated scale is 0.0 indicating that the most last iteration produced a perfect fit of the weighted data.
  warnings.warn('Estimated scale is 0.0 indicating that the most'
C:\Users\vigne\AppData\Roaming\Python\Python314\site-packages\statsmodels\robust\robust_linear_model.py:289: ConvergenceWarning: Estimated scale is 0.0 indicating that the most last iteration produced a perfect fit of the weighted data.
  warnings.warn('Estimated scale is 0.0 indicating that the most'
C:\Users\vigne\AppData\Roaming\Python\Python314\site-packages\statsmodels\robust\robust_linear_model.py:289: ConvergenceWarning: Estimated scale is 0.0 indicating that the most last iteration produced a perfect fit of the weighted data.
  warnings.warn('Estimated scale is 0.0 indicating that the most'
C:\Users\vigne\AppData\Roaming\Python\Python314\site-packages\statsmodels\robust\robust_linear_model.py:289: ConvergenceWarning: Estimated scale is 0.0 indicating that the most last iteration produced a perfect fit of the weighted data.
  warnings.warn('Estimated scale is 0.0 indicating that the most'
C:\Users\vigne\AppData\Roaming\Python\Python314\site-packages\statsmodels\robust\robust_linear_model.py:289: ConvergenceWarning: Estimated scale is 0.0 indicating that the most last iteration produced a perfect fit of the weighted data.
  warnings.warn('Estimated scale is 0.0 indicating that the most'
C:\Users\vigne\AppData\Roaming\Python\Python314\site-packages\statsmodels\robust\robust_linear_model.py:289: ConvergenceWarning: Estimated scale is 0.0 indicating that the most last iteration produced a perfect fit of the weighted data.
  warnings.warn('Estimated scale is 0.0 indicating that the most'
C:\Users\vigne\AppData\Roaming\Python\Python314\site-packages\statsmodels\robust\robust_linear_model.py:289: ConvergenceWarning: Estimated scale is 0.0 indicating that the most last iteration produced a perfect fit of the weighted data.
  warnings.warn('Estimated scale is 0.0 indicating that the most'
C:\Users\vigne\AppData\Roaming\Python\Python314\site-packages\statsmodels\robust\robust_linear_model.py:289: ConvergenceWarning: Estimated scale is 0.0 indicating that the most last iteration produced a perfect fit of the weighted data.
  warnings.warn('Estimated scale is 0.0 indicating that the most'
C:\Users\vigne\AppData\Roaming\Python\Python314\site-packages\statsmodels\robust\robust_linear_model.py:289: ConvergenceWarning: Estimated scale is 0.0 indicating that the most last iteration produced a perfect fit of the weighted data.
  warnings.warn('Estimated scale is 0.0 indicating that the most'
C:\Users\vigne\AppData\Roaming\Python\Python314\site-packages\statsmodels\robust\robust_linear_model.py:289: ConvergenceWarning: Estimated scale is 0.0 indicating that the most last iteration produced a perfect fit of the weighted data.
  warnings.warn('Estimated scale is 0.0 indicating that the most'
C:\Users\vigne\AppData\Roaming\Python\Python314\site-packages\statsmodels\robust\robust_linear_model.py:289: ConvergenceWarning: Estimated scale is 0.0 indicating that the most last iteration produced a perfect fit of the weighted data.
  warnings.warn('Estimated scale is 0.0 indicating that the most'
C:\Users\vigne\AppData\Roaming\Python\Python314\site-packages\statsmodels\robust\robust_linear_model.py:289: ConvergenceWarning: Estimated scale is 0.0 indicating that the most last iteration produced a perfect fit of the weighted data.
  warnings.warn('Estimated scale is 0.0 indicating that the most'
C:\Users\vigne\AppData\Roaming\Python\Python314\site-packages\statsmodels\robust\robust_linear_model.py:289: ConvergenceWarning: Estimated scale is 0.0 indicating that the most last iteration produced a perfect fit of the weighted data.
  warnings.warn('Estimated scale is 0.0 indicating that the most'
C:\Users\vigne\AppData\Roaming\Python\Python314\site-packages\statsmodels\robust\robust_linear_model.py:289: ConvergenceWarning: Estimated scale is 0.0 indicating that the most last iteration produced a perfect fit of the weighted data.
  warnings.warn('Estimated scale is 0.0 indicating that the most'
C:\Users\vigne\AppData\Roaming\Python\Python314\site-packages\statsmodels\robust\robust_linear_model.py:289: ConvergenceWarning: Estimated scale is 0.0 indicating that the most last iteration produced a perfect fit of the weighted data.
  warnings.warn('Estimated scale is 0.0 indicating that the most'
C:\Users\vigne\AppData\Roaming\Python\Python314\site-packages\statsmodels\robust\robust_linear_model.py:289: ConvergenceWarning: Estimated scale is 0.0 indicating that the most last iteration produced a perfect fit of the weighted data.
  warnings.warn('Estimated scale is 0.0 indicating that the most'
C:\Users\vigne\AppData\Roaming\Python\Python314\site-packages\statsmodels\robust\robust_linear_model.py:289: ConvergenceWarning: Estimated scale is 0.0 indicating that the most last iteration produced a perfect fit of the weighted data.
  warnings.warn('Estimated scale is 0.0 indicating that the most'
C:\Users\vigne\AppData\Roaming\Python\Python314\site-packages\statsmodels\robust\robust_linear_model.py:289: ConvergenceWarning: Estimated scale is 0.0 indicating that the most last iteration produced a perfect fit of the weighted data.
  warnings.warn('Estimated scale is 0.0 indicating that the most'
C:\Users\vigne\AppData\Roaming\Python\Python314\site-packages\statsmodels\robust\robust_linear_model.py:289: ConvergenceWarning: Estimated scale is 0.0 indicating that the most last iteration produced a perfect fit of the weighted data.
  warnings.warn('Estimated scale is 0.0 indicating that the most'
C:\Users\vigne\AppData\Roaming\Python\Python314\site-packages\statsmodels\robust\robust_linear_model.py:289: ConvergenceWarning: Estimated scale is 0.0 indicating that the most last iteration produced a perfect fit of the weighted data.
  warnings.warn('Estimated scale is 0.0 indicating that the most'
C:\Users\vigne\AppData\Roaming\Python\Python314\site-packages\statsmodels\robust\robust_linear_model.py:289: ConvergenceWarning: Estimated scale is 0.0 indicating that the most last iteration produced a perfect fit of the weighted data.
  warnings.warn('Estimated scale is 0.0 indicating that the most'
C:\Users\vigne\AppData\Roaming\Python\Python314\site-packages\statsmodels\robust\robust_linear_model.py:289: ConvergenceWarning: Estimated scale is 0.0 indicating that the most last iteration produced a perfect fit of the weighted data.
  warnings.warn('Estimated scale is 0.0 indicating that the most'
C:\Users\vigne\AppData\Roaming\Python\Python314\site-packages\statsmodels\robust\robust_linear_model.py:289: ConvergenceWarning: Estimated scale is 0.0 indicating that the most last iteration produced a perfect fit of the weighted data.
  warnings.warn('Estimated scale is 0.0 indicating that the most'
C:\Users\vigne\AppData\Roaming\Python\Python314\site-packages\statsmodels\robust\robust_linear_model.py:289: ConvergenceWarning: Estimated scale is 0.0 indicating that the most last iteration produced a perfect fit of the weighted data.
  warnings.warn('Estimated scale is 0.0 indicating that the most'
C:\Users\vigne\AppData\Roaming\Python\Python314\site-packages\statsmodels\robust\robust_linear_model.py:289: ConvergenceWarning: Estimated scale is 0.0 indicating that the most last iteration produced a perfect fit of the weighted data.
  warnings.warn('Estimated scale is 0.0 indicating that the most'
C:\Users\vigne\AppData\Roaming\Python\Python314\site-packages\statsmodels\robust\robust_linear_model.py:289: ConvergenceWarning: Estimated scale is 0.0 indicating that the most last iteration produced a perfect fit of the weighted data.
  warnings.warn('Estimated scale is 0.0 indicating that the most'
C:\Users\vigne\AppData\Roaming\Python\Python314\site-packages\statsmodels\robust\robust_linear_model.py:289: ConvergenceWarning: Estimated scale is 0.0 indicating that the most last iteration produced a perfect fit of the weighted data.
  warnings.warn('Estimated scale is 0.0 indicating that the most'
C:\Users\vigne\AppData\Roaming\Python\Python314\site-packages\statsmodels\robust\robust_linear_model.py:289: ConvergenceWarning: Estimated scale is 0.0 indicating that the most last iteration produced a perfect fit of the weighted data.
  warnings.warn('Estimated scale is 0.0 indicating that the most'
C:\Users\vigne\AppData\Roaming\Python\Python314\site-packages\statsmodels\robust\robust_linear_model.py:289: ConvergenceWarning: Estimated scale is 0.0 indicating that the most last iteration produced a perfect fit of the weighted data.
  warnings.warn('Estimated scale is 0.0 indicating that the most'
C:\Users\vigne\AppData\Roaming\Python\Python314\site-packages\statsmodels\robust\robust_linear_model.py:289: ConvergenceWarning: Estimated scale is 0.0 indicating that the most last iteration produced a perfect fit of the weighted data.
  warnings.warn('Estimated scale is 0.0 indicating that the most'
C:\Users\vigne\AppData\Roaming\Python\Python314\site-packages\statsmodels\robust\robust_linear_model.py:289: ConvergenceWarning: Estimated scale is 0.0 indicating that the most last iteration produced a perfect fit of the weighted data.
  warnings.warn('Estimated scale is 0.0 indicating that the most'
C:\Users\vigne\AppData\Roaming\Python\Python314\site-packages\statsmodels\robust\robust_linear_model.py:289: ConvergenceWarning: Estimated scale is 0.0 indicating that the most last iteration produced a perfect fit of the weighted data.
  warnings.warn('Estimated scale is 0.0 indicating that the most'
C:\Users\vigne\AppData\Roaming\Python\Python314\site-packages\statsmodels\robust\robust_linear_model.py:289: ConvergenceWarning: Estimated scale is 0.0 indicating that the most last iteration produced a perfect fit of the weighted data.
  warnings.warn('Estimated scale is 0.0 indicating that the most'
C:\Users\vigne\AppData\Roaming\Python\Python314\site-packages\statsmodels\robust\robust_linear_model.py:289: ConvergenceWarning: Estimated scale is 0.0 indicating that the most last iteration produced a perfect fit of the weighted data.
  warnings.warn('Estimated scale is 0.0 indicating that the most'
C:\Users\vigne\AppData\Roaming\Python\Python314\site-packages\statsmodels\robust\robust_linear_model.py:289: ConvergenceWarning: Estimated scale is 0.0 indicating that the most last iteration produced a perfect fit of the weighted data.
  warnings.warn('Estimated scale is 0.0 indicating that the most'
C:\Users\vigne\AppData\Roaming\Python\Python314\site-packages\statsmodels\robust\robust_linear_model.py:289: ConvergenceWarning: Estimated scale is 0.0 indicating that the most last iteration produced a perfect fit of the weighted data.
  warnings.warn('Estimated scale is 0.0 indicating that the most'
C:\Users\vigne\AppData\Roaming\Python\Python314\site-packages\statsmodels\robust\robust_linear_model.py:289: ConvergenceWarning: Estimated scale is 0.0 indicating that the most last iteration produced a perfect fit of the weighted data.
  warnings.warn('Estimated scale is 0.0 indicating that the most'
C:\Users\vigne\AppData\Roaming\Python\Python314\site-packages\statsmodels\robust\robust_linear_model.py:289: ConvergenceWarning: Estimated scale is 0.0 indicating that the most last iteration produced a perfect fit of the weighted data.
  warnings.warn('Estimated scale is 0.0 indicating that the most'
C:\Users\vigne\AppData\Roaming\Python\Python314\site-packages\statsmodels\robust\robust_linear_model.py:289: ConvergenceWarning: Estimated scale is 0.0 indicating that the most last iteration produced a perfect fit of the weighted data.
  warnings.warn('Estimated scale is 0.0 indicating that the most'
C:\Users\vigne\AppData\Roaming\Python\Python314\site-packages\statsmodels\robust\robust_linear_model.py:289: ConvergenceWarning: Estimated scale is 0.0 indicating that the most last iteration produced a perfect fit of the weighted data.
  warnings.warn('Estimated scale is 0.0 indicating that the most'
C:\Users\vigne\AppData\Roaming\Python\Python314\site-packages\statsmodels\robust\robust_linear_model.py:289: ConvergenceWarning: Estimated scale is 0.0 indicating that the most last iteration produced a perfect fit of the weighted data.
  warnings.warn('Estimated scale is 0.0 indicating that the most'
C:\Users\vigne\AppData\Roaming\Python\Python314\site-packages\statsmodels\robust\robust_linear_model.py:289: ConvergenceWarning: Estimated scale is 0.0 indicating that the most last iteration produced a perfect fit of the weighted data.
  warnings.warn('Estimated scale is 0.0 indicating that the most'
C:\Users\vigne\AppData\Roaming\Python\Python314\site-packages\statsmodels\robust\robust_linear_model.py:289: ConvergenceWarning: Estimated scale is 0.0 indicating that the most last iteration produced a perfect fit of the weighted data.
  warnings.warn('Estimated scale is 0.0 indicating that the most'
C:\Users\vigne\AppData\Roaming\Python\Python314\site-packages\statsmodels\robust\robust_linear_model.py:289: ConvergenceWarning: Estimated scale is 0.0 indicating that the most last iteration produced a perfect fit of the weighted data.
  warnings.warn('Estimated scale is 0.0 indicating that the most'
C:\Users\vigne\AppData\Roaming\Python\Python314\site-packages\statsmodels\robust\robust_linear_model.py:289: ConvergenceWarning: Estimated scale is 0.0 indicating that the most last iteration produced a perfect fit of the weighted data.
  warnings.warn('Estimated scale is 0.0 indicating that the most'
C:\Users\vigne\AppData\Roaming\Python\Python314\site-packages\statsmodels\robust\robust_linear_model.py:289: ConvergenceWarning: Estimated scale is 0.0 indicating that the most last iteration produced a perfect fit of the weighted data.
  warnings.warn('Estimated scale is 0.0 indicating that the most'
C:\Users\vigne\AppData\Roaming\Python\Python314\site-packages\statsmodels\robust\robust_linear_model.py:289: ConvergenceWarning: Estimated scale is 0.0 indicating that the most last iteration produced a perfect fit of the weighted data.
  warnings.warn('Estimated scale is 0.0 indicating that the most'
C:\Users\vigne\AppData\Roaming\Python\Python314\site-packages\statsmodels\robust\robust_linear_model.py:289: ConvergenceWarning: Estimated scale is 0.0 indicating that the most last iteration produced a perfect fit of the weighted data.
  warnings.warn('Estimated scale is 0.0 indicating that the most'
C:\Users\vigne\AppData\Roaming\Python\Python314\site-packages\statsmodels\robust\robust_linear_model.py:289: ConvergenceWarning: Estimated scale is 0.0 indicating that the most last iteration produced a perfect fit of the weighted data.
  warnings.warn('Estimated scale is 0.0 indicating that the most'
C:\Users\vigne\AppData\Roaming\Python\Python314\site-packages\statsmodels\robust\robust_linear_model.py:289: ConvergenceWarning: Estimated scale is 0.0 indicating that the most last iteration produced a perfect fit of the weighted data.
  warnings.warn('Estimated scale is 0.0 indicating that the most'
C:\Users\vigne\AppData\Roaming\Python\Python314\site-packages\statsmodels\robust\robust_linear_model.py:289: ConvergenceWarning: Estimated scale is 0.0 indicating that the most last iteration produced a perfect fit of the weighted data.
  warnings.warn('Estimated scale is 0.0 indicating that the most'
C:\Users\vigne\AppData\Roaming\Python\Python314\site-packages\statsmodels\robust\robust_linear_model.py:289: ConvergenceWarning: Estimated scale is 0.0 indicating that the most last iteration produced a perfect fit of the weighted data.
  warnings.warn('Estimated scale is 0.0 indicating that the most'
C:\Users\vigne\AppData\Roaming\Python\Python314\site-packages\statsmodels\robust\robust_linear_model.py:289: ConvergenceWarning: Estimated scale is 0.0 indicating that the most last iteration produced a perfect fit of the weighted data.
  warnings.warn('Estimated scale is 0.0 indicating that the most'
C:\Users\vigne\AppData\Roaming\Python\Python314\site-packages\statsmodels\robust\robust_linear_model.py:289: ConvergenceWarning: Estimated scale is 0.0 indicating that the most last iteration produced a perfect fit of the weighted data.
  warnings.warn('Estimated scale is 0.0 indicating that the most'
C:\Users\vigne\AppData\Roaming\Python\Python314\site-packages\statsmodels\robust\robust_linear_model.py:289: ConvergenceWarning: Estimated scale is 0.0 indicating that the most last iteration produced a perfect fit of the weighted data.
  warnings.warn('Estimated scale is 0.0 indicating that the most'
C:\Users\vigne\AppData\Roaming\Python\Python314\site-packages\statsmodels\robust\robust_linear_model.py:289: ConvergenceWarning: Estimated scale is 0.0 indicating that the most last iteration produced a perfect fit of the weighted data.
  warnings.warn('Estimated scale is 0.0 indicating that the most'
C:\Users\vigne\AppData\Roaming\Python\Python314\site-packages\statsmodels\robust\robust_linear_model.py:289: ConvergenceWarning: Estimated scale is 0.0 indicating that the most last iteration produced a perfect fit of the weighted data.
  warnings.warn('Estimated scale is 0.0 indicating that the most'
C:\Users\vigne\AppData\Roaming\Python\Python314\site-packages\statsmodels\robust\robust_linear_model.py:289: ConvergenceWarning: Estimated scale is 0.0 indicating that the most last iteration produced a perfect fit of the weighted data.
  warnings.warn('Estimated scale is 0.0 indicating that the most'
C:\Users\vigne\AppData\Roaming\Python\Python314\site-packages\statsmodels\robust\robust_linear_model.py:289: ConvergenceWarning: Estimated scale is 0.0 indicating that the most last iteration produced a perfect fit of the weighted data.
  warnings.warn('Estimated scale is 0.0 indicating that the most'
C:\Users\vigne\AppData\Roaming\Python\Python314\site-packages\statsmodels\robust\robust_linear_model.py:289: ConvergenceWarning: Estimated scale is 0.0 indicating that the most last iteration produced a perfect fit of the weighted data.
  warnings.warn('Estimated scale is 0.0 indicating that the most'
C:\Users\vigne\AppData\Roaming\Python\Python314\site-packages\statsmodels\robust\robust_linear_model.py:289: ConvergenceWarning: Estimated scale is 0.0 indicating that the most last iteration produced a perfect fit of the weighted data.
  warnings.warn('Estimated scale is 0.0 indicating that the most'
C:\Users\vigne\AppData\Roaming\Python\Python314\site-packages\statsmodels\robust\robust_linear_model.py:289: ConvergenceWarning: Estimated scale is 0.0 indicating that the most last iteration produced a perfect fit of the weighted data.
  warnings.warn('Estimated scale is 0.0 indicating that the most'
C:\Users\vigne\AppData\Roaming\Python\Python314\site-packages\statsmodels\robust\robust_linear_model.py:289: ConvergenceWarning: Estimated scale is 0.0 indicating that the most last iteration produced a perfect fit of the weighted data.
  warnings.warn('Estimated scale is 0.0 indicating that the most'
C:\Users\vigne\AppData\Roaming\Python\Python314\site-packages\statsmodels\robust\robust_linear_model.py:289: ConvergenceWarning: Estimated scale is 0.0 indicating that the most last iteration produced a perfect fit of the weighted data.
  warnings.warn('Estimated scale is 0.0 indicating that the most'
C:\Users\vigne\AppData\Roaming\Python\Python314\site-packages\statsmodels\robust\robust_linear_model.py:289: ConvergenceWarning: Estimated scale is 0.0 indicating that the most last iteration produced a perfect fit of the weighted data.
  warnings.warn('Estimated scale is 0.0 indicating that the most'
C:\Users\vigne\AppData\Roaming\Python\Python314\site-packages\statsmodels\robust\robust_linear_model.py:289: ConvergenceWarning: Estimated scale is 0.0 indicating that the most last iteration produced a perfect fit of the weighted data.
  warnings.warn('Estimated scale is 0.0 indicating that the most'
C:\Users\vigne\AppData\Roaming\Python\Python314\site-packages\statsmodels\robust\robust_linear_model.py:289: ConvergenceWarning: Estimated scale is 0.0 indicating that the most last iteration produced a perfect fit of the weighted data.
  warnings.warn('Estimated scale is 0.0 indicating that the most'
C:\Users\vigne\AppData\Roaming\Python\Python314\site-packages\statsmodels\robust\robust_linear_model.py:289: ConvergenceWarning: Estimated scale is 0.0 indicating that the most last iteration produced a perfect fit of the weighted data.
  warnings.warn('Estimated scale is 0.0 indicating that the most'
C:\Users\vigne\AppData\Roaming\Python\Python314\site-packages\statsmodels\robust\robust_linear_model.py:289: ConvergenceWarning: Estimated scale is 0.0 indicating that the most last iteration produced a perfect fit of the weighted data.
  warnings.warn('Estimated scale is 0.0 indicating that the most'
C:\Users\vigne\AppData\Roaming\Python\Python314\site-packages\statsmodels\robust\robust_linear_model.py:289: ConvergenceWarning: Estimated scale is 0.0 indicating that the most last iteration produced a perfect fit of the weighted data.
  warnings.warn('Estimated scale is 0.0 indicating that the most'
C:\Users\vigne\AppData\Roaming\Python\Python314\site-packages\statsmodels\robust\robust_linear_model.py:289: ConvergenceWarning: Estimated scale is 0.0 indicating that the most last iteration produced a perfect fit of the weighted data.
  warnings.warn('Estimated scale is 0.0 indicating that the most'
C:\Users\vigne\AppData\Roaming\Python\Python314\site-packages\statsmodels\robust\robust_linear_model.py:289: ConvergenceWarning: Estimated scale is 0.0 indicating that the most last iteration produced a perfect fit of the weighted data.
  warnings.warn('Estimated scale is 0.0 indicating that the most'
C:\Users\vigne\AppData\Roaming\Python\Python314\site-packages\statsmodels\robust\robust_linear_model.py:289: ConvergenceWarning: Estimated scale is 0.0 indicating that the most last iteration produced a perfect fit of the weighted data.
  warnings.warn('Estimated scale is 0.0 indicating that the most'
C:\Users\vigne\AppData\Roaming\Python\Python314\site-packages\statsmodels\robust\robust_linear_model.py:289: ConvergenceWarning: Estimated scale is 0.0 indicating that the most last iteration produced a perfect fit of the weighted data.
  warnings.warn('Estimated scale is 0.0 indicating that the most'
C:\Users\vigne\AppData\Roaming\Python\Python314\site-packages\statsmodels\robust\robust_linear_model.py:289: ConvergenceWarning: Estimated scale is 0.0 indicating that the most last iteration produced a perfect fit of the weighted data.
  warnings.warn('Estimated scale is 0.0 indicating that the most'
C:\Users\vigne\AppData\Roaming\Python\Python314\site-packages\statsmodels\robust\robust_linear_model.py:289: ConvergenceWarning: Estimated scale is 0.0 indicating that the most last iteration produced a perfect fit of the weighted data.
  warnings.warn('Estimated scale is 0.0 indicating that the most'
C:\Users\vigne\AppData\Roaming\Python\Python314\site-packages\statsmodels\robust\robust_linear_model.py:289: ConvergenceWarning: Estimated scale is 0.0 indicating that the most last iteration produced a perfect fit of the weighted data.
  warnings.warn('Estimated scale is 0.0 indicating that the most'
C:\Users\vigne\AppData\Roaming\Python\Python314\site-packages\statsmodels\robust\robust_linear_model.py:289: ConvergenceWarning: Estimated scale is 0.0 indicating that the most last iteration produced a perfect fit of the weighted data.
  warnings.warn('Estimated scale is 0.0 indicating that the most'
C:\Users\vigne\AppData\Roaming\Python\Python314\site-packages\statsmodels\robust\robust_linear_model.py:289: ConvergenceWarning: Estimated scale is 0.0 indicating that the most last iteration produced a perfect fit of the weighted data.
  warnings.warn('Estimated scale is 0.0 indicating that the most'
C:\Users\vigne\AppData\Roaming\Python\Python314\site-packages\statsmodels\robust\robust_linear_model.py:289: ConvergenceWarning: Estimated scale is 0.0 indicating that the most last iteration produced a perfect fit of the weighted data.
  warnings.warn('Estimated scale is 0.0 indicating that the most'
C:\Users\vigne\AppData\Roaming\Python\Python314\site-packages\statsmodels\robust\robust_linear_model.py:289: ConvergenceWarning: Estimated scale is 0.0 indicating that the most last iteration produced a perfect fit of the weighted data.
  warnings.warn('Estimated scale is 0.0 indicating that the most'
C:\Users\vigne\AppData\Roaming\Python\Python314\site-packages\statsmodels\robust\robust_linear_model.py:289: ConvergenceWarning: Estimated scale is 0.0 indicating that the most last iteration produced a perfect fit of the weighted data.
  warnings.warn('Estimated scale is 0.0 indicating that the most'
C:\Users\vigne\AppData\Roaming\Python\Python314\site-packages\statsmodels\robust\robust_linear_model.py:289: ConvergenceWarning: Estimated scale is 0.0 indicating that the most last iteration produced a perfect fit of the weighted data.
  warnings.warn('Estimated scale is 0.0 indicating that the most'
C:\Users\vigne\AppData\Roaming\Python\Python314\site-packages\statsmodels\robust\robust_linear_model.py:289: ConvergenceWarning: Estimated scale is 0.0 indicating that the most last iteration produced a perfect fit of the weighted data.
  warnings.warn('Estimated scale is 0.0 indicating that the most'
C:\Users\vigne\AppData\Roaming\Python\Python314\site-packages\statsmodels\robust\robust_linear_model.py:289: ConvergenceWarning: Estimated scale is 0.0 indicating that the most last iteration produced a perfect fit of the weighted data.
  warnings.warn('Estimated scale is 0.0 indicating that the most'
C:\Users\vigne\AppData\Roaming\Python\Python314\site-packages\statsmodels\robust\robust_linear_model.py:289: ConvergenceWarning: Estimated scale is 0.0 indicating that the most last iteration produced a perfect fit of the weighted data.
  warnings.warn('Estimated scale is 0.0 indicating that the most'
C:\Users\vigne\AppData\Roaming\Python\Python314\site-packages\statsmodels\robust\robust_linear_model.py:289: ConvergenceWarning: Estimated scale is 0.0 indicating that the most last iteration produced a perfect fit of the weighted data.
  warnings.warn('Estimated scale is 0.0 indicating that the most'
C:\Users\vigne\AppData\Roaming\Python\Python314\site-packages\statsmodels\robust\robust_linear_model.py:289: ConvergenceWarning: Estimated scale is 0.0 indicating that the most last iteration produced a perfect fit of the weighted data.
  warnings.warn('Estimated scale is 0.0 indicating that the most'
C:\Users\vigne\AppData\Roaming\Python\Python314\site-packages\statsmodels\robust\robust_linear_model.py:289: ConvergenceWarning: Estimated scale is 0.0 indicating that the most last iteration produced a perfect fit of the weighted data.
  warnings.warn('Estimated scale is 0.0 indicating that the most'
C:\Users\vigne\AppData\Roaming\Python\Python314\site-packages\statsmodels\robust\robust_linear_model.py:289: ConvergenceWarning: Estimated scale is 0.0 indicating that the most last iteration produced a perfect fit of the weighted data.
  warnings.warn('Estimated scale is 0.0 indicating that the most'
C:\Users\vigne\AppData\Roaming\Python\Python314\site-packages\statsmodels\robust\robust_linear_model.py:289: ConvergenceWarning: Estimated scale is 0.0 indicating that the most last iteration produced a perfect fit of the weighted data.
  warnings.warn('Estimated scale is 0.0 indicating that the most'
C:\Users\vigne\AppData\Roaming\Python\Python314\site-packages\statsmodels\robust\robust_linear_model.py:289: ConvergenceWarning: Estimated scale is 0.0 indicating that the most last iteration produced a perfect fit of the weighted data.
  warnings.warn('Estimated scale is 0.0 indicating that the most'
C:\Users\vigne\AppData\Roaming\Python\Python314\site-packages\statsmodels\robust\robust_linear_model.py:289: ConvergenceWarning: Estimated scale is 0.0 indicating that the most last iteration produced a perfect fit of the weighted data.
  warnings.warn('Estimated scale is 0.0 indicating that the most'
C:\Users\vigne\AppData\Roaming\Python\Python314\site-packages\statsmodels\robust\robust_linear_model.py:289: ConvergenceWarning: Estimated scale is 0.0 indicating that the most last iteration produced a perfect fit of the weighted data.
  warnings.warn('Estimated scale is 0.0 indicating that the most'
C:\Users\vigne\AppData\Roaming\Python\Python314\site-packages\statsmodels\robust\robust_linear_model.py:289: ConvergenceWarning: Estimated scale is 0.0 indicating that the most last iteration produced a perfect fit of the weighted data.
  warnings.warn('Estimated scale is 0.0 indicating that the most'
C:\Users\vigne\AppData\Roaming\Python\Python314\site-packages\statsmodels\robust\robust_linear_model.py:289: ConvergenceWarning: Estimated scale is 0.0 indicating that the most last iteration produced a perfect fit of the weighted data.
  warnings.warn('Estimated scale is 0.0 indicating that the most'
C:\Users\vigne\AppData\Roaming\Python\Python314\site-packages\statsmodels\robust\robust_linear_model.py:289: ConvergenceWarning: Estimated scale is 0.0 indicating that the most last iteration produced a perfect fit of the weighted data.
  warnings.warn('Estimated scale is 0.0 indicating that the most'
C:\Users\vigne\AppData\Roaming\Python\Python314\site-packages\statsmodels\robust\robust_linear_model.py:289: ConvergenceWarning: Estimated scale is 0.0 indicating that the most last iteration produced a perfect fit of the weighted data.
  warnings.warn('Estimated scale is 0.0 indicating that the most'
C:\Users\vigne\AppData\Roaming\Python\Python314\site-packages\statsmodels\robust\robust_linear_model.py:289: ConvergenceWarning: Estimated scale is 0.0 indicating that the most last iteration produced a perfect fit of the weighted data.
  warnings.warn('Estimated scale is 0.0 indicating that the most'
C:\Users\vigne\AppData\Roaming\Python\Python314\site-packages\statsmodels\robust\robust_linear_model.py:289: ConvergenceWarning: Estimated scale is 0.0 indicating that the most last iteration produced a perfect fit of the weighted data.
  warnings.warn('Estimated scale is 0.0 indicating that the most'
C:\Users\vigne\AppData\Roaming\Python\Python314\site-packages\statsmodels\robust\robust_linear_model.py:289: ConvergenceWarning: Estimated scale is 0.0 indicating that the most last iteration produced a perfect fit of the weighted data.
  warnings.warn('Estimated scale is 0.0 indicating that the most'
C:\Users\vigne\AppData\Roaming\Python\Python314\site-packages\statsmodels\robust\robust_linear_model.py:289: ConvergenceWarning: Estimated scale is 0.0 indicating that the most last iteration produced a perfect fit of the weighted data.
  warnings.warn('Estimated scale is 0.0 indicating that the most'
C:\Users\vigne\AppData\Roaming\Python\Python314\site-packages\statsmodels\robust\robust_linear_model.py:289: ConvergenceWarning: Estimated scale is 0.0 indicating that the most last iteration produced a perfect fit of the weighted data.
  warnings.warn('Estimated scale is 0.0 indicating that the most'
C:\Users\vigne\AppData\Roaming\Python\Python314\site-packages\statsmodels\robust\robust_linear_model.py:289: ConvergenceWarning: Estimated scale is 0.0 indicating that the most last iteration produced a perfect fit of the weighted data.
  warnings.warn('Estimated scale is 0.0 indicating that the most'
C:\Users\vigne\AppData\Roaming\Python\Python314\site-packages\statsmodels\robust\robust_linear_model.py:289: ConvergenceWarning: Estimated scale is 0.0 indicating that the most last iteration produced a perfect fit of the weighted data.
  warnings.warn('Estimated scale is 0.0 indicating that the most'
C:\Users\vigne\AppData\Roaming\Python\Python314\site-packages\statsmodels\robust\robust_linear_model.py:289: ConvergenceWarning: Estimated scale is 0.0 indicating that the most last iteration produced a perfect fit of the weighted data.
  warnings.warn('Estimated scale is 0.0 indicating that the most'
C:\Users\vigne\AppData\Roaming\Python\Python314\site-packages\statsmodels\robust\robust_linear_model.py:289: ConvergenceWarning: Estimated scale is 0.0 indicating that the most last iteration produced a perfect fit of the weighted data.
  warnings.warn('Estimated scale is 0.0 indicating that the most'
C:\Users\vigne\AppData\Roaming\Python\Python314\site-packages\statsmodels\robust\robust_linear_model.py:289: ConvergenceWarning: Estimated scale is 0.0 indicating that the most last iteration produced a perfect fit of the weighted data.
  warnings.warn('Estimated scale is 0.0 indicating that the most'
C:\Users\vigne\AppData\Roaming\Python\Python314\site-packages\statsmodels\robust\robust_linear_model.py:289: ConvergenceWarning: Estimated scale is 0.0 indicating that the most last iteration produced a perfect fit of the weighted data.
  warnings.warn('Estimated scale is 0.0 indicating that the most'
C:\Users\vigne\AppData\Roaming\Python\Python314\site-packages\statsmodels\robust\robust_linear_model.py:289: ConvergenceWarning: Estimated scale is 0.0 indicating that the most last iteration produced a perfect fit of the weighted data.
  warnings.warn('Estimated scale is 0.0 indicating that the most'
C:\Users\vigne\AppData\Roaming\Python\Python314\site-packages\statsmodels\robust\robust_linear_model.py:289: ConvergenceWarning: Estimated scale is 0.0 indicating that the most last iteration produced a perfect fit of the weighted data.
  warnings.warn('Estimated scale is 0.0 indicating that the most'
C:\Users\vigne\AppData\Roaming\Python\Python314\site-packages\statsmodels\robust\robust_linear_model.py:289: ConvergenceWarning: Estimated scale is 0.0 indicating that the most last iteration produced a perfect fit of the weighted data.
  warnings.warn('Estimated scale is 0.0 indicating that the most'
C:\Users\vigne\AppData\Roaming\Python\Python314\site-packages\statsmodels\robust\robust_linear_model.py:289: ConvergenceWarning: Estimated scale is 0.0 indicating that the most last iteration produced a perfect fit of the weighted data.
  warnings.warn('Estimated scale is 0.0 indicating that the most'
C:\Users\vigne\AppData\Roaming\Python\Python314\site-packages\statsmodels\robust\robust_linear_model.py:289: ConvergenceWarning: Estimated scale is 0.0 indicating that the most last iteration produced a perfect fit of the weighted data.
  warnings.warn('Estimated scale is 0.0 indicating that the most'
C:\Users\vigne\AppData\Roaming\Python\Python314\site-packages\statsmodels\robust\robust_linear_model.py:289: ConvergenceWarning: Estimated scale is 0.0 indicating that the most last iteration produced a perfect fit of the weighted data.
  warnings.warn('Estimated scale is 0.0 indicating that the most'
C:\Users\vigne\AppData\Roaming\Python\Python314\site-packages\statsmodels\robust\robust_linear_model.py:289: ConvergenceWarning: Estimated scale is 0.0 indicating that the most last iteration produced a perfect fit of the weighted data.
  warnings.warn('Estimated scale is 0.0 indicating that the most'
C:\Users\vigne\AppData\Roaming\Python\Python314\site-packages\statsmodels\robust\robust_linear_model.py:289: ConvergenceWarning: Estimated scale is 0.0 indicating that the most last iteration produced a perfect fit of the weighted data.
  warnings.warn('Estimated scale is 0.0 indicating that the most'
C:\Users\vigne\AppData\Roaming\Python\Python314\site-packages\statsmodels\robust\robust_linear_model.py:289: ConvergenceWarning: Estimated scale is 0.0 indicating that the most last iteration produced a perfect fit of the weighted data.
  warnings.warn('Estimated scale is 0.0 indicating that the most'
C:\Users\vigne\AppData\Roaming\Python\Python314\site-packages\statsmodels\robust\robust_linear_model.py:289: ConvergenceWarning: Estimated scale is 0.0 indicating that the most last iteration produced a perfect fit of the weighted data.
  warnings.warn('Estimated scale is 0.0 indicating that the most'
C:\Users\vigne\AppData\Roaming\Python\Python314\site-packages\statsmodels\robust\robust_linear_model.py:289: ConvergenceWarning: Estimated scale is 0.0 indicating that the most last iteration produced a perfect fit of the weighted data.
  warnings.warn('Estimated scale is 0.0 indicating that the most'
C:\Users\vigne\AppData\Roaming\Python\Python314\site-packages\statsmodels\robust\robust_linear_model.py:289: ConvergenceWarning: Estimated scale is 0.0 indicating that the most last iteration produced a perfect fit of the weighted data.
  warnings.warn('Estimated scale is 0.0 indicating that the most'
C:\Users\vigne\AppData\Roaming\Python\Python314\site-packages\statsmodels\robust\robust_linear_model.py:289: ConvergenceWarning: Estimated scale is 0.0 indicating that the most last iteration produced a perfect fit of the weighted data.
  warnings.warn('Estimated scale is 0.0 indicating that the most'
C:\Users\vigne\AppData\Roaming\Python\Python314\site-packages\statsmodels\robust\robust_linear_model.py:289: ConvergenceWarning: Estimated scale is 0.0 indicating that the most last iteration produced a perfect fit of the weighted data.
  warnings.warn('Estimated scale is 0.0 indicating that the most'
C:\Users\vigne\AppData\Roaming\Python\Python314\site-packages\statsmodels\robust\robust_linear_model.py:289: ConvergenceWarning: Estimated scale is 0.0 indicating that the most last iteration produced a perfect fit of the weighted data.
  warnings.warn('Estimated scale is 0.0 indicating that the most'
C:\Users\vigne\AppData\Roaming\Python\Python314\site-packages\statsmodels\robust\robust_linear_model.py:289: ConvergenceWarning: Estimated scale is 0.0 indicating that the most last iteration produced a perfect fit of the weighted data.
  warnings.warn('Estimated scale is 0.0 indicating that the most'
C:\Users\vigne\AppData\Roaming\Python\Python314\site-packages\statsmodels\robust\robust_linear_model.py:289: ConvergenceWarning: Estimated scale is 0.0 indicating that the most last iteration produced a perfect fit of the weighted data.
  warnings.warn('Estimated scale is 0.0 indicating that the most'
C:\Users\vigne\AppData\Roaming\Python\Python314\site-packages\statsmodels\robust\robust_linear_model.py:289: ConvergenceWarning: Estimated scale is 0.0 indicating that the most last iteration produced a perfect fit of the weighted data.
  warnings.warn('Estimated scale is 0.0 indicating that the most'
C:\Users\vigne\AppData\Roaming\Python\Python314\site-packages\statsmodels\robust\robust_linear_model.py:289: ConvergenceWarning: Estimated scale is 0.0 indicating that the most last iteration produced a perfect fit of the weighted data.
  warnings.warn('Estimated scale is 0.0 indicating that the most'
C:\Users\vigne\AppData\Roaming\Python\Python314\site-packages\statsmodels\robust\robust_linear_model.py:289: ConvergenceWarning: Estimated scale is 0.0 indicating that the most last iteration produced a perfect fit of the weighted data.
  warnings.warn('Estimated scale is 0.0 indicating that the most'
C:\Users\vigne\AppData\Roaming\Python\Python314\site-packages\statsmodels\robust\robust_linear_model.py:289: ConvergenceWarning: Estimated scale is 0.0 indicating that the most last iteration produced a perfect fit of the weighted data.
  warnings.warn('Estimated scale is 0.0 indicating that the most'
C:\Users\vigne\AppData\Roaming\Python\Python314\site-packages\statsmodels\robust\robust_linear_model.py:289: ConvergenceWarning: Estimated scale is 0.0 indicating that the most last iteration produced a perfect fit of the weighted data.
  warnings.warn('Estimated scale is 0.0 indicating that the most'
C:\Users\vigne\AppData\Roaming\Python\Python314\site-packages\statsmodels\robust\robust_linear_model.py:289: ConvergenceWarning: Estimated scale is 0.0 indicating that the most last iteration produced a perfect fit of the weighted data.
  warnings.warn('Estimated scale is 0.0 indicating that the most'
C:\Users\vigne\AppData\Roaming\Python\Python314\site-packages\statsmodels\robust\robust_linear_model.py:289: ConvergenceWarning: Estimated scale is 0.0 indicating that the most last iteration produced a perfect fit of the weighted data.
  warnings.warn('Estimated scale is 0.0 indicating that the most'
C:\Users\vigne\AppData\Roaming\Python\Python314\site-packages\statsmodels\robust\robust_linear_model.py:289: ConvergenceWarning: Estimated scale is 0.0 indicating that the most last iteration produced a perfect fit of the weighted data.
  warnings.warn('Estimated scale is 0.0 indicating that the most'
C:\Users\vigne\AppData\Roaming\Python\Python314\site-packages\statsmodels\robust\robust_linear_model.py:289: ConvergenceWarning: Estimated scale is 0.0 indicating that the most last iteration produced a perfect fit of the weighted data.
  warnings.warn('Estimated scale is 0.0 indicating that the most'
C:\Users\vigne\AppData\Roaming\Python\Python314\site-packages\statsmodels\robust\robust_linear_model.py:289: ConvergenceWarning: Estimated scale is 0.0 indicating that the most last iteration produced a perfect fit of the weighted data.
  warnings.warn('Estimated scale is 0.0 indicating that the most'
C:\Users\vigne\AppData\Roaming\Python\Python314\site-packages\statsmodels\robust\robust_linear_model.py:289: ConvergenceWarning: Estimated scale is 0.0 indicating that the most last iteration produced a perfect fit of the weighted data.
  warnings.warn('Estimated scale is 0.0 indicating that the most'
C:\Users\vigne\AppData\Roaming\Python\Python314\site-packages\statsmodels\robust\robust_linear_model.py:289: ConvergenceWarning: Estimated scale is 0.0 indicating that the most last iteration produced a perfect fit of the weighted data.
  warnings.warn('Estimated scale is 0.0 indicating that the most'
C:\Users\vigne\AppData\Roaming\Python\Python314\site-packages\statsmodels\robust\robust_linear_model.py:289: ConvergenceWarning: Estimated scale is 0.0 indicating that the most last iteration produced a perfect fit of the weighted data.
  warnings.warn('Estimated scale is 0.0 indicating that the most'
C:\Users\vigne\AppData\Roaming\Python\Python314\site-packages\statsmodels\robust\robust_linear_model.py:289: ConvergenceWarning: Estimated scale is 0.0 indicating that the most last iteration produced a perfect fit of the weighted data.
  warnings.warn('Estimated scale is 0.0 indicating that the most'
C:\Users\vigne\AppData\Roaming\Python\Python314\site-packages\statsmodels\robust\robust_linear_model.py:289: ConvergenceWarning: Estimated scale is 0.0 indicating that the most last iteration produced a perfect fit of the weighted data.
  warnings.warn('Estimated scale is 0.0 indicating that the most'
C:\Users\vigne\AppData\Roaming\Python\Python314\site-packages\statsmodels\robust\robust_linear_model.py:289: ConvergenceWarning: Estimated scale is 0.0 indicating that the most last iteration produced a perfect fit of the weighted data.
  warnings.warn('Estimated scale is 0.0 indicating that the most'
C:\Users\vigne\AppData\Roaming\Python\Python314\site-packages\statsmodels\robust\robust_linear_model.py:289: ConvergenceWarning: Estimated scale is 0.0 indicating that the most last iteration produced a perfect fit of the weighted data.
  warnings.warn('Estimated scale is 0.0 indicating that the most'
C:\Users\vigne\AppData\Roaming\Python\Python314\site-packages\statsmodels\robust\robust_linear_model.py:289: ConvergenceWarning: Estimated scale is 0.0 indicating that the most last iteration produced a perfect fit of the weighted data.
  warnings.warn('Estimated scale is 0.0 indicating that the most'
C:\Users\vigne\AppData\Roaming\Python\Python314\site-packages\statsmodels\robust\robust_linear_model.py:289: ConvergenceWarning: Estimated scale is 0.0 indicating that the most last iteration produced a perfect fit of the weighted data.
  warnings.warn('Estimated scale is 0.0 indicating that the most'
C:\Users\vigne\AppData\Roaming\Python\Python314\site-packages\statsmodels\robust\robust_linear_model.py:289: ConvergenceWarning: Estimated scale is 0.0 indicating that the most last iteration produced a perfect fit of the weighted data.
  warnings.warn('Estimated scale is 0.0 indicating that the most'
C:\Users\vigne\AppData\Roaming\Python\Python314\site-packages\statsmodels\robust\robust_linear_model.py:289: ConvergenceWarning: Estimated scale is 0.0 indicating that the most last iteration produced a perfect fit of the weighted data.
  warnings.warn('Estimated scale is 0.0 indicating that the most'
C:\Users\vigne\AppData\Roaming\Python\Python314\site-packages\statsmodels\robust\robust_linear_model.py:289: ConvergenceWarning: Estimated scale is 0.0 indicating that the most last iteration produced a perfect fit of the weighted data.
  warnings.warn('Estimated scale is 0.0 indicating that the most'
C:\Users\vigne\AppData\Roaming\Python\Python314\site-packages\statsmodels\robust\robust_linear_model.py:289: ConvergenceWarning: Estimated scale is 0.0 indicating that the most last iteration produced a perfect fit of the weighted data.
  warnings.warn('Estimated scale is 0.0 indicating that the most'
C:\Users\vigne\AppData\Roaming\Python\Python314\site-packages\statsmodels\robust\robust_linear_model.py:289: ConvergenceWarning: Estimated scale is 0.0 indicating that the most last iteration produced a perfect fit of the weighted data.
  warnings.warn('Estimated scale is 0.0 indicating that the most'
C:\Users\vigne\AppData\Roaming\Python\Python314\site-packages\statsmodels\robust\robust_linear_model.py:289: ConvergenceWarning: Estimated scale is 0.0 indicating that the most last iteration produced a perfect fit of the weighted data.
  warnings.warn('Estimated scale is 0.0 indicating that the most'
C:\Users\vigne\AppData\Roaming\Python\Python314\site-packages\statsmodels\robust\robust_linear_model.py:289: ConvergenceWarning: Estimated scale is 0.0 indicating that the most last iteration produced a perfect fit of the weighted data.
  warnings.warn('Estimated scale is 0.0 indicating that the most'
C:\Users\vigne\AppData\Roaming\Python\Python314\site-packages\statsmodels\robust\robust_linear_model.py:289: ConvergenceWarning: Estimated scale is 0.0 indicating that the most last iteration produced a perfect fit of the weighted data.
  warnings.warn('Estimated scale is 0.0 indicating that the most'
C:\Users\vigne\AppData\Roaming\Python\Python314\site-packages\statsmodels\robust\robust_linear_model.py:289: ConvergenceWarning: Estimated scale is 0.0 indicating that the most last iteration produced a perfect fit of the weighted data.
  warnings.warn('Estimated scale is 0.0 indicating that the most'
C:\Users\vigne\AppData\Roaming\Python\Python314\site-packages\statsmodels\robust\robust_linear_model.py:289: ConvergenceWarning: Estimated scale is 0.0 indicating that the most last iteration produced a perfect fit of the weighted data.
  warnings.warn('Estimated scale is 0.0 indicating that the most'
C:\Users\vigne\AppData\Roaming\Python\Python314\site-packages\statsmodels\robust\robust_linear_model.py:289: ConvergenceWarning: Estimated scale is 0.0 indicating that the most last iteration produced a perfect fit of the weighted data.
  warnings.warn('Estimated scale is 0.0 indicating that the most'
C:\Users\vigne\AppData\Roaming\Python\Python314\site-packages\statsmodels\robust\robust_linear_model.py:289: ConvergenceWarning: Estimated scale is 0.0 indicating that the most last iteration produced a perfect fit of the weighted data.
  warnings.warn('Estimated scale is 0.0 indicating that the most'
C:\Users\vigne\AppData\Roaming\Python\Python314\site-packages\statsmodels\robust\robust_linear_model.py:289: ConvergenceWarning: Estimated scale is 0.0 indicating that the most last iteration produced a perfect fit of the weighted data.
  warnings.warn('Estimated scale is 0.0 indicating that the most'
C:\Users\vigne\AppData\Roaming\Python\Python314\site-packages\statsmodels\robust\robust_linear_model.py:289: ConvergenceWarning: Estimated scale is 0.0 indicating that the most last iteration produced a perfect fit of the weighted data.
  warnings.warn('Estimated scale is 0.0 indicating that the most'
C:\Users\vigne\AppData\Roaming\Python\Python314\site-packages\statsmodels\robust\robust_linear_model.py:289: ConvergenceWarning: Estimated scale is 0.0 indicating that the most last iteration produced a perfect fit of the weighted data.
  warnings.warn('Estimated scale is 0.0 indicating that the most'
C:\Users\vigne\AppData\Roaming\Python\Python314\site-packages\statsmodels\robust\robust_linear_model.py:289: ConvergenceWarning: Estimated scale is 0.0 indicating that the most last iteration produced a perfect fit of the weighted data.
  warnings.warn('Estimated scale is 0.0 indicating that the most'
C:\Users\vigne\AppData\Roaming\Python\Python314\site-packages\statsmodels\robust\robust_linear_model.py:289: ConvergenceWarning: Estimated scale is 0.0 indicating that the most last iteration produced a perfect fit of the weighted data.
  warnings.warn('Estimated scale is 0.0 indicating that the most'
C:\Users\vigne\AppData\Roaming\Python\Python314\site-packages\statsmodels\robust\robust_linear_model.py:289: ConvergenceWarning: Estimated scale is 0.0 indicating that the most last iteration produced a perfect fit of the weighted data.
  warnings.warn('Estimated scale is 0.0 indicating that the most'
C:\Users\vigne\AppData\Roaming\Python\Python314\site-packages\statsmodels\robust\robust_linear_model.py:289: ConvergenceWarning: Estimated scale is 0.0 indicating that the most last iteration produced a perfect fit of the weighted data.
  warnings.warn('Estimated scale is 0.0 indicating that the most'
C:\Users\vigne\AppData\Roaming\Python\Python314\site-packages\statsmodels\robust\robust_linear_model.py:289: ConvergenceWarning: Estimated scale is 0.0 indicating that the most last iteration produced a perfect fit of the weighted data.
  warnings.warn('Estimated scale is 0.0 indicating that the most'
C:\Users\vigne\AppData\Roaming\Python\Python314\site-packages\statsmodels\robust\robust_linear_model.py:289: ConvergenceWarning: Estimated scale is 0.0 indicating that the most last iteration produced a perfect fit of the weighted data.
  warnings.warn('Estimated scale is 0.0 indicating that the most'
C:\Users\vigne\AppData\Roaming\Python\Python314\site-packages\statsmodels\robust\robust_linear_model.py:289: ConvergenceWarning: Estimated scale is 0.0 indicating that the most last iteration produced a perfect fit of the weighted data.
  warnings.warn('Estimated scale is 0.0 indicating that the most'
C:\Users\vigne\AppData\Roaming\Python\Python314\site-packages\statsmodels\robust\robust_linear_model.py:289: ConvergenceWarning: Estimated scale is 0.0 indicating that the most last iteration produced a perfect fit of the weighted data.
  warnings.warn('Estimated scale is 0.0 indicating that the most'
C:\Users\vigne\AppData\Roaming\Python\Python314\site-packages\statsmodels\robust\robust_linear_model.py:289: ConvergenceWarning: Estimated scale is 0.0 indicating that the most last iteration produced a perfect fit of the weighted data.
  warnings.warn('Estimated scale is 0.0 indicating that the most'
C:\Users\vigne\AppData\Roaming\Python\Python314\site-packages\statsmodels\robust\robust_linear_model.py:289: ConvergenceWarning: Estimated scale is 0.0 indicating that the most last iteration produced a perfect fit of the weighted data.
  warnings.warn('Estimated scale is 0.0 indicating that the most'
C:\Users\vigne\AppData\Roaming\Python\Python314\site-packages\statsmodels\robust\robust_linear_model.py:289: ConvergenceWarning: Estimated scale is 0.0 indicating that the most last iteration produced a perfect fit of the weighted data.
  warnings.warn('Estimated scale is 0.0 indicating that the most'
C:\Users\vigne\AppData\Roaming\Python\Python314\site-packages\statsmodels\robust\robust_linear_model.py:289: ConvergenceWarning: Estimated scale is 0.0 indicating that the most last iteration produced a perfect fit of the weighted data.
  warnings.warn('Estimated scale is 0.0 indicating that the most'
C:\Users\vigne\AppData\Roaming\Python\Python314\site-packages\statsmodels\robust\robust_linear_model.py:289: ConvergenceWarning: Estimated scale is 0.0 indicating that the most last iteration produced a perfect fit of the weighted data.
  warnings.warn('Estimated scale is 0.0 indicating that the most'
C:\Users\vigne\AppData\Roaming\Python\Python314\site-packages\statsmodels\robust\robust_linear_model.py:289: ConvergenceWarning: Estimated scale is 0.0 indicating that the most last iteration produced a perfect fit of the weighted data.
  warnings.warn('Estimated scale is 0.0 indicating that the most'
C:\Users\vigne\AppData\Roaming\Python\Python314\site-packages\statsmodels\robust\robust_linear_model.py:289: ConvergenceWarning: Estimated scale is 0.0 indicating that the most last iteration produced a perfect fit of the weighted data.
  warnings.warn('Estimated scale is 0.0 indicating that the most'
C:\Users\vigne\AppData\Roaming\Python\Python314\site-packages\statsmodels\robust\robust_linear_model.py:289: ConvergenceWarning: Estimated scale is 0.0 indicating that the most last iteration produced a perfect fit of the weighted data.
  warnings.warn('Estimated scale is 0.0 indicating that the most'
C:\Users\vigne\AppData\Roaming\Python\Python314\site-packages\statsmodels\robust\robust_linear_model.py:289: ConvergenceWarning: Estimated scale is 0.0 indicating that the most last iteration produced a perfect fit of the weighted data.
  warnings.warn('Estimated scale is 0.0 indicating that the most'
C:\Users\vigne\AppData\Roaming\Python\Python314\site-packages\statsmodels\robust\robust_linear_model.py:289: ConvergenceWarning: Estimated scale is 0.0 indicating that the most last iteration produced a perfect fit of the weighted data.
  warnings.warn('Estimated scale is 0.0 indicating that the most'
C:\Users\vigne\AppData\Roaming\Python\Python314\site-packages\statsmodels\robust\robust_linear_model.py:289: ConvergenceWarning: Estimated scale is 0.0 indicating that the most last iteration produced a perfect fit of the weighted data.
  warnings.warn('Estimated scale is 0.0 indicating that the most'
C:\Users\vigne\AppData\Roaming\Python\Python314\site-packages\statsmodels\robust\robust_linear_model.py:289: ConvergenceWarning: Estimated scale is 0.0 indicating that the most last iteration produced a perfect fit of the weighted data.
  warnings.warn('Estimated scale is 0.0 indicating that the most'
C:\Users\vigne\AppData\Roaming\Python\Python314\site-packages\statsmodels\robust\robust_linear_model.py:289: ConvergenceWarning: Estimated scale is 0.0 indicating that the most last iteration produced a perfect fit of the weighted data.
  warnings.warn('Estimated scale is 0.0 indicating that the most'
C:\Users\vigne\AppData\Roaming\Python\Python314\site-packages\statsmodels\robust\robust_linear_model.py:289: ConvergenceWarning: Estimated scale is 0.0 indicating that the most last iteration produced a perfect fit of the weighted data.
  warnings.warn('Estimated scale is 0.0 indicating that the most'
C:\Users\vigne\AppData\Roaming\Python\Python314\site-packages\statsmodels\robust\robust_linear_model.py:289: ConvergenceWarning: Estimated scale is 0.0 indicating that the most last iteration produced a perfect fit of the weighted data.
  warnings.warn('Estimated scale is 0.0 indicating that the most'
C:\Users\vigne\AppData\Roaming\Python\Python314\site-packages\statsmodels\robust\robust_linear_model.py:289: ConvergenceWarning: Estimated scale is 0.0 indicating that the most last iteration produced a perfect fit of the weighted data.
  warnings.warn('Estimated scale is 0.0 indicating that the most'
C:\Users\vigne\AppData\Roaming\Python\Python314\site-packages\statsmodels\robust\robust_linear_model.py:289: ConvergenceWarning: Estimated scale is 0.0 indicating that the most last iteration produced a perfect fit of the weighted data.
  warnings.warn('Estimated scale is 0.0 indicating that the most'
C:\Users\vigne\AppData\Roaming\Python\Python314\site-packages\statsmodels\robust\robust_linear_model.py:289: ConvergenceWarning: Estimated scale is 0.0 indicating that the most last iteration produced a perfect fit of the weighted data.
  warnings.warn('Estimated scale is 0.0 indicating that the most'
C:\Users\vigne\AppData\Roaming\Python\Python314\site-packages\statsmodels\robust\robust_linear_model.py:289: ConvergenceWarning: Estimated scale is 0.0 indicating that the most last iteration produced a perfect fit of the weighted data.
  warnings.warn('Estimated scale is 0.0 indicating that the most'
C:\Users\vigne\AppData\Roaming\Python\Python314\site-packages\statsmodels\robust\robust_linear_model.py:289: ConvergenceWarning: Estimated scale is 0.0 indicating that the most last iteration produced a perfect fit of the weighted data.
  warnings.warn('Estimated scale is 0.0 indicating that the most'
C:\Users\vigne\AppData\Roaming\Python\Python314\site-packages\statsmodels\robust\robust_linear_model.py:289: ConvergenceWarning: Estimated scale is 0.0 indicating that the most last iteration produced a perfect fit of the weighted data.
  warnings.warn('Estimated scale is 0.0 indicating that the most'
C:\Users\vigne\AppData\Roaming\Python\Python314\site-packages\statsmodels\robust\robust_linear_model.py:289: ConvergenceWarning: Estimated scale is 0.0 indicating that the most last iteration produced a perfect fit of the weighted data.
  warnings.warn('Estimated scale is 0.0 indicating that the most'
C:\Users\vigne\AppData\Roaming\Python\Python314\site-packages\statsmodels\robust\robust_linear_model.py:289: ConvergenceWarning: Estimated scale is 0.0 indicating that the most last iteration produced a perfect fit of the weighted data.
  warnings.warn('Estimated scale is 0.0 indicating that the most'
C:\Users\vigne\AppData\Roaming\Python\Python314\site-packages\statsmodels\robust\robust_linear_model.py:289: ConvergenceWarning: Estimated scale is 0.0 indicating that the most last iteration produced a perfect fit of the weighted data.
  warnings.warn('Estimated scale is 0.0 indicating that the most'
C:\Users\vigne\AppData\Roaming\Python\Python314\site-packages\statsmodels\robust\robust_linear_model.py:289: ConvergenceWarning: Estimated scale is 0.0 indicating that the most last iteration produced a perfect fit of the weighted data.
  warnings.warn('Estimated scale is 0.0 indicating that the most'
C:\Users\vigne\AppData\Roaming\Python\Python314\site-packages\statsmodels\robust\robust_linear_model.py:289: ConvergenceWarning: Estimated scale is 0.0 indicating that the most last iteration produced a perfect fit of the weighted data.
  warnings.warn('Estimated scale is 0.0 indicating that the most'
C:\Users\vigne\AppData\Roaming\Python\Python314\site-packages\statsmodels\robust\robust_linear_model.py:289: ConvergenceWarning: Estimated scale is 0.0 indicating that the most last iteration produced a perfect fit of the weighted data.
  warnings.warn('Estimated scale is 0.0 indicating that the most'
C:\Users\vigne\AppData\Roaming\Python\Python314\site-packages\statsmodels\robust\robust_linear_model.py:289: ConvergenceWarning: Estimated scale is 0.0 indicating that the most last iteration produced a perfect fit of the weighted data.
  warnings.warn('Estimated scale is 0.0 indicating that the most'
C:\Users\vigne\AppData\Roaming\Python\Python314\site-packages\statsmodels\robust\robust_linear_model.py:289: ConvergenceWarning: Estimated scale is 0.0 indicating that the most last iteration produced a perfect fit of the weighted data.
  warnings.warn('Estimated scale is 0.0 indicating that the most'
C:\Users\vigne\AppData\Roaming\Python\Python314\site-packages\statsmodels\robust\robust_linear_model.py:289: ConvergenceWarning: Estimated scale is 0.0 indicating that the most last iteration produced a perfect fit of the weighted data.
  warnings.warn('Estimated scale is 0.0 indicating that the most'
C:\Users\vigne\AppData\Roaming\Python\Python314\site-packages\statsmodels\robust\robust_linear_model.py:289: ConvergenceWarning: Estimated scale is 0.0 indicating that the most last iteration produced a perfect fit of the weighted data.
  warnings.warn('Estimated scale is 0.0 indicating that the most'
C:\Users\vigne\AppData\Roaming\Python\Python314\site-packages\statsmodels\robust\robust_linear_model.py:289: ConvergenceWarning: Estimated scale is 0.0 indicating that the most last iteration produced a perfect fit of the weighted data.
  warnings.warn('Estimated scale is 0.0 indicating that the most'
C:\Users\vigne\AppData\Roaming\Python\Python314\site-packages\statsmodels\robust\robust_linear_model.py:289: ConvergenceWarning: Estimated scale is 0.0 indicating that the most last iteration produced a perfect fit of the weighted data.
  warnings.warn('Estimated scale is 0.0 indicating that the most'
C:\Users\vigne\AppData\Roaming\Python\Python314\site-packages\statsmodels\robust\robust_linear_model.py:289: ConvergenceWarning: Estimated scale is 0.0 indicating that the most last iteration produced a perfect fit of the weighted data.
  warnings.warn('Estimated scale is 0.0 indicating that the most'
C:\Users\vigne\AppData\Roaming\Python\Python314\site-packages\statsmodels\robust\robust_linear_model.py:289: ConvergenceWarning: Estimated scale is 0.0 indicating that the most last iteration produced a perfect fit of the weighted data.
  warnings.warn('Estimated scale is 0.0 indicating that the most'
C:\Users\vigne\AppData\Roaming\Python\Python314\site-packages\statsmodels\robust\robust_linear_model.py:289: ConvergenceWarning: Estimated scale is 0.0 indicating that the most last iteration produced a perfect fit of the weighted data.
  warnings.warn('Estimated scale is 0.0 indicating that the most'
C:\Users\vigne\AppData\Roaming\Python\Python314\site-packages\statsmodels\robust\robust_linear_model.py:289: ConvergenceWarning: Estimated scale is 0.0 indicating that the most last iteration produced a perfect fit of the weighted data.
  warnings.warn('Estimated scale is 0.0 indicating that the most'
C:\Users\vigne\AppData\Roaming\Python\Python314\site-packages\statsmodels\robust\robust_linear_model.py:289: ConvergenceWarning: Estimated scale is 0.0 indicating that the most last iteration produced a perfect fit of the weighted data.
  warnings.warn('Estimated scale is 0.0 indicating that the most'
C:\Users\vigne\AppData\Roaming\Python\Python314\site-packages\statsmodels\robust\robust_linear_model.py:289: ConvergenceWarning: Estimated scale is 0.0 indicating that the most last iteration produced a perfect fit of the weighted data.
  warnings.warn('Estimated scale is 0.0 indicating that the most'
C:\Users\vigne\AppData\Roaming\Python\Python314\site-packages\statsmodels\robust\robust_linear_model.py:289: ConvergenceWarning: Estimated scale is 0.0 indicating that the most last iteration produced a perfect fit of the weighted data.
  warnings.warn('Estimated scale is 0.0 indicating that the most'
C:\Users\vigne\AppData\Roaming\Python\Python314\site-packages\statsmodels\robust\robust_linear_model.py:289: ConvergenceWarning: Estimated scale is 0.0 indicating that the most last iteration produced a perfect fit of the weighted data.
  warnings.warn('Estimated scale is 0.0 indicating that the most'
C:\Users\vigne\AppData\Roaming\Python\Python314\site-packages\statsmodels\robust\robust_linear_model.py:289: ConvergenceWarning: Estimated scale is 0.0 indicating that the most last iteration produced a perfect fit of the weighted data.
  warnings.warn('Estimated scale is 0.0 indicating that the most'
C:\Users\vigne\AppData\Roaming\Python\Python314\site-packages\statsmodels\robust\robust_linear_model.py:289: ConvergenceWarning: Estimated scale is 0.0 indicating that the most last iteration produced a perfect fit of the weighted data.
  warnings.warn('Estimated scale is 0.0 indicating that the most'
C:\Users\vigne\AppData\Roaming\Python\Python314\site-packages\statsmodels\robust\robust_linear_model.py:289: ConvergenceWarning: Estimated scale is 0.0 indicating that the most last iteration produced a perfect fit of the weighted data.
  warnings.warn('Estimated scale is 0.0 indicating that the most'
C:\Users\vigne\AppData\Roaming\Python\Python314\site-packages\statsmodels\robust\robust_linear_model.py:289: ConvergenceWarning: Estimated scale is 0.0 indicating that the most last iteration produced a perfect fit of the weighted data.
  warnings.warn('Estimated scale is 0.0 indicating that the most'
C:\Users\vigne\AppData\Roaming\Python\Python314\site-packages\statsmodels\robust\robust_linear_model.py:289: ConvergenceWarning: Estimated scale is 0.0 indicating that the most last iteration produced a perfect fit of the weighted data.
  warnings.warn('Estimated scale is 0.0 indicating that the most'
C:\Users\vigne\AppData\Roaming\Python\Python314\site-packages\statsmodels\robust\robust_linear_model.py:289: ConvergenceWarning: Estimated scale is 0.0 indicating that the most last iteration produced a perfect fit of the weighted data.
  warnings.warn('Estimated scale is 0.0 indicating that the most'
C:\Users\vigne\AppData\Roaming\Python\Python314\site-packages\statsmodels\robust\robust_linear_model.py:289: ConvergenceWarning: Estimated scale is 0.0 indicating that the most last iteration produced a perfect fit of the weighted data.
  warnings.warn('Estimated scale is 0.0 indicating that the most'
C:\Users\vigne\AppData\Roaming\Python\Python314\site-packages\statsmodels\robust\robust_linear_model.py:289: ConvergenceWarning: Estimated scale is 0.0 indicating that the most last iteration produced a perfect fit of the weighted data.
  warnings.warn('Estimated scale is 0.0 indicating that the most'
C:\Users\vigne\AppData\Roaming\Python\Python314\site-packages\statsmodels\robust\robust_linear_model.py:289: ConvergenceWarning: Estimated scale is 0.0 indicating that the most last iteration produced a perfect fit of the weighted data.
  warnings.warn('Estimated scale is 0.0 indicating that the most'
C:\Users\vigne\AppData\Roaming\Python\Python314\site-packages\statsmodels\robust\robust_linear_model.py:289: ConvergenceWarning: Estimated scale is 0.0 indicating that the most last iteration produced a perfect fit of the weighted data.
  warnings.warn('Estimated scale is 0.0 indicating that the most'
C:\Users\vigne\AppData\Roaming\Python\Python314\site-packages\statsmodels\robust\robust_linear_model.py:289: ConvergenceWarning: Estimated scale is 0.0 indicating that the most last iteration produced a perfect fit of the weighted data.
  warnings.warn('Estimated scale is 0.0 indicating that the most'
C:\Users\vigne\AppData\Roaming\Python\Python314\site-packages\statsmodels\robust\robust_linear_model.py:289: ConvergenceWarning: Estimated scale is 0.0 indicating that the most last iteration produced a perfect fit of the weighted data.
  warnings.warn('Estimated scale is 0.0 indicating that the most'
C:\Users\vigne\AppData\Roaming\Python\Python314\site-packages\statsmodels\robust\robust_linear_model.py:289: ConvergenceWarning: Estimated scale is 0.0 indicating that the most last iteration produced a perfect fit of the weighted data.
  warnings.warn('Estimated scale is 0.0 indicating that the most'
C:\Users\vigne\AppData\Roaming\Python\Python314\site-packages\statsmodels\robust\robust_linear_model.py:289: ConvergenceWarning: Estimated scale is 0.0 indicating that the most last iteration produced a perfect fit of the weighted data.
  warnings.warn('Estimated scale is 0.0 indicating that the most'
C:\Users\vigne\AppData\Roaming\Python\Python314\site-packages\statsmodels\robust\robust_linear_model.py:289: ConvergenceWarning: Estimated scale is 0.0 indicating that the most last iteration produced a perfect fit of the weighted data.
  warnings.warn('Estimated scale is 0.0 indicating that the most'
C:\Users\vigne\AppData\Roaming\Python\Python314\site-packages\statsmodels\robust\robust_linear_model.py:289: ConvergenceWarning: Estimated scale is 0.0 indicating that the most last iteration produced a perfect fit of the weighted data.
  warnings.warn('Estimated scale is 0.0 indicating that the most'
C:\Users\vigne\AppData\Roaming\Python\Python314\site-packages\statsmodels\robust\robust_linear_model.py:289: ConvergenceWarning: Estimated scale is 0.0 indicating that the most last iteration produced a perfect fit of the weighted data.
  warnings.warn('Estimated scale is 0.0 indicating that the most'
C:\Users\vigne\AppData\Roaming\Python\Python314\site-packages\statsmodels\robust\robust_linear_model.py:289: ConvergenceWarning: Estimated scale is 0.0 indicating that the most last iteration produced a perfect fit of the weighted data.
  warnings.warn('Estimated scale is 0.0 indicating that the most'
C:\Users\vigne\AppData\Roaming\Python\Python314\site-packages\statsmodels\robust\robust_linear_model.py:289: ConvergenceWarning: Estimated scale is 0.0 indicating that the most last iteration produced a perfect fit of the weighted data.
  warnings.warn('Estimated scale is 0.0 indicating that the most'
C:\Users\vigne\AppData\Roaming\Python\Python314\site-packages\statsmodels\robust\robust_linear_model.py:289: ConvergenceWarning: Estimated scale is 0.0 indicating that the most last iteration produced a perfect fit of the weighted data.
  warnings.warn('Estimated scale is 0.0 indicating that the most'
C:\Users\vigne\AppData\Roaming\Python\Python314\site-packages\statsmodels\robust\robust_linear_model.py:289: ConvergenceWarning: Estimated scale is 0.0 indicating that the most last iteration produced a perfect fit of the weighted data.
  warnings.warn('Estimated scale is 0.0 indicating that the most'
C:\Users\vigne\AppData\Roaming\Python\Python314\site-packages\statsmodels\robust\robust_linear_model.py:289: ConvergenceWarning: Estimated scale is 0.0 indicating that the most last iteration produced a perfect fit of the weighted data.
  warnings.warn('Estimated scale is 0.0 indicating that the most'
C:\Users\vigne\AppData\Roaming\Python\Python314\site-packages\statsmodels\robust\robust_linear_model.py:289: ConvergenceWarning: Estimated scale is 0.0 indicating that the most last iteration produced a perfect fit of the weighted data.
  warnings.warn('Estimated scale is 0.0 indicating that the most'
C:\Users\vigne\AppData\Roaming\Python\Python314\site-packages\statsmodels\robust\robust_linear_model.py:289: ConvergenceWarning: Estimated scale is 0.0 indicating that the most last iteration produced a perfect fit of the weighted data.
  warnings.warn('Estimated scale is 0.0 indicating that the most'
C:\Users\vigne\AppData\Roaming\Python\Python314\site-packages\statsmodels\robust\robust_linear_model.py:289: ConvergenceWarning: Estimated scale is 0.0 indicating that the most last iteration produced a perfect fit of the weighted data.
  warnings.warn('Estimated scale is 0.0 indicating that the most'
C:\Users\vigne\AppData\Roaming\Python\Python314\site-packages\statsmodels\robust\robust_linear_model.py:289: ConvergenceWarning: Estimated scale is 0.0 indicating that the most last iteration produced a perfect fit of the weighted data.
  warnings.warn('Estimated scale is 0.0 indicating that the most'
C:\Users\vigne\AppData\Roaming\Python\Python314\site-packages\statsmodels\robust\robust_linear_model.py:289: ConvergenceWarning: Estimated scale is 0.0 indicating that the most last iteration produced a perfect fit of the weighted data.
  warnings.warn('Estimated scale is 0.0 indicating that the most'
C:\Users\vigne\AppData\Roaming\Python\Python314\site-packages\statsmodels\robust\robust_linear_model.py:289: ConvergenceWarning: Estimated scale is 0.0 indicating that the most last iteration produced a perfect fit of the weighted data.
  warnings.warn('Estimated scale is 0.0 indicating that the most'
C:\Users\vigne\AppData\Roaming\Python\Python314\site-packages\statsmodels\robust\robust_linear_model.py:289: ConvergenceWarning: Estimated scale is 0.0 indicating that the most last iteration produced a perfect fit of the weighted data.
  warnings.warn('Estimated scale is 0.0 indicating that the most'
C:\Users\vigne\AppData\Roaming\Python\Python314\site-packages\statsmodels\robust\robust_linear_model.py:289: ConvergenceWarning: Estimated scale is 0.0 indicating that the most last iteration produced a perfect fit of the weighted data.
  warnings.warn('Estimated scale is 0.0 indicating that the most'
C:\Users\vigne\AppData\Roaming\Python\Python314\site-packages\statsmodels\robust\robust_linear_model.py:289: ConvergenceWarning: Estimated scale is 0.0 indicating that the most last iteration produced a perfect fit of the weighted data.
  warnings.warn('Estimated scale is 0.0 indicating that the most'
C:\Users\vigne\AppData\Roaming\Python\Python314\site-packages\statsmodels\robust\robust_linear_model.py:289: ConvergenceWarning: Estimated scale is 0.0 indicating that the most last iteration produced a perfect fit of the weighted data.
  warnings.warn('Estimated scale is 0.0 indicating that the most'
C:\Users\vigne\AppData\Roaming\Python\Python314\site-packages\statsmodels\robust\robust_linear_model.py:289: ConvergenceWarning: Estimated scale is 0.0 indicating that the most last iteration produced a perfect fit of the weighted data.
  warnings.warn('Estimated scale is 0.0 indicating that the most'
C:\Users\vigne\AppData\Roaming\Python\Python314\site-packages\statsmodels\robust\robust_linear_model.py:289: ConvergenceWarning: Estimated scale is 0.0 indicating that the most last iteration produced a perfect fit of the weighted data.
  warnings.warn('Estimated scale is 0.0 indicating that the most'
C:\Users\vigne\AppData\Roaming\Python\Python314\site-packages\statsmodels\robust\robust_linear_model.py:289: ConvergenceWarning: Estimated scale is 0.0 indicating that the most last iteration produced a perfect fit of the weighted data.
  warnings.warn('Estimated scale is 0.0 indicating that the most'
C:\Users\vigne\AppData\Roaming\Python\Python314\site-packages\statsmodels\robust\robust_linear_model.py:289: ConvergenceWarning: Estimated scale is 0.0 indicating that the most last iteration produced a perfect fit of the weighted data.
  warnings.warn('Estimated scale is 0.0 indicating that the most'
C:\Users\vigne\AppData\Roaming\Python\Python314\site-packages\statsmodels\robust\robust_linear_model.py:289: ConvergenceWarning: Estimated scale is 0.0 indicating that the most last iteration produced a perfect fit of the weighted data.
  warnings.warn('Estimated scale is 0.0 indicating that the most'
C:\Users\vigne\AppData\Roaming\Python\Python314\site-packages\statsmodels\robust\robust_linear_model.py:289: ConvergenceWarning: Estimated scale is 0.0 indicating that the most last iteration produced a perfect fit of the weighted data.
  warnings.warn('Estimated scale is 0.0 indicating that the most'
C:\Users\vigne\AppData\Roaming\Python\Python314\site-packages\statsmodels\robust\robust_linear_model.py:289: ConvergenceWarning: Estimated scale is 0.0 indicating that the most last iteration produced a perfect fit of the weighted data.
  warnings.warn('Estimated scale is 0.0 indicating that the most'
C:\Users\vigne\AppData\Roaming\Python\Python314\site-packages\statsmodels\robust\robust_linear_model.py:289: ConvergenceWarning: Estimated scale is 0.0 indicating that the most last iteration produced a perfect fit of the weighted data.
  warnings.warn('Estimated scale is 0.0 indicating that the most'
C:\Users\vigne\AppData\Roaming\Python\Python314\site-packages\statsmodels\robust\robust_linear_model.py:289: ConvergenceWarning: Estimated scale is 0.0 indicating that the most last iteration produced a perfect fit of the weighted data.
  warnings.warn('Estimated scale is 0.0 indicating that the most'
C:\Users\vigne\AppData\Roaming\Python\Python314\site-packages\statsmodels\robust\robust_linear_model.py:289: ConvergenceWarning: Estimated scale is 0.0 indicating that the most last iteration produced a perfect fit of the weighted data.
  warnings.warn('Estimated scale is 0.0 indicating that the most'
C:\Users\vigne\AppData\Roaming\Python\Python314\site-packages\statsmodels\robust\robust_linear_model.py:289: ConvergenceWarning: Estimated scale is 0.0 indicating that the most last iteration produced a perfect fit of the weighted data.
  warnings.warn('Estimated scale is 0.0 indicating that the most'
C:\Users\vigne\AppData\Roaming\Python\Python314\site-packages\statsmodels\robust\robust_linear_model.py:289: ConvergenceWarning: Estimated scale is 0.0 indicating that the most last iteration produced a perfect fit of the weighted data.
  warnings.warn('Estimated scale is 0.0 indicating that the most'
C:\Users\vigne\AppData\Roaming\Python\Python314\site-packages\statsmodels\robust\robust_linear_model.py:289: ConvergenceWarning: Estimated scale is 0.0 indicating that the most last iteration produced a perfect fit of the weighted data.
  warnings.warn('Estimated scale is 0.0 indicating that the most'
C:\Users\vigne\AppData\Roaming\Python\Python314\site-packages\statsmodels\robust\robust_linear_model.py:289: ConvergenceWarning: Estimated scale is 0.0 indicating that the most last iteration produced a perfect fit of the weighted data.
  warnings.warn('Estimated scale is 0.0 indicating that the most'
C:\Users\vigne\AppData\Roaming\Python\Python314\site-packages\statsmodels\robust\robust_linear_model.py:289: ConvergenceWarning: Estimated scale is 0.0 indicating that the most last iteration produced a perfect fit of the weighted data.
  warnings.warn('Estimated scale is 0.0 indicating that the most'
C:\Users\vigne\AppData\Roaming\Python\Python314\site-packages\statsmodels\robust\robust_linear_model.py:289: ConvergenceWarning: Estimated scale is 0.0 indicating that the most last iteration produced a perfect fit of the weighted data.
  warnings.warn('Estimated scale is 0.0 indicating that the most'
C:\Users\vigne\AppData\Roaming\Python\Python314\site-packages\statsmodels\robust\robust_linear_model.py:289: ConvergenceWarning: Estimated scale is 0.0 indicating that the most last iteration produced a perfect fit of the weighted data.
  warnings.warn('Estimated scale is 0.0 indicating that the most'
C:\Users\vigne\AppData\Roaming\Python\Python314\site-packages\statsmodels\robust\robust_linear_model.py:289: ConvergenceWarning: Estimated scale is 0.0 indicating that the most last iteration produced a perfect fit of the weighted data.
  warnings.warn('Estimated scale is 0.0 indicating that the most'
C:\Users\vigne\AppData\Roaming\Python\Python314\site-packages\statsmodels\robust\robust_linear_model.py:289: ConvergenceWarning: Estimated scale is 0.0 indicating that the most last iteration produced a perfect fit of the weighted data.
  warnings.warn('Estimated scale is 0.0 indicating that the most'
C:\Users\vigne\AppData\Roaming\Python\Python314\site-packages\statsmodels\robust\robust_linear_model.py:289: ConvergenceWarning: Estimated scale is 0.0 indicating that the most last iteration produced a perfect fit of the weighted data.
  warnings.warn('Estimated scale is 0.0 indicating that the most'
C:\Users\vigne\AppData\Roaming\Python\Python314\site-packages\statsmodels\robust\robust_linear_model.py:289: ConvergenceWarning: Estimated scale is 0.0 indicating that the most last iteration produced a perfect fit of the weighted data.
  warnings.warn('Estimated scale is 0.0 indicating that the most'
C:\Users\vigne\AppData\Roaming\Python\Python314\site-packages\statsmodels\robust\robust_linear_model.py:289: ConvergenceWarning: Estimated scale is 0.0 indicating that the most last iteration produced a perfect fit of the weighted data.
  warnings.warn('Estimated scale is 0.0 indicating that the most'
C:\Users\vigne\AppData\Roaming\Python\Python314\site-packages\statsmodels\robust\robust_linear_model.py:289: ConvergenceWarning: Estimated scale is 0.0 indicating that the most last iteration produced a perfect fit of the weighted data.
  warnings.warn('Estimated scale is 0.0 indicating that the most'
C:\Users\vigne\AppData\Roaming\Python\Python314\site-packages\statsmodels\robust\robust_linear_model.py:289: ConvergenceWarning: Estimated scale is 0.0 indicating that the most last iteration produced a perfect fit of the weighted data.
  warnings.warn('Estimated scale is 0.0 indicating that the most'
C:\Users\vigne\AppData\Roaming\Python\Python314\site-packages\statsmodels\robust\robust_linear_model.py:289: ConvergenceWarning: Estimated scale is 0.0 indicating that the most last iteration produced a perfect fit of the weighted data.
  warnings.warn('Estimated scale is 0.0 indicating that the most'
C:\Users\vigne\AppData\Roaming\Python\Python314\site-packages\statsmodels\robust\robust_linear_model.py:289: ConvergenceWarning: Estimated scale is 0.0 indicating that the most last iteration produced a perfect fit of the weighted data.
  warnings.warn('Estimated scale is 0.0 indicating that the most'
C:\Users\vigne\AppData\Roaming\Python\Python314\site-packages\statsmodels\robust\robust_linear_model.py:289: ConvergenceWarning: Estimated scale is 0.0 indicating that the most last iteration produced a perfect fit of the weighted data.
  warnings.warn('Estimated scale is 0.0 indicating that the most'
C:\Users\vigne\AppData\Roaming\Python\Python314\site-packages\statsmodels\robust\robust_linear_model.py:289: ConvergenceWarning: Estimated scale is 0.0 indicating that the most last iteration produced a perfect fit of the weighted data.
  warnings.warn('Estimated scale is 0.0 indicating that the most'
C:\Users\vigne\AppData\Roaming\Python\Python314\site-packages\statsmodels\robust\robust_linear_model.py:289: ConvergenceWarning: Estimated scale is 0.0 indicating that the most last iteration produced a perfect fit of the weighted data.
  warnings.warn('Estimated scale is 0.0 indicating that the most'
C:\Users\vigne\AppData\Roaming\Python\Python314\site-packages\statsmodels\robust\robust_linear_model.py:289: ConvergenceWarning: Estimated scale is 0.0 indicating that the most last iteration produced a perfect fit of the weighted data.
  warnings.warn('Estimated scale is 0.0 indicating that the most'
C:\Users\vigne\AppData\Roaming\Python\Python314\site-packages\statsmodels\robust\robust_linear_model.py:289: ConvergenceWarning: Estimated scale is 0.0 indicating that the most last iteration produced a perfect fit of the weighted data.
  warnings.warn('Estimated scale is 0.0 indicating that the most'
C:\Users\vigne\AppData\Roaming\Python\Python314\site-packages\statsmodels\robust\robust_linear_model.py:289: ConvergenceWarning: Estimated scale is 0.0 indicating that the most last iteration produced a perfect fit of the weighted data.
  warnings.warn('Estimated scale is 0.0 indicating that the most'
C:\Users\vigne\AppData\Roaming\Python\Python314\site-packages\statsmodels\robust\robust_linear_model.py:289: ConvergenceWarning: Estimated scale is 0.0 indicating that the most last iteration produced a perfect fit of the weighted data.
  warnings.warn('Estimated scale is 0.0 indicating that the most'
C:\Users\vigne\AppData\Roaming\Python\Python314\site-packages\statsmodels\robust\robust_linear_model.py:289: ConvergenceWarning: Estimated scale is 0.0 indicating that the most last iteration produced a perfect fit of the weighted data.
  warnings.warn('Estimated scale is 0.0 indicating that the most'
C:\Users\vigne\AppData\Roaming\Python\Python314\site-packages\statsmodels\robust\robust_linear_model.py:289: ConvergenceWarning: Estimated scale is 0.0 indicating that the most last iteration produced a perfect fit of the weighted data.
  warnings.warn('Estimated scale is 0.0 indicating that the most'
C:\Users\vigne\AppData\Roaming\Python\Python314\site-packages\statsmodels\robust\robust_linear_model.py:289: ConvergenceWarning: Estimated scale is 0.0 indicating that the most last iteration produced a perfect fit of the weighted data.
  warnings.warn('Estimated scale is 0.0 indicating that the most'
C:\Users\vigne\AppData\Roaming\Python\Python314\site-packages\statsmodels\robust\robust_linear_model.py:289: ConvergenceWarning: Estimated scale is 0.0 indicating that the most last iteration produced a perfect fit of the weighted data.
  warnings.warn('Estimated scale is 0.0 indicating that the most'
C:\Users\vigne\AppData\Roaming\Python\Python314\site-packages\statsmodels\robust\robust_linear_model.py:289: ConvergenceWarning: Estimated scale is 0.0 indicating that the most last iteration produced a perfect fit of the weighted data.
  warnings.warn('Estimated scale is 0.0 indicating that the most'
C:\Users\vigne\AppData\Roaming\Python\Python314\site-packages\statsmodels\robust\robust_linear_model.py:289: ConvergenceWarning: Estimated scale is 0.0 indicating that the most last iteration produced a perfect fit of the weighted data.
  warnings.warn('Estimated scale is 0.0 indicating that the most'
C:\Users\vigne\AppData\Roaming\Python\Python314\site-packages\statsmodels\robust\robust_linear_model.py:289: ConvergenceWarning: Estimated scale is 0.0 indicating that the most last iteration produced a perfect fit of the weighted data.
  warnings.warn('Estimated scale is 0.0 indicating that the most'
C:\Users\vigne\AppData\Roaming\Python\Python314\site-packages\statsmodels\robust\robust_linear_model.py:289: ConvergenceWarning: Estimated scale is 0.0 indicating that the most last iteration produced a perfect fit of the weighted data.
  warnings.warn('Estimated scale is 0.0 indicating that the most'
C:\Users\vigne\AppData\Roaming\Python\Python314\site-packages\statsmodels\robust\robust_linear_model.py:289: ConvergenceWarning: Estimated scale is 0.0 indicating that the most last iteration produced a perfect fit of the weighted data.
  warnings.warn('Estimated scale is 0.0 indicating that the most'
C:\Users\vigne\AppData\Roaming\Python\Python314\site-packages\statsmodels\robust\robust_linear_model.py:289: ConvergenceWarning: Estimated scale is 0.0 indicating that the most last iteration produced a perfect fit of the weighted data.
  warnings.warn('Estimated scale is 0.0 indicating that the most'
======================================================================
Scoring — core_score (RNA + Protein orthogonal combination)
======================================================================
RNA  rows: 18,696,103  |  genes: 16,992
Prot rows: 9,906,642  |  genes: 12,180
  rna_std_z SD by k_src (post-standardise, target 1.00): {1: 0.9995793754840004, 2: 0.9993790655600416, 3: 0.9984748039890904}
  prot_std_z SD by n_sources (post-standardise, target 1.00, regime-3 detection only): {1: 0.9105230296280744, 2: 0.8448769892706086}
  prot_resid_z SD (post-standardise): mean=0.8656  (target 1.00)
Regime 3 rows substituted (direct average, opposite-sign confident disagreement): 75,117 / 9,733,776 (0.7717%)
n_layers=1 fallback (protein-free lines): 742 lines, 8,797,152 pairs
RNA-only genes added: 5,136

Done in 157s
core_score: 26,558,496 rows  ->  C:\Disertation\UoB-GeneTraceAI-25-26\final_pipeline\outputs\core_score_v5_huber.parquet
  genes: 16,992  |  lines: 1,563
  core_score mean: 0.493
  combination_variant counts: {'A': 26483379, 'C_regime3': 75117}
