model_id,method,cluster,tissue
ach-001113,HC_avg_k24,9,lung
ach-001289,HC_avg_k24,23,soft_tissue
ach-001339,HC_avg_k24,14,skin
ach-001979,HC_avg_k24,14,skin
ach-002438,HC_avg_k24,15,kidney
ach-001538,HC_avg_k24,9,bile_duct
ach-000242,HC_avg_k24,9,urinary_tract
ach-000708,HC_avg_k24,9,colorectal
ach-000327,HC_avg_k24,9,lung
ach-000233,HC_avg_k24,13,lymphocyte
ach-000461,HC_avg_k24,9,bile_duct
ach-000705,HC_avg_k24,9,lung
ach-001794,HC_avg_k24,15,soft_tissue
ach-002023,HC_avg_k24,9,colorectal
ach-000528,HC_avg_k24,9,lung
ach-002501,HC_avg_k24,19,soft_tissue
ach-001655,HC_avg_k24,15,uterus
ach-000167,HC_avg_k24,13,plasma_cell
ach-000792,HC_avg_k24,15,kidney
ach-001098,HC_avg_k24,9,pancreas
ach-000570,HC_avg_k24,15,central_nervous_system
ach-000351,HC_avg_k24,11,gastric
ach-002075,HC_avg_k24,21,lung
ach-002040,HC_avg_k24,14,skin
ach-000769,HC_avg_k24,21,lung
ach-000154,HC_avg_k24,15,fibroblast
ach-000828,HC_avg_k24,9,breast
ach-000421,HC_avg_k24,9,colorectal
ach-000765,HC_avg_k24,14,skin
ach-001375,HC_avg_k24,9,pancreas
ach-000008,HC_avg_k24,14,skin
ach-001814,HC_avg_k24,15,bone
ach-000800,HC_avg_k24,21,lung
ach-000606,HC_avg_k24,9,upper_aerodigestive
ach-000317,HC_avg_k24,3,kidney
ach-001492,HC_avg_k24,13,lymphocyte
ach-000123,HC_avg_k24,23,ovary
ach-000723,HC_avg_k24,9,upper_aerodigestive
ach-002066,HC_avg_k24,14,central_nervous_system
ach-001536,HC_avg_k24,5,bile_duct
ach-003136,HC_avg_k24,15,unknown
ach-000313,HC_avg_k24,3,kidney
ach-002019,HC_avg_k24,9,cervix
ach-000728,HC_avg_k24,13,blood
ach-000700,HC_avg_k24,15,lung
ach-000823,HC_avg_k24,9,esophagus
ach-000678,HC_avg_k24,9,gastric
ach-000006,HC_avg_k24,13,blood
ach-002790,HC_avg_k24,19,soft_tissue
ach-002029,HC_avg_k24,9,upper_aerodigestive
ach-001377,HC_avg_k24,9,pancreas
ach-000754,HC_avg_k24,13,lymphocyte
ach-000465,HC_avg_k24,14,skin
ach-000138,HC_avg_k24,9,pancreas
ach-001864,HC_avg_k24,9,bile_duct
ach-000383,HC_avg_k24,9,esophagus
ach-001547,HC_avg_k24,15,lung
ach-000917,HC_avg_k24,9,esophagus
ach-002471,HC_avg_k24,19,bone
ach-000984,HC_avg_k24,8,uterus
ach-002678,HC_avg_k24,13,lymphocyte
ach-001409,HC_avg_k24,9,urinary_tract
ach-001707,HC_avg_k24,13,blood
ach-000117,HC_avg_k24,9,breast
ach-000999,HC_avg_k24,9,colorectal
ach-000633,HC_avg_k24,1,gastric
ach-000520,HC_avg_k24,15,ovary
ach-000176,HC_avg_k24,15,lung
ach-000017,HC_avg_k24,9,breast
ach-000020,HC_avg_k24,13,blood
ach-001385,HC_avg_k24,21,upper_aerodigestive
ach-000587,HC_avg_k24,15,lung
ach-000785,HC_avg_k24,9,lung
ach-003469,HC_avg_k24,15,thyroid
ach-000554,HC_avg_k24,9,breast
ach-003180,HC_avg_k24,15,soft_tissue
ach-001398,HC_avg_k24,3,kidney
ach-001991,HC_avg_k24,21,ovary
ach-001332,HC_avg_k24,9,upper_aerodigestive
ach-000585,HC_avg_k24,9,lung
ach-000550,HC_avg_k24,15,skin
ach-000627,HC_avg_k24,15,lung
ach-000704,HC_avg_k24,8,ovary
ach-000276,HC_avg_k24,7,breast
ach-000075,HC_avg_k24,15,central_nervous_system
ach-000818,HC_avg_k24,9,breast
ach-003184,HC_avg_k24,15,soft_tissue
ach-001616,HC_avg_k24,13,lymphocyte
ach-000625,HC_avg_k24,1,liver
ach-000941,HC_avg_k24,8,uterus
ach-000392,HC_avg_k24,9,lung
ach-000269,HC_avg_k24,15,central_nervous_system
ach-001670,HC_avg_k24,21,peripheral_nervous_system
ach-003133,HC_avg_k24,15,unknown
ach-000856,HC_avg_k24,8,breast
ach-002687,HC_avg_k24,14,eye
ach-001119,HC_avg_k24,13,lymphocyte
ach-003132,HC_avg_k24,15,unknown
ach-000376,HC_avg_k24,15,central_nervous_system
ach-000685,HC_avg_k24,9,pancreas
ach-000729,HC_avg_k24,21,lung
ach-001034,HC_avg_k24,21,bone
ach-001283,HC_avg_k24,21,bone
ach-000880,HC_avg_k24,9,gastric
ach-000035,HC_avg_k24,9,lung
ach-001200,HC_avg_k24,23,soft_tissue
ach-000194,HC_avg_k24,15,fibroblast
ach-000322,HC_avg_k24,14,skin
ach-000552,HC_avg_k24,9,colorectal
ach-002508,HC_avg_k24,15,skin
ach-000222,HC_avg_k24,9,pancreas
ach-000260,HC_avg_k24,15,peripheral_nervous_system
ach-001652,HC_avg_k24,17,uterus
ach-000608,HC_avg_k24,9,ovary
ach-000501,HC_avg_k24,9,colorectal
ach-000612,HC_avg_k24,13,lymphocyte
ach-002033,HC_avg_k24,15,pleura
ach-001184,HC_avg_k24,19,soft_tissue
ach-001688,HC_avg_k24,3,kidney
ach-001838,HC_avg_k24,9,bile_duct
ach-000638,HC_avg_k24,9,lung
ach-001846,HC_avg_k24,1,bile_duct
ach-000798,HC_avg_k24,9,colorectal
ach-001321,HC_avg_k24,21,thyroid
ach-000894,HC_avg_k24,9,lung
ach-001559,HC_avg_k24,15,lung
ach-000344,HC_avg_k24,5,gastric
ach-000223,HC_avg_k24,9,breast
ach-000031,HC_avg_k24,9,pancreas
ach-000034,HC_avg_k24,13,blood
ach-001861,HC_avg_k24,9,bile_duct
ach-003468,HC_avg_k24,15,thyroid
ach-000772,HC_avg_k24,19,soft_tissue
ach-000946,HC_avg_k24,8,uterus
ach-000596,HC_avg_k24,9,lung
ach-001046,HC_avg_k24,13,lung
ach-000632,HC_avg_k24,14,skin
ach-000978,HC_avg_k24,23,uterus
ach-000332,HC_avg_k24,9,pancreas
ach-001841,HC_avg_k24,9,bile_duct
ach-003273,HC_avg_k24,13,blood
ach-000179,HC_avg_k24,21,lung
ach-000887,HC_avg_k24,9,central_nervous_system
ach-000368,HC_avg_k24,15,central_nervous_system
ach-000240,HC_avg_k24,15,fibroblast
ach-000578,HC_avg_k24,9,lung
ach-001611,HC_avg_k24,15,central_nervous_system
ach-000135,HC_avg_k24,15,fibroblast
ach-001671,HC_avg_k24,20,testis
ach-000406,HC_avg_k24,13,blood
ach-001541,HC_avg_k24,13,plasma_cell
ach-000998,HC_avg_k24,9,colorectal
ach-000441,HC_avg_k24,14,skin
ach-000960,HC_avg_k24,13,blood
ach-000098,HC_avg_k24,15,central_nervous_system
ach-001651,HC_avg_k24,5,uterus
ach-001456,HC_avg_k24,9,colorectal
ach-001336,HC_avg_k24,9,cervix
ach-000284,HC_avg_k24,15,fibroblast
ach-000971,HC_avg_k24,10,colorectal
ach-001454,HC_avg_k24,9,colorectal
ach-000926,HC_avg_k24,9,colorectal
ach-000033,HC_avg_k24,9,lung
ach-000576,HC_avg_k24,13,plasma_cell
ach-000019,HC_avg_k24,9,breast
ach-001577,HC_avg_k24,13,blood
ach-001981,HC_avg_k24,14,skin
ach-000330,HC_avg_k24,9,breast
ach-000848,HC_avg_k24,1,liver
ach-000481,HC_avg_k24,9,lung
ach-001517,HC_avg_k24,8,uterus
ach-000338,HC_avg_k24,13,lymphocyte
ach-001959,HC_avg_k24,23,bile_duct
ach-001414,HC_avg_k24,9,urinary_tract
ach-001227,HC_avg_k24,9,upper_aerodigestive
ach-000871,HC_avg_k24,21,lung
ach-001403,HC_avg_k24,8,ovary
ach-000805,HC_avg_k24,14,skin
ach-001142,HC_avg_k24,15,central_nervous_system
ach-001554,HC_avg_k24,14,eye
ach-001667,HC_avg_k24,14,soft_tissue
ach-000847,HC_avg_k24,19,gastric
ach-001447,HC_avg_k24,13,lymphocyte
ach-001537,HC_avg_k24,23,bile_duct
ach-001207,HC_avg_k24,15,fibroblast
ach-001854,HC_avg_k24,15,bile_duct
ach-000832,HC_avg_k24,9,upper_aerodigestive
ach-001975,HC_avg_k24,14,skin
ach-000428,HC_avg_k24,3,kidney
ach-001382,HC_avg_k24,9,pancreas
ach-001302,HC_avg_k24,21,peripheral_nervous_system
ach-000690,HC_avg_k24,9,lung
ach-001134,HC_avg_k24,13,lymphocyte
ach-000914,HC_avg_k24,13,lymphocyte
ach-000858,HC_avg_k24,9,lung
ach-001421,HC_avg_k24,21,eye
ach-002796,HC_avg_k24,19,soft_tissue
ach-003183,HC_avg_k24,15,soft_tissue
ach-002716,HC_avg_k24,13,blood
ach-003100,HC_avg_k24,13,lymphocyte
ach-000544,HC_avg_k24,9,esophagus
ach-000725,HC_avg_k24,9,breast
ach-000566,HC_avg_k24,3,urinary_tract
ach-000760,HC_avg_k24,15,central_nervous_system
ach-001745,HC_avg_k24,19,soft_tissue
ach-000787,HC_avg_k24,15,lung
ach-001598,HC_avg_k24,21,adrenal_cortex
ach-000749,HC_avg_k24,21,lung
ach-001691,HC_avg_k24,15,upper_aerodigestive
ach-001328,HC_avg_k24,9,skin
ach-001704,HC_avg_k24,14,skin
ach-001502,HC_avg_k24,20,testis
ach-002844,HC_avg_k24,15,soft_tissue
ach-001068,HC_avg_k24,13,lymphocyte
ach-000358,HC_avg_k24,21,lung
ach-002695,HC_avg_k24,15,peripheral_nervous_system
ach-001672,HC_avg_k24,20,testis
ach-001654,HC_avg_k24,6,esophagus
ach-001521,HC_avg_k24,9,skin
ach-000209,HC_avg_k24,1,bile_duct
ach-001520,HC_avg_k24,13,blood
ach-000213,HC_avg_k24,9,pancreas
ach-001610,HC_avg_k24,15,central_nervous_system
ach-001408,HC_avg_k24,9,urinary_tract
ach-000991,HC_avg_k24,9,colorectal
ach-001412,HC_avg_k24,9,urinary_tract
ach-000331,HC_avg_k24,15,lung
ach-001407,HC_avg_k24,15,urinary_tract
ach-000580,HC_avg_k24,14,skin
ach-000594,HC_avg_k24,21,lung
ach-000684,HC_avg_k24,3,kidney
ach-000742,HC_avg_k24,15,fibroblast
ach-000868,HC_avg_k24,9,lung
ach-000732,HC_avg_k24,9,upper_aerodigestive
ach-001481,HC_avg_k24,15,peripheral_nervous_system
ach-000429,HC_avg_k24,3,kidney
ach-000310,HC_avg_k24,21,peripheral_nervous_system
ach-002475,HC_avg_k24,20,blood
ach-000643,HC_avg_k24,9,breast
ach-000234,HC_avg_k24,3,kidney
ach-003267,HC_avg_k24,15,soft_tissue
ach-001498,HC_avg_k24,13,lymphocyte
ach-000896,HC_avg_k24,9,urinary_tract
ach-003451,HC_avg_k24,19,kidney
ach-000203,HC_avg_k24,21,peripheral_nervous_system
ach-001607,HC_avg_k24,6,bile_duct
ach-002706,HC_avg_k24,22,gastric
ach-001441,HC_avg_k24,14,eye
ach-000112,HC_avg_k24,13,blood
ach-000874,HC_avg_k24,13,blood
ach-000186,HC_avg_k24,9,lung
ach-002780,HC_avg_k24,21,bone
ach-000677,HC_avg_k24,22,lung
ach-000055,HC_avg_k24,21,central_nervous_system
ach-000485,HC_avg_k24,9,gastric
ach-000672,HC_avg_k24,16,lung
ach-001150,HC_avg_k24,15,bone
ach-000287,HC_avg_k24,13,lymphocyte
ach-000784,HC_avg_k24,9,esophagus
ach-000530,HC_avg_k24,23,lung
ach-002024,HC_avg_k24,21,colorectal
ach-000380,HC_avg_k24,13,plasma_cell
ach-001737,HC_avg_k24,13,blood
ach-001400,HC_avg_k24,9,cervix
ach-001054,HC_avg_k24,21,central_nervous_system
ach-001695,HC_avg_k24,9,upper_aerodigestive
ach-000009,HC_avg_k24,9,colorectal
ach-000491,HC_avg_k24,18,colorectal
ach-001703,HC_avg_k24,13,lymphocyte
ach-000002,HC_avg_k24,13,blood
ach-001568,HC_avg_k24,14,skin
ach-001449,HC_avg_k24,13,lymphocyte
ach-000993,HC_avg_k24,8,uterus
ach-002680,HC_avg_k24,15,central_nervous_system
ach-000877,HC_avg_k24,13,lymphocyte
ach-000711,HC_avg_k24,9,breast
ach-001515,HC_avg_k24,9,cervix
ach-002847,HC_avg_k24,15,unknown
ach-000702,HC_avg_k24,13,lymphocyte
ach-001020,HC_avg_k24,23,soft_tissue
ach-000600,HC_avg_k24,3,kidney
ach-003266,HC_avg_k24,15,soft_tissue
ach-000354,HC_avg_k24,9,pancreas
ach-000012,HC_avg_k24,9,lung
ach-000689,HC_avg_k24,15,soft_tissue
ach-002668,HC_avg_k24,13,blood
ach-002533,HC_avg_k24,3,kidney
ach-000459,HC_avg_k24,3,kidney
ach-002050,HC_avg_k24,15,unknown
ach-003120,HC_avg_k24,21,lung
ach-001413,HC_avg_k24,15,urinary_tract
ach-000686,HC_avg_k24,1,liver
ach-000342,HC_avg_k24,9,colorectal
ach-000208,HC_avg_k24,15,central_nervous_system
ach-000360,HC_avg_k24,9,colorectal
ach-000249,HC_avg_k24,9,colorectal
ach-001368,HC_avg_k24,23,esophagus
ach-000231,HC_avg_k24,15,central_nervous_system
ach-002074,HC_avg_k24,21,lung
ach-000945,HC_avg_k24,16,lung
ach-000662,HC_avg_k24,9,lung
ach-002458,HC_avg_k24,14,skin
ach-001378,HC_avg_k24,9,pancreas
ach-001029,HC_avg_k24,21,bone
ach-001817,HC_avg_k24,15,bone
ach-002846,HC_avg_k24,14,skin
ach-000248,HC_avg_k24,9,breast
ach-000943,HC_avg_k24,10,colorectal
ach-000751,HC_avg_k24,13,blood
ach-001696,HC_avg_k24,9,upper_aerodigestive
ach-002936,HC_avg_k24,19,soft_tissue
ach-001016,HC_avg_k24,15,central_nervous_system
ach-000282,HC_avg_k24,6,lung
ach-003438,HC_avg_k24,15,central_nervous_system
ach-002215,HC_avg_k24,13,lymphocyte
ach-000261,HC_avg_k24,17,lung
ach-000164,HC_avg_k24,22,pancreas
ach-001793,HC_avg_k24,15,soft_tissue
ach-000262,HC_avg_k24,3,kidney
ach-000158,HC_avg_k24,13,lymphocyte
ach-000773,HC_avg_k24,13,lymphocyte
ach-000722,HC_avg_k24,9,colorectal
ach-000857,HC_avg_k24,9,breast
ach-001129,HC_avg_k24,13,blood
ach-001619,HC_avg_k24,6,bile_duct
ach-000184,HC_avg_k24,15,fibroblast
ach-000329,HC_avg_k24,15,central_nervous_system
ach-001569,HC_avg_k24,14,skin
ach-002544,HC_avg_k24,20,gastric
ach-002675,HC_avg_k24,13,blood
ach-000814,HC_avg_k24,14,skin
ach-002499,HC_avg_k24,7,breast
ach-001493,HC_avg_k24,13,lymphocyte
ach-001701,HC_avg_k24,9,upper_aerodigestive
ach-000197,HC_avg_k24,13,blood
ach-000545,HC_avg_k24,9,urinary_tract
ach-000949,HC_avg_k24,9,gastric
ach-000124,HC_avg_k24,13,lymphocyte
ach-000560,HC_avg_k24,21,gastric
ach-000897,HC_avg_k24,15,thyroid
ach-001626,HC_avg_k24,9,upper_aerodigestive
ach-000619,HC_avg_k24,9,upper_aerodigestive
ach-001973,HC_avg_k24,14,skin
ach-001340,HC_avg_k24,8,ovary
ach-000546,HC_avg_k24,9,upper_aerodigestive
ach-001709,HC_avg_k24,13,lymphocyte
ach-002018,HC_avg_k24,14,eye
ach-000153,HC_avg_k24,15,lung
ach-000526,HC_avg_k24,15,fibroblast
ach-000116,HC_avg_k24,8,ovary
ach-000815,HC_avg_k24,13,lymphocyte
ach-001270,HC_avg_k24,19,soft_tissue
ach-002523,HC_avg_k24,19,liver
ach-000324,HC_avg_k24,3,ovary
ach-001949,HC_avg_k24,14,skin
ach-001561,HC_avg_k24,15,lung
ach-000842,HC_avg_k24,9,colorectal
ach-000898,HC_avg_k24,9,gastric
ach-000517,HC_avg_k24,6,pancreas
ach-001980,HC_avg_k24,14,skin
ach-001415,HC_avg_k24,9,urinary_tract
ach-000681,HC_avg_k24,5,lung
ach-001310,HC_avg_k24,3,kidney
ach-000070,HC_avg_k24,13,blood
ach-000484,HC_avg_k24,3,kidney
ach-003426,HC_avg_k24,15,gastric
ach-000108,HC_avg_k24,6,pancreas
ach-000808,HC_avg_k24,15,bile_duct
ach-000656,HC_avg_k24,13,lymphocyte
ach-000166,HC_avg_k24,13,blood
ach-000997,HC_avg_k24,9,colorectal
ach-000866,HC_avg_k24,21,lung
ach-000819,HC_avg_k24,15,central_nervous_system
ach-000226,HC_avg_k24,13,lymphocyte
ach-000087,HC_avg_k24,21,bone
ach-000340,HC_avg_k24,15,fibroblast
ach-002005,HC_avg_k24,14,skin
ach-001680,HC_avg_k24,13,lymphocyte
ach-000758,HC_avg_k24,9,gastric
ach-000196,HC_avg_k24,7,breast
ach-003141,HC_avg_k24,15,muscle
ach-000258,HC_avg_k24,21,breast
ach-000163,HC_avg_k24,15,thyroid
ach-000076,HC_avg_k24,13,blood
ach-000509,HC_avg_k24,13,lymphocyte
ach-001193,HC_avg_k24,21,bone
ach-000571,HC_avg_k24,15,central_nervous_system
ach-000391,HC_avg_k24,21,bone
ach-000293,HC_avg_k24,8,uterus
ach-003138,HC_avg_k24,15,central_nervous_system
ach-000532,HC_avg_k24,9,colorectal
ach-000584,HC_avg_k24,8,ovary
ach-001690,HC_avg_k24,9,upper_aerodigestive
ach-000586,HC_avg_k24,21,lung
ach-000944,HC_avg_k24,13,lymphocyte
ach-003149,HC_avg_k24,15,muscle
ach-000561,HC_avg_k24,9,esophagus
ach-001648,HC_avg_k24,9,prostate
ach-000394,HC_avg_k24,21,lung
ach-000954,HC_avg_k24,8,uterus
ach-000204,HC_avg_k24,13,plasma_cell
ach-000160,HC_avg_k24,22,soft_tissue
ach-003460,HC_avg_k24,13,lymphocyte
ach-000989,HC_avg_k24,9,colorectal
ach-001347,HC_avg_k24,9,upper_aerodigestive
ach-000691,HC_avg_k24,7,breast
ach-000268,HC_avg_k24,9,bile_duct
ach-001209,HC_avg_k24,13,lymphocyte
ach-003456,HC_avg_k24,15,skin
ach-000119,HC_avg_k24,15,fibroblast
ach-000379,HC_avg_k24,9,lung
ach-001341,HC_avg_k24,9,cervix
ach-000714,HC_avg_k24,13,plasma_cell
ach-000937,HC_avg_k24,13,blood
ach-000763,HC_avg_k24,13,plasma_cell
ach-002834,HC_avg_k24,15,bone
ach-001673,HC_avg_k24,9,bile_duct
ach-000326,HC_avg_k24,13,blood
ach-000300,HC_avg_k24,3,kidney
ach-002994,HC_avg_k24,13,blood
ach-000901,HC_avg_k24,15,lung
ach-000816,HC_avg_k24,21,lung
ach-000641,HC_avg_k24,13,blood
ach-000511,HC_avg_k24,15,lung
ach-002077,HC_avg_k24,21,lung
ach-000583,HC_avg_k24,13,lymphocyte
ach-000836,HC_avg_k24,9,upper_aerodigestive
ach-000975,HC_avg_k24,15,lung
ach-000109,HC_avg_k24,9,lung
ach-000467,HC_avg_k24,9,colorectal
ach-000712,HC_avg_k24,21,lung
ach-000671,HC_avg_k24,20,liver
ach-000523,HC_avg_k24,21,lung
ach-000864,HC_avg_k24,21,uterus
ach-000726,HC_avg_k24,9,esophagus
ach-000136,HC_avg_k24,21,peripheral_nervous_system
ach-002067,HC_avg_k24,19,bone
ach-000440,HC_avg_k24,13,lymphocyte
ach-002539,HC_avg_k24,9,colorectal
ach-001461,HC_avg_k24,9,colorectal
ach-000890,HC_avg_k24,15,lung
ach-001692,HC_avg_k24,9,upper_aerodigestive
ach-000027,HC_avg_k24,15,central_nervous_system
ach-000562,HC_avg_k24,9,lung
ach-000748,HC_avg_k24,15,bone
ach-001669,HC_avg_k24,13,blood
ach-000834,HC_avg_k24,9,urinary_tract
ach-000565,HC_avg_k24,9,colorectal
ach-000449,HC_avg_k24,23,soft_tissue
ach-000399,HC_avg_k24,21,lung
ach-002080,HC_avg_k24,21,peripheral_nervous_system
ach-000770,HC_avg_k24,13,blood
ach-000710,HC_avg_k24,9,lung
ach-000507,HC_avg_k24,9,gastric
ach-000066,HC_avg_k24,9,lung
ach-000022,HC_avg_k24,9,pancreas
ach-001668,HC_avg_k24,20,embryo
ach-000334,HC_avg_k24,13,lymphocyte
ach-000374,HC_avg_k24,7,breast
ach-000519,HC_avg_k24,13,blood
ach-000908,HC_avg_k24,9,gastric
ach-002003,HC_avg_k24,14,skin
ach-000574,HC_avg_k24,3,ovary
ach-000148,HC_avg_k24,15,breast
ach-002461,HC_avg_k24,15,skin
ach-000646,HC_avg_k24,8,ovary
ach-000314,HC_avg_k24,16,lung
ach-001705,HC_avg_k24,9,breast
ach-000040,HC_avg_k24,15,central_nervous_system
ach-001057,HC_avg_k24,13,lymphocyte
ach-000430,HC_avg_k24,23,ovary
ach-001041,HC_avg_k24,14,skin
ach-001988,HC_avg_k24,14,skin
ach-001977,HC_avg_k24,15,lung
ach-000370,HC_avg_k24,15,central_nervous_system
ach-001630,HC_avg_k24,8,ovary
ach-000437,HC_avg_k24,15,central_nervous_system
ach-000498,HC_avg_k24,13,blood
ach-001392,HC_avg_k24,9,breast
ach-000503,HC_avg_k24,9,upper_aerodigestive
ach-002778,HC_avg_k24,15,bone
ach-000328,HC_avg_k24,15,central_nervous_system
ach-000403,HC_avg_k24,9,colorectal
ach-000400,HC_avg_k24,9,colorectal
ach-000224,HC_avg_k24,15,fibroblast
ach-000318,HC_avg_k24,9,esophagus
ach-003472,HC_avg_k24,2,thyroid
ach-001430,HC_avg_k24,21,bone
ach-000928,HC_avg_k24,8,uterus
ach-000893,HC_avg_k24,5,lung
ach-000889,HC_avg_k24,13,plasma_cell
ach-000799,HC_avg_k24,14,skin
ach-001623,HC_avg_k24,15,central_nervous_system
ach-000736,HC_avg_k24,9,gastric
ach-000876,HC_avg_k24,9,breast
ach-001232,HC_avg_k24,15,central_nervous_system
ach-001618,HC_avg_k24,13,blood
ach-001828,HC_avg_k24,13,lymphocyte
ach-002650,HC_avg_k24,9,lung
ach-000235,HC_avg_k24,9,pancreas
ach-000381,HC_avg_k24,9,colorectal
ach-001993,HC_avg_k24,13,blood
ach-001301,HC_avg_k24,21,peripheral_nervous_system
ach-000854,HC_avg_k24,13,plasma_cell
ach-000187,HC_avg_k24,21,lung
ach-000543,HC_avg_k24,15,central_nervous_system
ach-000569,HC_avg_k24,15,lung
ach-000668,HC_avg_k24,9,breast
ach-000134,HC_avg_k24,15,fibroblast
ach-000924,HC_avg_k24,5,lung
ach-003473,HC_avg_k24,15,soft_tissue
ach-001450,HC_avg_k24,13,lymphocyte
ach-000296,HC_avg_k24,20,colorectal
ach-002034,HC_avg_k24,21,lung
ach-002781,HC_avg_k24,19,bone
ach-000713,HC_avg_k24,8,ovary
ach-001360,HC_avg_k24,9,cervix
ach-002921,HC_avg_k24,9,breast
ach-000273,HC_avg_k24,15,central_nervous_system
ach-001715,HC_avg_k24,15,bone
ach-001617,HC_avg_k24,13,lymphocyte
ach-000639,HC_avg_k24,21,lung
ach-000590,HC_avg_k24,6,lung
ach-000553,HC_avg_k24,9,lung
ach-000084,HC_avg_k24,13,blood
ach-000094,HC_avg_k24,9,pancreas
ach-000361,HC_avg_k24,15,liver
ach-000719,HC_avg_k24,8,ovary
ach-001396,HC_avg_k24,9,breast
ach-001848,HC_avg_k24,9,bile_duct
ach-000339,HC_avg_k24,15,lung
ach-002048,HC_avg_k24,19,soft_tissue
ach-000218,HC_avg_k24,13,blood
ach-002486,HC_avg_k24,3,ovary
ach-002711,HC_avg_k24,15,upper_aerodigestive
ach-000789,HC_avg_k24,21,lung
ach-000413,HC_avg_k24,15,fibroblast
ach-000125,HC_avg_k24,15,fibroblast
ach-000180,HC_avg_k24,15,fibroblast
ach-000215,HC_avg_k24,15,central_nervous_system
ach-001001,HC_avg_k24,17,bone
ach-000407,HC_avg_k24,15,uterus
ach-002170,HC_avg_k24,21,lung
ach-002027,HC_avg_k24,8,uterus
ach-001132,HC_avg_k24,13,lymphocyte
ach-001278,HC_avg_k24,23,ovary
ach-000032,HC_avg_k24,13,blood
ach-003108,HC_avg_k24,13,lymphocyte
ach-001419,HC_avg_k24,9,breast
ach-000494,HC_avg_k24,3,ovary
ach-000865,HC_avg_k24,9,esophagus
ach-000439,HC_avg_k24,13,blood
ach-001523,HC_avg_k24,9,skin
ach-001983,HC_avg_k24,14,skin
ach-000024,HC_avg_k24,13,plasma_cell
ach-000674,HC_avg_k24,9,gastric
ach-000670,HC_avg_k24,23,lung
ach-000599,HC_avg_k24,9,pancreas
ach-000263,HC_avg_k24,13,blood
ach-003191,HC_avg_k24,15,bone
ach-000303,HC_avg_k24,6,gastric
ach-001551,HC_avg_k24,19,skin
ach-002795,HC_avg_k24,19,soft_tissue
ach-000793,HC_avg_k24,9,gastric
ach-002511,HC_avg_k24,14,skin
ach-000286,HC_avg_k24,9,colorectal
ach-000250,HC_avg_k24,3,kidney
ach-000139,HC_avg_k24,9,pancreas
ach-001735,HC_avg_k24,13,blood
ach-002013,HC_avg_k24,14,eye
ach-001389,HC_avg_k24,15,breast
ach-001183,HC_avg_k24,9,urinary_tract
ach-000551,HC_avg_k24,13,blood
ach-003101,HC_avg_k24,13,lymphocyte
ach-001163,HC_avg_k24,23,kidney
ach-000037,HC_avg_k24,15,soft_tissue
ach-000744,HC_avg_k24,9,lung
ach-000420,HC_avg_k24,3,liver
ach-000336,HC_avg_k24,13,blood
ach-000486,HC_avg_k24,11,urinary_tract
ach-000679,HC_avg_k24,9,esophagus
ach-001557,HC_avg_k24,15,lung
ach-000247,HC_avg_k24,9,gastric
ach-000947,HC_avg_k24,23,ovary
ach-000807,HC_avg_k24,17,central_nervous_system
ach-000476,HC_avg_k24,1,liver
ach-000525,HC_avg_k24,21,lung
ach-003154,HC_avg_k24,15,lung
ach-001148,HC_avg_k24,13,lymphocyte
ach-003455,HC_avg_k24,14,skin
ach-000853,HC_avg_k24,23,lung
ach-000083,HC_avg_k24,15,fibroblast
ach-000479,HC_avg_k24,15,central_nervous_system
ach-000230,HC_avg_k24,15,fibroblast
ach-001664,HC_avg_k24,10,gastric
ach-002705,HC_avg_k24,9,gastric
ach-002937,HC_avg_k24,3,kidney
ach-000955,HC_avg_k24,9,colorectal
ach-000049,HC_avg_k24,3,kidney
ach-000675,HC_avg_k24,9,lung
ach-000199,HC_avg_k24,15,fibroblast
ach-000193,HC_avg_k24,13,plasma_cell
ach-001686,HC_avg_k24,13,lymphocyte
ach-000538,HC_avg_k24,23,gastric
ach-002490,HC_avg_k24,21,lung
ach-001683,HC_avg_k24,9,breast
ach-001990,HC_avg_k24,14,skin
ach-001438,HC_avg_k24,20,testis
ach-001647,HC_avg_k24,13,blood
ach-002043,HC_avg_k24,9,upper_aerodigestive
ach-001649,HC_avg_k24,9,prostate
ach-000155,HC_avg_k24,6,pancreas
ach-000270,HC_avg_k24,9,pancreas
ach-003106,HC_avg_k24,13,lymphocyte
ach-003177,HC_avg_k24,15,soft_tissue
ach-000683,HC_avg_k24,9,colorectal
ach-002017,HC_avg_k24,14,eye
ach-000655,HC_avg_k24,15,central_nervous_system
ach-000145,HC_avg_k24,15,soft_tissue
ach-001495,HC_avg_k24,3,uterus
ach-000188,HC_avg_k24,9,upper_aerodigestive
ach-003458,HC_avg_k24,14,skin
ach-000080,HC_avg_k24,13,blood
ach-000146,HC_avg_k24,13,blood
ach-000415,HC_avg_k24,9,upper_aerodigestive
ach-001518,HC_avg_k24,8,uterus
ach-002290,HC_avg_k24,13,blood
ach-000891,HC_avg_k24,16,lung
ach-001625,HC_avg_k24,9,upper_aerodigestive
ach-001985,HC_avg_k24,15,skin
ach-000895,HC_avg_k24,9,colorectal
ach-000851,HC_avg_k24,9,lung
ach-000824,HC_avg_k24,9,esophagus
ach-000506,HC_avg_k24,21,lung
ach-001427,HC_avg_k24,21,bone
ach-000540,HC_avg_k24,15,fibroblast
ach-000061,HC_avg_k24,13,lymphocyte
ach-000185,HC_avg_k24,15,fibroblast
ach-000568,HC_avg_k24,9,breast
ach-000707,HC_avg_k24,13,lymphocyte
ach-000603,HC_avg_k24,21,lung
ach-000983,HC_avg_k24,13,blood
ach-000541,HC_avg_k24,13,plasma_cell
ach-000680,HC_avg_k24,9,colorectal
ach-002460,HC_avg_k24,14,skin
ach-000111,HC_avg_k24,7,breast
ach-002463,HC_avg_k24,15,eye
ach-000369,HC_avg_k24,13,blood
ach-002928,HC_avg_k24,14,skin
ach-000618,HC_avg_k24,9,upper_aerodigestive
ach-000470,HC_avg_k24,9,colorectal
ach-003150,HC_avg_k24,15,central_nervous_system
ach-002039,HC_avg_k24,9,pancreas
ach-000118,HC_avg_k24,9,pancreas
ach-000614,HC_avg_k24,14,skin
ach-001338,HC_avg_k24,21,peripheral_nervous_system
ach-000432,HC_avg_k24,13,blood
ach-000556,HC_avg_k24,5,cervix
ach-001804,HC_avg_k24,15,soft_tissue
ach-001386,HC_avg_k24,21,lung
ach-001060,HC_avg_k24,13,lymphocyte
ach-001525,HC_avg_k24,9,cervix
ach-001539,HC_avg_k24,13,lymphocyte
ach-000014,HC_avg_k24,14,skin
ach-002785,HC_avg_k24,15,soft_tissue
ach-000637,HC_avg_k24,9,esophagus
ach-002693,HC_avg_k24,19,peripheral_nervous_system
ach-001855,HC_avg_k24,9,bile_duct
ach-000455,HC_avg_k24,15,central_nervous_system
ach-000389,HC_avg_k24,15,central_nervous_system
ach-002710,HC_avg_k24,15,peripheral_nervous_system
ach-000129,HC_avg_k24,21,lung
ach-000490,HC_avg_k24,9,cervix
ach-000434,HC_avg_k24,16,lung
ach-001086,HC_avg_k24,5,cervix
ach-002042,HC_avg_k24,9,thyroid
ach-000597,HC_avg_k24,23,soft_tissue
ach-000756,HC_avg_k24,15,central_nervous_system
ach-000396,HC_avg_k24,15,urinary_tract
ach-003148,HC_avg_k24,15,central_nervous_system
ach-000089,HC_avg_k24,9,colorectal
ach-002478,HC_avg_k24,13,lymphocyte
ach-000371,HC_avg_k24,13,lymphocyte
ach-000265,HC_avg_k24,23,pancreas
ach-000132,HC_avg_k24,8,ovary
ach-000216,HC_avg_k24,9,esophagus
ach-000613,HC_avg_k24,17,bone
ach-000855,HC_avg_k24,9,esophagus
ach-000906,HC_avg_k24,15,ovary
ach-000348,HC_avg_k24,15,skin
ach-001100,HC_avg_k24,13,lymphocyte
ach-000238,HC_avg_k24,9,upper_aerodigestive
ach-000237,HC_avg_k24,15,ovary
ach-003099,HC_avg_k24,9,upper_aerodigestive
ach-000393,HC_avg_k24,15,liver
ach-003107,HC_avg_k24,13,lymphocyte
ach-000623,HC_avg_k24,15,central_nervous_system
ach-000359,HC_avg_k24,15,bone
ach-001028,HC_avg_k24,23,soft_tissue
ach-000621,HC_avg_k24,15,breast
ach-001641,HC_avg_k24,9,upper_aerodigestive
ach-000056,HC_avg_k24,13,lymphocyte
ach-000483,HC_avg_k24,19,liver
ach-003308,HC_avg_k24,15,unknown
ach-000514,HC_avg_k24,21,lung
ach-000051,HC_avg_k24,23,soft_tissue
ach-003433,HC_avg_k24,9,pancreas
ach-000043,HC_avg_k24,15,fibroblast
ach-000936,HC_avg_k24,8,ovary
ach-000716,HC_avg_k24,16,thyroid
ach-000988,HC_avg_k24,8,uterus
ach-000952,HC_avg_k24,9,prostate
ach-001350,HC_avg_k24,16,thyroid
ach-000065,HC_avg_k24,13,blood
ach-000609,HC_avg_k24,15,central_nervous_system
ach-001411,HC_avg_k24,9,urinary_tract
ach-000504,HC_avg_k24,15,central_nervous_system
ach-002677,HC_avg_k24,13,lymphocyte
ach-000956,HC_avg_k24,9,prostate
ach-001712,HC_avg_k24,15,bone
ach-000652,HC_avg_k24,6,pancreas
ach-000414,HC_avg_k24,5,lung
ach-000472,HC_avg_k24,9,upper_aerodigestive
ach-000007,HC_avg_k24,9,colorectal
ach-000446,HC_avg_k24,15,peripheral_nervous_system
ach-003071,HC_avg_k24,21,lung
ach-000386,HC_avg_k24,13,blood
ach-001850,HC_avg_k24,6,bile_duct
ach-000755,HC_avg_k24,9,breast
ach-001503,HC_avg_k24,13,lymphocyte
ach-000028,HC_avg_k24,9,breast
ach-000665,HC_avg_k24,6,lung
ach-001679,HC_avg_k24,13,lymphocyte
ach-000078,HC_avg_k24,21,peripheral_nervous_system
ach-002046,HC_avg_k24,15,uterus
ach-000397,HC_avg_k24,8,uterus
ach-003145,HC_avg_k24,15,embryo
ach-000229,HC_avg_k24,15,fibroblast
ach-002925,HC_avg_k24,14,eye
ach-000518,HC_avg_k24,9,upper_aerodigestive
ach-001566,HC_avg_k24,14,skin
ach-000252,HC_avg_k24,9,colorectal
ach-000572,HC_avg_k24,14,skin
ach-001605,HC_avg_k24,15,central_nervous_system
ach-002522,HC_avg_k24,15,lung
ach-000277,HC_avg_k24,9,breast
ach-001239,HC_avg_k24,14,skin
ach-000786,HC_avg_k24,13,lymphocyte
ach-000803,HC_avg_k24,21,lung
ach-001970,HC_avg_k24,14,skin
ach-002038,HC_avg_k24,9,ovary
ach-000537,HC_avg_k24,1,liver
ach-002660,HC_avg_k24,9,colorectal
ach-002806,HC_avg_k24,15,central_nervous_system
ach-000419,HC_avg_k24,13,plasma_cell
ach-002782,HC_avg_k24,15,soft_tissue
ach-000724,HC_avg_k24,9,urinary_tract
ach-000522,HC_avg_k24,15,urinary_tract
ach-001549,HC_avg_k24,21,lung
ach-000706,HC_avg_k24,5,lung
ach-000737,HC_avg_k24,21,lung
ach-000548,HC_avg_k24,9,upper_aerodigestive
ach-001839,HC_avg_k24,1,bile_duct
ach-001799,HC_avg_k24,15,soft_tissue
ach-001573,HC_avg_k24,13,blood
ach-002946,HC_avg_k24,13,blood
ach-000425,HC_avg_k24,14,skin
ach-003103,HC_avg_k24,13,lymphocyte
ach-000375,HC_avg_k24,23,kidney
ach-000753,HC_avg_k24,17,urinary_tract
ach-000275,HC_avg_k24,15,fibroblast
ach-000735,HC_avg_k24,9,upper_aerodigestive
ach-000654,HC_avg_k24,13,lymphocyte
ach-001067,HC_avg_k24,23,central_nervous_system
ach-000170,HC_avg_k24,9,prostate
ach-001394,HC_avg_k24,9,breast
ach-001433,HC_avg_k24,23,soft_tissue
ach-000404,HC_avg_k24,14,skin
ach-000882,HC_avg_k24,14,skin
ach-001509,HC_avg_k24,9,upper_aerodigestive
ach-000210,HC_avg_k24,21,bone
ach-000254,HC_avg_k24,9,upper_aerodigestive
ach-000604,HC_avg_k24,13,blood
ach-000090,HC_avg_k24,10,prostate
ach-000195,HC_avg_k24,13,blood
ach-001791,HC_avg_k24,15,soft_tissue
ach-001650,HC_avg_k24,5,cervix
ach-000605,HC_avg_k24,9,esophagus
ach-000458,HC_avg_k24,9,skin
ach-003121,HC_avg_k24,21,lung
ach-003125,HC_avg_k24,15,soft_tissue
ach-002084,HC_avg_k24,14,skin
ach-000004,HC_avg_k24,13,blood
ach-000251,HC_avg_k24,6,lung
ach-000241,HC_avg_k24,13,blood
ach-001194,HC_avg_k24,3,kidney
ach-001987,HC_avg_k24,15,skin
ach-002055,HC_avg_k24,13,lymphocyte
ach-002689,HC_avg_k24,19,bone
ach-001443,HC_avg_k24,15,thyroid
ach-000688,HC_avg_k24,15,ovary
ach-000405,HC_avg_k24,13,blood
ach-000821,HC_avg_k24,13,plasma_cell
ach-001677,HC_avg_k24,13,lymphocyte
ach-002526,HC_avg_k24,9,lung
ach-001627,HC_avg_k24,9,prostate
ach-000951,HC_avg_k24,9,lung
ach-001036,HC_avg_k24,13,blood
ach-002792,HC_avg_k24,14,soft_tissue
ach-000547,HC_avg_k24,9,urinary_tract
ach-000826,HC_avg_k24,9,lung
ach-001986,HC_avg_k24,14,skin
ach-001147,HC_avg_k24,13,lymphocyte
ach-002927,HC_avg_k24,14,eye
ach-002470,HC_avg_k24,19,bone
ach-000162,HC_avg_k24,13,lymphocyte
ach-003139,HC_avg_k24,15,muscle
ach-001751,HC_avg_k24,19,soft_tissue
ach-000018,HC_avg_k24,17,urinary_tract
ach-000721,HC_avg_k24,23,breast
ach-000003,HC_avg_k24,9,colorectal
ach-000092,HC_avg_k24,15,lung
ach-000669,HC_avg_k24,9,lung
ach-001099,HC_avg_k24,23,soft_tissue
ach-000648,HC_avg_k24,3,lung
ach-000950,HC_avg_k24,9,colorectal
ach-000050,HC_avg_k24,13,plasma_cell
ach-001106,HC_avg_k24,13,blood
ach-002051,HC_avg_k24,21,lung
ach-000367,HC_avg_k24,15,lung
ach-000589,HC_avg_k24,9,lung
ach-000564,HC_avg_k24,13,plasma_cell
ach-001522,HC_avg_k24,14,skin
ach-000831,HC_avg_k24,3,uterus
ach-000424,HC_avg_k24,21,bone
ach-000409,HC_avg_k24,8,ovary
ach-000616,HC_avg_k24,15,gastric
ach-000628,HC_avg_k24,9,lung
ach-000512,HC_avg_k24,13,plasma_cell
ach-000232,HC_avg_k24,15,central_nervous_system
ach-000820,HC_avg_k24,9,colorectal
ach-001295,HC_avg_k24,21,eye
ach-001164,HC_avg_k24,19,soft_tissue
ach-000806,HC_avg_k24,13,lymphocyte
ach-002524,HC_avg_k24,8,ovary
ach-000645,HC_avg_k24,15,lung
ach-000099,HC_avg_k24,21,peripheral_nervous_system
ach-000902,HC_avg_k24,9,breast
ach-000649,HC_avg_k24,3,kidney
ach-000086,HC_avg_k24,17,lung
ach-000149,HC_avg_k24,15,peripheral_nervous_system
ach-002538,HC_avg_k24,9,colorectal
ach-000142,HC_avg_k24,9,urinary_tract
ach-002535,HC_avg_k24,9,colorectal
ach-000227,HC_avg_k24,21,peripheral_nervous_system
ach-000697,HC_avg_k24,13,lymphocyte
ach-000942,HC_avg_k24,13,blood
ach-000264,HC_avg_k24,18,lung
ach-000809,HC_avg_k24,9,esophagus
ach-000093,HC_avg_k24,9,pancreas
ach-000100,HC_avg_k24,19,soft_tissue
ach-001445,HC_avg_k24,9,upper_aerodigestive
ach-000060,HC_avg_k24,9,pancreas
ach-000001,HC_avg_k24,8,ovary
ach-000957,HC_avg_k24,9,colorectal
ach-000650,HC_avg_k24,14,skin
ach-001096,HC_avg_k24,19,soft_tissue
ach-002799,HC_avg_k24,15,peripheral_nervous_system
ach-002404,HC_avg_k24,14,skin
ach-000239,HC_avg_k24,9,gastric
ach-000762,HC_avg_k24,9,upper_aerodigestive
ach-000922,HC_avg_k24,13,blood
ach-002784,HC_avg_k24,15,soft_tissue
ach-002653,HC_avg_k24,13,blood
ach-000859,HC_avg_k24,9,breast
ach-000990,HC_avg_k24,8,uterus
ach-000410,HC_avg_k24,15,bone
ach-001971,HC_avg_k24,14,skin
ach-000927,HC_avg_k24,9,breast
ach-001853,HC_avg_k24,9,bile_duct
ach-001978,HC_avg_k24,14,skin
ach-000694,HC_avg_k24,9,esophagus
ach-000935,HC_avg_k24,15,colorectal
ach-000918,HC_avg_k24,13,blood
ach-001984,HC_avg_k24,14,skin
ach-000761,HC_avg_k24,9,gastric
ach-001563,HC_avg_k24,15,skin
ach-000974,HC_avg_k24,8,uterus
ach-000297,HC_avg_k24,21,lung
ach-001719,HC_avg_k24,3,ovary
ach-000243,HC_avg_k24,9,pancreas
ach-001418,HC_avg_k24,8,ovary
ach-000362,HC_avg_k24,13,blood
ach-000843,HC_avg_k24,9,lung
ach-002052,HC_avg_k24,21,lung
ach-000840,HC_avg_k24,17,lung
ach-001852,HC_avg_k24,9,bile_duct
ach-001528,HC_avg_k24,16,thyroid
ach-001656,HC_avg_k24,13,blood
ach-000016,HC_avg_k24,3,kidney
ach-000165,HC_avg_k24,15,fibroblast
ach-001460,HC_avg_k24,9,colorectal
ach-000592,HC_avg_k24,15,central_nervous_system
ach-001192,HC_avg_k24,21,bone
ach-000045,HC_avg_k24,13,blood
ach-000741,HC_avg_k24,9,urinary_tract
ach-000912,HC_avg_k24,23,lung
ach-000529,HC_avg_k24,15,fibroblast
ach-000508,HC_avg_k24,21,lung
ach-000577,HC_avg_k24,1,liver
ach-000768,HC_avg_k24,15,breast
ach-000636,HC_avg_k24,13,blood
ach-000667,HC_avg_k24,6,lung
ach-000905,HC_avg_k24,9,urinary_tract
ach-001494,HC_avg_k24,9,bile_duct
ach-000387,HC_avg_k24,13,blood
ach-002510,HC_avg_k24,14,skin
ach-001303,HC_avg_k24,21,peripheral_nervous_system
ach-000026,HC_avg_k24,3,urinary_tract
ach-000838,HC_avg_k24,13,plasma_cell
ach-001172,HC_avg_k24,15,central_nervous_system
ach-000822,HC_avg_k24,14,skin
ach-000531,HC_avg_k24,15,fibroblast
ach-000349,HC_avg_k24,9,breast
ach-000527,HC_avg_k24,8,ovary
ach-000279,HC_avg_k24,21,bone
ach-000516,HC_avg_k24,15,bone
ach-001662,HC_avg_k24,7,breast
ach-000812,HC_avg_k24,14,skin
ach-003157,HC_avg_k24,15,lung
ach-003464,HC_avg_k24,15,soft_tissue
ach-001300,HC_avg_k24,21,peripheral_nervous_system
ach-000524,HC_avg_k24,8,ovary
ach-000611,HC_avg_k24,13,lymphocyte
ach-002419,HC_avg_k24,15,uterus
ach-000411,HC_avg_k24,3,kidney
ach-000718,HC_avg_k24,9,lung
ach-000903,HC_avg_k24,15,thyroid
ach-002021,HC_avg_k24,20,uterus
ach-000433,HC_avg_k24,3,kidney
ach-000499,HC_avg_k24,21,bone
ach-000278,HC_avg_k24,17,ovary
ach-000202,HC_avg_k24,21,colorectal
ach-001736,HC_avg_k24,13,blood
ach-001379,HC_avg_k24,9,pancreas
ach-002070,HC_avg_k24,15,central_nervous_system
ach-002794,HC_avg_k24,15,soft_tissue
ach-000128,HC_avg_k24,15,central_nervous_system
ach-002528,HC_avg_k24,3,kidney
ach-000696,HC_avg_k24,17,ovary
ach-000041,HC_avg_k24,21,bone
ach-000214,HC_avg_k24,15,fibroblast
ach-000747,HC_avg_k24,23,lung
ach-001307,HC_avg_k24,15,thyroid
ach-000341,HC_avg_k24,21,peripheral_nervous_system
ach-001740,HC_avg_k24,19,soft_tissue
ach-000417,HC_avg_k24,9,pancreas
ach-001393,HC_avg_k24,9,breast
ach-000120,HC_avg_k24,15,peripheral_nervous_system
ach-001694,HC_avg_k24,9,upper_aerodigestive
ach-001542,HC_avg_k24,9,upper_aerodigestive
ach-002509,HC_avg_k24,14,skin
ach-000438,HC_avg_k24,6,lung
ach-001366,HC_avg_k24,21,peripheral_nervous_system
ach-000653,HC_avg_k24,13,plasma_cell
ach-000839,HC_avg_k24,9,urinary_tract
ach-000673,HC_avg_k24,15,central_nervous_system
ach-001524,HC_avg_k24,9,skin
ach-000069,HC_avg_k24,13,lymphocyte
ach-002996,HC_avg_k24,15,lung
ach-003142,HC_avg_k24,15,muscle
ach-000323,HC_avg_k24,15,central_nervous_system
ach-000021,HC_avg_k24,9,lung
ach-001863,HC_avg_k24,9,bile_duct
ach-001996,HC_avg_k24,9,bile_duct
ach-000980,HC_avg_k24,21,lung
ach-000106,HC_avg_k24,13,lymphocyte
ach-003156,HC_avg_k24,9,lung
ach-000734,HC_avg_k24,1,liver
ach-000845,HC_avg_k24,9,lung
ach-001982,HC_avg_k24,14,skin
ach-000730,HC_avg_k24,14,skin
ach-001334,HC_avg_k24,9,cervix
ach-000698,HC_avg_k24,21,lung
ach-000802,HC_avg_k24,9,urinary_tract
ach-001836,HC_avg_k24,1,bile_duct
ach-000573,HC_avg_k24,15,breast
ach-001699,HC_avg_k24,9,upper_aerodigestive
ach-000963,HC_avg_k24,9,colorectal
ach-001567,HC_avg_k24,14,skin
ach-001653,HC_avg_k24,9,gastric
ach-000852,HC_avg_k24,9,lung
ach-001862,HC_avg_k24,6,bile_duct
ach-001976,HC_avg_k24,14,skin
ach-002665,HC_avg_k24,9,colorectal
ach-003153,HC_avg_k24,9,lung
ach-000661,HC_avg_k24,14,skin
ach-001500,HC_avg_k24,22,esophagus
ach-001190,HC_avg_k24,14,skin
ach-002467,HC_avg_k24,15,eye
ach-000364,HC_avg_k24,19,bone
ach-000448,HC_avg_k24,9,lung
ach-000979,HC_avg_k24,10,prostate
ach-000932,HC_avg_k24,24,gastric
ach-000783,HC_avg_k24,9,breast
ach-002044,HC_avg_k24,21,upper_aerodigestive
ach-000301,HC_avg_k24,13,blood
ach-002459,HC_avg_k24,14,skin
ach-000976,HC_avg_k24,9,bile_duct
ach-001516,HC_avg_k24,21,cervix
ach-001354,HC_avg_k24,21,peripheral_nervous_system
ach-001645,HC_avg_k24,14,skin
ach-003135,HC_avg_k24,15,central_nervous_system
ach-000867,HC_avg_k24,9,lung
ach-000304,HC_avg_k24,14,skin
ach-002069,HC_avg_k24,19,bone
ach-000931,HC_avg_k24,14,skin
ach-001374,HC_avg_k24,20,ovary
ach-000302,HC_avg_k24,3,uterus
ach-000305,HC_avg_k24,9,esophagus
ach-000072,HC_avg_k24,13,blood
ach-000766,HC_avg_k24,9,lung
ach-000533,HC_avg_k24,23,soft_tissue
ach-000343,HC_avg_k24,23,lung
ach-001437,HC_avg_k24,20,testis
ach-000171,HC_avg_k24,3,kidney
ach-003475,HC_avg_k24,9,upper_aerodigestive
ach-000173,HC_avg_k24,8,uterus
ach-000535,HC_avg_k24,9,pancreas
ach-000774,HC_avg_k24,9,lung
ach-000178,HC_avg_k24,6,pancreas
ach-001306,HC_avg_k24,15,thyroid
ach-000994,HC_avg_k24,8,uterus
ach-001188,HC_avg_k24,21,peripheral_nervous_system
ach-000372,HC_avg_k24,13,blood
ach-002886,HC_avg_k24,9,colorectal
ach-000804,HC_avg_k24,21,peripheral_nervous_system
ach-000011,HC_avg_k24,3,urinary_tract
ach-000733,HC_avg_k24,9,lung
ach-001603,HC_avg_k24,21,peripheral_nervous_system
ach-000829,HC_avg_k24,13,plasma_cell
ach-000141,HC_avg_k24,9,bile_duct
ach-000810,HC_avg_k24,14,skin
ach-001994,HC_avg_k24,1,bile_duct
ach-001145,HC_avg_k24,8,ovary
ach-000717,HC_avg_k24,9,esophagus
ach-000738,HC_avg_k24,15,central_nervous_system
ach-001843,HC_avg_k24,14,bile_duct
ach-002664,HC_avg_k24,9,colorectal
ach-000780,HC_avg_k24,21,lung
ach-001548,HC_avg_k24,21,peripheral_nervous_system
ach-000759,HC_avg_k24,9,breast
ach-001555,HC_avg_k24,15,lung
ach-001369,HC_avg_k24,8,ovary
ach-000969,HC_avg_k24,9,colorectal
ach-000873,HC_avg_k24,11,esophagus
ach-001275,HC_avg_k24,19,soft_tissue
ach-002654,HC_avg_k24,9,colorectal
ach-002435,HC_avg_k24,3,kidney
ach-001972,HC_avg_k24,14,skin
ach-000921,HC_avg_k24,16,lung
ach-003470,HC_avg_k24,15,thyroid
ach-001953,HC_avg_k24,14,skin
ach-002843,HC_avg_k24,15,soft_tissue
ach-001373,HC_avg_k24,8,ovary
ach-002800,HC_avg_k24,15,peripheral_nervous_system
ach-001022,HC_avg_k24,21,bone
ach-000082,HC_avg_k24,15,bone
ach-003105,HC_avg_k24,14,skin
ach-000488,HC_avg_k24,9,esophagus
ach-000790,HC_avg_k24,21,lung
ach-000172,HC_avg_k24,23,soft_tissue
ach-000647,HC_avg_k24,9,esophagus
ach-000602,HC_avg_k24,13,blood
ach-003181,HC_avg_k24,15,soft_tissue
ach-002681,HC_avg_k24,15,central_nervous_system
ach-001465,HC_avg_k24,21,peripheral_nervous_system
ach-003012,HC_avg_k24,5,lung
ach-000156,HC_avg_k24,13,blood
ach-002001,HC_avg_k24,14,skin
ach-000315,HC_avg_k24,13,lymphocyte
ach-001678,HC_avg_k24,13,lymphocyte
ach-002446,HC_avg_k24,9,gastric
ach-000201,HC_avg_k24,23,soft_tissue
ach-000435,HC_avg_k24,8,uterus
ach-000965,HC_avg_k24,9,uterus
ach-001550,HC_avg_k24,19,skin
ach-002026,HC_avg_k24,8,uterus
ach-000883,HC_avg_k24,15,central_nervous_system
ach-000482,HC_avg_k24,9,lung
ach-000450,HC_avg_k24,14,skin
ach-002672,HC_avg_k24,9,pancreas
ach-000835,HC_avg_k24,15,soft_tissue
ach-002431,HC_avg_k24,15,peripheral_nervous_system
ach-001802,HC_avg_k24,19,soft_tissue
ach-000629,HC_avg_k24,15,central_nervous_system
ach-000715,HC_avg_k24,9,upper_aerodigestive
ach-000870,HC_avg_k24,21,lung
ach-000910,HC_avg_k24,9,breast
ach-000779,HC_avg_k24,9,lung
ach-000140,HC_avg_k24,13,lymphocyte
ach-001196,HC_avg_k24,19,soft_tissue
ach-001484,HC_avg_k24,13,blood
ach-000693,HC_avg_k24,9,esophagus
ach-000811,HC_avg_k24,8,ovary
ach-000423,HC_avg_k24,14,skin
ach-000290,HC_avg_k24,21,lung
ach-001847,HC_avg_k24,1,bile_duct
ach-000492,HC_avg_k24,13,blood
ach-001519,HC_avg_k24,23,bone
ach-000110,HC_avg_k24,9,gastric
ach-001497,HC_avg_k24,9,esophagus
ach-000102,HC_avg_k24,15,central_nervous_system
ach-000817,HC_avg_k24,13,plasma_cell
ach-001556,HC_avg_k24,15,lung
ach-000964,HC_avg_k24,13,blood
ach-000378,HC_avg_k24,6,lung
ach-000913,HC_avg_k24,17,uterus
ach-000575,HC_avg_k24,15,lung
ach-000634,HC_avg_k24,15,central_nervous_system
ach-002291,HC_avg_k24,20,embryo
ach-001322,HC_avg_k24,19,soft_tissue
ach-002924,HC_avg_k24,14,eye
ach-000767,HC_avg_k24,21,lung
ach-001642,HC_avg_k24,13,lymphocyte
ach-001552,HC_avg_k24,19,skin
ach-000451,HC_avg_k24,9,lung
ach-000879,HC_avg_k24,23,uterus
ach-001842,HC_avg_k24,9,bile_duct
ach-002662,HC_avg_k24,9,colorectal
ach-001032,HC_avg_k24,21,bone
ach-000982,HC_avg_k24,9,colorectal
ach-001636,HC_avg_k24,13,lymphocyte
ach-000189,HC_avg_k24,3,kidney
ach-000454,HC_avg_k24,9,lung
ach-000131,HC_avg_k24,15,fibroblast
ach-000660,HC_avg_k24,13,lymphocyte
ach-001197,HC_avg_k24,13,lymphocyte
ach-000915,HC_avg_k24,14,skin
ach-000480,HC_avg_k24,1,liver
ach-000745,HC_avg_k24,13,plasma_cell
ach-000161,HC_avg_k24,1,lung
ach-000395,HC_avg_k24,21,lung
ach-001459,HC_avg_k24,9,colorectal
ach-000916,HC_avg_k24,9,lung
ach-001609,HC_avg_k24,15,central_nervous_system
ach-001960,HC_avg_k24,9,bile_duct
ach-002648,HC_avg_k24,8,uterus
ach-001856,HC_avg_k24,1,bile_duct
ach-003158,HC_avg_k24,15,muscle
ach-002433,HC_avg_k24,15,bone
ach-000295,HC_avg_k24,13,blood
ach-001485,HC_avg_k24,13,blood
ach-003269,HC_avg_k24,15,soft_tissue
ach-000292,HC_avg_k24,23,lung
ach-000137,HC_avg_k24,15,central_nervous_system
ach-000308,HC_avg_k24,8,ovary
ach-000445,HC_avg_k24,15,central_nervous_system
ach-001229,HC_avg_k24,9,upper_aerodigestive
ach-000144,HC_avg_k24,9,gastric
ach-000837,HC_avg_k24,9,lung
ach-000048,HC_avg_k24,23,ovary
ach-000463,HC_avg_k24,5,lung
ach-000881,HC_avg_k24,14,skin
ach-000388,HC_avg_k24,13,lymphocyte
ach-001992,HC_avg_k24,15,lung
ach-000147,HC_avg_k24,9,breast
ach-000930,HC_avg_k24,7,breast
ach-000899,HC_avg_k24,14,skin
ach-000366,HC_avg_k24,21,peripheral_nervous_system
ach-001571,HC_avg_k24,13,lymphocyte
ach-001526,HC_avg_k24,19,bone
ach-000064,HC_avg_k24,9,lung
ach-001329,HC_avg_k24,15,central_nervous_system
ach-001676,HC_avg_k24,21,upper_aerodigestive
ach-000418,HC_avg_k24,15,bone
ach-001280,HC_avg_k24,19,soft_tissue
ach-002922,HC_avg_k24,21,peripheral_nervous_system
ach-000861,HC_avg_k24,15,lung
ach-000692,HC_avg_k24,9,upper_aerodigestive
ach-003137,HC_avg_k24,15,central_nervous_system
ach-000107,HC_avg_k24,9,pancreas
ach-000133,HC_avg_k24,15,soft_tissue
ach-000306,HC_avg_k24,15,fibroblast
ach-001530,HC_avg_k24,20,uterus
ach-000651,HC_avg_k24,21,colorectal
ach-000563,HC_avg_k24,9,lung
ach-000058,HC_avg_k24,15,thyroid
ach-000345,HC_avg_k24,21,peripheral_nervous_system
ach-000316,HC_avg_k24,1,liver
ach-000884,HC_avg_k24,14,skin
ach-000289,HC_avg_k24,14,central_nervous_system
ach-001451,HC_avg_k24,17,cervix
ach-003459,HC_avg_k24,14,skin
ach-002440,HC_avg_k24,16,thyroid
ach-000355,HC_avg_k24,21,lung
ach-002926,HC_avg_k24,14,unknown
ach-000962,HC_avg_k24,8,ovary
ach-000473,HC_avg_k24,9,urinary_tract
ach-000192,HC_avg_k24,21,uterus
ach-001624,HC_avg_k24,15,central_nervous_system
ach-001989,HC_avg_k24,14,skin
ach-001807,HC_avg_k24,15,soft_tissue
ach-002532,HC_avg_k24,9,colorectal
ach-002466,HC_avg_k24,15,eye
ach-001344,HC_avg_k24,15,peripheral_nervous_system
ach-001684,HC_avg_k24,13,blood
ach-000757,HC_avg_k24,23,lung
ach-000054,HC_avg_k24,15,soft_tissue
ach-001318,HC_avg_k24,1,liver
ach-000601,HC_avg_k24,22,pancreas
ach-000635,HC_avg_k24,8,ovary
ach-001857,HC_avg_k24,18,bile_duct
ach-000966,HC_avg_k24,8,ovary
ach-000630,HC_avg_k24,15,upper_aerodigestive
ach-000225,HC_avg_k24,21,gastric
ach-002047,HC_avg_k24,15,uterus
ach-000657,HC_avg_k24,23,ovary
ach-000624,HC_avg_k24,9,breast
ach-000699,HC_avg_k24,15,breast
ach-000923,HC_avg_k24,13,lymphocyte
ach-000687,HC_avg_k24,13,lymphocyte
ach-000044,HC_avg_k24,9,breast
ach-000740,HC_avg_k24,9,upper_aerodigestive
ach-000447,HC_avg_k24,6,lung
ach-000101,HC_avg_k24,13,blood
ach-001416,HC_avg_k24,9,urinary_tract
ach-000319,HC_avg_k24,15,lung
ach-000198,HC_avg_k24,13,blood
ach-000280,HC_avg_k24,9,ovary
ach-003265,HC_avg_k24,15,soft_tissue
ach-000104,HC_avg_k24,13,blood
ach-001835,HC_avg_k24,1,bile_duct
ach-000892,HC_avg_k24,5,lung
ach-000493,HC_avg_k24,15,liver
ach-000042,HC_avg_k24,9,pancreas
ach-002045,HC_avg_k24,9,upper_aerodigestive
ach-000221,HC_avg_k24,23,liver
ach-000477,HC_avg_k24,14,skin
ach-000746,HC_avg_k24,21,gastric
ach-000356,HC_avg_k24,9,gastric
ach-000457,HC_avg_k24,3,kidney
ach-000904,HC_avg_k24,21,lung
ach-002060,HC_avg_k24,13,blood
ach-003159,HC_avg_k24,15,hair
ach-001813,HC_avg_k24,15,bone
ach-000244,HC_avg_k24,15,central_nervous_system
ach-000610,HC_avg_k24,21,lung
ach-000081,HC_avg_k24,13,blood
ach-003161,HC_avg_k24,15,pancreas
ach-000255,HC_avg_k24,15,gastric
ach-001038,HC_avg_k24,21,bone
ach-000352,HC_avg_k24,9,breast
ach-002016,HC_avg_k24,15,eye
ach-000416,HC_avg_k24,5,lung
ach-000752,HC_avg_k24,15,lung
ach-000862,HC_avg_k24,9,urinary_tract
ach-000236,HC_avg_k24,9,colorectal
ach-000401,HC_avg_k24,14,skin
ach-000731,HC_avg_k24,15,lung
ach-000875,HC_avg_k24,9,lung
ach-000626,HC_avg_k24,13,plasma_cell
ach-000593,HC_avg_k24,9,urinary_tract
ach-000182,HC_avg_k24,9,bile_duct
ach-000442,HC_avg_k24,15,lung
ach-000159,HC_avg_k24,3,kidney
ach-000907,HC_avg_k24,3,kidney
ach-000191,HC_avg_k24,6,thyroid
ach-000205,HC_avg_k24,9,pancreas
ach-000103,HC_avg_k24,8,ovary
ach-000739,HC_avg_k24,1,liver
ach-001558,HC_avg_k24,15,lung
ach-000206,HC_avg_k24,13,lymphocyte
ach-000841,HC_avg_k24,9,lung
ach-000615,HC_avg_k24,14,skin
ach-001613,HC_avg_k24,13,blood
ach-001608,HC_avg_k24,15,central_nervous_system
ach-000801,HC_avg_k24,14,skin
ach-000539,HC_avg_k24,15,fibroblast
ach-000464,HC_avg_k24,15,central_nervous_system
ach-000622,HC_avg_k24,15,central_nervous_system
ach-000452,HC_avg_k24,11,esophagus
ach-001390,HC_avg_k24,9,breast
ach-001401,HC_avg_k24,23,adrenal_cortex
ach-000365,HC_avg_k24,13,lymphocyte
ach-001431,HC_avg_k24,21,bone
ach-000475,HC_avg_k24,1,liver
ach-000860,HC_avg_k24,9,lung
ach-000074,HC_avg_k24,13,blood
ach-000377,HC_avg_k24,9,bile_duct
ach-001562,HC_avg_k24,15,lung
ach-001693,HC_avg_k24,15,upper_aerodigestive
ach-003134,HC_avg_k24,15,unknown
ach-000259,HC_avg_k24,21,peripheral_nervous_system
ach-001697,HC_avg_k24,9,upper_aerodigestive
ach-002801,HC_avg_k24,14,peripheral_nervous_system
ach-001388,HC_avg_k24,9,breast
ach-001410,HC_avg_k24,9,urinary_tract
ach-002025,HC_avg_k24,9,colorectal
ach-002688,HC_avg_k24,15,bone
ach-000720,HC_avg_k24,15,urinary_tract
ach-000095,HC_avg_k24,21,central_nervous_system
ach-001345,HC_avg_k24,9,colorectal
ach-000558,HC_avg_k24,15,central_nervous_system
ach-000664,HC_avg_k24,13,lymphocyte
ach-000177,HC_avg_k24,21,prostate
ach-001423,HC_avg_k24,3,kidney
ach-000335,HC_avg_k24,15,lung
ach-000940,HC_avg_k24,23,uterus
ach-003160,HC_avg_k24,15,hair
ach-000631,HC_avg_k24,14,central_nervous_system
ach-000207,HC_avg_k24,9,upper_aerodigestive
ach-000764,HC_avg_k24,15,gastric
ach-000995,HC_avg_k24,13,blood
ach-000373,HC_avg_k24,13,blood
ach-000953,HC_avg_k24,13,blood
ach-000709,HC_avg_k24,3,kidney
ach-003463,HC_avg_k24,13,lymphocyte
ach-000846,HC_avg_k24,9,upper_aerodigestive
ach-001702,HC_avg_k24,3,soft_tissue
ach-000333,HC_avg_k24,9,ovary
ach-001708,HC_avg_k24,13,lymphocyte
ach-002059,HC_avg_k24,13,blood
ach-000929,HC_avg_k24,9,lung
ach-001395,HC_avg_k24,9,breast
ach-000948,HC_avg_k24,9,gastric
ach-002015,HC_avg_k24,15,eye
ach-000981,HC_avg_k24,13,blood
ach-000617,HC_avg_k24,8,ovary
ach-000311,HC_avg_k24,9,lung
ach-001210,HC_avg_k24,23,soft_tissue
ach-001834,HC_avg_k24,1,bile_duct
ach-002010,HC_avg_k24,14,eye
ach-003143,HC_avg_k24,3,kidney
ach-000390,HC_avg_k24,9,lung
ach-000468,HC_avg_k24,6,pancreas
ach-002651,HC_avg_k24,13,blood
ach-001061,HC_avg_k24,9,colorectal
ach-000077,HC_avg_k24,13,lymphocyte
ach-000456,HC_avg_k24,16,thyroid
ach-002703,HC_avg_k24,1,gastric
ach-000496,HC_avg_k24,6,lung
ach-002512,HC_avg_k24,14,skin
ach-000062,HC_avg_k24,6,lung
ach-002464,HC_avg_k24,15,eye
ach-000088,HC_avg_k24,15,fibroblast
ach-000536,HC_avg_k24,9,breast
ach-000071,HC_avg_k24,15,fibroblast
ach-002004,HC_avg_k24,14,skin
ach-000878,HC_avg_k24,5,lung
ach-001380,HC_avg_k24,1,pancreas
ach-002061,HC_avg_k24,13,blood
ach-000385,HC_avg_k24,3,kidney
ach-000412,HC_avg_k24,9,colorectal
ach-003474,HC_avg_k24,9,upper_aerodigestive
ach-000427,HC_avg_k24,9,gastric
ach-000938,HC_avg_k24,13,blood
ach-000462,HC_avg_k24,13,blood
ach-000939,HC_avg_k24,23,soft_tissue
ach-000325,HC_avg_k24,9,gastric
ach-000515,HC_avg_k24,21,lung
ach-001033,HC_avg_k24,23,central_nervous_system
ach-000919,HC_avg_k24,9,gastric
ach-000863,HC_avg_k24,15,central_nervous_system
ach-000642,HC_avg_k24,9,breast
ach-000581,HC_avg_k24,9,gastric
ach-001435,HC_avg_k24,19,testis
ach-001050,HC_avg_k24,19,soft_tissue
ach-001818,HC_avg_k24,15,bone
ach-001384,HC_avg_k24,15,thyroid
ach-000797,HC_avg_k24,15,fibroblast
ach-000220,HC_avg_k24,13,lymphocyte
ach-001533,HC_avg_k24,13,lymphocyte
ach-001508,HC_avg_k24,11,upper_aerodigestive
ach-000827,HC_avg_k24,15,skin
ach-003119,HC_avg_k24,21,lung
ach-000961,HC_avg_k24,8,uterus
ach-000778,HC_avg_k24,9,upper_aerodigestive
ach-000825,HC_avg_k24,15,lung
ach-000743,HC_avg_k24,21,lung
ach-000190,HC_avg_k24,15,unknown
ach-001819,HC_avg_k24,9,breast
ach-000157,HC_avg_k24,13,lymphocyte
ach-001786,HC_avg_k24,9,colorectal
ach-000253,HC_avg_k24,9,colorectal
ach-001376,HC_avg_k24,9,pancreas
ach-000958,HC_avg_k24,9,colorectal
ach-000228,HC_avg_k24,9,upper_aerodigestive
ach-000266,HC_avg_k24,9,pancreas
ach-001750,HC_avg_k24,15,soft_tissue
ach-000174,HC_avg_k24,17,thyroid
ach-000245,HC_avg_k24,13,lymphocyte
ach-001279,HC_avg_k24,23,ovary
ach-000620,HC_avg_k24,8,liver
ach-000813,HC_avg_k24,6,lung
ach-001513,HC_avg_k24,9,cervix
ach-000168,HC_avg_k24,13,blood
ach-000257,HC_avg_k24,21,lung
ach-000211,HC_avg_k24,15,central_nervous_system
ach-000283,HC_avg_k24,15,central_nervous_system
ach-002401,HC_avg_k24,9,breast
ach-002041,HC_avg_k24,15,thyroid
ach-000987,HC_avg_k24,14,skin
ach-003465,HC_avg_k24,15,upper_aerodigestive
ach-000682,HC_avg_k24,9,upper_aerodigestive
ach-000073,HC_avg_k24,13,lymphocyte
ach-000212,HC_avg_k24,17,breast
ach-000096,HC_avg_k24,23,kidney
ach-002500,HC_avg_k24,13,lymphocyte
ach-001440,HC_avg_k24,20,testis
ach-000063,HC_avg_k24,15,fibroblast
ach-002942,HC_avg_k24,15,soft_tissue
ach-001999,HC_avg_k24,9,pancreas
ach-000776,HC_avg_k24,12,central_nervous_system
ach-000521,HC_avg_k24,5,lung
ach-000299,HC_avg_k24,13,blood
ach-000025,HC_avg_k24,15,central_nervous_system
ach-000591,HC_avg_k24,15,central_nervous_system
ach-001716,HC_avg_k24,21,peripheral_nervous_system
ach-000833,HC_avg_k24,19,soft_tissue
ach-001628,HC_avg_k24,3,ovary
ach-000398,HC_avg_k24,13,lymphocyte
ach-000274,HC_avg_k24,14,skin
ach-001370,HC_avg_k24,16,ovary
ach-001700,HC_avg_k24,9,upper_aerodigestive
ach-000029,HC_avg_k24,9,lung
ach-001849,HC_avg_k24,9,bile_duct
ach-000644,HC_avg_k24,14,skin
ach-001422,HC_avg_k24,9,prostate
ach-000588,HC_avg_k24,13,plasma_cell
ach-000849,HC_avg_k24,9,breast
ach-002690,HC_avg_k24,15,bone
ach-000219,HC_avg_k24,14,skin
ach-000150,HC_avg_k24,9,lung
ach-001845,HC_avg_k24,1,bile_duct
ach-002643,HC_avg_k24,13,lymphocyte
ach-000384,HC_avg_k24,9,urinary_tract
ach-001053,HC_avg_k24,21,central_nervous_system
ach-001274,HC_avg_k24,15,soft_tissue
ach-000091,HC_avg_k24,3,ovary
ach-002932,HC_avg_k24,9,colorectal
ach-002014,HC_avg_k24,14,eye
ach-001634,HC_avg_k24,13,blood
ach-002531,HC_avg_k24,9,lung
ach-000495,HC_avg_k24,3,kidney
ach-000911,HC_avg_k24,9,gastric
ach-000013,HC_avg_k24,8,ovary
ach-002667,HC_avg_k24,9,colorectal
ach-000777,HC_avg_k24,9,esophagus
ach-001765,HC_avg_k24,19,soft_tissue
ach-000312,HC_avg_k24,21,peripheral_nervous_system
ach-000085,HC_avg_k24,9,pancreas
ach-000436,HC_avg_k24,13,plasma_cell
ach-000869,HC_avg_k24,9,lung
ach-003061,HC_avg_k24,21,lung
ach-003471,HC_avg_k24,2,thyroid
ach-000267,HC_avg_k24,13,lymphocyte
ach-000489,HC_avg_k24,9,colorectal
ach-000431,HC_avg_k24,21,lung
ach-000152,HC_avg_k24,15,central_nervous_system
ach-000909,HC_avg_k24,23,uterus
ach-000534,HC_avg_k24,13,lymphocyte
ach-001489,HC_avg_k24,21,lung
ach-000582,HC_avg_k24,14,skin
ach-000460,HC_avg_k24,8,ovary
ach-000443,HC_avg_k24,8,ovary
ach-001570,HC_avg_k24,14,skin
ach-000986,HC_avg_k24,9,colorectal
ach-001335,HC_avg_k24,9,cervix
ach-000023,HC_avg_k24,17,pancreas
ach-002062,HC_avg_k24,13,lymphocyte
ach-002462,HC_avg_k24,15,eye
ach-000151,HC_avg_k24,13,blood
ach-001277,HC_avg_k24,19,soft_tissue
ach-000607,HC_avg_k24,23,soft_tissue
ach-002647,HC_avg_k24,9,gastric
ach-000703,HC_avg_k24,21,lung
ach-001211,HC_avg_k24,23,soft_tissue
ach-003152,HC_avg_k24,15,lung
ach-001511,HC_avg_k24,9,upper_aerodigestive
ach-000113,HC_avg_k24,13,blood
ach-000337,HC_avg_k24,9,lung
ach-000598,HC_avg_k24,13,plasma_cell
ach-000057,HC_avg_k24,13,plasma_cell
ach-000281,HC_avg_k24,9,pancreas
ach-000321,HC_avg_k24,13,blood
ach-000985,HC_avg_k24,9,colorectal
ach-000444,HC_avg_k24,17,lung
ach-000347,HC_avg_k24,21,pancreas
ach-001399,HC_avg_k24,9,colorectal
ach-001097,HC_avg_k24,13,lymphocyte
ach-000127,HC_avg_k24,17,urinary_tract
ach-001961,HC_avg_k24,6,bile_duct
ach-001796,HC_avg_k24,15,soft_tissue
ach-000307,HC_avg_k24,9,pancreas
ach-001030,HC_avg_k24,21,bone
ach-002485,HC_avg_k24,13,lymphocyte
ach-000595,HC_avg_k24,14,central_nervous_system
ach-001540,HC_avg_k24,15,soft_tissue
ach-000298,HC_avg_k24,21,lung
ach-000771,HC_avg_k24,9,upper_aerodigestive
ach-000500,HC_avg_k24,17,upper_aerodigestive
ach-000353,HC_avg_k24,9,esophagus
ach-000363,HC_avg_k24,13,plasma_cell
ach-000350,HC_avg_k24,9,colorectal
ach-000053,HC_avg_k24,13,lymphocyte
ach-001543,HC_avg_k24,9,upper_aerodigestive
ach-000663,HC_avg_k24,3,ovary
ach-000346,HC_avg_k24,13,blood
ach-000970,HC_avg_k24,9,colorectal
ach-002543,HC_avg_k24,9,colorectal
ach-001333,HC_avg_k24,23,cervix
ach-000794,HC_avg_k24,9,upper_aerodigestive
ach-000039,HC_avg_k24,21,bone
ach-000471,HC_avg_k24,1,liver
ach-000850,HC_avg_k24,15,fibroblast
ach-000291,HC_avg_k24,9,ovary
ach-001453,HC_avg_k24,9,prostate
ach-001458,HC_avg_k24,9,colorectal
ach-000886,HC_avg_k24,9,lung
ach-000888,HC_avg_k24,4,lung
ach-000659,HC_avg_k24,21,lung
ach-000030,HC_avg_k24,9,lung
ach-001201,HC_avg_k24,21,central_nervous_system
ach-000271,HC_avg_k24,13,lymphocyte
ach-002676,HC_avg_k24,13,blood
ach-000549,HC_avg_k24,9,upper_aerodigestive
ach-000555,HC_avg_k24,3,kidney
ach-000478,HC_avg_k24,15,liver
ach-000775,HC_avg_k24,9,lung
ach-002214,HC_avg_k24,13,lymphocyte
ach-000038,HC_avg_k24,13,lymphocyte
ach-001109,HC_avg_k24,23,soft_tissue
ach-001442,HC_avg_k24,9,epidermoid_carcinoma
ach-000559,HC_avg_k24,21,lung
ach-000510,HC_avg_k24,23,lung
ach-002065,HC_avg_k24,15,central_nervous_system
ach-000676,HC_avg_k24,14,central_nervous_system
ach-002659,HC_avg_k24,9,colorectal
ach-000844,HC_avg_k24,21,lung
ach-002403,HC_avg_k24,15,skin
ach-002787,HC_avg_k24,15,soft_tissue
ach-002497,HC_avg_k24,4,lung
ach-002798,HC_avg_k24,15,skin
ach-000925,HC_avg_k24,9,lung
ach-002465,HC_avg_k24,15,eye
ach-000272,HC_avg_k24,3,kidney
ach-001035,HC_avg_k24,21,bone
ach-003457,HC_avg_k24,14,skin
ach-000513,HC_avg_k24,3,kidney
ach-001059,HC_avg_k24,23,soft_tissue
ach-000959,HC_avg_k24,9,colorectal
ach-002283,HC_avg_k24,21,peripheral_nervous_system
ach-000169,HC_avg_k24,19,soft_tissue
ach-001402,HC_avg_k24,5,cervix
ach-000796,HC_avg_k24,9,ovary
ach-000143,HC_avg_k24,21,lung
ach-000067,HC_avg_k24,15,central_nervous_system
ach-000640,HC_avg_k24,14,skin
ach-001591,HC_avg_k24,21,lung
ach-001674,HC_avg_k24,21,peripheral_nervous_system
ach-001698,HC_avg_k24,9,upper_aerodigestive
ach-002002,HC_avg_k24,14,skin
ach-002011,HC_avg_k24,14,eye
ach-003268,HC_avg_k24,15,soft_tissue
ach-000967,HC_avg_k24,9,colorectal
ach-000469,HC_avg_k24,15,central_nervous_system
ach-001353,HC_avg_k24,9,pancreas
ach-001574,HC_avg_k24,13,blood
ach-000097,HC_avg_k24,9,breast
ach-000256,HC_avg_k24,8,ovary
ach-000977,HC_avg_k24,9,prostate
ach-000972,HC_avg_k24,8,uterus
ach-001367,HC_avg_k24,21,peripheral_nervous_system
ach-000382,HC_avg_k24,21,lung
ach-003476,HC_avg_k24,9,upper_aerodigestive
ach-000579,HC_avg_k24,14,skin
ach-002035,HC_avg_k24,17,lung
ach-001532,HC_avg_k24,23,kidney
ach-000695,HC_avg_k24,21,lung
ach-001795,HC_avg_k24,3,soft_tissue
ach-001510,HC_avg_k24,9,upper_aerodigestive
ach-000502,HC_avg_k24,9,pancreas
ach-000183,HC_avg_k24,13,plasma_cell
ach-000408,HC_avg_k24,9,esophagus
ach-001496,HC_avg_k24,9,esophagus
ach-000788,HC_avg_k24,14,skin
ach-002405,HC_avg_k24,14,skin
ach-002409,HC_avg_k24,15,central_nervous_system
ach-001622,HC_avg_k24,15,central_nervous_system
ach-000466,HC_avg_k24,9,gastric
ach-001560,HC_avg_k24,15,lung
ach-001019,HC_avg_k24,21,skin
ach-003111,HC_avg_k24,15,soft_tissue
ach-000005,HC_avg_k24,13,blood
ach-001687,HC_avg_k24,3,kidney
ach-001151,HC_avg_k24,6,ovary
ach-000701,HC_avg_k24,9,ovary
ach-000542,HC_avg_k24,15,ovary
ach-000126,HC_avg_k24,15,central_nervous_system
ach-001685,HC_avg_k24,13,lymphocyte
ach-000933,HC_avg_k24,9,pancreas
ach-000068,HC_avg_k24,13,lymphocyte
ach-000015,HC_avg_k24,23,lung
ach-001111,HC_avg_k24,13,lymphocyte
ach-000487,HC_avg_k24,13,blood
ach-000122,HC_avg_k24,13,blood
ach-000288,HC_avg_k24,15,breast
ach-001820,HC_avg_k24,7,breast
ach-000782,HC_avg_k24,13,blood
ach-001632,HC_avg_k24,8,ovary
ach-002399,HC_avg_k24,9,breast
ach-000357,HC_avg_k24,13,lymphocyte
ach-000079,HC_avg_k24,15,fibroblast
ach-001031,HC_avg_k24,23,soft_tissue
ach-001064,HC_avg_k24,13,lymphocyte
ach-002802,HC_avg_k24,14,peripheral_nervous_system
ach-001048,HC_avg_k24,17,ovary
ach-000453,HC_avg_k24,13,plasma_cell
ach-003155,HC_avg_k24,15,liver
ach-000791,HC_avg_k24,9,lung
ach-000567,HC_avg_k24,13,lymphocyte
ach-001391,HC_avg_k24,15,breast
ach-001075,HC_avg_k24,9,lung
ach-000105,HC_avg_k24,13,blood
ach-000557,HC_avg_k24,13,blood
ach-000175,HC_avg_k24,15,fibroblast
ach-001356,HC_avg_k24,15,thyroid
ach-001844,HC_avg_k24,1,bile_duct
ach-001346,HC_avg_k24,9,upper_aerodigestive
ach-000885,HC_avg_k24,3,ovary
ach-000900,HC_avg_k24,23,lung
ach-000666,HC_avg_k24,5,lung
ach-001428,HC_avg_k24,21,bone
ach-000217,HC_avg_k24,15,liver
ach-000872,HC_avg_k24,5,lung
ach-001974,HC_avg_k24,14,skin
ach-002020,HC_avg_k24,9,cervix
ach-001638,HC_avg_k24,13,lymphocyte
ach-001228,HC_avg_k24,9,upper_aerodigestive
ach-000181,HC_avg_k24,9,upper_aerodigestive
ach-000115,HC_avg_k24,9,prostate
ach-000130,HC_avg_k24,13,blood
ach-000121,HC_avg_k24,6,lung
ach-001711,HC_avg_k24,19,central_nervous_system
ach-000934,HC_avg_k24,9,breast
ach-000996,HC_avg_k24,8,uterus
ach-001529,HC_avg_k24,20,uterus
ach-001743,HC_avg_k24,19,soft_tissue
ach-000320,HC_avg_k24,6,pancreas
ach-000505,HC_avg_k24,15,soft_tissue
ach-000781,HC_avg_k24,5,lung
ach-000059,HC_avg_k24,13,blood
ach-000920,HC_avg_k24,13,blood
ach-000294,HC_avg_k24,13,blood
ach-000422,HC_avg_k24,15,liver
ach-000200,HC_avg_k24,15,central_nervous_system
ach-000046,HC_avg_k24,3,kidney
ach-000968,HC_avg_k24,14,skin
ach-000830,HC_avg_k24,21,lung
ach-000114,HC_avg_k24,9,pancreas
ach-000402,HC_avg_k24,13,lymphocyte
ach-001578,HC_avg_k24,20,embryo
ach-000036,HC_avg_k24,15,central_nervous_system
ach-000973,HC_avg_k24,17,urinary_tract
ach-001128,HC_avg_k24,23,soft_tissue
ach-003437,HC_avg_k24,9,gastric
ach-000750,HC_avg_k24,15,skin
ach-000285,HC_avg_k24,13,lymphocyte
ach-002669,HC_avg_k24,9,colorectal
ach-001858,HC_avg_k24,15,bile_duct
ach-001997,HC_avg_k24,9,bile_duct
ach-000052,HC_avg_k24,21,bone
ach-001113,HC_avg_k29,9,lung
ach-001289,HC_avg_k29,28,soft_tissue
ach-001339,HC_avg_k29,15,skin
ach-001979,HC_avg_k29,15,skin
ach-002438,HC_avg_k29,18,kidney
ach-001538,HC_avg_k29,9,bile_duct
ach-000242,HC_avg_k29,9,urinary_tract
ach-000708,HC_avg_k29,9,colorectal
ach-000327,HC_avg_k29,9,lung
ach-000233,HC_avg_k29,14,lymphocyte
ach-000461,HC_avg_k29,9,bile_duct
ach-000705,HC_avg_k29,9,lung
ach-001794,HC_avg_k29,18,soft_tissue
ach-002023,HC_avg_k29,9,colorectal
ach-000528,HC_avg_k29,9,lung
ach-002501,HC_avg_k29,22,soft_tissue
ach-001655,HC_avg_k29,18,uterus
ach-000167,HC_avg_k29,14,plasma_cell
ach-000792,HC_avg_k29,18,kidney
ach-001098,HC_avg_k29,9,pancreas
ach-000570,HC_avg_k29,18,central_nervous_system
ach-000351,HC_avg_k29,12,gastric
ach-002075,HC_avg_k29,24,lung
ach-002040,HC_avg_k29,15,skin
ach-000769,HC_avg_k29,24,lung
ach-000154,HC_avg_k29,18,fibroblast
ach-000828,HC_avg_k29,9,breast
ach-000421,HC_avg_k29,9,colorectal
ach-000765,HC_avg_k29,15,skin
ach-001375,HC_avg_k29,9,pancreas
ach-000008,HC_avg_k29,15,skin
ach-001814,HC_avg_k29,18,bone
ach-000800,HC_avg_k29,24,lung
ach-000606,HC_avg_k29,9,upper_aerodigestive
ach-000317,HC_avg_k29,3,kidney
ach-001492,HC_avg_k29,14,lymphocyte
ach-000123,HC_avg_k29,28,ovary
ach-000723,HC_avg_k29,9,upper_aerodigestive
ach-002066,HC_avg_k29,15,central_nervous_system
ach-001536,HC_avg_k29,5,bile_duct
ach-003136,HC_avg_k29,18,unknown
ach-000313,HC_avg_k29,3,kidney
ach-002019,HC_avg_k29,9,cervix
ach-000728,HC_avg_k29,14,blood
ach-000700,HC_avg_k29,18,lung
ach-000823,HC_avg_k29,9,esophagus
ach-000678,HC_avg_k29,9,gastric
ach-000006,HC_avg_k29,14,blood
ach-002790,HC_avg_k29,22,soft_tissue
ach-002029,HC_avg_k29,9,upper_aerodigestive
ach-001377,HC_avg_k29,9,pancreas
ach-000754,HC_avg_k29,14,lymphocyte
ach-000465,HC_avg_k29,15,skin
ach-000138,HC_avg_k29,9,pancreas
ach-001864,HC_avg_k29,9,bile_duct
ach-000383,HC_avg_k29,9,esophagus
ach-001547,HC_avg_k29,18,lung
ach-000917,HC_avg_k29,9,esophagus
ach-002471,HC_avg_k29,22,bone
ach-000984,HC_avg_k29,8,uterus
ach-002678,HC_avg_k29,14,lymphocyte
ach-001409,HC_avg_k29,9,urinary_tract
ach-001707,HC_avg_k29,14,blood
ach-000117,HC_avg_k29,9,breast
ach-000999,HC_avg_k29,9,colorectal
ach-000633,HC_avg_k29,1,gastric
ach-000520,HC_avg_k29,18,ovary
ach-000176,HC_avg_k29,18,lung
ach-000017,HC_avg_k29,9,breast
ach-000020,HC_avg_k29,14,blood
ach-001385,HC_avg_k29,24,upper_aerodigestive
ach-000587,HC_avg_k29,18,lung
ach-000785,HC_avg_k29,9,lung
ach-003469,HC_avg_k29,18,thyroid
ach-000554,HC_avg_k29,9,breast
ach-003180,HC_avg_k29,18,soft_tissue
ach-001398,HC_avg_k29,3,kidney
ach-001991,HC_avg_k29,24,ovary
ach-001332,HC_avg_k29,9,upper_aerodigestive
ach-000585,HC_avg_k29,9,lung
ach-000550,HC_avg_k29,18,skin
ach-000627,HC_avg_k29,18,lung
ach-000704,HC_avg_k29,8,ovary
ach-000276,HC_avg_k29,7,breast
ach-000075,HC_avg_k29,18,central_nervous_system
ach-000818,HC_avg_k29,9,breast
ach-003184,HC_avg_k29,18,soft_tissue
ach-001616,HC_avg_k29,14,lymphocyte
ach-000625,HC_avg_k29,1,liver
ach-000941,HC_avg_k29,8,uterus
ach-000392,HC_avg_k29,9,lung
ach-000269,HC_avg_k29,18,central_nervous_system
ach-001670,HC_avg_k29,24,peripheral_nervous_system
ach-003133,HC_avg_k29,18,unknown
ach-000856,HC_avg_k29,8,breast
ach-002687,HC_avg_k29,15,eye
ach-001119,HC_avg_k29,14,lymphocyte
ach-003132,HC_avg_k29,18,unknown
ach-000376,HC_avg_k29,18,central_nervous_system
ach-000685,HC_avg_k29,9,pancreas
ach-000729,HC_avg_k29,24,lung
ach-001034,HC_avg_k29,24,bone
ach-001283,HC_avg_k29,24,bone
ach-000880,HC_avg_k29,9,gastric
ach-000035,HC_avg_k29,9,lung
ach-001200,HC_avg_k29,28,soft_tissue
ach-000194,HC_avg_k29,18,fibroblast
ach-000322,HC_avg_k29,15,skin
ach-000552,HC_avg_k29,9,colorectal
ach-002508,HC_avg_k29,18,skin
ach-000222,HC_avg_k29,9,pancreas
ach-000260,HC_avg_k29,18,peripheral_nervous_system
ach-001652,HC_avg_k29,20,uterus
ach-000608,HC_avg_k29,9,ovary
ach-000501,HC_avg_k29,9,colorectal
ach-000612,HC_avg_k29,14,lymphocyte
ach-002033,HC_avg_k29,18,pleura
ach-001184,HC_avg_k29,22,soft_tissue
ach-001688,HC_avg_k29,3,kidney
ach-001838,HC_avg_k29,9,bile_duct
ach-000638,HC_avg_k29,9,lung
ach-001846,HC_avg_k29,1,bile_duct
ach-000798,HC_avg_k29,9,colorectal
ach-001321,HC_avg_k29,24,thyroid
ach-000894,HC_avg_k29,9,lung
ach-001559,HC_avg_k29,18,lung
ach-000344,HC_avg_k29,5,gastric
ach-000223,HC_avg_k29,9,breast
ach-000031,HC_avg_k29,9,pancreas
ach-000034,HC_avg_k29,14,blood
ach-001861,HC_avg_k29,9,bile_duct
ach-003468,HC_avg_k29,18,thyroid
ach-000772,HC_avg_k29,22,soft_tissue
ach-000946,HC_avg_k29,8,uterus
ach-000596,HC_avg_k29,9,lung
ach-001046,HC_avg_k29,14,lung
ach-000632,HC_avg_k29,15,skin
ach-000978,HC_avg_k29,28,uterus
ach-000332,HC_avg_k29,9,pancreas
ach-001841,HC_avg_k29,9,bile_duct
ach-003273,HC_avg_k29,14,blood
ach-000179,HC_avg_k29,24,lung
ach-000887,HC_avg_k29,9,central_nervous_system
ach-000368,HC_avg_k29,18,central_nervous_system
ach-000240,HC_avg_k29,18,fibroblast
ach-000578,HC_avg_k29,9,lung
ach-001611,HC_avg_k29,18,central_nervous_system
ach-000135,HC_avg_k29,18,fibroblast
ach-001671,HC_avg_k29,23,testis
ach-000406,HC_avg_k29,14,blood
ach-001541,HC_avg_k29,14,plasma_cell
ach-000998,HC_avg_k29,9,colorectal
ach-000441,HC_avg_k29,15,skin
ach-000960,HC_avg_k29,14,blood
ach-000098,HC_avg_k29,18,central_nervous_system
ach-001651,HC_avg_k29,5,uterus
ach-001456,HC_avg_k29,9,colorectal
ach-001336,HC_avg_k29,9,cervix
ach-000284,HC_avg_k29,18,fibroblast
ach-000971,HC_avg_k29,10,colorectal
ach-001454,HC_avg_k29,9,colorectal
ach-000926,HC_avg_k29,9,colorectal
ach-000033,HC_avg_k29,9,lung
ach-000576,HC_avg_k29,14,plasma_cell
ach-000019,HC_avg_k29,9,breast
ach-001577,HC_avg_k29,14,blood
ach-001981,HC_avg_k29,15,skin
ach-000330,HC_avg_k29,9,breast
ach-000848,HC_avg_k29,1,liver
ach-000481,HC_avg_k29,9,lung
ach-001517,HC_avg_k29,8,uterus
ach-000338,HC_avg_k29,14,lymphocyte
ach-001959,HC_avg_k29,28,bile_duct
ach-001414,HC_avg_k29,9,urinary_tract
ach-001227,HC_avg_k29,9,upper_aerodigestive
ach-000871,HC_avg_k29,24,lung
ach-001403,HC_avg_k29,8,ovary
ach-000805,HC_avg_k29,15,skin
ach-001142,HC_avg_k29,18,central_nervous_system
ach-001554,HC_avg_k29,15,eye
ach-001667,HC_avg_k29,15,soft_tissue
ach-000847,HC_avg_k29,22,gastric
ach-001447,HC_avg_k29,14,lymphocyte
ach-001537,HC_avg_k29,28,bile_duct
ach-001207,HC_avg_k29,18,fibroblast
ach-001854,HC_avg_k29,18,bile_duct
ach-000832,HC_avg_k29,9,upper_aerodigestive
ach-001975,HC_avg_k29,15,skin
ach-000428,HC_avg_k29,3,kidney
ach-001382,HC_avg_k29,9,pancreas
ach-001302,HC_avg_k29,24,peripheral_nervous_system
ach-000690,HC_avg_k29,9,lung
ach-001134,HC_avg_k29,14,lymphocyte
ach-000914,HC_avg_k29,14,lymphocyte
ach-000858,HC_avg_k29,9,lung
ach-001421,HC_avg_k29,24,eye
ach-002796,HC_avg_k29,22,soft_tissue
ach-003183,HC_avg_k29,18,soft_tissue
ach-002716,HC_avg_k29,14,blood
ach-003100,HC_avg_k29,14,lymphocyte
ach-000544,HC_avg_k29,9,esophagus
ach-000725,HC_avg_k29,9,breast
ach-000566,HC_avg_k29,3,urinary_tract
ach-000760,HC_avg_k29,18,central_nervous_system
ach-001745,HC_avg_k29,22,soft_tissue
ach-000787,HC_avg_k29,18,lung
ach-001598,HC_avg_k29,24,adrenal_cortex
ach-000749,HC_avg_k29,24,lung
ach-001691,HC_avg_k29,18,upper_aerodigestive
ach-001328,HC_avg_k29,9,skin
ach-001704,HC_avg_k29,15,skin
ach-001502,HC_avg_k29,23,testis
ach-002844,HC_avg_k29,18,soft_tissue
ach-001068,HC_avg_k29,14,lymphocyte
ach-000358,HC_avg_k29,24,lung
ach-002695,HC_avg_k29,18,peripheral_nervous_system
ach-001672,HC_avg_k29,23,testis
ach-001654,HC_avg_k29,6,esophagus
ach-001521,HC_avg_k29,9,skin
ach-000209,HC_avg_k29,1,bile_duct
ach-001520,HC_avg_k29,14,blood
ach-000213,HC_avg_k29,9,pancreas
ach-001610,HC_avg_k29,18,central_nervous_system
ach-001408,HC_avg_k29,9,urinary_tract
ach-000991,HC_avg_k29,9,colorectal
ach-001412,HC_avg_k29,9,urinary_tract
ach-000331,HC_avg_k29,18,lung
ach-001407,HC_avg_k29,18,urinary_tract
ach-000580,HC_avg_k29,15,skin
ach-000594,HC_avg_k29,24,lung
ach-000684,HC_avg_k29,3,kidney
ach-000742,HC_avg_k29,18,fibroblast
ach-000868,HC_avg_k29,9,lung
ach-000732,HC_avg_k29,9,upper_aerodigestive
ach-001481,HC_avg_k29,18,peripheral_nervous_system
ach-000429,HC_avg_k29,3,kidney
ach-000310,HC_avg_k29,24,peripheral_nervous_system
ach-002475,HC_avg_k29,23,blood
ach-000643,HC_avg_k29,9,breast
ach-000234,HC_avg_k29,3,kidney
ach-003267,HC_avg_k29,18,soft_tissue
ach-001498,HC_avg_k29,14,lymphocyte
ach-000896,HC_avg_k29,9,urinary_tract
ach-003451,HC_avg_k29,22,kidney
ach-000203,HC_avg_k29,24,peripheral_nervous_system
ach-001607,HC_avg_k29,6,bile_duct
ach-002706,HC_avg_k29,25,gastric
ach-001441,HC_avg_k29,15,eye
ach-000112,HC_avg_k29,14,blood
ach-000874,HC_avg_k29,14,blood
ach-000186,HC_avg_k29,9,lung
ach-002780,HC_avg_k29,24,bone
ach-000677,HC_avg_k29,25,lung
ach-000055,HC_avg_k29,24,central_nervous_system
ach-000485,HC_avg_k29,9,gastric
ach-000672,HC_avg_k29,19,lung
ach-001150,HC_avg_k29,18,bone
ach-000287,HC_avg_k29,14,lymphocyte
ach-000784,HC_avg_k29,9,esophagus
ach-000530,HC_avg_k29,28,lung
ach-002024,HC_avg_k29,24,colorectal
ach-000380,HC_avg_k29,14,plasma_cell
ach-001737,HC_avg_k29,14,blood
ach-001400,HC_avg_k29,9,cervix
ach-001054,HC_avg_k29,24,central_nervous_system
ach-001695,HC_avg_k29,9,upper_aerodigestive
ach-000009,HC_avg_k29,9,colorectal
ach-000491,HC_avg_k29,21,colorectal
ach-001703,HC_avg_k29,14,lymphocyte
ach-000002,HC_avg_k29,14,blood
ach-001568,HC_avg_k29,15,skin
ach-001449,HC_avg_k29,14,lymphocyte
ach-000993,HC_avg_k29,8,uterus
ach-002680,HC_avg_k29,18,central_nervous_system
ach-000877,HC_avg_k29,14,lymphocyte
ach-000711,HC_avg_k29,9,breast
ach-001515,HC_avg_k29,9,cervix
ach-002847,HC_avg_k29,18,unknown
ach-000702,HC_avg_k29,14,lymphocyte
ach-001020,HC_avg_k29,28,soft_tissue
ach-000600,HC_avg_k29,3,kidney
ach-003266,HC_avg_k29,18,soft_tissue
ach-000354,HC_avg_k29,9,pancreas
ach-000012,HC_avg_k29,9,lung
ach-000689,HC_avg_k29,18,soft_tissue
ach-002668,HC_avg_k29,14,blood
ach-002533,HC_avg_k29,3,kidney
ach-000459,HC_avg_k29,3,kidney
ach-002050,HC_avg_k29,18,unknown
ach-003120,HC_avg_k29,24,lung
ach-001413,HC_avg_k29,18,urinary_tract
ach-000686,HC_avg_k29,1,liver
ach-000342,HC_avg_k29,9,colorectal
ach-000208,HC_avg_k29,18,central_nervous_system
ach-000360,HC_avg_k29,9,colorectal
ach-000249,HC_avg_k29,9,colorectal
ach-001368,HC_avg_k29,28,esophagus
ach-000231,HC_avg_k29,18,central_nervous_system
ach-002074,HC_avg_k29,24,lung
ach-000945,HC_avg_k29,19,lung
ach-000662,HC_avg_k29,9,lung
ach-002458,HC_avg_k29,15,skin
ach-001378,HC_avg_k29,9,pancreas
ach-001029,HC_avg_k29,24,bone
ach-001817,HC_avg_k29,18,bone
ach-002846,HC_avg_k29,15,skin
ach-000248,HC_avg_k29,9,breast
ach-000943,HC_avg_k29,10,colorectal
ach-000751,HC_avg_k29,14,blood
ach-001696,HC_avg_k29,9,upper_aerodigestive
ach-002936,HC_avg_k29,22,soft_tissue
ach-001016,HC_avg_k29,18,central_nervous_system
ach-000282,HC_avg_k29,6,lung
ach-003438,HC_avg_k29,18,central_nervous_system
ach-002215,HC_avg_k29,14,lymphocyte
ach-000261,HC_avg_k29,20,lung
ach-000164,HC_avg_k29,25,pancreas
ach-001793,HC_avg_k29,18,soft_tissue
ach-000262,HC_avg_k29,3,kidney
ach-000158,HC_avg_k29,14,lymphocyte
ach-000773,HC_avg_k29,14,lymphocyte
ach-000722,HC_avg_k29,9,colorectal
ach-000857,HC_avg_k29,9,breast
ach-001129,HC_avg_k29,14,blood
ach-001619,HC_avg_k29,6,bile_duct
ach-000184,HC_avg_k29,18,fibroblast
ach-000329,HC_avg_k29,18,central_nervous_system
ach-001569,HC_avg_k29,15,skin
ach-002544,HC_avg_k29,23,gastric
ach-002675,HC_avg_k29,14,blood
ach-000814,HC_avg_k29,15,skin
ach-002499,HC_avg_k29,7,breast
ach-001493,HC_avg_k29,14,lymphocyte
ach-001701,HC_avg_k29,9,upper_aerodigestive
ach-000197,HC_avg_k29,14,blood
ach-000545,HC_avg_k29,9,urinary_tract
ach-000949,HC_avg_k29,9,gastric
ach-000124,HC_avg_k29,14,lymphocyte
ach-000560,HC_avg_k29,24,gastric
ach-000897,HC_avg_k29,18,thyroid
ach-001626,HC_avg_k29,9,upper_aerodigestive
ach-000619,HC_avg_k29,9,upper_aerodigestive
ach-001973,HC_avg_k29,15,skin
ach-001340,HC_avg_k29,8,ovary
ach-000546,HC_avg_k29,9,upper_aerodigestive
ach-001709,HC_avg_k29,14,lymphocyte
ach-002018,HC_avg_k29,15,eye
ach-000153,HC_avg_k29,18,lung
ach-000526,HC_avg_k29,18,fibroblast
ach-000116,HC_avg_k29,8,ovary
ach-000815,HC_avg_k29,14,lymphocyte
ach-001270,HC_avg_k29,22,soft_tissue
ach-002523,HC_avg_k29,22,liver
ach-000324,HC_avg_k29,3,ovary
ach-001949,HC_avg_k29,15,skin
ach-001561,HC_avg_k29,18,lung
ach-000842,HC_avg_k29,9,colorectal
ach-000898,HC_avg_k29,9,gastric
ach-000517,HC_avg_k29,6,pancreas
ach-001980,HC_avg_k29,15,skin
ach-001415,HC_avg_k29,9,urinary_tract
ach-000681,HC_avg_k29,5,lung
ach-001310,HC_avg_k29,3,kidney
ach-000070,HC_avg_k29,14,blood
ach-000484,HC_avg_k29,3,kidney
ach-003426,HC_avg_k29,18,gastric
ach-000108,HC_avg_k29,6,pancreas
ach-000808,HC_avg_k29,18,bile_duct
ach-000656,HC_avg_k29,14,lymphocyte
ach-000166,HC_avg_k29,14,blood
ach-000997,HC_avg_k29,9,colorectal
ach-000866,HC_avg_k29,24,lung
ach-000819,HC_avg_k29,18,central_nervous_system
ach-000226,HC_avg_k29,14,lymphocyte
ach-000087,HC_avg_k29,24,bone
ach-000340,HC_avg_k29,18,fibroblast
ach-002005,HC_avg_k29,15,skin
ach-001680,HC_avg_k29,14,lymphocyte
ach-000758,HC_avg_k29,9,gastric
ach-000196,HC_avg_k29,7,breast
ach-003141,HC_avg_k29,18,muscle
ach-000258,HC_avg_k29,24,breast
ach-000163,HC_avg_k29,18,thyroid
ach-000076,HC_avg_k29,14,blood
ach-000509,HC_avg_k29,14,lymphocyte
ach-001193,HC_avg_k29,24,bone
ach-000571,HC_avg_k29,18,central_nervous_system
ach-000391,HC_avg_k29,24,bone
ach-000293,HC_avg_k29,8,uterus
ach-003138,HC_avg_k29,18,central_nervous_system
ach-000532,HC_avg_k29,9,colorectal
ach-000584,HC_avg_k29,8,ovary
ach-001690,HC_avg_k29,9,upper_aerodigestive
ach-000586,HC_avg_k29,24,lung
ach-000944,HC_avg_k29,14,lymphocyte
ach-003149,HC_avg_k29,18,muscle
ach-000561,HC_avg_k29,9,esophagus
ach-001648,HC_avg_k29,9,prostate
ach-000394,HC_avg_k29,24,lung
ach-000954,HC_avg_k29,8,uterus
ach-000204,HC_avg_k29,14,plasma_cell
ach-000160,HC_avg_k29,26,soft_tissue
ach-003460,HC_avg_k29,14,lymphocyte
ach-000989,HC_avg_k29,9,colorectal
ach-001347,HC_avg_k29,9,upper_aerodigestive
ach-000691,HC_avg_k29,7,breast
ach-000268,HC_avg_k29,9,bile_duct
ach-001209,HC_avg_k29,14,lymphocyte
ach-003456,HC_avg_k29,18,skin
ach-000119,HC_avg_k29,18,fibroblast
ach-000379,HC_avg_k29,9,lung
ach-001341,HC_avg_k29,9,cervix
ach-000714,HC_avg_k29,14,plasma_cell
ach-000937,HC_avg_k29,14,blood
ach-000763,HC_avg_k29,14,plasma_cell
ach-002834,HC_avg_k29,18,bone
ach-001673,HC_avg_k29,9,bile_duct
ach-000326,HC_avg_k29,14,blood
ach-000300,HC_avg_k29,3,kidney
ach-002994,HC_avg_k29,14,blood
ach-000901,HC_avg_k29,18,lung
ach-000816,HC_avg_k29,24,lung
ach-000641,HC_avg_k29,14,blood
ach-000511,HC_avg_k29,18,lung
ach-002077,HC_avg_k29,24,lung
ach-000583,HC_avg_k29,14,lymphocyte
ach-000836,HC_avg_k29,9,upper_aerodigestive
ach-000975,HC_avg_k29,18,lung
ach-000109,HC_avg_k29,9,lung
ach-000467,HC_avg_k29,9,colorectal
ach-000712,HC_avg_k29,24,lung
ach-000671,HC_avg_k29,23,liver
ach-000523,HC_avg_k29,24,lung
ach-000864,HC_avg_k29,24,uterus
ach-000726,HC_avg_k29,9,esophagus
ach-000136,HC_avg_k29,24,peripheral_nervous_system
ach-002067,HC_avg_k29,22,bone
ach-000440,HC_avg_k29,14,lymphocyte
ach-002539,HC_avg_k29,9,colorectal
ach-001461,HC_avg_k29,9,colorectal
ach-000890,HC_avg_k29,18,lung
ach-001692,HC_avg_k29,9,upper_aerodigestive
ach-000027,HC_avg_k29,18,central_nervous_system
ach-000562,HC_avg_k29,9,lung
ach-000748,HC_avg_k29,18,bone
ach-001669,HC_avg_k29,14,blood
ach-000834,HC_avg_k29,9,urinary_tract
ach-000565,HC_avg_k29,9,colorectal
ach-000449,HC_avg_k29,28,soft_tissue
ach-000399,HC_avg_k29,24,lung
ach-002080,HC_avg_k29,24,peripheral_nervous_system
ach-000770,HC_avg_k29,14,blood
ach-000710,HC_avg_k29,9,lung
ach-000507,HC_avg_k29,9,gastric
ach-000066,HC_avg_k29,9,lung
ach-000022,HC_avg_k29,9,pancreas
ach-001668,HC_avg_k29,23,embryo
ach-000334,HC_avg_k29,14,lymphocyte
ach-000374,HC_avg_k29,7,breast
ach-000519,HC_avg_k29,14,blood
ach-000908,HC_avg_k29,9,gastric
ach-002003,HC_avg_k29,15,skin
ach-000574,HC_avg_k29,3,ovary
ach-000148,HC_avg_k29,18,breast
ach-002461,HC_avg_k29,18,skin
ach-000646,HC_avg_k29,8,ovary
ach-000314,HC_avg_k29,19,lung
ach-001705,HC_avg_k29,9,breast
ach-000040,HC_avg_k29,18,central_nervous_system
ach-001057,HC_avg_k29,14,lymphocyte
ach-000430,HC_avg_k29,27,ovary
ach-001041,HC_avg_k29,15,skin
ach-001988,HC_avg_k29,15,skin
ach-001977,HC_avg_k29,18,lung
ach-000370,HC_avg_k29,18,central_nervous_system
ach-001630,HC_avg_k29,8,ovary
ach-000437,HC_avg_k29,18,central_nervous_system
ach-000498,HC_avg_k29,14,blood
ach-001392,HC_avg_k29,9,breast
ach-000503,HC_avg_k29,9,upper_aerodigestive
ach-002778,HC_avg_k29,18,bone
ach-000328,HC_avg_k29,18,central_nervous_system
ach-000403,HC_avg_k29,9,colorectal
ach-000400,HC_avg_k29,9,colorectal
ach-000224,HC_avg_k29,18,fibroblast
ach-000318,HC_avg_k29,9,esophagus
ach-003472,HC_avg_k29,2,thyroid
ach-001430,HC_avg_k29,24,bone
ach-000928,HC_avg_k29,8,uterus
ach-000893,HC_avg_k29,5,lung
ach-000889,HC_avg_k29,14,plasma_cell
ach-000799,HC_avg_k29,15,skin
ach-001623,HC_avg_k29,18,central_nervous_system
ach-000736,HC_avg_k29,9,gastric
ach-000876,HC_avg_k29,9,breast
ach-001232,HC_avg_k29,18,central_nervous_system
ach-001618,HC_avg_k29,14,blood
ach-001828,HC_avg_k29,14,lymphocyte
ach-002650,HC_avg_k29,9,lung
ach-000235,HC_avg_k29,9,pancreas
ach-000381,HC_avg_k29,9,colorectal
ach-001993,HC_avg_k29,14,blood
ach-001301,HC_avg_k29,24,peripheral_nervous_system
ach-000854,HC_avg_k29,14,plasma_cell
ach-000187,HC_avg_k29,24,lung
ach-000543,HC_avg_k29,18,central_nervous_system
ach-000569,HC_avg_k29,18,lung
ach-000668,HC_avg_k29,9,breast
ach-000134,HC_avg_k29,18,fibroblast
ach-000924,HC_avg_k29,5,lung
ach-003473,HC_avg_k29,18,soft_tissue
ach-001450,HC_avg_k29,14,lymphocyte
ach-000296,HC_avg_k29,23,colorectal
ach-002034,HC_avg_k29,24,lung
ach-002781,HC_avg_k29,22,bone
ach-000713,HC_avg_k29,8,ovary
ach-001360,HC_avg_k29,9,cervix
ach-002921,HC_avg_k29,9,breast
ach-000273,HC_avg_k29,18,central_nervous_system
ach-001715,HC_avg_k29,18,bone
ach-001617,HC_avg_k29,14,lymphocyte
ach-000639,HC_avg_k29,24,lung
ach-000590,HC_avg_k29,6,lung
ach-000553,HC_avg_k29,9,lung
ach-000084,HC_avg_k29,14,blood
ach-000094,HC_avg_k29,9,pancreas
ach-000361,HC_avg_k29,18,liver
ach-000719,HC_avg_k29,8,ovary
ach-001396,HC_avg_k29,9,breast
ach-001848,HC_avg_k29,9,bile_duct
ach-000339,HC_avg_k29,18,lung
ach-002048,HC_avg_k29,22,soft_tissue
ach-000218,HC_avg_k29,14,blood
ach-002486,HC_avg_k29,3,ovary
ach-002711,HC_avg_k29,18,upper_aerodigestive
ach-000789,HC_avg_k29,24,lung
ach-000413,HC_avg_k29,18,fibroblast
ach-000125,HC_avg_k29,18,fibroblast
ach-000180,HC_avg_k29,18,fibroblast
ach-000215,HC_avg_k29,18,central_nervous_system
ach-001001,HC_avg_k29,20,bone
ach-000407,HC_avg_k29,18,uterus
ach-002170,HC_avg_k29,24,lung
ach-002027,HC_avg_k29,8,uterus
ach-001132,HC_avg_k29,14,lymphocyte
ach-001278,HC_avg_k29,28,ovary
ach-000032,HC_avg_k29,14,blood
ach-003108,HC_avg_k29,14,lymphocyte
ach-001419,HC_avg_k29,9,breast
ach-000494,HC_avg_k29,3,ovary
ach-000865,HC_avg_k29,9,esophagus
ach-000439,HC_avg_k29,14,blood
ach-001523,HC_avg_k29,9,skin
ach-001983,HC_avg_k29,15,skin
ach-000024,HC_avg_k29,14,plasma_cell
ach-000674,HC_avg_k29,9,gastric
ach-000670,HC_avg_k29,28,lung
ach-000599,HC_avg_k29,9,pancreas
ach-000263,HC_avg_k29,14,blood
ach-003191,HC_avg_k29,18,bone
ach-000303,HC_avg_k29,6,gastric
ach-001551,HC_avg_k29,22,skin
ach-002795,HC_avg_k29,22,soft_tissue
ach-000793,HC_avg_k29,9,gastric
ach-002511,HC_avg_k29,15,skin
ach-000286,HC_avg_k29,9,colorectal
ach-000250,HC_avg_k29,3,kidney
ach-000139,HC_avg_k29,9,pancreas
ach-001735,HC_avg_k29,14,blood
ach-002013,HC_avg_k29,15,eye
ach-001389,HC_avg_k29,18,breast
ach-001183,HC_avg_k29,9,urinary_tract
ach-000551,HC_avg_k29,14,blood
ach-003101,HC_avg_k29,14,lymphocyte
ach-001163,HC_avg_k29,28,kidney
ach-000037,HC_avg_k29,18,soft_tissue
ach-000744,HC_avg_k29,9,lung
ach-000420,HC_avg_k29,3,liver
ach-000336,HC_avg_k29,14,blood
ach-000486,HC_avg_k29,12,urinary_tract
ach-000679,HC_avg_k29,9,esophagus
ach-001557,HC_avg_k29,18,lung
ach-000247,HC_avg_k29,9,gastric
ach-000947,HC_avg_k29,28,ovary
ach-000807,HC_avg_k29,20,central_nervous_system
ach-000476,HC_avg_k29,1,liver
ach-000525,HC_avg_k29,24,lung
ach-003154,HC_avg_k29,17,lung
ach-001148,HC_avg_k29,14,lymphocyte
ach-003455,HC_avg_k29,15,skin
ach-000853,HC_avg_k29,28,lung
ach-000083,HC_avg_k29,18,fibroblast
ach-000479,HC_avg_k29,18,central_nervous_system
ach-000230,HC_avg_k29,18,fibroblast
ach-001664,HC_avg_k29,10,gastric
ach-002705,HC_avg_k29,9,gastric
ach-002937,HC_avg_k29,3,kidney
ach-000955,HC_avg_k29,9,colorectal
ach-000049,HC_avg_k29,3,kidney
ach-000675,HC_avg_k29,9,lung
ach-000199,HC_avg_k29,18,fibroblast
ach-000193,HC_avg_k29,14,plasma_cell
ach-001686,HC_avg_k29,14,lymphocyte
ach-000538,HC_avg_k29,28,gastric
ach-002490,HC_avg_k29,24,lung
ach-001683,HC_avg_k29,9,breast
ach-001990,HC_avg_k29,15,skin
ach-001438,HC_avg_k29,23,testis
ach-001647,HC_avg_k29,14,blood
ach-002043,HC_avg_k29,9,upper_aerodigestive
ach-001649,HC_avg_k29,9,prostate
ach-000155,HC_avg_k29,6,pancreas
ach-000270,HC_avg_k29,9,pancreas
ach-003106,HC_avg_k29,14,lymphocyte
ach-003177,HC_avg_k29,18,soft_tissue
ach-000683,HC_avg_k29,9,colorectal
ach-002017,HC_avg_k29,15,eye
ach-000655,HC_avg_k29,18,central_nervous_system
ach-000145,HC_avg_k29,18,soft_tissue
ach-001495,HC_avg_k29,3,uterus
ach-000188,HC_avg_k29,9,upper_aerodigestive
ach-003458,HC_avg_k29,15,skin
ach-000080,HC_avg_k29,14,blood
ach-000146,HC_avg_k29,14,blood
ach-000415,HC_avg_k29,9,upper_aerodigestive
ach-001518,HC_avg_k29,8,uterus
ach-002290,HC_avg_k29,14,blood
ach-000891,HC_avg_k29,19,lung
ach-001625,HC_avg_k29,9,upper_aerodigestive
ach-001985,HC_avg_k29,18,skin
ach-000895,HC_avg_k29,9,colorectal
ach-000851,HC_avg_k29,9,lung
ach-000824,HC_avg_k29,9,esophagus
ach-000506,HC_avg_k29,24,lung
ach-001427,HC_avg_k29,24,bone
ach-000540,HC_avg_k29,18,fibroblast
ach-000061,HC_avg_k29,14,lymphocyte
ach-000185,HC_avg_k29,18,fibroblast
ach-000568,HC_avg_k29,9,breast
ach-000707,HC_avg_k29,14,lymphocyte
ach-000603,HC_avg_k29,24,lung
ach-000983,HC_avg_k29,14,blood
ach-000541,HC_avg_k29,14,plasma_cell
ach-000680,HC_avg_k29,9,colorectal
ach-002460,HC_avg_k29,15,skin
ach-000111,HC_avg_k29,7,breast
ach-002463,HC_avg_k29,18,eye
ach-000369,HC_avg_k29,14,blood
ach-002928,HC_avg_k29,15,skin
ach-000618,HC_avg_k29,9,upper_aerodigestive
ach-000470,HC_avg_k29,9,colorectal
ach-003150,HC_avg_k29,18,central_nervous_system
ach-002039,HC_avg_k29,9,pancreas
ach-000118,HC_avg_k29,9,pancreas
ach-000614,HC_avg_k29,15,skin
ach-001338,HC_avg_k29,24,peripheral_nervous_system
ach-000432,HC_avg_k29,14,blood
ach-000556,HC_avg_k29,5,cervix
ach-001804,HC_avg_k29,18,soft_tissue
ach-001386,HC_avg_k29,24,lung
ach-001060,HC_avg_k29,14,lymphocyte
ach-001525,HC_avg_k29,9,cervix
ach-001539,HC_avg_k29,14,lymphocyte
ach-000014,HC_avg_k29,15,skin
ach-002785,HC_avg_k29,18,soft_tissue
ach-000637,HC_avg_k29,9,esophagus
ach-002693,HC_avg_k29,22,peripheral_nervous_system
ach-001855,HC_avg_k29,9,bile_duct
ach-000455,HC_avg_k29,18,central_nervous_system
ach-000389,HC_avg_k29,18,central_nervous_system
ach-002710,HC_avg_k29,18,peripheral_nervous_system
ach-000129,HC_avg_k29,24,lung
ach-000490,HC_avg_k29,9,cervix
ach-000434,HC_avg_k29,19,lung
ach-001086,HC_avg_k29,5,cervix
ach-002042,HC_avg_k29,9,thyroid
ach-000597,HC_avg_k29,28,soft_tissue
ach-000756,HC_avg_k29,18,central_nervous_system
ach-000396,HC_avg_k29,18,urinary_tract
ach-003148,HC_avg_k29,18,central_nervous_system
ach-000089,HC_avg_k29,9,colorectal
ach-002478,HC_avg_k29,14,lymphocyte
ach-000371,HC_avg_k29,14,lymphocyte
ach-000265,HC_avg_k29,28,pancreas
ach-000132,HC_avg_k29,8,ovary
ach-000216,HC_avg_k29,9,esophagus
ach-000613,HC_avg_k29,20,bone
ach-000855,HC_avg_k29,9,esophagus
ach-000906,HC_avg_k29,18,ovary
ach-000348,HC_avg_k29,18,skin
ach-001100,HC_avg_k29,14,lymphocyte
ach-000238,HC_avg_k29,9,upper_aerodigestive
ach-000237,HC_avg_k29,18,ovary
ach-003099,HC_avg_k29,9,upper_aerodigestive
ach-000393,HC_avg_k29,18,liver
ach-003107,HC_avg_k29,14,lymphocyte
ach-000623,HC_avg_k29,18,central_nervous_system
ach-000359,HC_avg_k29,18,bone
ach-001028,HC_avg_k29,28,soft_tissue
ach-000621,HC_avg_k29,18,breast
ach-001641,HC_avg_k29,9,upper_aerodigestive
ach-000056,HC_avg_k29,14,lymphocyte
ach-000483,HC_avg_k29,22,liver
ach-003308,HC_avg_k29,18,unknown
ach-000514,HC_avg_k29,24,lung
ach-000051,HC_avg_k29,28,soft_tissue
ach-003433,HC_avg_k29,9,pancreas
ach-000043,HC_avg_k29,18,fibroblast
ach-000936,HC_avg_k29,8,ovary
ach-000716,HC_avg_k29,19,thyroid
ach-000988,HC_avg_k29,8,uterus
ach-000952,HC_avg_k29,9,prostate
ach-001350,HC_avg_k29,19,thyroid
ach-000065,HC_avg_k29,14,blood
ach-000609,HC_avg_k29,18,central_nervous_system
ach-001411,HC_avg_k29,9,urinary_tract
ach-000504,HC_avg_k29,18,central_nervous_system
ach-002677,HC_avg_k29,14,lymphocyte
ach-000956,HC_avg_k29,9,prostate
ach-001712,HC_avg_k29,18,bone
ach-000652,HC_avg_k29,6,pancreas
ach-000414,HC_avg_k29,5,lung
ach-000472,HC_avg_k29,9,upper_aerodigestive
ach-000007,HC_avg_k29,9,colorectal
ach-000446,HC_avg_k29,18,peripheral_nervous_system
ach-003071,HC_avg_k29,24,lung
ach-000386,HC_avg_k29,14,blood
ach-001850,HC_avg_k29,6,bile_duct
ach-000755,HC_avg_k29,9,breast
ach-001503,HC_avg_k29,14,lymphocyte
ach-000028,HC_avg_k29,9,breast
ach-000665,HC_avg_k29,6,lung
ach-001679,HC_avg_k29,14,lymphocyte
ach-000078,HC_avg_k29,24,peripheral_nervous_system
ach-002046,HC_avg_k29,18,uterus
ach-000397,HC_avg_k29,8,uterus
ach-003145,HC_avg_k29,18,embryo
ach-000229,HC_avg_k29,18,fibroblast
ach-002925,HC_avg_k29,15,eye
ach-000518,HC_avg_k29,9,upper_aerodigestive
ach-001566,HC_avg_k29,15,skin
ach-000252,HC_avg_k29,9,colorectal
ach-000572,HC_avg_k29,15,skin
ach-001605,HC_avg_k29,18,central_nervous_system
ach-002522,HC_avg_k29,18,lung
ach-000277,HC_avg_k29,9,breast
ach-001239,HC_avg_k29,15,skin
ach-000786,HC_avg_k29,14,lymphocyte
ach-000803,HC_avg_k29,24,lung
ach-001970,HC_avg_k29,15,skin
ach-002038,HC_avg_k29,9,ovary
ach-000537,HC_avg_k29,1,liver
ach-002660,HC_avg_k29,9,colorectal
ach-002806,HC_avg_k29,18,central_nervous_system
ach-000419,HC_avg_k29,14,plasma_cell
ach-002782,HC_avg_k29,18,soft_tissue
ach-000724,HC_avg_k29,9,urinary_tract
ach-000522,HC_avg_k29,18,urinary_tract
ach-001549,HC_avg_k29,24,lung
ach-000706,HC_avg_k29,5,lung
ach-000737,HC_avg_k29,24,lung
ach-000548,HC_avg_k29,9,upper_aerodigestive
ach-001839,HC_avg_k29,1,bile_duct
ach-001799,HC_avg_k29,18,soft_tissue
ach-001573,HC_avg_k29,14,blood
ach-002946,HC_avg_k29,14,blood
ach-000425,HC_avg_k29,15,skin
ach-003103,HC_avg_k29,14,lymphocyte
ach-000375,HC_avg_k29,28,kidney
ach-000753,HC_avg_k29,20,urinary_tract
ach-000275,HC_avg_k29,18,fibroblast
ach-000735,HC_avg_k29,9,upper_aerodigestive
ach-000654,HC_avg_k29,14,lymphocyte
ach-001067,HC_avg_k29,28,central_nervous_system
ach-000170,HC_avg_k29,9,prostate
ach-001394,HC_avg_k29,9,breast
ach-001433,HC_avg_k29,27,soft_tissue
ach-000404,HC_avg_k29,15,skin
ach-000882,HC_avg_k29,15,skin
ach-001509,HC_avg_k29,9,upper_aerodigestive
ach-000210,HC_avg_k29,24,bone
ach-000254,HC_avg_k29,9,upper_aerodigestive
ach-000604,HC_avg_k29,14,blood
ach-000090,HC_avg_k29,11,prostate
ach-000195,HC_avg_k29,14,blood
ach-001791,HC_avg_k29,18,soft_tissue
ach-001650,HC_avg_k29,5,cervix
ach-000605,HC_avg_k29,9,esophagus
ach-000458,HC_avg_k29,9,skin
ach-003121,HC_avg_k29,24,lung
ach-003125,HC_avg_k29,18,soft_tissue
ach-002084,HC_avg_k29,15,skin
ach-000004,HC_avg_k29,14,blood
ach-000251,HC_avg_k29,6,lung
ach-000241,HC_avg_k29,14,blood
ach-001194,HC_avg_k29,3,kidney
ach-001987,HC_avg_k29,18,skin
ach-002055,HC_avg_k29,14,lymphocyte
ach-002689,HC_avg_k29,22,bone
ach-001443,HC_avg_k29,18,thyroid
ach-000688,HC_avg_k29,18,ovary
ach-000405,HC_avg_k29,14,blood
ach-000821,HC_avg_k29,14,plasma_cell
ach-001677,HC_avg_k29,14,lymphocyte
ach-002526,HC_avg_k29,9,lung
ach-001627,HC_avg_k29,9,prostate
ach-000951,HC_avg_k29,9,lung
ach-001036,HC_avg_k29,14,blood
ach-002792,HC_avg_k29,15,soft_tissue
ach-000547,HC_avg_k29,9,urinary_tract
ach-000826,HC_avg_k29,9,lung
ach-001986,HC_avg_k29,15,skin
ach-001147,HC_avg_k29,14,lymphocyte
ach-002927,HC_avg_k29,15,eye
ach-002470,HC_avg_k29,22,bone
ach-000162,HC_avg_k29,14,lymphocyte
ach-003139,HC_avg_k29,18,muscle
ach-001751,HC_avg_k29,22,soft_tissue
ach-000018,HC_avg_k29,20,urinary_tract
ach-000721,HC_avg_k29,28,breast
ach-000003,HC_avg_k29,9,colorectal
ach-000092,HC_avg_k29,18,lung
ach-000669,HC_avg_k29,9,lung
ach-001099,HC_avg_k29,28,soft_tissue
ach-000648,HC_avg_k29,3,lung
ach-000950,HC_avg_k29,9,colorectal
ach-000050,HC_avg_k29,14,plasma_cell
ach-001106,HC_avg_k29,14,blood
ach-002051,HC_avg_k29,24,lung
ach-000367,HC_avg_k29,18,lung
ach-000589,HC_avg_k29,9,lung
ach-000564,HC_avg_k29,14,plasma_cell
ach-001522,HC_avg_k29,15,skin
ach-000831,HC_avg_k29,3,uterus
ach-000424,HC_avg_k29,24,bone
ach-000409,HC_avg_k29,8,ovary
ach-000616,HC_avg_k29,18,gastric
ach-000628,HC_avg_k29,9,lung
ach-000512,HC_avg_k29,14,plasma_cell
ach-000232,HC_avg_k29,18,central_nervous_system
ach-000820,HC_avg_k29,9,colorectal
ach-001295,HC_avg_k29,24,eye
ach-001164,HC_avg_k29,22,soft_tissue
ach-000806,HC_avg_k29,14,lymphocyte
ach-002524,HC_avg_k29,8,ovary
ach-000645,HC_avg_k29,18,lung
ach-000099,HC_avg_k29,24,peripheral_nervous_system
ach-000902,HC_avg_k29,9,breast
ach-000649,HC_avg_k29,3,kidney
ach-000086,HC_avg_k29,20,lung
ach-000149,HC_avg_k29,18,peripheral_nervous_system
ach-002538,HC_avg_k29,9,colorectal
ach-000142,HC_avg_k29,9,urinary_tract
ach-002535,HC_avg_k29,9,colorectal
ach-000227,HC_avg_k29,24,peripheral_nervous_system
ach-000697,HC_avg_k29,14,lymphocyte
ach-000942,HC_avg_k29,14,blood
ach-000264,HC_avg_k29,21,lung
ach-000809,HC_avg_k29,9,esophagus
ach-000093,HC_avg_k29,9,pancreas
ach-000100,HC_avg_k29,22,soft_tissue
ach-001445,HC_avg_k29,9,upper_aerodigestive
ach-000060,HC_avg_k29,9,pancreas
ach-000001,HC_avg_k29,8,ovary
ach-000957,HC_avg_k29,9,colorectal
ach-000650,HC_avg_k29,15,skin
ach-001096,HC_avg_k29,22,soft_tissue
ach-002799,HC_avg_k29,18,peripheral_nervous_system
ach-002404,HC_avg_k29,15,skin
ach-000239,HC_avg_k29,9,gastric
ach-000762,HC_avg_k29,9,upper_aerodigestive
ach-000922,HC_avg_k29,14,blood
ach-002784,HC_avg_k29,18,soft_tissue
ach-002653,HC_avg_k29,14,blood
ach-000859,HC_avg_k29,9,breast
ach-000990,HC_avg_k29,8,uterus
ach-000410,HC_avg_k29,18,bone
ach-001971,HC_avg_k29,15,skin
ach-000927,HC_avg_k29,9,breast
ach-001853,HC_avg_k29,9,bile_duct
ach-001978,HC_avg_k29,15,skin
ach-000694,HC_avg_k29,9,esophagus
ach-000935,HC_avg_k29,18,colorectal
ach-000918,HC_avg_k29,14,blood
ach-001984,HC_avg_k29,15,skin
ach-000761,HC_avg_k29,9,gastric
ach-001563,HC_avg_k29,18,skin
ach-000974,HC_avg_k29,8,uterus
ach-000297,HC_avg_k29,24,lung
ach-001719,HC_avg_k29,3,ovary
ach-000243,HC_avg_k29,9,pancreas
ach-001418,HC_avg_k29,8,ovary
ach-000362,HC_avg_k29,14,blood
ach-000843,HC_avg_k29,9,lung
ach-002052,HC_avg_k29,24,lung
ach-000840,HC_avg_k29,20,lung
ach-001852,HC_avg_k29,9,bile_duct
ach-001528,HC_avg_k29,19,thyroid
ach-001656,HC_avg_k29,14,blood
ach-000016,HC_avg_k29,3,kidney
ach-000165,HC_avg_k29,18,fibroblast
ach-001460,HC_avg_k29,9,colorectal
ach-000592,HC_avg_k29,18,central_nervous_system
ach-001192,HC_avg_k29,24,bone
ach-000045,HC_avg_k29,14,blood
ach-000741,HC_avg_k29,9,urinary_tract
ach-000912,HC_avg_k29,28,lung
ach-000529,HC_avg_k29,18,fibroblast
ach-000508,HC_avg_k29,24,lung
ach-000577,HC_avg_k29,1,liver
ach-000768,HC_avg_k29,18,breast
ach-000636,HC_avg_k29,14,blood
ach-000667,HC_avg_k29,6,lung
ach-000905,HC_avg_k29,9,urinary_tract
ach-001494,HC_avg_k29,9,bile_duct
ach-000387,HC_avg_k29,14,blood
ach-002510,HC_avg_k29,15,skin
ach-001303,HC_avg_k29,24,peripheral_nervous_system
ach-000026,HC_avg_k29,3,urinary_tract
ach-000838,HC_avg_k29,14,plasma_cell
ach-001172,HC_avg_k29,18,central_nervous_system
ach-000822,HC_avg_k29,15,skin
ach-000531,HC_avg_k29,18,fibroblast
ach-000349,HC_avg_k29,9,breast
ach-000527,HC_avg_k29,8,ovary
ach-000279,HC_avg_k29,24,bone
ach-000516,HC_avg_k29,18,bone
ach-001662,HC_avg_k29,7,breast
ach-000812,HC_avg_k29,15,skin
ach-003157,HC_avg_k29,18,lung
ach-003464,HC_avg_k29,18,soft_tissue
ach-001300,HC_avg_k29,24,peripheral_nervous_system
ach-000524,HC_avg_k29,8,ovary
ach-000611,HC_avg_k29,14,lymphocyte
ach-002419,HC_avg_k29,18,uterus
ach-000411,HC_avg_k29,3,kidney
ach-000718,HC_avg_k29,9,lung
ach-000903,HC_avg_k29,18,thyroid
ach-002021,HC_avg_k29,23,uterus
ach-000433,HC_avg_k29,3,kidney
ach-000499,HC_avg_k29,24,bone
ach-000278,HC_avg_k29,20,ovary
ach-000202,HC_avg_k29,24,colorectal
ach-001736,HC_avg_k29,14,blood
ach-001379,HC_avg_k29,9,pancreas
ach-002070,HC_avg_k29,18,central_nervous_system
ach-002794,HC_avg_k29,18,soft_tissue
ach-000128,HC_avg_k29,18,central_nervous_system
ach-002528,HC_avg_k29,3,kidney
ach-000696,HC_avg_k29,20,ovary
ach-000041,HC_avg_k29,24,bone
ach-000214,HC_avg_k29,18,fibroblast
ach-000747,HC_avg_k29,28,lung
ach-001307,HC_avg_k29,18,thyroid
ach-000341,HC_avg_k29,24,peripheral_nervous_system
ach-001740,HC_avg_k29,22,soft_tissue
ach-000417,HC_avg_k29,9,pancreas
ach-001393,HC_avg_k29,9,breast
ach-000120,HC_avg_k29,18,peripheral_nervous_system
ach-001694,HC_avg_k29,9,upper_aerodigestive
ach-001542,HC_avg_k29,9,upper_aerodigestive
ach-002509,HC_avg_k29,15,skin
ach-000438,HC_avg_k29,6,lung
ach-001366,HC_avg_k29,24,peripheral_nervous_system
ach-000653,HC_avg_k29,14,plasma_cell
ach-000839,HC_avg_k29,9,urinary_tract
ach-000673,HC_avg_k29,18,central_nervous_system
ach-001524,HC_avg_k29,9,skin
ach-000069,HC_avg_k29,14,lymphocyte
ach-002996,HC_avg_k29,18,lung
ach-003142,HC_avg_k29,18,muscle
ach-000323,HC_avg_k29,18,central_nervous_system
ach-000021,HC_avg_k29,9,lung
ach-001863,HC_avg_k29,9,bile_duct
ach-001996,HC_avg_k29,9,bile_duct
ach-000980,HC_avg_k29,24,lung
ach-000106,HC_avg_k29,14,lymphocyte
ach-003156,HC_avg_k29,9,lung
ach-000734,HC_avg_k29,1,liver
ach-000845,HC_avg_k29,9,lung
ach-001982,HC_avg_k29,15,skin
ach-000730,HC_avg_k29,15,skin
ach-001334,HC_avg_k29,9,cervix
ach-000698,HC_avg_k29,24,lung
ach-000802,HC_avg_k29,9,urinary_tract
ach-001836,HC_avg_k29,1,bile_duct
ach-000573,HC_avg_k29,18,breast
ach-001699,HC_avg_k29,9,upper_aerodigestive
ach-000963,HC_avg_k29,9,colorectal
ach-001567,HC_avg_k29,15,skin
ach-001653,HC_avg_k29,9,gastric
ach-000852,HC_avg_k29,9,lung
ach-001862,HC_avg_k29,6,bile_duct
ach-001976,HC_avg_k29,15,skin
ach-002665,HC_avg_k29,9,colorectal
ach-003153,HC_avg_k29,9,lung
ach-000661,HC_avg_k29,15,skin
ach-001500,HC_avg_k29,25,esophagus
ach-001190,HC_avg_k29,15,skin
ach-002467,HC_avg_k29,18,eye
ach-000364,HC_avg_k29,22,bone
ach-000448,HC_avg_k29,9,lung
ach-000979,HC_avg_k29,11,prostate
ach-000932,HC_avg_k29,29,gastric
ach-000783,HC_avg_k29,9,breast
ach-002044,HC_avg_k29,24,upper_aerodigestive
ach-000301,HC_avg_k29,14,blood
ach-002459,HC_avg_k29,15,skin
ach-000976,HC_avg_k29,9,bile_duct
ach-001516,HC_avg_k29,24,cervix
ach-001354,HC_avg_k29,24,peripheral_nervous_system
ach-001645,HC_avg_k29,15,skin
ach-003135,HC_avg_k29,18,central_nervous_system
ach-000867,HC_avg_k29,9,lung
ach-000304,HC_avg_k29,15,skin
ach-002069,HC_avg_k29,22,bone
ach-000931,HC_avg_k29,15,skin
ach-001374,HC_avg_k29,23,ovary
ach-000302,HC_avg_k29,3,uterus
ach-000305,HC_avg_k29,9,esophagus
ach-000072,HC_avg_k29,14,blood
ach-000766,HC_avg_k29,9,lung
ach-000533,HC_avg_k29,28,soft_tissue
ach-000343,HC_avg_k29,28,lung
ach-001437,HC_avg_k29,23,testis
ach-000171,HC_avg_k29,3,kidney
ach-003475,HC_avg_k29,9,upper_aerodigestive
ach-000173,HC_avg_k29,8,uterus
ach-000535,HC_avg_k29,9,pancreas
ach-000774,HC_avg_k29,9,lung
ach-000178,HC_avg_k29,6,pancreas
ach-001306,HC_avg_k29,18,thyroid
ach-000994,HC_avg_k29,8,uterus
ach-001188,HC_avg_k29,24,peripheral_nervous_system
ach-000372,HC_avg_k29,14,blood
ach-002886,HC_avg_k29,9,colorectal
ach-000804,HC_avg_k29,24,peripheral_nervous_system
ach-000011,HC_avg_k29,3,urinary_tract
ach-000733,HC_avg_k29,9,lung
ach-001603,HC_avg_k29,24,peripheral_nervous_system
ach-000829,HC_avg_k29,14,plasma_cell
ach-000141,HC_avg_k29,9,bile_duct
ach-000810,HC_avg_k29,15,skin
ach-001994,HC_avg_k29,1,bile_duct
ach-001145,HC_avg_k29,8,ovary
ach-000717,HC_avg_k29,9,esophagus
ach-000738,HC_avg_k29,18,central_nervous_system
ach-001843,HC_avg_k29,15,bile_duct
ach-002664,HC_avg_k29,9,colorectal
ach-000780,HC_avg_k29,24,lung
ach-001548,HC_avg_k29,24,peripheral_nervous_system
ach-000759,HC_avg_k29,9,breast
ach-001555,HC_avg_k29,18,lung
ach-001369,HC_avg_k29,8,ovary
ach-000969,HC_avg_k29,9,colorectal
ach-000873,HC_avg_k29,12,esophagus
ach-001275,HC_avg_k29,22,soft_tissue
ach-002654,HC_avg_k29,9,colorectal
ach-002435,HC_avg_k29,3,kidney
ach-001972,HC_avg_k29,15,skin
ach-000921,HC_avg_k29,19,lung
ach-003470,HC_avg_k29,18,thyroid
ach-001953,HC_avg_k29,15,skin
ach-002843,HC_avg_k29,18,soft_tissue
ach-001373,HC_avg_k29,8,ovary
ach-002800,HC_avg_k29,18,peripheral_nervous_system
ach-001022,HC_avg_k29,24,bone
ach-000082,HC_avg_k29,18,bone
ach-003105,HC_avg_k29,15,skin
ach-000488,HC_avg_k29,9,esophagus
ach-000790,HC_avg_k29,24,lung
ach-000172,HC_avg_k29,28,soft_tissue
ach-000647,HC_avg_k29,9,esophagus
ach-000602,HC_avg_k29,14,blood
ach-003181,HC_avg_k29,18,soft_tissue
ach-002681,HC_avg_k29,18,central_nervous_system
ach-001465,HC_avg_k29,24,peripheral_nervous_system
ach-003012,HC_avg_k29,5,lung
ach-000156,HC_avg_k29,14,blood
ach-002001,HC_avg_k29,15,skin
ach-000315,HC_avg_k29,14,lymphocyte
ach-001678,HC_avg_k29,14,lymphocyte
ach-002446,HC_avg_k29,9,gastric
ach-000201,HC_avg_k29,28,soft_tissue
ach-000435,HC_avg_k29,8,uterus
ach-000965,HC_avg_k29,9,uterus
ach-001550,HC_avg_k29,22,skin
ach-002026,HC_avg_k29,8,uterus
ach-000883,HC_avg_k29,18,central_nervous_system
ach-000482,HC_avg_k29,9,lung
ach-000450,HC_avg_k29,15,skin
ach-002672,HC_avg_k29,9,pancreas
ach-000835,HC_avg_k29,18,soft_tissue
ach-002431,HC_avg_k29,18,peripheral_nervous_system
ach-001802,HC_avg_k29,22,soft_tissue
ach-000629,HC_avg_k29,18,central_nervous_system
ach-000715,HC_avg_k29,9,upper_aerodigestive
ach-000870,HC_avg_k29,24,lung
ach-000910,HC_avg_k29,9,breast
ach-000779,HC_avg_k29,9,lung
ach-000140,HC_avg_k29,14,lymphocyte
ach-001196,HC_avg_k29,22,soft_tissue
ach-001484,HC_avg_k29,14,blood
ach-000693,HC_avg_k29,9,esophagus
ach-000811,HC_avg_k29,8,ovary
ach-000423,HC_avg_k29,15,skin
ach-000290,HC_avg_k29,24,lung
ach-001847,HC_avg_k29,1,bile_duct
ach-000492,HC_avg_k29,14,blood
ach-001519,HC_avg_k29,28,bone
ach-000110,HC_avg_k29,9,gastric
ach-001497,HC_avg_k29,9,esophagus
ach-000102,HC_avg_k29,18,central_nervous_system
ach-000817,HC_avg_k29,14,plasma_cell
ach-001556,HC_avg_k29,18,lung
ach-000964,HC_avg_k29,14,blood
ach-000378,HC_avg_k29,6,lung
ach-000913,HC_avg_k29,20,uterus
ach-000575,HC_avg_k29,18,lung
ach-000634,HC_avg_k29,18,central_nervous_system
ach-002291,HC_avg_k29,23,embryo
ach-001322,HC_avg_k29,22,soft_tissue
ach-002924,HC_avg_k29,15,eye
ach-000767,HC_avg_k29,24,lung
ach-001642,HC_avg_k29,14,lymphocyte
ach-001552,HC_avg_k29,22,skin
ach-000451,HC_avg_k29,9,lung
ach-000879,HC_avg_k29,28,uterus
ach-001842,HC_avg_k29,9,bile_duct
ach-002662,HC_avg_k29,9,colorectal
ach-001032,HC_avg_k29,24,bone
ach-000982,HC_avg_k29,9,colorectal
ach-001636,HC_avg_k29,14,lymphocyte
ach-000189,HC_avg_k29,3,kidney
ach-000454,HC_avg_k29,9,lung
ach-000131,HC_avg_k29,18,fibroblast
ach-000660,HC_avg_k29,14,lymphocyte
ach-001197,HC_avg_k29,14,lymphocyte
ach-000915,HC_avg_k29,15,skin
ach-000480,HC_avg_k29,1,liver
ach-000745,HC_avg_k29,14,plasma_cell
ach-000161,HC_avg_k29,1,lung
ach-000395,HC_avg_k29,24,lung
ach-001459,HC_avg_k29,9,colorectal
ach-000916,HC_avg_k29,9,lung
ach-001609,HC_avg_k29,18,central_nervous_system
ach-001960,HC_avg_k29,9,bile_duct
ach-002648,HC_avg_k29,8,uterus
ach-001856,HC_avg_k29,1,bile_duct
ach-003158,HC_avg_k29,18,muscle
ach-002433,HC_avg_k29,18,bone
ach-000295,HC_avg_k29,14,blood
ach-001485,HC_avg_k29,14,blood
ach-003269,HC_avg_k29,18,soft_tissue
ach-000292,HC_avg_k29,28,lung
ach-000137,HC_avg_k29,18,central_nervous_system
ach-000308,HC_avg_k29,8,ovary
ach-000445,HC_avg_k29,18,central_nervous_system
ach-001229,HC_avg_k29,9,upper_aerodigestive
ach-000144,HC_avg_k29,9,gastric
ach-000837,HC_avg_k29,9,lung
ach-000048,HC_avg_k29,28,ovary
ach-000463,HC_avg_k29,5,lung
ach-000881,HC_avg_k29,15,skin
ach-000388,HC_avg_k29,14,lymphocyte
ach-001992,HC_avg_k29,18,lung
ach-000147,HC_avg_k29,9,breast
ach-000930,HC_avg_k29,7,breast
ach-000899,HC_avg_k29,15,skin
ach-000366,HC_avg_k29,24,peripheral_nervous_system
ach-001571,HC_avg_k29,14,lymphocyte
ach-001526,HC_avg_k29,22,bone
ach-000064,HC_avg_k29,9,lung
ach-001329,HC_avg_k29,18,central_nervous_system
ach-001676,HC_avg_k29,24,upper_aerodigestive
ach-000418,HC_avg_k29,18,bone
ach-001280,HC_avg_k29,22,soft_tissue
ach-002922,HC_avg_k29,24,peripheral_nervous_system
ach-000861,HC_avg_k29,18,lung
ach-000692,HC_avg_k29,9,upper_aerodigestive
ach-003137,HC_avg_k29,18,central_nervous_system
ach-000107,HC_avg_k29,9,pancreas
ach-000133,HC_avg_k29,18,soft_tissue
ach-000306,HC_avg_k29,18,fibroblast
ach-001530,HC_avg_k29,23,uterus
ach-000651,HC_avg_k29,24,colorectal
ach-000563,HC_avg_k29,9,lung
ach-000058,HC_avg_k29,18,thyroid
ach-000345,HC_avg_k29,24,peripheral_nervous_system
ach-000316,HC_avg_k29,1,liver
ach-000884,HC_avg_k29,15,skin
ach-000289,HC_avg_k29,15,central_nervous_system
ach-001451,HC_avg_k29,20,cervix
ach-003459,HC_avg_k29,15,skin
ach-002440,HC_avg_k29,19,thyroid
ach-000355,HC_avg_k29,24,lung
ach-002926,HC_avg_k29,15,unknown
ach-000962,HC_avg_k29,8,ovary
ach-000473,HC_avg_k29,9,urinary_tract
ach-000192,HC_avg_k29,24,uterus
ach-001624,HC_avg_k29,18,central_nervous_system
ach-001989,HC_avg_k29,15,skin
ach-001807,HC_avg_k29,18,soft_tissue
ach-002532,HC_avg_k29,9,colorectal
ach-002466,HC_avg_k29,18,eye
ach-001344,HC_avg_k29,18,peripheral_nervous_system
ach-001684,HC_avg_k29,14,blood
ach-000757,HC_avg_k29,28,lung
ach-000054,HC_avg_k29,18,soft_tissue
ach-001318,HC_avg_k29,1,liver
ach-000601,HC_avg_k29,25,pancreas
ach-000635,HC_avg_k29,8,ovary
ach-001857,HC_avg_k29,21,bile_duct
ach-000966,HC_avg_k29,8,ovary
ach-000630,HC_avg_k29,18,upper_aerodigestive
ach-000225,HC_avg_k29,24,gastric
ach-002047,HC_avg_k29,18,uterus
ach-000657,HC_avg_k29,28,ovary
ach-000624,HC_avg_k29,9,breast
ach-000699,HC_avg_k29,18,breast
ach-000923,HC_avg_k29,14,lymphocyte
ach-000687,HC_avg_k29,14,lymphocyte
ach-000044,HC_avg_k29,9,breast
ach-000740,HC_avg_k29,9,upper_aerodigestive
ach-000447,HC_avg_k29,6,lung
ach-000101,HC_avg_k29,14,blood
ach-001416,HC_avg_k29,9,urinary_tract
ach-000319,HC_avg_k29,18,lung
ach-000198,HC_avg_k29,14,blood
ach-000280,HC_avg_k29,9,ovary
ach-003265,HC_avg_k29,18,soft_tissue
ach-000104,HC_avg_k29,14,blood
ach-001835,HC_avg_k29,1,bile_duct
ach-000892,HC_avg_k29,5,lung
ach-000493,HC_avg_k29,18,liver
ach-000042,HC_avg_k29,9,pancreas
ach-002045,HC_avg_k29,9,upper_aerodigestive
ach-000221,HC_avg_k29,28,liver
ach-000477,HC_avg_k29,15,skin
ach-000746,HC_avg_k29,24,gastric
ach-000356,HC_avg_k29,9,gastric
ach-000457,HC_avg_k29,3,kidney
ach-000904,HC_avg_k29,24,lung
ach-002060,HC_avg_k29,14,blood
ach-003159,HC_avg_k29,18,hair
ach-001813,HC_avg_k29,18,bone
ach-000244,HC_avg_k29,18,central_nervous_system
ach-000610,HC_avg_k29,24,lung
ach-000081,HC_avg_k29,14,blood
ach-003161,HC_avg_k29,18,pancreas
ach-000255,HC_avg_k29,18,gastric
ach-001038,HC_avg_k29,24,bone
ach-000352,HC_avg_k29,9,breast
ach-002016,HC_avg_k29,18,eye
ach-000416,HC_avg_k29,5,lung
ach-000752,HC_avg_k29,18,lung
ach-000862,HC_avg_k29,9,urinary_tract
ach-000236,HC_avg_k29,9,colorectal
ach-000401,HC_avg_k29,15,skin
ach-000731,HC_avg_k29,18,lung
ach-000875,HC_avg_k29,9,lung
ach-000626,HC_avg_k29,14,plasma_cell
ach-000593,HC_avg_k29,9,urinary_tract
ach-000182,HC_avg_k29,9,bile_duct
ach-000442,HC_avg_k29,18,lung
ach-000159,HC_avg_k29,3,kidney
ach-000907,HC_avg_k29,3,kidney
ach-000191,HC_avg_k29,6,thyroid
ach-000205,HC_avg_k29,9,pancreas
ach-000103,HC_avg_k29,8,ovary
ach-000739,HC_avg_k29,1,liver
ach-001558,HC_avg_k29,18,lung
ach-000206,HC_avg_k29,14,lymphocyte
ach-000841,HC_avg_k29,9,lung
ach-000615,HC_avg_k29,15,skin
ach-001613,HC_avg_k29,14,blood
ach-001608,HC_avg_k29,18,central_nervous_system
ach-000801,HC_avg_k29,15,skin
ach-000539,HC_avg_k29,18,fibroblast
ach-000464,HC_avg_k29,18,central_nervous_system
ach-000622,HC_avg_k29,18,central_nervous_system
ach-000452,HC_avg_k29,12,esophagus
ach-001390,HC_avg_k29,9,breast
ach-001401,HC_avg_k29,28,adrenal_cortex
ach-000365,HC_avg_k29,14,lymphocyte
ach-001431,HC_avg_k29,24,bone
ach-000475,HC_avg_k29,1,liver
ach-000860,HC_avg_k29,9,lung
ach-000074,HC_avg_k29,14,blood
ach-000377,HC_avg_k29,9,bile_duct
ach-001562,HC_avg_k29,18,lung
ach-001693,HC_avg_k29,18,upper_aerodigestive
ach-003134,HC_avg_k29,18,unknown
ach-000259,HC_avg_k29,24,peripheral_nervous_system
ach-001697,HC_avg_k29,9,upper_aerodigestive
ach-002801,HC_avg_k29,15,peripheral_nervous_system
ach-001388,HC_avg_k29,9,breast
ach-001410,HC_avg_k29,9,urinary_tract
ach-002025,HC_avg_k29,9,colorectal
ach-002688,HC_avg_k29,18,bone
ach-000720,HC_avg_k29,18,urinary_tract
ach-000095,HC_avg_k29,24,central_nervous_system
ach-001345,HC_avg_k29,9,colorectal
ach-000558,HC_avg_k29,18,central_nervous_system
ach-000664,HC_avg_k29,14,lymphocyte
ach-000177,HC_avg_k29,24,prostate
ach-001423,HC_avg_k29,3,kidney
ach-000335,HC_avg_k29,18,lung
ach-000940,HC_avg_k29,28,uterus
ach-003160,HC_avg_k29,18,hair
ach-000631,HC_avg_k29,15,central_nervous_system
ach-000207,HC_avg_k29,9,upper_aerodigestive
ach-000764,HC_avg_k29,18,gastric
ach-000995,HC_avg_k29,14,blood
ach-000373,HC_avg_k29,14,blood
ach-000953,HC_avg_k29,14,blood
ach-000709,HC_avg_k29,3,kidney
ach-003463,HC_avg_k29,14,lymphocyte
ach-000846,HC_avg_k29,9,upper_aerodigestive
ach-001702,HC_avg_k29,3,soft_tissue
ach-000333,HC_avg_k29,9,ovary
ach-001708,HC_avg_k29,14,lymphocyte
ach-002059,HC_avg_k29,14,blood
ach-000929,HC_avg_k29,9,lung
ach-001395,HC_avg_k29,9,breast
ach-000948,HC_avg_k29,9,gastric
ach-002015,HC_avg_k29,18,eye
ach-000981,HC_avg_k29,14,blood
ach-000617,HC_avg_k29,8,ovary
ach-000311,HC_avg_k29,9,lung
ach-001210,HC_avg_k29,28,soft_tissue
ach-001834,HC_avg_k29,1,bile_duct
ach-002010,HC_avg_k29,15,eye
ach-003143,HC_avg_k29,3,kidney
ach-000390,HC_avg_k29,9,lung
ach-000468,HC_avg_k29,6,pancreas
ach-002651,HC_avg_k29,14,blood
ach-001061,HC_avg_k29,9,colorectal
ach-000077,HC_avg_k29,14,lymphocyte
ach-000456,HC_avg_k29,19,thyroid
ach-002703,HC_avg_k29,1,gastric
ach-000496,HC_avg_k29,6,lung
ach-002512,HC_avg_k29,15,skin
ach-000062,HC_avg_k29,6,lung
ach-002464,HC_avg_k29,18,eye
ach-000088,HC_avg_k29,18,fibroblast
ach-000536,HC_avg_k29,9,breast
ach-000071,HC_avg_k29,18,fibroblast
ach-002004,HC_avg_k29,15,skin
ach-000878,HC_avg_k29,5,lung
ach-001380,HC_avg_k29,1,pancreas
ach-002061,HC_avg_k29,14,blood
ach-000385,HC_avg_k29,3,kidney
ach-000412,HC_avg_k29,9,colorectal
ach-003474,HC_avg_k29,9,upper_aerodigestive
ach-000427,HC_avg_k29,9,gastric
ach-000938,HC_avg_k29,14,blood
ach-000462,HC_avg_k29,14,blood
ach-000939,HC_avg_k29,28,soft_tissue
ach-000325,HC_avg_k29,9,gastric
ach-000515,HC_avg_k29,24,lung
ach-001033,HC_avg_k29,28,central_nervous_system
ach-000919,HC_avg_k29,9,gastric
ach-000863,HC_avg_k29,18,central_nervous_system
ach-000642,HC_avg_k29,9,breast
ach-000581,HC_avg_k29,9,gastric
ach-001435,HC_avg_k29,22,testis
ach-001050,HC_avg_k29,22,soft_tissue
ach-001818,HC_avg_k29,18,bone
ach-001384,HC_avg_k29,18,thyroid
ach-000797,HC_avg_k29,18,fibroblast
ach-000220,HC_avg_k29,14,lymphocyte
ach-001533,HC_avg_k29,14,lymphocyte
ach-001508,HC_avg_k29,12,upper_aerodigestive
ach-000827,HC_avg_k29,18,skin
ach-003119,HC_avg_k29,24,lung
ach-000961,HC_avg_k29,8,uterus
ach-000778,HC_avg_k29,9,upper_aerodigestive
ach-000825,HC_avg_k29,18,lung
ach-000743,HC_avg_k29,24,lung
ach-000190,HC_avg_k29,18,unknown
ach-001819,HC_avg_k29,9,breast
ach-000157,HC_avg_k29,14,lymphocyte
ach-001786,HC_avg_k29,9,colorectal
ach-000253,HC_avg_k29,9,colorectal
ach-001376,HC_avg_k29,9,pancreas
ach-000958,HC_avg_k29,9,colorectal
ach-000228,HC_avg_k29,9,upper_aerodigestive
ach-000266,HC_avg_k29,9,pancreas
ach-001750,HC_avg_k29,18,soft_tissue
ach-000174,HC_avg_k29,20,thyroid
ach-000245,HC_avg_k29,14,lymphocyte
ach-001279,HC_avg_k29,28,ovary
ach-000620,HC_avg_k29,8,liver
ach-000813,HC_avg_k29,6,lung
ach-001513,HC_avg_k29,9,cervix
ach-000168,HC_avg_k29,14,blood
ach-000257,HC_avg_k29,24,lung
ach-000211,HC_avg_k29,18,central_nervous_system
ach-000283,HC_avg_k29,18,central_nervous_system
ach-002401,HC_avg_k29,9,breast
ach-002041,HC_avg_k29,18,thyroid
ach-000987,HC_avg_k29,15,skin
ach-003465,HC_avg_k29,18,upper_aerodigestive
ach-000682,HC_avg_k29,9,upper_aerodigestive
ach-000073,HC_avg_k29,14,lymphocyte
ach-000212,HC_avg_k29,20,breast
ach-000096,HC_avg_k29,28,kidney
ach-002500,HC_avg_k29,14,lymphocyte
ach-001440,HC_avg_k29,23,testis
ach-000063,HC_avg_k29,18,fibroblast
ach-002942,HC_avg_k29,18,soft_tissue
ach-001999,HC_avg_k29,9,pancreas
ach-000776,HC_avg_k29,13,central_nervous_system
ach-000521,HC_avg_k29,5,lung
ach-000299,HC_avg_k29,14,blood
ach-000025,HC_avg_k29,18,central_nervous_system
ach-000591,HC_avg_k29,18,central_nervous_system
ach-001716,HC_avg_k29,24,peripheral_nervous_system
ach-000833,HC_avg_k29,22,soft_tissue
ach-001628,HC_avg_k29,3,ovary
ach-000398,HC_avg_k29,14,lymphocyte
ach-000274,HC_avg_k29,15,skin
ach-001370,HC_avg_k29,19,ovary
ach-001700,HC_avg_k29,9,upper_aerodigestive
ach-000029,HC_avg_k29,9,lung
ach-001849,HC_avg_k29,9,bile_duct
ach-000644,HC_avg_k29,15,skin
ach-001422,HC_avg_k29,9,prostate
ach-000588,HC_avg_k29,14,plasma_cell
ach-000849,HC_avg_k29,9,breast
ach-002690,HC_avg_k29,18,bone
ach-000219,HC_avg_k29,15,skin
ach-000150,HC_avg_k29,9,lung
ach-001845,HC_avg_k29,1,bile_duct
ach-002643,HC_avg_k29,14,lymphocyte
ach-000384,HC_avg_k29,9,urinary_tract
ach-001053,HC_avg_k29,24,central_nervous_system
ach-001274,HC_avg_k29,18,soft_tissue
ach-000091,HC_avg_k29,3,ovary
ach-002932,HC_avg_k29,9,colorectal
ach-002014,HC_avg_k29,15,eye
ach-001634,HC_avg_k29,14,blood
ach-002531,HC_avg_k29,9,lung
ach-000495,HC_avg_k29,3,kidney
ach-000911,HC_avg_k29,9,gastric
ach-000013,HC_avg_k29,8,ovary
ach-002667,HC_avg_k29,9,colorectal
ach-000777,HC_avg_k29,9,esophagus
ach-001765,HC_avg_k29,22,soft_tissue
ach-000312,HC_avg_k29,24,peripheral_nervous_system
ach-000085,HC_avg_k29,9,pancreas
ach-000436,HC_avg_k29,14,plasma_cell
ach-000869,HC_avg_k29,9,lung
ach-003061,HC_avg_k29,24,lung
ach-003471,HC_avg_k29,2,thyroid
ach-000267,HC_avg_k29,14,lymphocyte
ach-000489,HC_avg_k29,9,colorectal
ach-000431,HC_avg_k29,24,lung
ach-000152,HC_avg_k29,18,central_nervous_system
ach-000909,HC_avg_k29,28,uterus
ach-000534,HC_avg_k29,14,lymphocyte
ach-001489,HC_avg_k29,24,lung
ach-000582,HC_avg_k29,15,skin
ach-000460,HC_avg_k29,8,ovary
ach-000443,HC_avg_k29,8,ovary
ach-001570,HC_avg_k29,15,skin
ach-000986,HC_avg_k29,9,colorectal
ach-001335,HC_avg_k29,9,cervix
ach-000023,HC_avg_k29,20,pancreas
ach-002062,HC_avg_k29,14,lymphocyte
ach-002462,HC_avg_k29,18,eye
ach-000151,HC_avg_k29,14,blood
ach-001277,HC_avg_k29,22,soft_tissue
ach-000607,HC_avg_k29,28,soft_tissue
ach-002647,HC_avg_k29,9,gastric
ach-000703,HC_avg_k29,24,lung
ach-001211,HC_avg_k29,28,soft_tissue
ach-003152,HC_avg_k29,18,lung
ach-001511,HC_avg_k29,9,upper_aerodigestive
ach-000113,HC_avg_k29,14,blood
ach-000337,HC_avg_k29,9,lung
ach-000598,HC_avg_k29,14,plasma_cell
ach-000057,HC_avg_k29,14,plasma_cell
ach-000281,HC_avg_k29,9,pancreas
ach-000321,HC_avg_k29,14,blood
ach-000985,HC_avg_k29,9,colorectal
ach-000444,HC_avg_k29,20,lung
ach-000347,HC_avg_k29,24,pancreas
ach-001399,HC_avg_k29,9,colorectal
ach-001097,HC_avg_k29,14,lymphocyte
ach-000127,HC_avg_k29,20,urinary_tract
ach-001961,HC_avg_k29,6,bile_duct
ach-001796,HC_avg_k29,18,soft_tissue
ach-000307,HC_avg_k29,9,pancreas
ach-001030,HC_avg_k29,24,bone
ach-002485,HC_avg_k29,14,lymphocyte
ach-000595,HC_avg_k29,15,central_nervous_system
ach-001540,HC_avg_k29,18,soft_tissue
ach-000298,HC_avg_k29,24,lung
ach-000771,HC_avg_k29,9,upper_aerodigestive
ach-000500,HC_avg_k29,20,upper_aerodigestive
ach-000353,HC_avg_k29,9,esophagus
ach-000363,HC_avg_k29,14,plasma_cell
ach-000350,HC_avg_k29,9,colorectal
ach-000053,HC_avg_k29,14,lymphocyte
ach-001543,HC_avg_k29,9,upper_aerodigestive
ach-000663,HC_avg_k29,3,ovary
ach-000346,HC_avg_k29,14,blood
ach-000970,HC_avg_k29,9,colorectal
ach-002543,HC_avg_k29,9,colorectal
ach-001333,HC_avg_k29,28,cervix
ach-000794,HC_avg_k29,9,upper_aerodigestive
ach-000039,HC_avg_k29,24,bone
ach-000471,HC_avg_k29,1,liver
ach-000850,HC_avg_k29,18,fibroblast
ach-000291,HC_avg_k29,9,ovary
ach-001453,HC_avg_k29,9,prostate
ach-001458,HC_avg_k29,9,colorectal
ach-000886,HC_avg_k29,9,lung
ach-000888,HC_avg_k29,4,lung
ach-000659,HC_avg_k29,24,lung
ach-000030,HC_avg_k29,9,lung
ach-001201,HC_avg_k29,24,central_nervous_system
ach-000271,HC_avg_k29,14,lymphocyte
ach-002676,HC_avg_k29,14,blood
ach-000549,HC_avg_k29,9,upper_aerodigestive
ach-000555,HC_avg_k29,3,kidney
ach-000478,HC_avg_k29,18,liver
ach-000775,HC_avg_k29,9,lung
ach-002214,HC_avg_k29,14,lymphocyte
ach-000038,HC_avg_k29,14,lymphocyte
ach-001109,HC_avg_k29,28,soft_tissue
ach-001442,HC_avg_k29,9,epidermoid_carcinoma
ach-000559,HC_avg_k29,24,lung
ach-000510,HC_avg_k29,28,lung
ach-002065,HC_avg_k29,18,central_nervous_system
ach-000676,HC_avg_k29,15,central_nervous_system
ach-002659,HC_avg_k29,9,colorectal
ach-000844,HC_avg_k29,24,lung
ach-002403,HC_avg_k29,18,skin
ach-002787,HC_avg_k29,18,soft_tissue
ach-002497,HC_avg_k29,4,lung
ach-002798,HC_avg_k29,18,skin
ach-000925,HC_avg_k29,9,lung
ach-002465,HC_avg_k29,18,eye
ach-000272,HC_avg_k29,3,kidney
ach-001035,HC_avg_k29,24,bone
ach-003457,HC_avg_k29,15,skin
ach-000513,HC_avg_k29,3,kidney
ach-001059,HC_avg_k29,28,soft_tissue
ach-000959,HC_avg_k29,9,colorectal
ach-002283,HC_avg_k29,24,peripheral_nervous_system
ach-000169,HC_avg_k29,22,soft_tissue
ach-001402,HC_avg_k29,5,cervix
ach-000796,HC_avg_k29,9,ovary
ach-000143,HC_avg_k29,24,lung
ach-000067,HC_avg_k29,18,central_nervous_system
ach-000640,HC_avg_k29,15,skin
ach-001591,HC_avg_k29,24,lung
ach-001674,HC_avg_k29,24,peripheral_nervous_system
ach-001698,HC_avg_k29,9,upper_aerodigestive
ach-002002,HC_avg_k29,15,skin
ach-002011,HC_avg_k29,15,eye
ach-003268,HC_avg_k29,18,soft_tissue
ach-000967,HC_avg_k29,9,colorectal
ach-000469,HC_avg_k29,18,central_nervous_system
ach-001353,HC_avg_k29,9,pancreas
ach-001574,HC_avg_k29,14,blood
ach-000097,HC_avg_k29,9,breast
ach-000256,HC_avg_k29,8,ovary
ach-000977,HC_avg_k29,9,prostate
ach-000972,HC_avg_k29,8,uterus
ach-001367,HC_avg_k29,24,peripheral_nervous_system
ach-000382,HC_avg_k29,24,lung
ach-003476,HC_avg_k29,9,upper_aerodigestive
ach-000579,HC_avg_k29,15,skin
ach-002035,HC_avg_k29,20,lung
ach-001532,HC_avg_k29,28,kidney
ach-000695,HC_avg_k29,24,lung
ach-001795,HC_avg_k29,3,soft_tissue
ach-001510,HC_avg_k29,9,upper_aerodigestive
ach-000502,HC_avg_k29,9,pancreas
ach-000183,HC_avg_k29,14,plasma_cell
ach-000408,HC_avg_k29,9,esophagus
ach-001496,HC_avg_k29,9,esophagus
ach-000788,HC_avg_k29,15,skin
ach-002405,HC_avg_k29,16,skin
ach-002409,HC_avg_k29,18,central_nervous_system
ach-001622,HC_avg_k29,18,central_nervous_system
ach-000466,HC_avg_k29,9,gastric
ach-001560,HC_avg_k29,18,lung
ach-001019,HC_avg_k29,24,skin
ach-003111,HC_avg_k29,18,soft_tissue
ach-000005,HC_avg_k29,14,blood
ach-001687,HC_avg_k29,3,kidney
ach-001151,HC_avg_k29,6,ovary
ach-000701,HC_avg_k29,9,ovary
ach-000542,HC_avg_k29,18,ovary
ach-000126,HC_avg_k29,18,central_nervous_system
ach-001685,HC_avg_k29,14,lymphocyte
ach-000933,HC_avg_k29,9,pancreas
ach-000068,HC_avg_k29,14,lymphocyte
ach-000015,HC_avg_k29,28,lung
ach-001111,HC_avg_k29,14,lymphocyte
ach-000487,HC_avg_k29,14,blood
ach-000122,HC_avg_k29,14,blood
ach-000288,HC_avg_k29,18,breast
ach-001820,HC_avg_k29,7,breast
ach-000782,HC_avg_k29,14,blood
ach-001632,HC_avg_k29,8,ovary
ach-002399,HC_avg_k29,9,breast
ach-000357,HC_avg_k29,14,lymphocyte
ach-000079,HC_avg_k29,18,fibroblast
ach-001031,HC_avg_k29,28,soft_tissue
ach-001064,HC_avg_k29,14,lymphocyte
ach-002802,HC_avg_k29,15,peripheral_nervous_system
ach-001048,HC_avg_k29,20,ovary
ach-000453,HC_avg_k29,14,plasma_cell
ach-003155,HC_avg_k29,17,liver
ach-000791,HC_avg_k29,9,lung
ach-000567,HC_avg_k29,14,lymphocyte
ach-001391,HC_avg_k29,17,breast
ach-001075,HC_avg_k29,9,lung
ach-000105,HC_avg_k29,14,blood
ach-000557,HC_avg_k29,14,blood
ach-000175,HC_avg_k29,18,fibroblast
ach-001356,HC_avg_k29,18,thyroid
ach-001844,HC_avg_k29,1,bile_duct
ach-001346,HC_avg_k29,9,upper_aerodigestive
ach-000885,HC_avg_k29,3,ovary
ach-000900,HC_avg_k29,28,lung
ach-000666,HC_avg_k29,5,lung
ach-001428,HC_avg_k29,24,bone
ach-000217,HC_avg_k29,18,liver
ach-000872,HC_avg_k29,5,lung
ach-001974,HC_avg_k29,15,skin
ach-002020,HC_avg_k29,9,cervix
ach-001638,HC_avg_k29,14,lymphocyte
ach-001228,HC_avg_k29,9,upper_aerodigestive
ach-000181,HC_avg_k29,9,upper_aerodigestive
ach-000115,HC_avg_k29,9,prostate
ach-000130,HC_avg_k29,14,blood
ach-000121,HC_avg_k29,6,lung
ach-001711,HC_avg_k29,22,central_nervous_system
ach-000934,HC_avg_k29,9,breast
ach-000996,HC_avg_k29,8,uterus
ach-001529,HC_avg_k29,23,uterus
ach-001743,HC_avg_k29,22,soft_tissue
ach-000320,HC_avg_k29,6,pancreas
ach-000505,HC_avg_k29,18,soft_tissue
ach-000781,HC_avg_k29,5,lung
ach-000059,HC_avg_k29,14,blood
ach-000920,HC_avg_k29,14,blood
ach-000294,HC_avg_k29,14,blood
ach-000422,HC_avg_k29,18,liver
ach-000200,HC_avg_k29,18,central_nervous_system
ach-000046,HC_avg_k29,3,kidney
ach-000968,HC_avg_k29,15,skin
ach-000830,HC_avg_k29,24,lung
ach-000114,HC_avg_k29,9,pancreas
ach-000402,HC_avg_k29,14,lymphocyte
ach-001578,HC_avg_k29,23,embryo
ach-000036,HC_avg_k29,18,central_nervous_system
ach-000973,HC_avg_k29,20,urinary_tract
ach-001128,HC_avg_k29,27,soft_tissue
ach-003437,HC_avg_k29,9,gastric
ach-000750,HC_avg_k29,18,skin
ach-000285,HC_avg_k29,14,lymphocyte
ach-002669,HC_avg_k29,9,colorectal
ach-001858,HC_avg_k29,18,bile_duct
ach-001997,HC_avg_k29,9,bile_duct
ach-000052,HC_avg_k29,24,bone
ach-001113,HC_avg_k34,10,lung
ach-001289,HC_avg_k34,33,soft_tissue
ach-001339,HC_avg_k34,16,skin
ach-001979,HC_avg_k34,16,skin
ach-002438,HC_avg_k34,20,kidney
ach-001538,HC_avg_k34,10,bile_duct
ach-000242,HC_avg_k34,10,urinary_tract
ach-000708,HC_avg_k34,10,colorectal
ach-000327,HC_avg_k34,10,lung
ach-000233,HC_avg_k34,15,lymphocyte
ach-000461,HC_avg_k34,10,bile_duct
ach-000705,HC_avg_k34,10,lung
ach-001794,HC_avg_k34,20,soft_tissue
ach-002023,HC_avg_k34,10,colorectal
ach-000528,HC_avg_k34,10,lung
ach-002501,HC_avg_k34,25,soft_tissue
ach-001655,HC_avg_k34,20,uterus
ach-000167,HC_avg_k34,15,plasma_cell
ach-000792,HC_avg_k34,20,kidney
ach-001098,HC_avg_k34,10,pancreas
ach-000570,HC_avg_k34,20,central_nervous_system
ach-000351,HC_avg_k34,13,gastric
ach-002075,HC_avg_k34,28,lung
ach-002040,HC_avg_k34,16,skin
ach-000769,HC_avg_k34,28,lung
ach-000154,HC_avg_k34,20,fibroblast
ach-000828,HC_avg_k34,10,breast
ach-000421,HC_avg_k34,10,colorectal
ach-000765,HC_avg_k34,16,skin
ach-001375,HC_avg_k34,10,pancreas
ach-000008,HC_avg_k34,16,skin
ach-001814,HC_avg_k34,20,bone
ach-000800,HC_avg_k34,28,lung
ach-000606,HC_avg_k34,10,upper_aerodigestive
ach-000317,HC_avg_k34,3,kidney
ach-001492,HC_avg_k34,15,lymphocyte
ach-000123,HC_avg_k34,33,ovary
ach-000723,HC_avg_k34,10,upper_aerodigestive
ach-002066,HC_avg_k34,16,central_nervous_system
ach-001536,HC_avg_k34,5,bile_duct
ach-003136,HC_avg_k34,20,unknown
ach-000313,HC_avg_k34,3,kidney
ach-002019,HC_avg_k34,10,cervix
ach-000728,HC_avg_k34,15,blood
ach-000700,HC_avg_k34,20,lung
ach-000823,HC_avg_k34,10,esophagus
ach-000678,HC_avg_k34,10,gastric
ach-000006,HC_avg_k34,15,blood
ach-002790,HC_avg_k34,25,soft_tissue
ach-002029,HC_avg_k34,10,upper_aerodigestive
ach-001377,HC_avg_k34,10,pancreas
ach-000754,HC_avg_k34,15,lymphocyte
ach-000465,HC_avg_k34,16,skin
ach-000138,HC_avg_k34,10,pancreas
ach-001864,HC_avg_k34,10,bile_duct
ach-000383,HC_avg_k34,10,esophagus
ach-001547,HC_avg_k34,20,lung
ach-000917,HC_avg_k34,10,esophagus
ach-002471,HC_avg_k34,25,bone
ach-000984,HC_avg_k34,9,uterus
ach-002678,HC_avg_k34,15,lymphocyte
ach-001409,HC_avg_k34,10,urinary_tract
ach-001707,HC_avg_k34,15,blood
ach-000117,HC_avg_k34,10,breast
ach-000999,HC_avg_k34,10,colorectal
ach-000633,HC_avg_k34,1,gastric
ach-000520,HC_avg_k34,20,ovary
ach-000176,HC_avg_k34,20,lung
ach-000017,HC_avg_k34,10,breast
ach-000020,HC_avg_k34,15,blood
ach-001385,HC_avg_k34,27,upper_aerodigestive
ach-000587,HC_avg_k34,20,lung
ach-000785,HC_avg_k34,10,lung
ach-003469,HC_avg_k34,20,thyroid
ach-000554,HC_avg_k34,10,breast
ach-003180,HC_avg_k34,20,soft_tissue
ach-001398,HC_avg_k34,3,kidney
ach-001991,HC_avg_k34,28,ovary
ach-001332,HC_avg_k34,10,upper_aerodigestive
ach-000585,HC_avg_k34,10,lung
ach-000550,HC_avg_k34,20,skin
ach-000627,HC_avg_k34,20,lung
ach-000704,HC_avg_k34,9,ovary
ach-000276,HC_avg_k34,8,breast
ach-000075,HC_avg_k34,20,central_nervous_system
ach-000818,HC_avg_k34,10,breast
ach-003184,HC_avg_k34,20,soft_tissue
ach-001616,HC_avg_k34,15,lymphocyte
ach-000625,HC_avg_k34,1,liver
ach-000941,HC_avg_k34,9,uterus
ach-000392,HC_avg_k34,10,lung
ach-000269,HC_avg_k34,20,central_nervous_system
ach-001670,HC_avg_k34,28,peripheral_nervous_system
ach-003133,HC_avg_k34,20,unknown
ach-000856,HC_avg_k34,9,breast
ach-002687,HC_avg_k34,16,eye
ach-001119,HC_avg_k34,15,lymphocyte
ach-003132,HC_avg_k34,20,unknown
ach-000376,HC_avg_k34,20,central_nervous_system
ach-000685,HC_avg_k34,10,pancreas
ach-000729,HC_avg_k34,28,lung
ach-001034,HC_avg_k34,28,bone
ach-001283,HC_avg_k34,28,bone
ach-000880,HC_avg_k34,10,gastric
ach-000035,HC_avg_k34,10,lung
ach-001200,HC_avg_k34,33,soft_tissue
ach-000194,HC_avg_k34,20,fibroblast
ach-000322,HC_avg_k34,16,skin
ach-000552,HC_avg_k34,10,colorectal
ach-002508,HC_avg_k34,20,skin
ach-000222,HC_avg_k34,10,pancreas
ach-000260,HC_avg_k34,20,peripheral_nervous_system
ach-001652,HC_avg_k34,22,uterus
ach-000608,HC_avg_k34,10,ovary
ach-000501,HC_avg_k34,10,colorectal
ach-000612,HC_avg_k34,15,lymphocyte
ach-002033,HC_avg_k34,20,pleura
ach-001184,HC_avg_k34,25,soft_tissue
ach-001688,HC_avg_k34,3,kidney
ach-001838,HC_avg_k34,10,bile_duct
ach-000638,HC_avg_k34,10,lung
ach-001846,HC_avg_k34,1,bile_duct
ach-000798,HC_avg_k34,10,colorectal
ach-001321,HC_avg_k34,28,thyroid
ach-000894,HC_avg_k34,10,lung
ach-001559,HC_avg_k34,20,lung
ach-000344,HC_avg_k34,5,gastric
ach-000223,HC_avg_k34,10,breast
ach-000031,HC_avg_k34,10,pancreas
ach-000034,HC_avg_k34,15,blood
ach-001861,HC_avg_k34,10,bile_duct
ach-003468,HC_avg_k34,20,thyroid
ach-000772,HC_avg_k34,25,soft_tissue
ach-000946,HC_avg_k34,9,uterus
ach-000596,HC_avg_k34,10,lung
ach-001046,HC_avg_k34,15,lung
ach-000632,HC_avg_k34,16,skin
ach-000978,HC_avg_k34,33,uterus
ach-000332,HC_avg_k34,10,pancreas
ach-001841,HC_avg_k34,10,bile_duct
ach-003273,HC_avg_k34,15,blood
ach-000179,HC_avg_k34,28,lung
ach-000887,HC_avg_k34,10,central_nervous_system
ach-000368,HC_avg_k34,20,central_nervous_system
ach-000240,HC_avg_k34,20,fibroblast
ach-000578,HC_avg_k34,10,lung
ach-001611,HC_avg_k34,20,central_nervous_system
ach-000135,HC_avg_k34,20,fibroblast
ach-001671,HC_avg_k34,26,testis
ach-000406,HC_avg_k34,15,blood
ach-001541,HC_avg_k34,15,plasma_cell
ach-000998,HC_avg_k34,10,colorectal
ach-000441,HC_avg_k34,16,skin
ach-000960,HC_avg_k34,15,blood
ach-000098,HC_avg_k34,20,central_nervous_system
ach-001651,HC_avg_k34,5,uterus
ach-001456,HC_avg_k34,10,colorectal
ach-001336,HC_avg_k34,10,cervix
ach-000284,HC_avg_k34,20,fibroblast
ach-000971,HC_avg_k34,11,colorectal
ach-001454,HC_avg_k34,10,colorectal
ach-000926,HC_avg_k34,10,colorectal
ach-000033,HC_avg_k34,10,lung
ach-000576,HC_avg_k34,15,plasma_cell
ach-000019,HC_avg_k34,10,breast
ach-001577,HC_avg_k34,15,blood
ach-001981,HC_avg_k34,16,skin
ach-000330,HC_avg_k34,10,breast
ach-000848,HC_avg_k34,1,liver
ach-000481,HC_avg_k34,10,lung
ach-001517,HC_avg_k34,9,uterus
ach-000338,HC_avg_k34,15,lymphocyte
ach-001959,HC_avg_k34,33,bile_duct
ach-001414,HC_avg_k34,10,urinary_tract
ach-001227,HC_avg_k34,10,upper_aerodigestive
ach-000871,HC_avg_k34,28,lung
ach-001403,HC_avg_k34,9,ovary
ach-000805,HC_avg_k34,16,skin
ach-001142,HC_avg_k34,20,central_nervous_system
ach-001554,HC_avg_k34,16,eye
ach-001667,HC_avg_k34,16,soft_tissue
ach-000847,HC_avg_k34,25,gastric
ach-001447,HC_avg_k34,15,lymphocyte
ach-001537,HC_avg_k34,33,bile_duct
ach-001207,HC_avg_k34,20,fibroblast
ach-001854,HC_avg_k34,20,bile_duct
ach-000832,HC_avg_k34,10,upper_aerodigestive
ach-001975,HC_avg_k34,16,skin
ach-000428,HC_avg_k34,3,kidney
ach-001382,HC_avg_k34,10,pancreas
ach-001302,HC_avg_k34,28,peripheral_nervous_system
ach-000690,HC_avg_k34,10,lung
ach-001134,HC_avg_k34,15,lymphocyte
ach-000914,HC_avg_k34,15,lymphocyte
ach-000858,HC_avg_k34,10,lung
ach-001421,HC_avg_k34,28,eye
ach-002796,HC_avg_k34,25,soft_tissue
ach-003183,HC_avg_k34,20,soft_tissue
ach-002716,HC_avg_k34,15,blood
ach-003100,HC_avg_k34,15,lymphocyte
ach-000544,HC_avg_k34,10,esophagus
ach-000725,HC_avg_k34,10,breast
ach-000566,HC_avg_k34,3,urinary_tract
ach-000760,HC_avg_k34,20,central_nervous_system
ach-001745,HC_avg_k34,25,soft_tissue
ach-000787,HC_avg_k34,20,lung
ach-001598,HC_avg_k34,28,adrenal_cortex
ach-000749,HC_avg_k34,28,lung
ach-001691,HC_avg_k34,20,upper_aerodigestive
ach-001328,HC_avg_k34,10,skin
ach-001704,HC_avg_k34,16,skin
ach-001502,HC_avg_k34,26,testis
ach-002844,HC_avg_k34,20,soft_tissue
ach-001068,HC_avg_k34,15,lymphocyte
ach-000358,HC_avg_k34,28,lung
ach-002695,HC_avg_k34,20,peripheral_nervous_system
ach-001672,HC_avg_k34,26,testis
ach-001654,HC_avg_k34,6,esophagus
ach-001521,HC_avg_k34,10,skin
ach-000209,HC_avg_k34,1,bile_duct
ach-001520,HC_avg_k34,15,blood
ach-000213,HC_avg_k34,10,pancreas
ach-001610,HC_avg_k34,20,central_nervous_system
ach-001408,HC_avg_k34,10,urinary_tract
ach-000991,HC_avg_k34,10,colorectal
ach-001412,HC_avg_k34,10,urinary_tract
ach-000331,HC_avg_k34,20,lung
ach-001407,HC_avg_k34,20,urinary_tract
ach-000580,HC_avg_k34,16,skin
ach-000594,HC_avg_k34,28,lung
ach-000684,HC_avg_k34,3,kidney
ach-000742,HC_avg_k34,20,fibroblast
ach-000868,HC_avg_k34,10,lung
ach-000732,HC_avg_k34,10,upper_aerodigestive
ach-001481,HC_avg_k34,20,peripheral_nervous_system
ach-000429,HC_avg_k34,3,kidney
ach-000310,HC_avg_k34,28,peripheral_nervous_system
ach-002475,HC_avg_k34,26,blood
ach-000643,HC_avg_k34,10,breast
ach-000234,HC_avg_k34,3,kidney
ach-003267,HC_avg_k34,19,soft_tissue
ach-001498,HC_avg_k34,15,lymphocyte
ach-000896,HC_avg_k34,10,urinary_tract
ach-003451,HC_avg_k34,25,kidney
ach-000203,HC_avg_k34,28,peripheral_nervous_system
ach-001607,HC_avg_k34,6,bile_duct
ach-002706,HC_avg_k34,29,gastric
ach-001441,HC_avg_k34,16,eye
ach-000112,HC_avg_k34,15,blood
ach-000874,HC_avg_k34,15,blood
ach-000186,HC_avg_k34,10,lung
ach-002780,HC_avg_k34,28,bone
ach-000677,HC_avg_k34,29,lung
ach-000055,HC_avg_k34,28,central_nervous_system
ach-000485,HC_avg_k34,10,gastric
ach-000672,HC_avg_k34,21,lung
ach-001150,HC_avg_k34,20,bone
ach-000287,HC_avg_k34,15,lymphocyte
ach-000784,HC_avg_k34,10,esophagus
ach-000530,HC_avg_k34,33,lung
ach-002024,HC_avg_k34,28,colorectal
ach-000380,HC_avg_k34,15,plasma_cell
ach-001737,HC_avg_k34,15,blood
ach-001400,HC_avg_k34,10,cervix
ach-001054,HC_avg_k34,28,central_nervous_system
ach-001695,HC_avg_k34,10,upper_aerodigestive
ach-000009,HC_avg_k34,10,colorectal
ach-000491,HC_avg_k34,24,colorectal
ach-001703,HC_avg_k34,15,lymphocyte
ach-000002,HC_avg_k34,15,blood
ach-001568,HC_avg_k34,16,skin
ach-001449,HC_avg_k34,15,lymphocyte
ach-000993,HC_avg_k34,9,uterus
ach-002680,HC_avg_k34,20,central_nervous_system
ach-000877,HC_avg_k34,15,lymphocyte
ach-000711,HC_avg_k34,10,breast
ach-001515,HC_avg_k34,10,cervix
ach-002847,HC_avg_k34,20,unknown
ach-000702,HC_avg_k34,15,lymphocyte
ach-001020,HC_avg_k34,33,soft_tissue
ach-000600,HC_avg_k34,3,kidney
ach-003266,HC_avg_k34,19,soft_tissue
ach-000354,HC_avg_k34,10,pancreas
ach-000012,HC_avg_k34,10,lung
ach-000689,HC_avg_k34,20,soft_tissue
ach-002668,HC_avg_k34,15,blood
ach-002533,HC_avg_k34,3,kidney
ach-000459,HC_avg_k34,3,kidney
ach-002050,HC_avg_k34,20,unknown
ach-003120,HC_avg_k34,28,lung
ach-001413,HC_avg_k34,20,urinary_tract
ach-000686,HC_avg_k34,1,liver
ach-000342,HC_avg_k34,10,colorectal
ach-000208,HC_avg_k34,20,central_nervous_system
ach-000360,HC_avg_k34,10,colorectal
ach-000249,HC_avg_k34,10,colorectal
ach-001368,HC_avg_k34,32,esophagus
ach-000231,HC_avg_k34,20,central_nervous_system
ach-002074,HC_avg_k34,28,lung
ach-000945,HC_avg_k34,21,lung
ach-000662,HC_avg_k34,10,lung
ach-002458,HC_avg_k34,16,skin
ach-001378,HC_avg_k34,10,pancreas
ach-001029,HC_avg_k34,28,bone
ach-001817,HC_avg_k34,20,bone
ach-002846,HC_avg_k34,16,skin
ach-000248,HC_avg_k34,10,breast
ach-000943,HC_avg_k34,11,colorectal
ach-000751,HC_avg_k34,15,blood
ach-001696,HC_avg_k34,10,upper_aerodigestive
ach-002936,HC_avg_k34,25,soft_tissue
ach-001016,HC_avg_k34,20,central_nervous_system
ach-000282,HC_avg_k34,7,lung
ach-003438,HC_avg_k34,20,central_nervous_system
ach-002215,HC_avg_k34,15,lymphocyte
ach-000261,HC_avg_k34,23,lung
ach-000164,HC_avg_k34,29,pancreas
ach-001793,HC_avg_k34,20,soft_tissue
ach-000262,HC_avg_k34,3,kidney
ach-000158,HC_avg_k34,15,lymphocyte
ach-000773,HC_avg_k34,15,lymphocyte
ach-000722,HC_avg_k34,10,colorectal
ach-000857,HC_avg_k34,10,breast
ach-001129,HC_avg_k34,15,blood
ach-001619,HC_avg_k34,7,bile_duct
ach-000184,HC_avg_k34,20,fibroblast
ach-000329,HC_avg_k34,20,central_nervous_system
ach-001569,HC_avg_k34,16,skin
ach-002544,HC_avg_k34,26,gastric
ach-002675,HC_avg_k34,15,blood
ach-000814,HC_avg_k34,16,skin
ach-002499,HC_avg_k34,8,breast
ach-001493,HC_avg_k34,15,lymphocyte
ach-001701,HC_avg_k34,10,upper_aerodigestive
ach-000197,HC_avg_k34,15,blood
ach-000545,HC_avg_k34,10,urinary_tract
ach-000949,HC_avg_k34,10,gastric
ach-000124,HC_avg_k34,15,lymphocyte
ach-000560,HC_avg_k34,28,gastric
ach-000897,HC_avg_k34,20,thyroid
ach-001626,HC_avg_k34,10,upper_aerodigestive
ach-000619,HC_avg_k34,10,upper_aerodigestive
ach-001973,HC_avg_k34,16,skin
ach-001340,HC_avg_k34,9,ovary
ach-000546,HC_avg_k34,10,upper_aerodigestive
ach-001709,HC_avg_k34,15,lymphocyte
ach-002018,HC_avg_k34,16,eye
ach-000153,HC_avg_k34,20,lung
ach-000526,HC_avg_k34,20,fibroblast
ach-000116,HC_avg_k34,9,ovary
ach-000815,HC_avg_k34,15,lymphocyte
ach-001270,HC_avg_k34,25,soft_tissue
ach-002523,HC_avg_k34,25,liver
ach-000324,HC_avg_k34,3,ovary
ach-001949,HC_avg_k34,16,skin
ach-001561,HC_avg_k34,20,lung
ach-000842,HC_avg_k34,10,colorectal
ach-000898,HC_avg_k34,10,gastric
ach-000517,HC_avg_k34,6,pancreas
ach-001980,HC_avg_k34,16,skin
ach-001415,HC_avg_k34,10,urinary_tract
ach-000681,HC_avg_k34,5,lung
ach-001310,HC_avg_k34,3,kidney
ach-000070,HC_avg_k34,15,blood
ach-000484,HC_avg_k34,3,kidney
ach-003426,HC_avg_k34,20,gastric
ach-000108,HC_avg_k34,6,pancreas
ach-000808,HC_avg_k34,20,bile_duct
ach-000656,HC_avg_k34,15,lymphocyte
ach-000166,HC_avg_k34,15,blood
ach-000997,HC_avg_k34,10,colorectal
ach-000866,HC_avg_k34,28,lung
ach-000819,HC_avg_k34,20,central_nervous_system
ach-000226,HC_avg_k34,15,lymphocyte
ach-000087,HC_avg_k34,28,bone
ach-000340,HC_avg_k34,20,fibroblast
ach-002005,HC_avg_k34,16,skin
ach-001680,HC_avg_k34,15,lymphocyte
ach-000758,HC_avg_k34,10,gastric
ach-000196,HC_avg_k34,8,breast
ach-003141,HC_avg_k34,20,muscle
ach-000258,HC_avg_k34,28,breast
ach-000163,HC_avg_k34,20,thyroid
ach-000076,HC_avg_k34,15,blood
ach-000509,HC_avg_k34,15,lymphocyte
ach-001193,HC_avg_k34,28,bone
ach-000571,HC_avg_k34,20,central_nervous_system
ach-000391,HC_avg_k34,28,bone
ach-000293,HC_avg_k34,9,uterus
ach-003138,HC_avg_k34,20,central_nervous_system
ach-000532,HC_avg_k34,10,colorectal
ach-000584,HC_avg_k34,9,ovary
ach-001690,HC_avg_k34,10,upper_aerodigestive
ach-000586,HC_avg_k34,28,lung
ach-000944,HC_avg_k34,15,lymphocyte
ach-003149,HC_avg_k34,20,muscle
ach-000561,HC_avg_k34,10,esophagus
ach-001648,HC_avg_k34,10,prostate
ach-000394,HC_avg_k34,28,lung
ach-000954,HC_avg_k34,9,uterus
ach-000204,HC_avg_k34,15,plasma_cell
ach-000160,HC_avg_k34,30,soft_tissue
ach-003460,HC_avg_k34,15,lymphocyte
ach-000989,HC_avg_k34,10,colorectal
ach-001347,HC_avg_k34,10,upper_aerodigestive
ach-000691,HC_avg_k34,8,breast
ach-000268,HC_avg_k34,10,bile_duct
ach-001209,HC_avg_k34,15,lymphocyte
ach-003456,HC_avg_k34,20,skin
ach-000119,HC_avg_k34,20,fibroblast
ach-000379,HC_avg_k34,10,lung
ach-001341,HC_avg_k34,10,cervix
ach-000714,HC_avg_k34,15,plasma_cell
ach-000937,HC_avg_k34,15,blood
ach-000763,HC_avg_k34,15,plasma_cell
ach-002834,HC_avg_k34,20,bone
ach-001673,HC_avg_k34,10,bile_duct
ach-000326,HC_avg_k34,15,blood
ach-000300,HC_avg_k34,3,kidney
ach-002994,HC_avg_k34,15,blood
ach-000901,HC_avg_k34,20,lung
ach-000816,HC_avg_k34,28,lung
ach-000641,HC_avg_k34,15,blood
ach-000511,HC_avg_k34,20,lung
ach-002077,HC_avg_k34,28,lung
ach-000583,HC_avg_k34,15,lymphocyte
ach-000836,HC_avg_k34,10,upper_aerodigestive
ach-000975,HC_avg_k34,20,lung
ach-000109,HC_avg_k34,10,lung
ach-000467,HC_avg_k34,10,colorectal
ach-000712,HC_avg_k34,28,lung
ach-000671,HC_avg_k34,26,liver
ach-000523,HC_avg_k34,28,lung
ach-000864,HC_avg_k34,28,uterus
ach-000726,HC_avg_k34,10,esophagus
ach-000136,HC_avg_k34,28,peripheral_nervous_system
ach-002067,HC_avg_k34,25,bone
ach-000440,HC_avg_k34,15,lymphocyte
ach-002539,HC_avg_k34,10,colorectal
ach-001461,HC_avg_k34,10,colorectal
ach-000890,HC_avg_k34,20,lung
ach-001692,HC_avg_k34,10,upper_aerodigestive
ach-000027,HC_avg_k34,20,central_nervous_system
ach-000562,HC_avg_k34,10,lung
ach-000748,HC_avg_k34,20,bone
ach-001669,HC_avg_k34,15,blood
ach-000834,HC_avg_k34,10,urinary_tract
ach-000565,HC_avg_k34,10,colorectal
ach-000449,HC_avg_k34,33,soft_tissue
ach-000399,HC_avg_k34,28,lung
ach-002080,HC_avg_k34,28,peripheral_nervous_system
ach-000770,HC_avg_k34,15,blood
ach-000710,HC_avg_k34,10,lung
ach-000507,HC_avg_k34,10,gastric
ach-000066,HC_avg_k34,10,lung
ach-000022,HC_avg_k34,10,pancreas
ach-001668,HC_avg_k34,26,embryo
ach-000334,HC_avg_k34,15,lymphocyte
ach-000374,HC_avg_k34,8,breast
ach-000519,HC_avg_k34,15,blood
ach-000908,HC_avg_k34,10,gastric
ach-002003,HC_avg_k34,16,skin
ach-000574,HC_avg_k34,3,ovary
ach-000148,HC_avg_k34,20,breast
ach-002461,HC_avg_k34,20,skin
ach-000646,HC_avg_k34,9,ovary
ach-000314,HC_avg_k34,21,lung
ach-001705,HC_avg_k34,10,breast
ach-000040,HC_avg_k34,20,central_nervous_system
ach-001057,HC_avg_k34,15,lymphocyte
ach-000430,HC_avg_k34,31,ovary
ach-001041,HC_avg_k34,16,skin
ach-001988,HC_avg_k34,16,skin
ach-001977,HC_avg_k34,20,lung
ach-000370,HC_avg_k34,20,central_nervous_system
ach-001630,HC_avg_k34,9,ovary
ach-000437,HC_avg_k34,20,central_nervous_system
ach-000498,HC_avg_k34,15,blood
ach-001392,HC_avg_k34,10,breast
ach-000503,HC_avg_k34,10,upper_aerodigestive
ach-002778,HC_avg_k34,20,bone
ach-000328,HC_avg_k34,20,central_nervous_system
ach-000403,HC_avg_k34,10,colorectal
ach-000400,HC_avg_k34,10,colorectal
ach-000224,HC_avg_k34,20,fibroblast
ach-000318,HC_avg_k34,10,esophagus
ach-003472,HC_avg_k34,2,thyroid
ach-001430,HC_avg_k34,28,bone
ach-000928,HC_avg_k34,9,uterus
ach-000893,HC_avg_k34,5,lung
ach-000889,HC_avg_k34,15,plasma_cell
ach-000799,HC_avg_k34,16,skin
ach-001623,HC_avg_k34,20,central_nervous_system
ach-000736,HC_avg_k34,10,gastric
ach-000876,HC_avg_k34,10,breast
ach-001232,HC_avg_k34,20,central_nervous_system
ach-001618,HC_avg_k34,15,blood
ach-001828,HC_avg_k34,15,lymphocyte
ach-002650,HC_avg_k34,10,lung
ach-000235,HC_avg_k34,10,pancreas
ach-000381,HC_avg_k34,10,colorectal
ach-001993,HC_avg_k34,15,blood
ach-001301,HC_avg_k34,28,peripheral_nervous_system
ach-000854,HC_avg_k34,15,plasma_cell
ach-000187,HC_avg_k34,28,lung
ach-000543,HC_avg_k34,20,central_nervous_system
ach-000569,HC_avg_k34,20,lung
ach-000668,HC_avg_k34,10,breast
ach-000134,HC_avg_k34,20,fibroblast
ach-000924,HC_avg_k34,5,lung
ach-003473,HC_avg_k34,20,soft_tissue
ach-001450,HC_avg_k34,15,lymphocyte
ach-000296,HC_avg_k34,26,colorectal
ach-002034,HC_avg_k34,27,lung
ach-002781,HC_avg_k34,25,bone
ach-000713,HC_avg_k34,9,ovary
ach-001360,HC_avg_k34,10,cervix
ach-002921,HC_avg_k34,10,breast
ach-000273,HC_avg_k34,20,central_nervous_system
ach-001715,HC_avg_k34,20,bone
ach-001617,HC_avg_k34,15,lymphocyte
ach-000639,HC_avg_k34,28,lung
ach-000590,HC_avg_k34,7,lung
ach-000553,HC_avg_k34,10,lung
ach-000084,HC_avg_k34,15,blood
ach-000094,HC_avg_k34,10,pancreas
ach-000361,HC_avg_k34,20,liver
ach-000719,HC_avg_k34,9,ovary
ach-001396,HC_avg_k34,10,breast
ach-001848,HC_avg_k34,10,bile_duct
ach-000339,HC_avg_k34,20,lung
ach-002048,HC_avg_k34,25,soft_tissue
ach-000218,HC_avg_k34,15,blood
ach-002486,HC_avg_k34,3,ovary
ach-002711,HC_avg_k34,20,upper_aerodigestive
ach-000789,HC_avg_k34,28,lung
ach-000413,HC_avg_k34,20,fibroblast
ach-000125,HC_avg_k34,20,fibroblast
ach-000180,HC_avg_k34,20,fibroblast
ach-000215,HC_avg_k34,20,central_nervous_system
ach-001001,HC_avg_k34,23,bone
ach-000407,HC_avg_k34,20,uterus
ach-002170,HC_avg_k34,28,lung
ach-002027,HC_avg_k34,9,uterus
ach-001132,HC_avg_k34,15,lymphocyte
ach-001278,HC_avg_k34,33,ovary
ach-000032,HC_avg_k34,15,blood
ach-003108,HC_avg_k34,15,lymphocyte
ach-001419,HC_avg_k34,10,breast
ach-000494,HC_avg_k34,3,ovary
ach-000865,HC_avg_k34,10,esophagus
ach-000439,HC_avg_k34,15,blood
ach-001523,HC_avg_k34,10,skin
ach-001983,HC_avg_k34,16,skin
ach-000024,HC_avg_k34,15,plasma_cell
ach-000674,HC_avg_k34,10,gastric
ach-000670,HC_avg_k34,33,lung
ach-000599,HC_avg_k34,10,pancreas
ach-000263,HC_avg_k34,15,blood
ach-003191,HC_avg_k34,20,bone
ach-000303,HC_avg_k34,6,gastric
ach-001551,HC_avg_k34,25,skin
ach-002795,HC_avg_k34,25,soft_tissue
ach-000793,HC_avg_k34,10,gastric
ach-002511,HC_avg_k34,16,skin
ach-000286,HC_avg_k34,10,colorectal
ach-000250,HC_avg_k34,3,kidney
ach-000139,HC_avg_k34,10,pancreas
ach-001735,HC_avg_k34,15,blood
ach-002013,HC_avg_k34,16,eye
ach-001389,HC_avg_k34,20,breast
ach-001183,HC_avg_k34,10,urinary_tract
ach-000551,HC_avg_k34,15,blood
ach-003101,HC_avg_k34,15,lymphocyte
ach-001163,HC_avg_k34,32,kidney
ach-000037,HC_avg_k34,20,soft_tissue
ach-000744,HC_avg_k34,10,lung
ach-000420,HC_avg_k34,3,liver
ach-000336,HC_avg_k34,15,blood
ach-000486,HC_avg_k34,13,urinary_tract
ach-000679,HC_avg_k34,10,esophagus
ach-001557,HC_avg_k34,20,lung
ach-000247,HC_avg_k34,10,gastric
ach-000947,HC_avg_k34,33,ovary
ach-000807,HC_avg_k34,23,central_nervous_system
ach-000476,HC_avg_k34,1,liver
ach-000525,HC_avg_k34,28,lung
ach-003154,HC_avg_k34,18,lung
ach-001148,HC_avg_k34,15,lymphocyte
ach-003455,HC_avg_k34,16,skin
ach-000853,HC_avg_k34,33,lung
ach-000083,HC_avg_k34,20,fibroblast
ach-000479,HC_avg_k34,20,central_nervous_system
ach-000230,HC_avg_k34,20,fibroblast
ach-001664,HC_avg_k34,11,gastric
ach-002705,HC_avg_k34,10,gastric
ach-002937,HC_avg_k34,3,kidney
ach-000955,HC_avg_k34,10,colorectal
ach-000049,HC_avg_k34,3,kidney
ach-000675,HC_avg_k34,10,lung
ach-000199,HC_avg_k34,20,fibroblast
ach-000193,HC_avg_k34,15,plasma_cell
ach-001686,HC_avg_k34,15,lymphocyte
ach-000538,HC_avg_k34,33,gastric
ach-002490,HC_avg_k34,28,lung
ach-001683,HC_avg_k34,10,breast
ach-001990,HC_avg_k34,16,skin
ach-001438,HC_avg_k34,26,testis
ach-001647,HC_avg_k34,15,blood
ach-002043,HC_avg_k34,10,upper_aerodigestive
ach-001649,HC_avg_k34,10,prostate
ach-000155,HC_avg_k34,6,pancreas
ach-000270,HC_avg_k34,10,pancreas
ach-003106,HC_avg_k34,15,lymphocyte
ach-003177,HC_avg_k34,20,soft_tissue
ach-000683,HC_avg_k34,10,colorectal
ach-002017,HC_avg_k34,16,eye
ach-000655,HC_avg_k34,20,central_nervous_system
ach-000145,HC_avg_k34,20,soft_tissue
ach-001495,HC_avg_k34,3,uterus
ach-000188,HC_avg_k34,10,upper_aerodigestive
ach-003458,HC_avg_k34,16,skin
ach-000080,HC_avg_k34,15,blood
ach-000146,HC_avg_k34,15,blood
ach-000415,HC_avg_k34,10,upper_aerodigestive
ach-001518,HC_avg_k34,9,uterus
ach-002290,HC_avg_k34,15,blood
ach-000891,HC_avg_k34,21,lung
ach-001625,HC_avg_k34,10,upper_aerodigestive
ach-001985,HC_avg_k34,20,skin
ach-000895,HC_avg_k34,10,colorectal
ach-000851,HC_avg_k34,10,lung
ach-000824,HC_avg_k34,10,esophagus
ach-000506,HC_avg_k34,28,lung
ach-001427,HC_avg_k34,28,bone
ach-000540,HC_avg_k34,20,fibroblast
ach-000061,HC_avg_k34,15,lymphocyte
ach-000185,HC_avg_k34,20,fibroblast
ach-000568,HC_avg_k34,10,breast
ach-000707,HC_avg_k34,15,lymphocyte
ach-000603,HC_avg_k34,28,lung
ach-000983,HC_avg_k34,15,blood
ach-000541,HC_avg_k34,15,plasma_cell
ach-000680,HC_avg_k34,10,colorectal
ach-002460,HC_avg_k34,16,skin
ach-000111,HC_avg_k34,8,breast
ach-002463,HC_avg_k34,20,eye
ach-000369,HC_avg_k34,15,blood
ach-002928,HC_avg_k34,16,skin
ach-000618,HC_avg_k34,10,upper_aerodigestive
ach-000470,HC_avg_k34,10,colorectal
ach-003150,HC_avg_k34,20,central_nervous_system
ach-002039,HC_avg_k34,10,pancreas
ach-000118,HC_avg_k34,10,pancreas
ach-000614,HC_avg_k34,16,skin
ach-001338,HC_avg_k34,28,peripheral_nervous_system
ach-000432,HC_avg_k34,15,blood
ach-000556,HC_avg_k34,5,cervix
ach-001804,HC_avg_k34,20,soft_tissue
ach-001386,HC_avg_k34,28,lung
ach-001060,HC_avg_k34,15,lymphocyte
ach-001525,HC_avg_k34,10,cervix
ach-001539,HC_avg_k34,15,lymphocyte
ach-000014,HC_avg_k34,16,skin
ach-002785,HC_avg_k34,20,soft_tissue
ach-000637,HC_avg_k34,10,esophagus
ach-002693,HC_avg_k34,25,peripheral_nervous_system
ach-001855,HC_avg_k34,10,bile_duct
ach-000455,HC_avg_k34,20,central_nervous_system
ach-000389,HC_avg_k34,20,central_nervous_system
ach-002710,HC_avg_k34,20,peripheral_nervous_system
ach-000129,HC_avg_k34,28,lung
ach-000490,HC_avg_k34,10,cervix
ach-000434,HC_avg_k34,21,lung
ach-001086,HC_avg_k34,5,cervix
ach-002042,HC_avg_k34,10,thyroid
ach-000597,HC_avg_k34,33,soft_tissue
ach-000756,HC_avg_k34,20,central_nervous_system
ach-000396,HC_avg_k34,20,urinary_tract
ach-003148,HC_avg_k34,20,central_nervous_system
ach-000089,HC_avg_k34,10,colorectal
ach-002478,HC_avg_k34,15,lymphocyte
ach-000371,HC_avg_k34,15,lymphocyte
ach-000265,HC_avg_k34,33,pancreas
ach-000132,HC_avg_k34,9,ovary
ach-000216,HC_avg_k34,10,esophagus
ach-000613,HC_avg_k34,23,bone
ach-000855,HC_avg_k34,10,esophagus
ach-000906,HC_avg_k34,20,ovary
ach-000348,HC_avg_k34,20,skin
ach-001100,HC_avg_k34,15,lymphocyte
ach-000238,HC_avg_k34,10,upper_aerodigestive
ach-000237,HC_avg_k34,20,ovary
ach-003099,HC_avg_k34,10,upper_aerodigestive
ach-000393,HC_avg_k34,20,liver
ach-003107,HC_avg_k34,15,lymphocyte
ach-000623,HC_avg_k34,20,central_nervous_system
ach-000359,HC_avg_k34,20,bone
ach-001028,HC_avg_k34,33,soft_tissue
ach-000621,HC_avg_k34,20,breast
ach-001641,HC_avg_k34,10,upper_aerodigestive
ach-000056,HC_avg_k34,15,lymphocyte
ach-000483,HC_avg_k34,25,liver
ach-003308,HC_avg_k34,20,unknown
ach-000514,HC_avg_k34,28,lung
ach-000051,HC_avg_k34,33,soft_tissue
ach-003433,HC_avg_k34,10,pancreas
ach-000043,HC_avg_k34,20,fibroblast
ach-000936,HC_avg_k34,9,ovary
ach-000716,HC_avg_k34,21,thyroid
ach-000988,HC_avg_k34,9,uterus
ach-000952,HC_avg_k34,10,prostate
ach-001350,HC_avg_k34,21,thyroid
ach-000065,HC_avg_k34,15,blood
ach-000609,HC_avg_k34,20,central_nervous_system
ach-001411,HC_avg_k34,10,urinary_tract
ach-000504,HC_avg_k34,20,central_nervous_system
ach-002677,HC_avg_k34,15,lymphocyte
ach-000956,HC_avg_k34,10,prostate
ach-001712,HC_avg_k34,20,bone
ach-000652,HC_avg_k34,6,pancreas
ach-000414,HC_avg_k34,5,lung
ach-000472,HC_avg_k34,10,upper_aerodigestive
ach-000007,HC_avg_k34,10,colorectal
ach-000446,HC_avg_k34,20,peripheral_nervous_system
ach-003071,HC_avg_k34,28,lung
ach-000386,HC_avg_k34,15,blood
ach-001850,HC_avg_k34,6,bile_duct
ach-000755,HC_avg_k34,10,breast
ach-001503,HC_avg_k34,15,lymphocyte
ach-000028,HC_avg_k34,10,breast
ach-000665,HC_avg_k34,7,lung
ach-001679,HC_avg_k34,15,lymphocyte
ach-000078,HC_avg_k34,28,peripheral_nervous_system
ach-002046,HC_avg_k34,20,uterus
ach-000397,HC_avg_k34,9,uterus
ach-003145,HC_avg_k34,20,embryo
ach-000229,HC_avg_k34,20,fibroblast
ach-002925,HC_avg_k34,16,eye
ach-000518,HC_avg_k34,10,upper_aerodigestive
ach-001566,HC_avg_k34,16,skin
ach-000252,HC_avg_k34,10,colorectal
ach-000572,HC_avg_k34,16,skin
ach-001605,HC_avg_k34,20,central_nervous_system
ach-002522,HC_avg_k34,20,lung
ach-000277,HC_avg_k34,10,breast
ach-001239,HC_avg_k34,16,skin
ach-000786,HC_avg_k34,15,lymphocyte
ach-000803,HC_avg_k34,28,lung
ach-001970,HC_avg_k34,16,skin
ach-002038,HC_avg_k34,10,ovary
ach-000537,HC_avg_k34,1,liver
ach-002660,HC_avg_k34,10,colorectal
ach-002806,HC_avg_k34,20,central_nervous_system
ach-000419,HC_avg_k34,15,plasma_cell
ach-002782,HC_avg_k34,20,soft_tissue
ach-000724,HC_avg_k34,10,urinary_tract
ach-000522,HC_avg_k34,20,urinary_tract
ach-001549,HC_avg_k34,28,lung
ach-000706,HC_avg_k34,5,lung
ach-000737,HC_avg_k34,28,lung
ach-000548,HC_avg_k34,10,upper_aerodigestive
ach-001839,HC_avg_k34,1,bile_duct
ach-001799,HC_avg_k34,20,soft_tissue
ach-001573,HC_avg_k34,15,blood
ach-002946,HC_avg_k34,15,blood
ach-000425,HC_avg_k34,16,skin
ach-003103,HC_avg_k34,15,lymphocyte
ach-000375,HC_avg_k34,33,kidney
ach-000753,HC_avg_k34,23,urinary_tract
ach-000275,HC_avg_k34,20,fibroblast
ach-000735,HC_avg_k34,10,upper_aerodigestive
ach-000654,HC_avg_k34,15,lymphocyte
ach-001067,HC_avg_k34,33,central_nervous_system
ach-000170,HC_avg_k34,10,prostate
ach-001394,HC_avg_k34,10,breast
ach-001433,HC_avg_k34,31,soft_tissue
ach-000404,HC_avg_k34,16,skin
ach-000882,HC_avg_k34,16,skin
ach-001509,HC_avg_k34,10,upper_aerodigestive
ach-000210,HC_avg_k34,28,bone
ach-000254,HC_avg_k34,10,upper_aerodigestive
ach-000604,HC_avg_k34,15,blood
ach-000090,HC_avg_k34,12,prostate
ach-000195,HC_avg_k34,15,blood
ach-001791,HC_avg_k34,20,soft_tissue
ach-001650,HC_avg_k34,5,cervix
ach-000605,HC_avg_k34,10,esophagus
ach-000458,HC_avg_k34,10,skin
ach-003121,HC_avg_k34,28,lung
ach-003125,HC_avg_k34,20,soft_tissue
ach-002084,HC_avg_k34,16,skin
ach-000004,HC_avg_k34,15,blood
ach-000251,HC_avg_k34,6,lung
ach-000241,HC_avg_k34,15,blood
ach-001194,HC_avg_k34,3,kidney
ach-001987,HC_avg_k34,20,skin
ach-002055,HC_avg_k34,15,lymphocyte
ach-002689,HC_avg_k34,25,bone
ach-001443,HC_avg_k34,20,thyroid
ach-000688,HC_avg_k34,20,ovary
ach-000405,HC_avg_k34,15,blood
ach-000821,HC_avg_k34,15,plasma_cell
ach-001677,HC_avg_k34,15,lymphocyte
ach-002526,HC_avg_k34,10,lung
ach-001627,HC_avg_k34,10,prostate
ach-000951,HC_avg_k34,10,lung
ach-001036,HC_avg_k34,15,blood
ach-002792,HC_avg_k34,16,soft_tissue
ach-000547,HC_avg_k34,10,urinary_tract
ach-000826,HC_avg_k34,10,lung
ach-001986,HC_avg_k34,16,skin
ach-001147,HC_avg_k34,15,lymphocyte
ach-002927,HC_avg_k34,16,eye
ach-002470,HC_avg_k34,25,bone
ach-000162,HC_avg_k34,15,lymphocyte
ach-003139,HC_avg_k34,20,muscle
ach-001751,HC_avg_k34,25,soft_tissue
ach-000018,HC_avg_k34,23,urinary_tract
ach-000721,HC_avg_k34,32,breast
ach-000003,HC_avg_k34,10,colorectal
ach-000092,HC_avg_k34,20,lung
ach-000669,HC_avg_k34,10,lung
ach-001099,HC_avg_k34,33,soft_tissue
ach-000648,HC_avg_k34,3,lung
ach-000950,HC_avg_k34,10,colorectal
ach-000050,HC_avg_k34,15,plasma_cell
ach-001106,HC_avg_k34,15,blood
ach-002051,HC_avg_k34,28,lung
ach-000367,HC_avg_k34,20,lung
ach-000589,HC_avg_k34,10,lung
ach-000564,HC_avg_k34,15,plasma_cell
ach-001522,HC_avg_k34,16,skin
ach-000831,HC_avg_k34,3,uterus
ach-000424,HC_avg_k34,28,bone
ach-000409,HC_avg_k34,9,ovary
ach-000616,HC_avg_k34,20,gastric
ach-000628,HC_avg_k34,10,lung
ach-000512,HC_avg_k34,15,plasma_cell
ach-000232,HC_avg_k34,20,central_nervous_system
ach-000820,HC_avg_k34,10,colorectal
ach-001295,HC_avg_k34,28,eye
ach-001164,HC_avg_k34,25,soft_tissue
ach-000806,HC_avg_k34,15,lymphocyte
ach-002524,HC_avg_k34,9,ovary
ach-000645,HC_avg_k34,20,lung
ach-000099,HC_avg_k34,28,peripheral_nervous_system
ach-000902,HC_avg_k34,10,breast
ach-000649,HC_avg_k34,3,kidney
ach-000086,HC_avg_k34,23,lung
ach-000149,HC_avg_k34,20,peripheral_nervous_system
ach-002538,HC_avg_k34,10,colorectal
ach-000142,HC_avg_k34,10,urinary_tract
ach-002535,HC_avg_k34,10,colorectal
ach-000227,HC_avg_k34,28,peripheral_nervous_system
ach-000697,HC_avg_k34,15,lymphocyte
ach-000942,HC_avg_k34,15,blood
ach-000264,HC_avg_k34,24,lung
ach-000809,HC_avg_k34,10,esophagus
ach-000093,HC_avg_k34,10,pancreas
ach-000100,HC_avg_k34,25,soft_tissue
ach-001445,HC_avg_k34,10,upper_aerodigestive
ach-000060,HC_avg_k34,10,pancreas
ach-000001,HC_avg_k34,9,ovary
ach-000957,HC_avg_k34,10,colorectal
ach-000650,HC_avg_k34,16,skin
ach-001096,HC_avg_k34,25,soft_tissue
ach-002799,HC_avg_k34,20,peripheral_nervous_system
ach-002404,HC_avg_k34,16,skin
ach-000239,HC_avg_k34,10,gastric
ach-000762,HC_avg_k34,10,upper_aerodigestive
ach-000922,HC_avg_k34,15,blood
ach-002784,HC_avg_k34,20,soft_tissue
ach-002653,HC_avg_k34,15,blood
ach-000859,HC_avg_k34,10,breast
ach-000990,HC_avg_k34,9,uterus
ach-000410,HC_avg_k34,20,bone
ach-001971,HC_avg_k34,16,skin
ach-000927,HC_avg_k34,10,breast
ach-001853,HC_avg_k34,10,bile_duct
ach-001978,HC_avg_k34,16,skin
ach-000694,HC_avg_k34,10,esophagus
ach-000935,HC_avg_k34,20,colorectal
ach-000918,HC_avg_k34,15,blood
ach-001984,HC_avg_k34,16,skin
ach-000761,HC_avg_k34,10,gastric
ach-001563,HC_avg_k34,20,skin
ach-000974,HC_avg_k34,9,uterus
ach-000297,HC_avg_k34,28,lung
ach-001719,HC_avg_k34,3,ovary
ach-000243,HC_avg_k34,10,pancreas
ach-001418,HC_avg_k34,9,ovary
ach-000362,HC_avg_k34,15,blood
ach-000843,HC_avg_k34,10,lung
ach-002052,HC_avg_k34,28,lung
ach-000840,HC_avg_k34,22,lung
ach-001852,HC_avg_k34,10,bile_duct
ach-001528,HC_avg_k34,21,thyroid
ach-001656,HC_avg_k34,15,blood
ach-000016,HC_avg_k34,3,kidney
ach-000165,HC_avg_k34,20,fibroblast
ach-001460,HC_avg_k34,10,colorectal
ach-000592,HC_avg_k34,20,central_nervous_system
ach-001192,HC_avg_k34,28,bone
ach-000045,HC_avg_k34,15,blood
ach-000741,HC_avg_k34,10,urinary_tract
ach-000912,HC_avg_k34,33,lung
ach-000529,HC_avg_k34,20,fibroblast
ach-000508,HC_avg_k34,28,lung
ach-000577,HC_avg_k34,1,liver
ach-000768,HC_avg_k34,20,breast
ach-000636,HC_avg_k34,15,blood
ach-000667,HC_avg_k34,7,lung
ach-000905,HC_avg_k34,10,urinary_tract
ach-001494,HC_avg_k34,10,bile_duct
ach-000387,HC_avg_k34,15,blood
ach-002510,HC_avg_k34,16,skin
ach-001303,HC_avg_k34,28,peripheral_nervous_system
ach-000026,HC_avg_k34,3,urinary_tract
ach-000838,HC_avg_k34,15,plasma_cell
ach-001172,HC_avg_k34,20,central_nervous_system
ach-000822,HC_avg_k34,16,skin
ach-000531,HC_avg_k34,20,fibroblast
ach-000349,HC_avg_k34,10,breast
ach-000527,HC_avg_k34,9,ovary
ach-000279,HC_avg_k34,28,bone
ach-000516,HC_avg_k34,20,bone
ach-001662,HC_avg_k34,8,breast
ach-000812,HC_avg_k34,16,skin
ach-003157,HC_avg_k34,20,lung
ach-003464,HC_avg_k34,20,soft_tissue
ach-001300,HC_avg_k34,28,peripheral_nervous_system
ach-000524,HC_avg_k34,9,ovary
ach-000611,HC_avg_k34,15,lymphocyte
ach-002419,HC_avg_k34,20,uterus
ach-000411,HC_avg_k34,3,kidney
ach-000718,HC_avg_k34,10,lung
ach-000903,HC_avg_k34,20,thyroid
ach-002021,HC_avg_k34,26,uterus
ach-000433,HC_avg_k34,3,kidney
ach-000499,HC_avg_k34,28,bone
ach-000278,HC_avg_k34,22,ovary
ach-000202,HC_avg_k34,28,colorectal
ach-001736,HC_avg_k34,15,blood
ach-001379,HC_avg_k34,10,pancreas
ach-002070,HC_avg_k34,20,central_nervous_system
ach-002794,HC_avg_k34,20,soft_tissue
ach-000128,HC_avg_k34,20,central_nervous_system
ach-002528,HC_avg_k34,3,kidney
ach-000696,HC_avg_k34,23,ovary
ach-000041,HC_avg_k34,28,bone
ach-000214,HC_avg_k34,20,fibroblast
ach-000747,HC_avg_k34,33,lung
ach-001307,HC_avg_k34,20,thyroid
ach-000341,HC_avg_k34,28,peripheral_nervous_system
ach-001740,HC_avg_k34,25,soft_tissue
ach-000417,HC_avg_k34,10,pancreas
ach-001393,HC_avg_k34,10,breast
ach-000120,HC_avg_k34,20,peripheral_nervous_system
ach-001694,HC_avg_k34,10,upper_aerodigestive
ach-001542,HC_avg_k34,10,upper_aerodigestive
ach-002509,HC_avg_k34,16,skin
ach-000438,HC_avg_k34,7,lung
ach-001366,HC_avg_k34,28,peripheral_nervous_system
ach-000653,HC_avg_k34,15,plasma_cell
ach-000839,HC_avg_k34,10,urinary_tract
ach-000673,HC_avg_k34,20,central_nervous_system
ach-001524,HC_avg_k34,10,skin
ach-000069,HC_avg_k34,15,lymphocyte
ach-002996,HC_avg_k34,20,lung
ach-003142,HC_avg_k34,20,muscle
ach-000323,HC_avg_k34,20,central_nervous_system
ach-000021,HC_avg_k34,10,lung
ach-001863,HC_avg_k34,10,bile_duct
ach-001996,HC_avg_k34,10,bile_duct
ach-000980,HC_avg_k34,28,lung
ach-000106,HC_avg_k34,15,lymphocyte
ach-003156,HC_avg_k34,10,lung
ach-000734,HC_avg_k34,1,liver
ach-000845,HC_avg_k34,10,lung
ach-001982,HC_avg_k34,16,skin
ach-000730,HC_avg_k34,16,skin
ach-001334,HC_avg_k34,10,cervix
ach-000698,HC_avg_k34,28,lung
ach-000802,HC_avg_k34,10,urinary_tract
ach-001836,HC_avg_k34,1,bile_duct
ach-000573,HC_avg_k34,20,breast
ach-001699,HC_avg_k34,10,upper_aerodigestive
ach-000963,HC_avg_k34,10,colorectal
ach-001567,HC_avg_k34,16,skin
ach-001653,HC_avg_k34,10,gastric
ach-000852,HC_avg_k34,10,lung
ach-001862,HC_avg_k34,6,bile_duct
ach-001976,HC_avg_k34,16,skin
ach-002665,HC_avg_k34,10,colorectal
ach-003153,HC_avg_k34,10,lung
ach-000661,HC_avg_k34,16,skin
ach-001500,HC_avg_k34,29,esophagus
ach-001190,HC_avg_k34,16,skin
ach-002467,HC_avg_k34,20,eye
ach-000364,HC_avg_k34,25,bone
ach-000448,HC_avg_k34,10,lung
ach-000979,HC_avg_k34,12,prostate
ach-000932,HC_avg_k34,34,gastric
ach-000783,HC_avg_k34,10,breast
ach-002044,HC_avg_k34,28,upper_aerodigestive
ach-000301,HC_avg_k34,15,blood
ach-002459,HC_avg_k34,16,skin
ach-000976,HC_avg_k34,10,bile_duct
ach-001516,HC_avg_k34,28,cervix
ach-001354,HC_avg_k34,28,peripheral_nervous_system
ach-001645,HC_avg_k34,16,skin
ach-003135,HC_avg_k34,20,central_nervous_system
ach-000867,HC_avg_k34,10,lung
ach-000304,HC_avg_k34,16,skin
ach-002069,HC_avg_k34,25,bone
ach-000931,HC_avg_k34,16,skin
ach-001374,HC_avg_k34,26,ovary
ach-000302,HC_avg_k34,3,uterus
ach-000305,HC_avg_k34,10,esophagus
ach-000072,HC_avg_k34,15,blood
ach-000766,HC_avg_k34,10,lung
ach-000533,HC_avg_k34,33,soft_tissue
ach-000343,HC_avg_k34,33,lung
ach-001437,HC_avg_k34,26,testis
ach-000171,HC_avg_k34,3,kidney
ach-003475,HC_avg_k34,10,upper_aerodigestive
ach-000173,HC_avg_k34,9,uterus
ach-000535,HC_avg_k34,10,pancreas
ach-000774,HC_avg_k34,10,lung
ach-000178,HC_avg_k34,6,pancreas
ach-001306,HC_avg_k34,20,thyroid
ach-000994,HC_avg_k34,9,uterus
ach-001188,HC_avg_k34,28,peripheral_nervous_system
ach-000372,HC_avg_k34,15,blood
ach-002886,HC_avg_k34,10,colorectal
ach-000804,HC_avg_k34,28,peripheral_nervous_system
ach-000011,HC_avg_k34,3,urinary_tract
ach-000733,HC_avg_k34,10,lung
ach-001603,HC_avg_k34,28,peripheral_nervous_system
ach-000829,HC_avg_k34,15,plasma_cell
ach-000141,HC_avg_k34,10,bile_duct
ach-000810,HC_avg_k34,16,skin
ach-001994,HC_avg_k34,1,bile_duct
ach-001145,HC_avg_k34,9,ovary
ach-000717,HC_avg_k34,10,esophagus
ach-000738,HC_avg_k34,20,central_nervous_system
ach-001843,HC_avg_k34,16,bile_duct
ach-002664,HC_avg_k34,10,colorectal
ach-000780,HC_avg_k34,28,lung
ach-001548,HC_avg_k34,28,peripheral_nervous_system
ach-000759,HC_avg_k34,10,breast
ach-001555,HC_avg_k34,20,lung
ach-001369,HC_avg_k34,9,ovary
ach-000969,HC_avg_k34,10,colorectal
ach-000873,HC_avg_k34,13,esophagus
ach-001275,HC_avg_k34,25,soft_tissue
ach-002654,HC_avg_k34,10,colorectal
ach-002435,HC_avg_k34,3,kidney
ach-001972,HC_avg_k34,16,skin
ach-000921,HC_avg_k34,21,lung
ach-003470,HC_avg_k34,20,thyroid
ach-001953,HC_avg_k34,16,skin
ach-002843,HC_avg_k34,20,soft_tissue
ach-001373,HC_avg_k34,9,ovary
ach-002800,HC_avg_k34,20,peripheral_nervous_system
ach-001022,HC_avg_k34,28,bone
ach-000082,HC_avg_k34,20,bone
ach-003105,HC_avg_k34,16,skin
ach-000488,HC_avg_k34,10,esophagus
ach-000790,HC_avg_k34,28,lung
ach-000172,HC_avg_k34,33,soft_tissue
ach-000647,HC_avg_k34,10,esophagus
ach-000602,HC_avg_k34,15,blood
ach-003181,HC_avg_k34,20,soft_tissue
ach-002681,HC_avg_k34,20,central_nervous_system
ach-001465,HC_avg_k34,28,peripheral_nervous_system
ach-003012,HC_avg_k34,5,lung
ach-000156,HC_avg_k34,15,blood
ach-002001,HC_avg_k34,16,skin
ach-000315,HC_avg_k34,15,lymphocyte
ach-001678,HC_avg_k34,15,lymphocyte
ach-002446,HC_avg_k34,10,gastric
ach-000201,HC_avg_k34,33,soft_tissue
ach-000435,HC_avg_k34,9,uterus
ach-000965,HC_avg_k34,10,uterus
ach-001550,HC_avg_k34,25,skin
ach-002026,HC_avg_k34,9,uterus
ach-000883,HC_avg_k34,20,central_nervous_system
ach-000482,HC_avg_k34,10,lung
ach-000450,HC_avg_k34,16,skin
ach-002672,HC_avg_k34,10,pancreas
ach-000835,HC_avg_k34,20,soft_tissue
ach-002431,HC_avg_k34,20,peripheral_nervous_system
ach-001802,HC_avg_k34,25,soft_tissue
ach-000629,HC_avg_k34,20,central_nervous_system
ach-000715,HC_avg_k34,10,upper_aerodigestive
ach-000870,HC_avg_k34,28,lung
ach-000910,HC_avg_k34,10,breast
ach-000779,HC_avg_k34,10,lung
ach-000140,HC_avg_k34,15,lymphocyte
ach-001196,HC_avg_k34,25,soft_tissue
ach-001484,HC_avg_k34,15,blood
ach-000693,HC_avg_k34,10,esophagus
ach-000811,HC_avg_k34,9,ovary
ach-000423,HC_avg_k34,16,skin
ach-000290,HC_avg_k34,28,lung
ach-001847,HC_avg_k34,1,bile_duct
ach-000492,HC_avg_k34,15,blood
ach-001519,HC_avg_k34,33,bone
ach-000110,HC_avg_k34,10,gastric
ach-001497,HC_avg_k34,10,esophagus
ach-000102,HC_avg_k34,20,central_nervous_system
ach-000817,HC_avg_k34,15,plasma_cell
ach-001556,HC_avg_k34,20,lung
ach-000964,HC_avg_k34,15,blood
ach-000378,HC_avg_k34,7,lung
ach-000913,HC_avg_k34,22,uterus
ach-000575,HC_avg_k34,20,lung
ach-000634,HC_avg_k34,20,central_nervous_system
ach-002291,HC_avg_k34,26,embryo
ach-001322,HC_avg_k34,25,soft_tissue
ach-002924,HC_avg_k34,16,eye
ach-000767,HC_avg_k34,28,lung
ach-001642,HC_avg_k34,15,lymphocyte
ach-001552,HC_avg_k34,25,skin
ach-000451,HC_avg_k34,10,lung
ach-000879,HC_avg_k34,33,uterus
ach-001842,HC_avg_k34,10,bile_duct
ach-002662,HC_avg_k34,10,colorectal
ach-001032,HC_avg_k34,28,bone
ach-000982,HC_avg_k34,10,colorectal
ach-001636,HC_avg_k34,15,lymphocyte
ach-000189,HC_avg_k34,3,kidney
ach-000454,HC_avg_k34,10,lung
ach-000131,HC_avg_k34,20,fibroblast
ach-000660,HC_avg_k34,15,lymphocyte
ach-001197,HC_avg_k34,15,lymphocyte
ach-000915,HC_avg_k34,16,skin
ach-000480,HC_avg_k34,1,liver
ach-000745,HC_avg_k34,15,plasma_cell
ach-000161,HC_avg_k34,1,lung
ach-000395,HC_avg_k34,28,lung
ach-001459,HC_avg_k34,10,colorectal
ach-000916,HC_avg_k34,10,lung
ach-001609,HC_avg_k34,20,central_nervous_system
ach-001960,HC_avg_k34,10,bile_duct
ach-002648,HC_avg_k34,9,uterus
ach-001856,HC_avg_k34,1,bile_duct
ach-003158,HC_avg_k34,20,muscle
ach-002433,HC_avg_k34,20,bone
ach-000295,HC_avg_k34,15,blood
ach-001485,HC_avg_k34,15,blood
ach-003269,HC_avg_k34,19,soft_tissue
ach-000292,HC_avg_k34,33,lung
ach-000137,HC_avg_k34,20,central_nervous_system
ach-000308,HC_avg_k34,9,ovary
ach-000445,HC_avg_k34,20,central_nervous_system
ach-001229,HC_avg_k34,10,upper_aerodigestive
ach-000144,HC_avg_k34,10,gastric
ach-000837,HC_avg_k34,10,lung
ach-000048,HC_avg_k34,33,ovary
ach-000463,HC_avg_k34,5,lung
ach-000881,HC_avg_k34,16,skin
ach-000388,HC_avg_k34,15,lymphocyte
ach-001992,HC_avg_k34,20,lung
ach-000147,HC_avg_k34,10,breast
ach-000930,HC_avg_k34,8,breast
ach-000899,HC_avg_k34,16,skin
ach-000366,HC_avg_k34,28,peripheral_nervous_system
ach-001571,HC_avg_k34,15,lymphocyte
ach-001526,HC_avg_k34,25,bone
ach-000064,HC_avg_k34,10,lung
ach-001329,HC_avg_k34,20,central_nervous_system
ach-001676,HC_avg_k34,27,upper_aerodigestive
ach-000418,HC_avg_k34,20,bone
ach-001280,HC_avg_k34,25,soft_tissue
ach-002922,HC_avg_k34,28,peripheral_nervous_system
ach-000861,HC_avg_k34,20,lung
ach-000692,HC_avg_k34,10,upper_aerodigestive
ach-003137,HC_avg_k34,20,central_nervous_system
ach-000107,HC_avg_k34,10,pancreas
ach-000133,HC_avg_k34,20,soft_tissue
ach-000306,HC_avg_k34,20,fibroblast
ach-001530,HC_avg_k34,26,uterus
ach-000651,HC_avg_k34,28,colorectal
ach-000563,HC_avg_k34,10,lung
ach-000058,HC_avg_k34,20,thyroid
ach-000345,HC_avg_k34,28,peripheral_nervous_system
ach-000316,HC_avg_k34,1,liver
ach-000884,HC_avg_k34,16,skin
ach-000289,HC_avg_k34,16,central_nervous_system
ach-001451,HC_avg_k34,22,cervix
ach-003459,HC_avg_k34,16,skin
ach-002440,HC_avg_k34,21,thyroid
ach-000355,HC_avg_k34,28,lung
ach-002926,HC_avg_k34,16,unknown
ach-000962,HC_avg_k34,9,ovary
ach-000473,HC_avg_k34,10,urinary_tract
ach-000192,HC_avg_k34,28,uterus
ach-001624,HC_avg_k34,20,central_nervous_system
ach-001989,HC_avg_k34,16,skin
ach-001807,HC_avg_k34,20,soft_tissue
ach-002532,HC_avg_k34,10,colorectal
ach-002466,HC_avg_k34,20,eye
ach-001344,HC_avg_k34,20,peripheral_nervous_system
ach-001684,HC_avg_k34,15,blood
ach-000757,HC_avg_k34,33,lung
ach-000054,HC_avg_k34,20,soft_tissue
ach-001318,HC_avg_k34,1,liver
ach-000601,HC_avg_k34,29,pancreas
ach-000635,HC_avg_k34,9,ovary
ach-001857,HC_avg_k34,24,bile_duct
ach-000966,HC_avg_k34,9,ovary
ach-000630,HC_avg_k34,20,upper_aerodigestive
ach-000225,HC_avg_k34,28,gastric
ach-002047,HC_avg_k34,20,uterus
ach-000657,HC_avg_k34,33,ovary
ach-000624,HC_avg_k34,10,breast
ach-000699,HC_avg_k34,20,breast
ach-000923,HC_avg_k34,15,lymphocyte
ach-000687,HC_avg_k34,15,lymphocyte
ach-000044,HC_avg_k34,10,breast
ach-000740,HC_avg_k34,10,upper_aerodigestive
ach-000447,HC_avg_k34,7,lung
ach-000101,HC_avg_k34,15,blood
ach-001416,HC_avg_k34,10,urinary_tract
ach-000319,HC_avg_k34,20,lung
ach-000198,HC_avg_k34,15,blood
ach-000280,HC_avg_k34,10,ovary
ach-003265,HC_avg_k34,19,soft_tissue
ach-000104,HC_avg_k34,15,blood
ach-001835,HC_avg_k34,1,bile_duct
ach-000892,HC_avg_k34,5,lung
ach-000493,HC_avg_k34,20,liver
ach-000042,HC_avg_k34,10,pancreas
ach-002045,HC_avg_k34,10,upper_aerodigestive
ach-000221,HC_avg_k34,33,liver
ach-000477,HC_avg_k34,16,skin
ach-000746,HC_avg_k34,28,gastric
ach-000356,HC_avg_k34,10,gastric
ach-000457,HC_avg_k34,3,kidney
ach-000904,HC_avg_k34,28,lung
ach-002060,HC_avg_k34,15,blood
ach-003159,HC_avg_k34,20,hair
ach-001813,HC_avg_k34,20,bone
ach-000244,HC_avg_k34,20,central_nervous_system
ach-000610,HC_avg_k34,28,lung
ach-000081,HC_avg_k34,15,blood
ach-003161,HC_avg_k34,20,pancreas
ach-000255,HC_avg_k34,20,gastric
ach-001038,HC_avg_k34,28,bone
ach-000352,HC_avg_k34,10,breast
ach-002016,HC_avg_k34,20,eye
ach-000416,HC_avg_k34,5,lung
ach-000752,HC_avg_k34,20,lung
ach-000862,HC_avg_k34,10,urinary_tract
ach-000236,HC_avg_k34,10,colorectal
ach-000401,HC_avg_k34,16,skin
ach-000731,HC_avg_k34,20,lung
ach-000875,HC_avg_k34,10,lung
ach-000626,HC_avg_k34,15,plasma_cell
ach-000593,HC_avg_k34,10,urinary_tract
ach-000182,HC_avg_k34,10,bile_duct
ach-000442,HC_avg_k34,20,lung
ach-000159,HC_avg_k34,3,kidney
ach-000907,HC_avg_k34,3,kidney
ach-000191,HC_avg_k34,7,thyroid
ach-000205,HC_avg_k34,10,pancreas
ach-000103,HC_avg_k34,9,ovary
ach-000739,HC_avg_k34,1,liver
ach-001558,HC_avg_k34,20,lung
ach-000206,HC_avg_k34,15,lymphocyte
ach-000841,HC_avg_k34,10,lung
ach-000615,HC_avg_k34,16,skin
ach-001613,HC_avg_k34,15,blood
ach-001608,HC_avg_k34,20,central_nervous_system
ach-000801,HC_avg_k34,16,skin
ach-000539,HC_avg_k34,20,fibroblast
ach-000464,HC_avg_k34,20,central_nervous_system
ach-000622,HC_avg_k34,20,central_nervous_system
ach-000452,HC_avg_k34,13,esophagus
ach-001390,HC_avg_k34,10,breast
ach-001401,HC_avg_k34,33,adrenal_cortex
ach-000365,HC_avg_k34,15,lymphocyte
ach-001431,HC_avg_k34,28,bone
ach-000475,HC_avg_k34,1,liver
ach-000860,HC_avg_k34,10,lung
ach-000074,HC_avg_k34,15,blood
ach-000377,HC_avg_k34,10,bile_duct
ach-001562,HC_avg_k34,20,lung
ach-001693,HC_avg_k34,20,upper_aerodigestive
ach-003134,HC_avg_k34,20,unknown
ach-000259,HC_avg_k34,28,peripheral_nervous_system
ach-001697,HC_avg_k34,10,upper_aerodigestive
ach-002801,HC_avg_k34,16,peripheral_nervous_system
ach-001388,HC_avg_k34,10,breast
ach-001410,HC_avg_k34,10,urinary_tract
ach-002025,HC_avg_k34,10,colorectal
ach-002688,HC_avg_k34,20,bone
ach-000720,HC_avg_k34,20,urinary_tract
ach-000095,HC_avg_k34,28,central_nervous_system
ach-001345,HC_avg_k34,10,colorectal
ach-000558,HC_avg_k34,20,central_nervous_system
ach-000664,HC_avg_k34,15,lymphocyte
ach-000177,HC_avg_k34,28,prostate
ach-001423,HC_avg_k34,3,kidney
ach-000335,HC_avg_k34,20,lung
ach-000940,HC_avg_k34,33,uterus
ach-003160,HC_avg_k34,20,hair
ach-000631,HC_avg_k34,16,central_nervous_system
ach-000207,HC_avg_k34,10,upper_aerodigestive
ach-000764,HC_avg_k34,20,gastric
ach-000995,HC_avg_k34,15,blood
ach-000373,HC_avg_k34,15,blood
ach-000953,HC_avg_k34,15,blood
ach-000709,HC_avg_k34,3,kidney
ach-003463,HC_avg_k34,15,lymphocyte
ach-000846,HC_avg_k34,10,upper_aerodigestive
ach-001702,HC_avg_k34,3,soft_tissue
ach-000333,HC_avg_k34,10,ovary
ach-001708,HC_avg_k34,15,lymphocyte
ach-002059,HC_avg_k34,15,blood
ach-000929,HC_avg_k34,10,lung
ach-001395,HC_avg_k34,10,breast
ach-000948,HC_avg_k34,10,gastric
ach-002015,HC_avg_k34,20,eye
ach-000981,HC_avg_k34,15,blood
ach-000617,HC_avg_k34,9,ovary
ach-000311,HC_avg_k34,10,lung
ach-001210,HC_avg_k34,33,soft_tissue
ach-001834,HC_avg_k34,1,bile_duct
ach-002010,HC_avg_k34,16,eye
ach-003143,HC_avg_k34,3,kidney
ach-000390,HC_avg_k34,10,lung
ach-000468,HC_avg_k34,6,pancreas
ach-002651,HC_avg_k34,15,blood
ach-001061,HC_avg_k34,10,colorectal
ach-000077,HC_avg_k34,15,lymphocyte
ach-000456,HC_avg_k34,21,thyroid
ach-002703,HC_avg_k34,1,gastric
ach-000496,HC_avg_k34,7,lung
ach-002512,HC_avg_k34,16,skin
ach-000062,HC_avg_k34,7,lung
ach-002464,HC_avg_k34,20,eye
ach-000088,HC_avg_k34,20,fibroblast
ach-000536,HC_avg_k34,10,breast
ach-000071,HC_avg_k34,20,fibroblast
ach-002004,HC_avg_k34,16,skin
ach-000878,HC_avg_k34,5,lung
ach-001380,HC_avg_k34,1,pancreas
ach-002061,HC_avg_k34,15,blood
ach-000385,HC_avg_k34,3,kidney
ach-000412,HC_avg_k34,10,colorectal
ach-003474,HC_avg_k34,10,upper_aerodigestive
ach-000427,HC_avg_k34,10,gastric
ach-000938,HC_avg_k34,15,blood
ach-000462,HC_avg_k34,15,blood
ach-000939,HC_avg_k34,33,soft_tissue
ach-000325,HC_avg_k34,10,gastric
ach-000515,HC_avg_k34,28,lung
ach-001033,HC_avg_k34,33,central_nervous_system
ach-000919,HC_avg_k34,10,gastric
ach-000863,HC_avg_k34,20,central_nervous_system
ach-000642,HC_avg_k34,10,breast
ach-000581,HC_avg_k34,10,gastric
ach-001435,HC_avg_k34,25,testis
ach-001050,HC_avg_k34,25,soft_tissue
ach-001818,HC_avg_k34,20,bone
ach-001384,HC_avg_k34,20,thyroid
ach-000797,HC_avg_k34,20,fibroblast
ach-000220,HC_avg_k34,15,lymphocyte
ach-001533,HC_avg_k34,15,lymphocyte
ach-001508,HC_avg_k34,13,upper_aerodigestive
ach-000827,HC_avg_k34,20,skin
ach-003119,HC_avg_k34,28,lung
ach-000961,HC_avg_k34,9,uterus
ach-000778,HC_avg_k34,10,upper_aerodigestive
ach-000825,HC_avg_k34,20,lung
ach-000743,HC_avg_k34,28,lung
ach-000190,HC_avg_k34,20,unknown
ach-001819,HC_avg_k34,10,breast
ach-000157,HC_avg_k34,15,lymphocyte
ach-001786,HC_avg_k34,10,colorectal
ach-000253,HC_avg_k34,10,colorectal
ach-001376,HC_avg_k34,10,pancreas
ach-000958,HC_avg_k34,10,colorectal
ach-000228,HC_avg_k34,10,upper_aerodigestive
ach-000266,HC_avg_k34,10,pancreas
ach-001750,HC_avg_k34,20,soft_tissue
ach-000174,HC_avg_k34,23,thyroid
ach-000245,HC_avg_k34,15,lymphocyte
ach-001279,HC_avg_k34,33,ovary
ach-000620,HC_avg_k34,9,liver
ach-000813,HC_avg_k34,7,lung
ach-001513,HC_avg_k34,10,cervix
ach-000168,HC_avg_k34,15,blood
ach-000257,HC_avg_k34,28,lung
ach-000211,HC_avg_k34,20,central_nervous_system
ach-000283,HC_avg_k34,20,central_nervous_system
ach-002401,HC_avg_k34,10,breast
ach-002041,HC_avg_k34,20,thyroid
ach-000987,HC_avg_k34,16,skin
ach-003465,HC_avg_k34,20,upper_aerodigestive
ach-000682,HC_avg_k34,10,upper_aerodigestive
ach-000073,HC_avg_k34,15,lymphocyte
ach-000212,HC_avg_k34,23,breast
ach-000096,HC_avg_k34,33,kidney
ach-002500,HC_avg_k34,15,lymphocyte
ach-001440,HC_avg_k34,26,testis
ach-000063,HC_avg_k34,20,fibroblast
ach-002942,HC_avg_k34,19,soft_tissue
ach-001999,HC_avg_k34,10,pancreas
ach-000776,HC_avg_k34,14,central_nervous_system
ach-000521,HC_avg_k34,5,lung
ach-000299,HC_avg_k34,15,blood
ach-000025,HC_avg_k34,20,central_nervous_system
ach-000591,HC_avg_k34,20,central_nervous_system
ach-001716,HC_avg_k34,28,peripheral_nervous_system
ach-000833,HC_avg_k34,25,soft_tissue
ach-001628,HC_avg_k34,3,ovary
ach-000398,HC_avg_k34,15,lymphocyte
ach-000274,HC_avg_k34,16,skin
ach-001370,HC_avg_k34,21,ovary
ach-001700,HC_avg_k34,10,upper_aerodigestive
ach-000029,HC_avg_k34,10,lung
ach-001849,HC_avg_k34,10,bile_duct
ach-000644,HC_avg_k34,16,skin
ach-001422,HC_avg_k34,10,prostate
ach-000588,HC_avg_k34,15,plasma_cell
ach-000849,HC_avg_k34,10,breast
ach-002690,HC_avg_k34,20,bone
ach-000219,HC_avg_k34,16,skin
ach-000150,HC_avg_k34,10,lung
ach-001845,HC_avg_k34,1,bile_duct
ach-002643,HC_avg_k34,15,lymphocyte
ach-000384,HC_avg_k34,10,urinary_tract
ach-001053,HC_avg_k34,28,central_nervous_system
ach-001274,HC_avg_k34,20,soft_tissue
ach-000091,HC_avg_k34,3,ovary
ach-002932,HC_avg_k34,10,colorectal
ach-002014,HC_avg_k34,16,eye
ach-001634,HC_avg_k34,15,blood
ach-002531,HC_avg_k34,10,lung
ach-000495,HC_avg_k34,3,kidney
ach-000911,HC_avg_k34,10,gastric
ach-000013,HC_avg_k34,9,ovary
ach-002667,HC_avg_k34,10,colorectal
ach-000777,HC_avg_k34,10,esophagus
ach-001765,HC_avg_k34,25,soft_tissue
ach-000312,HC_avg_k34,28,peripheral_nervous_system
ach-000085,HC_avg_k34,10,pancreas
ach-000436,HC_avg_k34,15,plasma_cell
ach-000869,HC_avg_k34,10,lung
ach-003061,HC_avg_k34,28,lung
ach-003471,HC_avg_k34,2,thyroid
ach-000267,HC_avg_k34,15,lymphocyte
ach-000489,HC_avg_k34,10,colorectal
ach-000431,HC_avg_k34,28,lung
ach-000152,HC_avg_k34,20,central_nervous_system
ach-000909,HC_avg_k34,33,uterus
ach-000534,HC_avg_k34,15,lymphocyte
ach-001489,HC_avg_k34,28,lung
ach-000582,HC_avg_k34,16,skin
ach-000460,HC_avg_k34,9,ovary
ach-000443,HC_avg_k34,9,ovary
ach-001570,HC_avg_k34,16,skin
ach-000986,HC_avg_k34,10,colorectal
ach-001335,HC_avg_k34,10,cervix
ach-000023,HC_avg_k34,23,pancreas
ach-002062,HC_avg_k34,15,lymphocyte
ach-002462,HC_avg_k34,20,eye
ach-000151,HC_avg_k34,15,blood
ach-001277,HC_avg_k34,25,soft_tissue
ach-000607,HC_avg_k34,33,soft_tissue
ach-002647,HC_avg_k34,10,gastric
ach-000703,HC_avg_k34,28,lung
ach-001211,HC_avg_k34,33,soft_tissue
ach-003152,HC_avg_k34,20,lung
ach-001511,HC_avg_k34,10,upper_aerodigestive
ach-000113,HC_avg_k34,15,blood
ach-000337,HC_avg_k34,10,lung
ach-000598,HC_avg_k34,15,plasma_cell
ach-000057,HC_avg_k34,15,plasma_cell
ach-000281,HC_avg_k34,10,pancreas
ach-000321,HC_avg_k34,15,blood
ach-000985,HC_avg_k34,10,colorectal
ach-000444,HC_avg_k34,23,lung
ach-000347,HC_avg_k34,28,pancreas
ach-001399,HC_avg_k34,10,colorectal
ach-001097,HC_avg_k34,15,lymphocyte
ach-000127,HC_avg_k34,23,urinary_tract
ach-001961,HC_avg_k34,6,bile_duct
ach-001796,HC_avg_k34,20,soft_tissue
ach-000307,HC_avg_k34,10,pancreas
ach-001030,HC_avg_k34,28,bone
ach-002485,HC_avg_k34,15,lymphocyte
ach-000595,HC_avg_k34,16,central_nervous_system
ach-001540,HC_avg_k34,20,soft_tissue
ach-000298,HC_avg_k34,28,lung
ach-000771,HC_avg_k34,10,upper_aerodigestive
ach-000500,HC_avg_k34,23,upper_aerodigestive
ach-000353,HC_avg_k34,10,esophagus
ach-000363,HC_avg_k34,15,plasma_cell
ach-000350,HC_avg_k34,10,colorectal
ach-000053,HC_avg_k34,15,lymphocyte
ach-001543,HC_avg_k34,10,upper_aerodigestive
ach-000663,HC_avg_k34,3,ovary
ach-000346,HC_avg_k34,15,blood
ach-000970,HC_avg_k34,10,colorectal
ach-002543,HC_avg_k34,10,colorectal
ach-001333,HC_avg_k34,33,cervix
ach-000794,HC_avg_k34,10,upper_aerodigestive
ach-000039,HC_avg_k34,28,bone
ach-000471,HC_avg_k34,1,liver
ach-000850,HC_avg_k34,20,fibroblast
ach-000291,HC_avg_k34,10,ovary
ach-001453,HC_avg_k34,10,prostate
ach-001458,HC_avg_k34,10,colorectal
ach-000886,HC_avg_k34,10,lung
ach-000888,HC_avg_k34,4,lung
ach-000659,HC_avg_k34,28,lung
ach-000030,HC_avg_k34,10,lung
ach-001201,HC_avg_k34,28,central_nervous_system
ach-000271,HC_avg_k34,15,lymphocyte
ach-002676,HC_avg_k34,15,blood
ach-000549,HC_avg_k34,10,upper_aerodigestive
ach-000555,HC_avg_k34,3,kidney
ach-000478,HC_avg_k34,20,liver
ach-000775,HC_avg_k34,10,lung
ach-002214,HC_avg_k34,15,lymphocyte
ach-000038,HC_avg_k34,15,lymphocyte
ach-001109,HC_avg_k34,33,soft_tissue
ach-001442,HC_avg_k34,10,epidermoid_carcinoma
ach-000559,HC_avg_k34,28,lung
ach-000510,HC_avg_k34,33,lung
ach-002065,HC_avg_k34,20,central_nervous_system
ach-000676,HC_avg_k34,16,central_nervous_system
ach-002659,HC_avg_k34,10,colorectal
ach-000844,HC_avg_k34,28,lung
ach-002403,HC_avg_k34,20,skin
ach-002787,HC_avg_k34,20,soft_tissue
ach-002497,HC_avg_k34,4,lung
ach-002798,HC_avg_k34,20,skin
ach-000925,HC_avg_k34,10,lung
ach-002465,HC_avg_k34,20,eye
ach-000272,HC_avg_k34,3,kidney
ach-001035,HC_avg_k34,28,bone
ach-003457,HC_avg_k34,16,skin
ach-000513,HC_avg_k34,3,kidney
ach-001059,HC_avg_k34,33,soft_tissue
ach-000959,HC_avg_k34,10,colorectal
ach-002283,HC_avg_k34,28,peripheral_nervous_system
ach-000169,HC_avg_k34,25,soft_tissue
ach-001402,HC_avg_k34,5,cervix
ach-000796,HC_avg_k34,10,ovary
ach-000143,HC_avg_k34,27,lung
ach-000067,HC_avg_k34,20,central_nervous_system
ach-000640,HC_avg_k34,16,skin
ach-001591,HC_avg_k34,28,lung
ach-001674,HC_avg_k34,28,peripheral_nervous_system
ach-001698,HC_avg_k34,10,upper_aerodigestive
ach-002002,HC_avg_k34,16,skin
ach-002011,HC_avg_k34,16,eye
ach-003268,HC_avg_k34,19,soft_tissue
ach-000967,HC_avg_k34,10,colorectal
ach-000469,HC_avg_k34,20,central_nervous_system
ach-001353,HC_avg_k34,10,pancreas
ach-001574,HC_avg_k34,15,blood
ach-000097,HC_avg_k34,10,breast
ach-000256,HC_avg_k34,9,ovary
ach-000977,HC_avg_k34,10,prostate
ach-000972,HC_avg_k34,9,uterus
ach-001367,HC_avg_k34,28,peripheral_nervous_system
ach-000382,HC_avg_k34,28,lung
ach-003476,HC_avg_k34,10,upper_aerodigestive
ach-000579,HC_avg_k34,16,skin
ach-002035,HC_avg_k34,23,lung
ach-001532,HC_avg_k34,33,kidney
ach-000695,HC_avg_k34,28,lung
ach-001795,HC_avg_k34,3,soft_tissue
ach-001510,HC_avg_k34,10,upper_aerodigestive
ach-000502,HC_avg_k34,10,pancreas
ach-000183,HC_avg_k34,15,plasma_cell
ach-000408,HC_avg_k34,10,esophagus
ach-001496,HC_avg_k34,10,esophagus
ach-000788,HC_avg_k34,16,skin
ach-002405,HC_avg_k34,17,skin
ach-002409,HC_avg_k34,20,central_nervous_system
ach-001622,HC_avg_k34,20,central_nervous_system
ach-000466,HC_avg_k34,10,gastric
ach-001560,HC_avg_k34,20,lung
ach-001019,HC_avg_k34,28,skin
ach-003111,HC_avg_k34,20,soft_tissue
ach-000005,HC_avg_k34,15,blood
ach-001687,HC_avg_k34,3,kidney
ach-001151,HC_avg_k34,6,ovary
ach-000701,HC_avg_k34,10,ovary
ach-000542,HC_avg_k34,20,ovary
ach-000126,HC_avg_k34,20,central_nervous_system
ach-001685,HC_avg_k34,15,lymphocyte
ach-000933,HC_avg_k34,10,pancreas
ach-000068,HC_avg_k34,15,lymphocyte
ach-000015,HC_avg_k34,33,lung
ach-001111,HC_avg_k34,15,lymphocyte
ach-000487,HC_avg_k34,15,blood
ach-000122,HC_avg_k34,15,blood
ach-000288,HC_avg_k34,20,breast
ach-001820,HC_avg_k34,8,breast
ach-000782,HC_avg_k34,15,blood
ach-001632,HC_avg_k34,9,ovary
ach-002399,HC_avg_k34,10,breast
ach-000357,HC_avg_k34,15,lymphocyte
ach-000079,HC_avg_k34,20,fibroblast
ach-001031,HC_avg_k34,33,soft_tissue
ach-001064,HC_avg_k34,15,lymphocyte
ach-002802,HC_avg_k34,16,peripheral_nervous_system
ach-001048,HC_avg_k34,22,ovary
ach-000453,HC_avg_k34,15,plasma_cell
ach-003155,HC_avg_k34,18,liver
ach-000791,HC_avg_k34,10,lung
ach-000567,HC_avg_k34,15,lymphocyte
ach-001391,HC_avg_k34,18,breast
ach-001075,HC_avg_k34,10,lung
ach-000105,HC_avg_k34,15,blood
ach-000557,HC_avg_k34,15,blood
ach-000175,HC_avg_k34,20,fibroblast
ach-001356,HC_avg_k34,20,thyroid
ach-001844,HC_avg_k34,1,bile_duct
ach-001346,HC_avg_k34,10,upper_aerodigestive
ach-000885,HC_avg_k34,3,ovary
ach-000900,HC_avg_k34,33,lung
ach-000666,HC_avg_k34,5,lung
ach-001428,HC_avg_k34,28,bone
ach-000217,HC_avg_k34,20,liver
ach-000872,HC_avg_k34,5,lung
ach-001974,HC_avg_k34,16,skin
ach-002020,HC_avg_k34,10,cervix
ach-001638,HC_avg_k34,15,lymphocyte
ach-001228,HC_avg_k34,10,upper_aerodigestive
ach-000181,HC_avg_k34,10,upper_aerodigestive
ach-000115,HC_avg_k34,10,prostate
ach-000130,HC_avg_k34,15,blood
ach-000121,HC_avg_k34,6,lung
ach-001711,HC_avg_k34,25,central_nervous_system
ach-000934,HC_avg_k34,10,breast
ach-000996,HC_avg_k34,9,uterus
ach-001529,HC_avg_k34,26,uterus
ach-001743,HC_avg_k34,25,soft_tissue
ach-000320,HC_avg_k34,6,pancreas
ach-000505,HC_avg_k34,20,soft_tissue
ach-000781,HC_avg_k34,5,lung
ach-000059,HC_avg_k34,15,blood
ach-000920,HC_avg_k34,15,blood
ach-000294,HC_avg_k34,15,blood
ach-000422,HC_avg_k34,20,liver
ach-000200,HC_avg_k34,20,central_nervous_system
ach-000046,HC_avg_k34,3,kidney
ach-000968,HC_avg_k34,16,skin
ach-000830,HC_avg_k34,28,lung
ach-000114,HC_avg_k34,10,pancreas
ach-000402,HC_avg_k34,15,lymphocyte
ach-001578,HC_avg_k34,26,embryo
ach-000036,HC_avg_k34,20,central_nervous_system
ach-000973,HC_avg_k34,23,urinary_tract
ach-001128,HC_avg_k34,31,soft_tissue
ach-003437,HC_avg_k34,10,gastric
ach-000750,HC_avg_k34,20,skin
ach-000285,HC_avg_k34,15,lymphocyte
ach-002669,HC_avg_k34,10,colorectal
ach-001858,HC_avg_k34,20,bile_duct
ach-001997,HC_avg_k34,10,bile_duct
ach-000052,HC_avg_k34,28,bone
ach-001113,HC_avg_k39,10,lung
ach-001289,HC_avg_k39,38,soft_tissue
ach-001339,HC_avg_k39,18,skin
ach-001979,HC_avg_k39,18,skin
ach-002438,HC_avg_k39,23,kidney
ach-001538,HC_avg_k39,10,bile_duct
ach-000242,HC_avg_k39,10,urinary_tract
ach-000708,HC_avg_k39,10,colorectal
ach-000327,HC_avg_k39,10,lung
ach-000233,HC_avg_k39,17,lymphocyte
ach-000461,HC_avg_k39,10,bile_duct
ach-000705,HC_avg_k39,10,lung
ach-001794,HC_avg_k39,23,soft_tissue
ach-002023,HC_avg_k39,10,colorectal
ach-000528,HC_avg_k39,10,lung
ach-002501,HC_avg_k39,28,soft_tissue
ach-001655,HC_avg_k39,23,uterus
ach-000167,HC_avg_k39,17,plasma_cell
ach-000792,HC_avg_k39,23,kidney
ach-001098,HC_avg_k39,10,pancreas
ach-000570,HC_avg_k39,23,central_nervous_system
ach-000351,HC_avg_k39,15,gastric
ach-002075,HC_avg_k39,33,lung
ach-002040,HC_avg_k39,18,skin
ach-000769,HC_avg_k39,32,lung
ach-000154,HC_avg_k39,23,fibroblast
ach-000828,HC_avg_k39,10,breast
ach-000421,HC_avg_k39,10,colorectal
ach-000765,HC_avg_k39,18,skin
ach-001375,HC_avg_k39,10,pancreas
ach-000008,HC_avg_k39,18,skin
ach-001814,HC_avg_k39,23,bone
ach-000800,HC_avg_k39,33,lung
ach-000606,HC_avg_k39,10,upper_aerodigestive
ach-000317,HC_avg_k39,3,kidney
ach-001492,HC_avg_k39,17,lymphocyte
ach-000123,HC_avg_k39,38,ovary
ach-000723,HC_avg_k39,10,upper_aerodigestive
ach-002066,HC_avg_k39,18,central_nervous_system
ach-001536,HC_avg_k39,5,bile_duct
ach-003136,HC_avg_k39,23,unknown
ach-000313,HC_avg_k39,3,kidney
ach-002019,HC_avg_k39,10,cervix
ach-000728,HC_avg_k39,17,blood
ach-000700,HC_avg_k39,22,lung
ach-000823,HC_avg_k39,10,esophagus
ach-000678,HC_avg_k39,10,gastric
ach-000006,HC_avg_k39,17,blood
ach-002790,HC_avg_k39,28,soft_tissue
ach-002029,HC_avg_k39,10,upper_aerodigestive
ach-001377,HC_avg_k39,10,pancreas
ach-000754,HC_avg_k39,17,lymphocyte
ach-000465,HC_avg_k39,18,skin
ach-000138,HC_avg_k39,10,pancreas
ach-001864,HC_avg_k39,10,bile_duct
ach-000383,HC_avg_k39,10,esophagus
ach-001547,HC_avg_k39,23,lung
ach-000917,HC_avg_k39,10,esophagus
ach-002471,HC_avg_k39,28,bone
ach-000984,HC_avg_k39,9,uterus
ach-002678,HC_avg_k39,17,lymphocyte
ach-001409,HC_avg_k39,10,urinary_tract
ach-001707,HC_avg_k39,17,blood
ach-000117,HC_avg_k39,10,breast
ach-000999,HC_avg_k39,10,colorectal
ach-000633,HC_avg_k39,1,gastric
ach-000520,HC_avg_k39,23,ovary
ach-000176,HC_avg_k39,22,lung
ach-000017,HC_avg_k39,10,breast
ach-000020,HC_avg_k39,17,blood
ach-001385,HC_avg_k39,31,upper_aerodigestive
ach-000587,HC_avg_k39,22,lung
ach-000785,HC_avg_k39,10,lung
ach-003469,HC_avg_k39,23,thyroid
ach-000554,HC_avg_k39,10,breast
ach-003180,HC_avg_k39,23,soft_tissue
ach-001398,HC_avg_k39,3,kidney
ach-001991,HC_avg_k39,32,ovary
ach-001332,HC_avg_k39,10,upper_aerodigestive
ach-000585,HC_avg_k39,10,lung
ach-000550,HC_avg_k39,23,skin
ach-000627,HC_avg_k39,22,lung
ach-000704,HC_avg_k39,9,ovary
ach-000276,HC_avg_k39,8,breast
ach-000075,HC_avg_k39,23,central_nervous_system
ach-000818,HC_avg_k39,10,breast
ach-003184,HC_avg_k39,23,soft_tissue
ach-001616,HC_avg_k39,17,lymphocyte
ach-000625,HC_avg_k39,1,liver
ach-000941,HC_avg_k39,9,uterus
ach-000392,HC_avg_k39,10,lung
ach-000269,HC_avg_k39,23,central_nervous_system
ach-001670,HC_avg_k39,33,peripheral_nervous_system
ach-003133,HC_avg_k39,23,unknown
ach-000856,HC_avg_k39,9,breast
ach-002687,HC_avg_k39,18,eye
ach-001119,HC_avg_k39,17,lymphocyte
ach-003132,HC_avg_k39,23,unknown
ach-000376,HC_avg_k39,23,central_nervous_system
ach-000685,HC_avg_k39,10,pancreas
ach-000729,HC_avg_k39,33,lung
ach-001034,HC_avg_k39,33,bone
ach-001283,HC_avg_k39,33,bone
ach-000880,HC_avg_k39,10,gastric
ach-000035,HC_avg_k39,10,lung
ach-001200,HC_avg_k39,38,soft_tissue
ach-000194,HC_avg_k39,23,fibroblast
ach-000322,HC_avg_k39,18,skin
ach-000552,HC_avg_k39,10,colorectal
ach-002508,HC_avg_k39,23,skin
ach-000222,HC_avg_k39,10,pancreas
ach-000260,HC_avg_k39,23,peripheral_nervous_system
ach-001652,HC_avg_k39,25,uterus
ach-000608,HC_avg_k39,10,ovary
ach-000501,HC_avg_k39,10,colorectal
ach-000612,HC_avg_k39,17,lymphocyte
ach-002033,HC_avg_k39,23,pleura
ach-001184,HC_avg_k39,28,soft_tissue
ach-001688,HC_avg_k39,3,kidney
ach-001838,HC_avg_k39,10,bile_duct
ach-000638,HC_avg_k39,10,lung
ach-001846,HC_avg_k39,1,bile_duct
ach-000798,HC_avg_k39,10,colorectal
ach-001321,HC_avg_k39,33,thyroid
ach-000894,HC_avg_k39,10,lung
ach-001559,HC_avg_k39,23,lung
ach-000344,HC_avg_k39,5,gastric
ach-000223,HC_avg_k39,10,breast
ach-000031,HC_avg_k39,10,pancreas
ach-000034,HC_avg_k39,17,blood
ach-001861,HC_avg_k39,10,bile_duct
ach-003468,HC_avg_k39,23,thyroid
ach-000772,HC_avg_k39,28,soft_tissue
ach-000946,HC_avg_k39,9,uterus
ach-000596,HC_avg_k39,10,lung
ach-001046,HC_avg_k39,17,lung
ach-000632,HC_avg_k39,18,skin
ach-000978,HC_avg_k39,38,uterus
ach-000332,HC_avg_k39,10,pancreas
ach-001841,HC_avg_k39,10,bile_duct
ach-003273,HC_avg_k39,17,blood
ach-000179,HC_avg_k39,33,lung
ach-000887,HC_avg_k39,10,central_nervous_system
ach-000368,HC_avg_k39,23,central_nervous_system
ach-000240,HC_avg_k39,23,fibroblast
ach-000578,HC_avg_k39,10,lung
ach-001611,HC_avg_k39,23,central_nervous_system
ach-000135,HC_avg_k39,23,fibroblast
ach-001671,HC_avg_k39,30,testis
ach-000406,HC_avg_k39,17,blood
ach-001541,HC_avg_k39,17,plasma_cell
ach-000998,HC_avg_k39,10,colorectal
ach-000441,HC_avg_k39,18,skin
ach-000960,HC_avg_k39,17,blood
ach-000098,HC_avg_k39,23,central_nervous_system
ach-001651,HC_avg_k39,5,uterus
ach-001456,HC_avg_k39,10,colorectal
ach-001336,HC_avg_k39,10,cervix
ach-000284,HC_avg_k39,23,fibroblast
ach-000971,HC_avg_k39,12,colorectal
ach-001454,HC_avg_k39,10,colorectal
ach-000926,HC_avg_k39,10,colorectal
ach-000033,HC_avg_k39,10,lung
ach-000576,HC_avg_k39,17,plasma_cell
ach-000019,HC_avg_k39,10,breast
ach-001577,HC_avg_k39,17,blood
ach-001981,HC_avg_k39,18,skin
ach-000330,HC_avg_k39,10,breast
ach-000848,HC_avg_k39,1,liver
ach-000481,HC_avg_k39,10,lung
ach-001517,HC_avg_k39,9,uterus
ach-000338,HC_avg_k39,17,lymphocyte
ach-001959,HC_avg_k39,38,bile_duct
ach-001414,HC_avg_k39,10,urinary_tract
ach-001227,HC_avg_k39,10,upper_aerodigestive
ach-000871,HC_avg_k39,33,lung
ach-001403,HC_avg_k39,9,ovary
ach-000805,HC_avg_k39,18,skin
ach-001142,HC_avg_k39,23,central_nervous_system
ach-001554,HC_avg_k39,18,eye
ach-001667,HC_avg_k39,18,soft_tissue
ach-000847,HC_avg_k39,28,gastric
ach-001447,HC_avg_k39,17,lymphocyte
ach-001537,HC_avg_k39,38,bile_duct
ach-001207,HC_avg_k39,23,fibroblast
ach-001854,HC_avg_k39,23,bile_duct
ach-000832,HC_avg_k39,10,upper_aerodigestive
ach-001975,HC_avg_k39,18,skin
ach-000428,HC_avg_k39,3,kidney
ach-001382,HC_avg_k39,10,pancreas
ach-001302,HC_avg_k39,33,peripheral_nervous_system
ach-000690,HC_avg_k39,10,lung
ach-001134,HC_avg_k39,17,lymphocyte
ach-000914,HC_avg_k39,17,lymphocyte
ach-000858,HC_avg_k39,10,lung
ach-001421,HC_avg_k39,33,eye
ach-002796,HC_avg_k39,28,soft_tissue
ach-003183,HC_avg_k39,23,soft_tissue
ach-002716,HC_avg_k39,17,blood
ach-003100,HC_avg_k39,17,lymphocyte
ach-000544,HC_avg_k39,10,esophagus
ach-000725,HC_avg_k39,10,breast
ach-000566,HC_avg_k39,3,urinary_tract
ach-000760,HC_avg_k39,23,central_nervous_system
ach-001745,HC_avg_k39,28,soft_tissue
ach-000787,HC_avg_k39,22,lung
ach-001598,HC_avg_k39,33,adrenal_cortex
ach-000749,HC_avg_k39,33,lung
ach-001691,HC_avg_k39,23,upper_aerodigestive
ach-001328,HC_avg_k39,10,skin
ach-001704,HC_avg_k39,18,skin
ach-001502,HC_avg_k39,30,testis
ach-002844,HC_avg_k39,23,soft_tissue
ach-001068,HC_avg_k39,17,lymphocyte
ach-000358,HC_avg_k39,33,lung
ach-002695,HC_avg_k39,23,peripheral_nervous_system
ach-001672,HC_avg_k39,30,testis
ach-001654,HC_avg_k39,6,esophagus
ach-001521,HC_avg_k39,10,skin
ach-000209,HC_avg_k39,1,bile_duct
ach-001520,HC_avg_k39,17,blood
ach-000213,HC_avg_k39,10,pancreas
ach-001610,HC_avg_k39,23,central_nervous_system
ach-001408,HC_avg_k39,10,urinary_tract
ach-000991,HC_avg_k39,10,colorectal
ach-001412,HC_avg_k39,10,urinary_tract
ach-000331,HC_avg_k39,23,lung
ach-001407,HC_avg_k39,23,urinary_tract
ach-000580,HC_avg_k39,18,skin
ach-000594,HC_avg_k39,33,lung
ach-000684,HC_avg_k39,3,kidney
ach-000742,HC_avg_k39,23,fibroblast
ach-000868,HC_avg_k39,10,lung
ach-000732,HC_avg_k39,10,upper_aerodigestive
ach-001481,HC_avg_k39,23,peripheral_nervous_system
ach-000429,HC_avg_k39,3,kidney
ach-000310,HC_avg_k39,33,peripheral_nervous_system
ach-002475,HC_avg_k39,30,blood
ach-000643,HC_avg_k39,10,breast
ach-000234,HC_avg_k39,3,kidney
ach-003267,HC_avg_k39,21,soft_tissue
ach-001498,HC_avg_k39,17,lymphocyte
ach-000896,HC_avg_k39,10,urinary_tract
ach-003451,HC_avg_k39,28,kidney
ach-000203,HC_avg_k39,33,peripheral_nervous_system
ach-001607,HC_avg_k39,6,bile_duct
ach-002706,HC_avg_k39,34,gastric
ach-001441,HC_avg_k39,18,eye
ach-000112,HC_avg_k39,17,blood
ach-000874,HC_avg_k39,17,blood
ach-000186,HC_avg_k39,10,lung
ach-002780,HC_avg_k39,33,bone
ach-000677,HC_avg_k39,34,lung
ach-000055,HC_avg_k39,33,central_nervous_system
ach-000485,HC_avg_k39,10,gastric
ach-000672,HC_avg_k39,24,lung
ach-001150,HC_avg_k39,23,bone
ach-000287,HC_avg_k39,17,lymphocyte
ach-000784,HC_avg_k39,10,esophagus
ach-000530,HC_avg_k39,38,lung
ach-002024,HC_avg_k39,33,colorectal
ach-000380,HC_avg_k39,17,plasma_cell
ach-001737,HC_avg_k39,17,blood
ach-001400,HC_avg_k39,10,cervix
ach-001054,HC_avg_k39,33,central_nervous_system
ach-001695,HC_avg_k39,10,upper_aerodigestive
ach-000009,HC_avg_k39,10,colorectal
ach-000491,HC_avg_k39,27,colorectal
ach-001703,HC_avg_k39,17,lymphocyte
ach-000002,HC_avg_k39,17,blood
ach-001568,HC_avg_k39,18,skin
ach-001449,HC_avg_k39,17,lymphocyte
ach-000993,HC_avg_k39,9,uterus
ach-002680,HC_avg_k39,23,central_nervous_system
ach-000877,HC_avg_k39,17,lymphocyte
ach-000711,HC_avg_k39,10,breast
ach-001515,HC_avg_k39,10,cervix
ach-002847,HC_avg_k39,23,unknown
ach-000702,HC_avg_k39,17,lymphocyte
ach-001020,HC_avg_k39,38,soft_tissue
ach-000600,HC_avg_k39,3,kidney
ach-003266,HC_avg_k39,21,soft_tissue
ach-000354,HC_avg_k39,10,pancreas
ach-000012,HC_avg_k39,10,lung
ach-000689,HC_avg_k39,23,soft_tissue
ach-002668,HC_avg_k39,17,blood
ach-002533,HC_avg_k39,3,kidney
ach-000459,HC_avg_k39,3,kidney
ach-002050,HC_avg_k39,23,unknown
ach-003120,HC_avg_k39,33,lung
ach-001413,HC_avg_k39,23,urinary_tract
ach-000686,HC_avg_k39,1,liver
ach-000342,HC_avg_k39,10,colorectal
ach-000208,HC_avg_k39,23,central_nervous_system
ach-000360,HC_avg_k39,10,colorectal
ach-000249,HC_avg_k39,10,colorectal
ach-001368,HC_avg_k39,37,esophagus
ach-000231,HC_avg_k39,23,central_nervous_system
ach-002074,HC_avg_k39,33,lung
ach-000945,HC_avg_k39,24,lung
ach-000662,HC_avg_k39,10,lung
ach-002458,HC_avg_k39,18,skin
ach-001378,HC_avg_k39,10,pancreas
ach-001029,HC_avg_k39,33,bone
ach-001817,HC_avg_k39,23,bone
ach-002846,HC_avg_k39,18,skin
ach-000248,HC_avg_k39,10,breast
ach-000943,HC_avg_k39,12,colorectal
ach-000751,HC_avg_k39,17,blood
ach-001696,HC_avg_k39,10,upper_aerodigestive
ach-002936,HC_avg_k39,28,soft_tissue
ach-001016,HC_avg_k39,23,central_nervous_system
ach-000282,HC_avg_k39,7,lung
ach-003438,HC_avg_k39,23,central_nervous_system
ach-002215,HC_avg_k39,17,lymphocyte
ach-000261,HC_avg_k39,26,lung
ach-000164,HC_avg_k39,34,pancreas
ach-001793,HC_avg_k39,23,soft_tissue
ach-000262,HC_avg_k39,3,kidney
ach-000158,HC_avg_k39,17,lymphocyte
ach-000773,HC_avg_k39,17,lymphocyte
ach-000722,HC_avg_k39,10,colorectal
ach-000857,HC_avg_k39,10,breast
ach-001129,HC_avg_k39,17,blood
ach-001619,HC_avg_k39,7,bile_duct
ach-000184,HC_avg_k39,23,fibroblast
ach-000329,HC_avg_k39,23,central_nervous_system
ach-001569,HC_avg_k39,18,skin
ach-002544,HC_avg_k39,30,gastric
ach-002675,HC_avg_k39,17,blood
ach-000814,HC_avg_k39,18,skin
ach-002499,HC_avg_k39,8,breast
ach-001493,HC_avg_k39,17,lymphocyte
ach-001701,HC_avg_k39,10,upper_aerodigestive
ach-000197,HC_avg_k39,17,blood
ach-000545,HC_avg_k39,10,urinary_tract
ach-000949,HC_avg_k39,10,gastric
ach-000124,HC_avg_k39,17,lymphocyte
ach-000560,HC_avg_k39,32,gastric
ach-000897,HC_avg_k39,23,thyroid
ach-001626,HC_avg_k39,10,upper_aerodigestive
ach-000619,HC_avg_k39,10,upper_aerodigestive
ach-001973,HC_avg_k39,18,skin
ach-001340,HC_avg_k39,9,ovary
ach-000546,HC_avg_k39,10,upper_aerodigestive
ach-001709,HC_avg_k39,17,lymphocyte
ach-002018,HC_avg_k39,18,eye
ach-000153,HC_avg_k39,23,lung
ach-000526,HC_avg_k39,23,fibroblast
ach-000116,HC_avg_k39,9,ovary
ach-000815,HC_avg_k39,17,lymphocyte
ach-001270,HC_avg_k39,28,soft_tissue
ach-002523,HC_avg_k39,28,liver
ach-000324,HC_avg_k39,3,ovary
ach-001949,HC_avg_k39,18,skin
ach-001561,HC_avg_k39,23,lung
ach-000842,HC_avg_k39,10,colorectal
ach-000898,HC_avg_k39,10,gastric
ach-000517,HC_avg_k39,6,pancreas
ach-001980,HC_avg_k39,18,skin
ach-001415,HC_avg_k39,10,urinary_tract
ach-000681,HC_avg_k39,5,lung
ach-001310,HC_avg_k39,3,kidney
ach-000070,HC_avg_k39,17,blood
ach-000484,HC_avg_k39,3,kidney
ach-003426,HC_avg_k39,23,gastric
ach-000108,HC_avg_k39,6,pancreas
ach-000808,HC_avg_k39,23,bile_duct
ach-000656,HC_avg_k39,17,lymphocyte
ach-000166,HC_avg_k39,17,blood
ach-000997,HC_avg_k39,10,colorectal
ach-000866,HC_avg_k39,33,lung
ach-000819,HC_avg_k39,23,central_nervous_system
ach-000226,HC_avg_k39,17,lymphocyte
ach-000087,HC_avg_k39,33,bone
ach-000340,HC_avg_k39,23,fibroblast
ach-002005,HC_avg_k39,18,skin
ach-001680,HC_avg_k39,17,lymphocyte
ach-000758,HC_avg_k39,10,gastric
ach-000196,HC_avg_k39,8,breast
ach-003141,HC_avg_k39,23,muscle
ach-000258,HC_avg_k39,32,breast
ach-000163,HC_avg_k39,23,thyroid
ach-000076,HC_avg_k39,17,blood
ach-000509,HC_avg_k39,17,lymphocyte
ach-001193,HC_avg_k39,33,bone
ach-000571,HC_avg_k39,23,central_nervous_system
ach-000391,HC_avg_k39,33,bone
ach-000293,HC_avg_k39,9,uterus
ach-003138,HC_avg_k39,23,central_nervous_system
ach-000532,HC_avg_k39,10,colorectal
ach-000584,HC_avg_k39,9,ovary
ach-001690,HC_avg_k39,10,upper_aerodigestive
ach-000586,HC_avg_k39,33,lung
ach-000944,HC_avg_k39,17,lymphocyte
ach-003149,HC_avg_k39,23,muscle
ach-000561,HC_avg_k39,10,esophagus
ach-001648,HC_avg_k39,10,prostate
ach-000394,HC_avg_k39,33,lung
ach-000954,HC_avg_k39,9,uterus
ach-000204,HC_avg_k39,17,plasma_cell
ach-000160,HC_avg_k39,35,soft_tissue
ach-003460,HC_avg_k39,17,lymphocyte
ach-000989,HC_avg_k39,10,colorectal
ach-001347,HC_avg_k39,10,upper_aerodigestive
ach-000691,HC_avg_k39,8,breast
ach-000268,HC_avg_k39,10,bile_duct
ach-001209,HC_avg_k39,17,lymphocyte
ach-003456,HC_avg_k39,23,skin
ach-000119,HC_avg_k39,23,fibroblast
ach-000379,HC_avg_k39,10,lung
ach-001341,HC_avg_k39,10,cervix
ach-000714,HC_avg_k39,17,plasma_cell
ach-000937,HC_avg_k39,17,blood
ach-000763,HC_avg_k39,17,plasma_cell
ach-002834,HC_avg_k39,23,bone
ach-001673,HC_avg_k39,10,bile_duct
ach-000326,HC_avg_k39,17,blood
ach-000300,HC_avg_k39,3,kidney
ach-002994,HC_avg_k39,17,blood
ach-000901,HC_avg_k39,23,lung
ach-000816,HC_avg_k39,33,lung
ach-000641,HC_avg_k39,17,blood
ach-000511,HC_avg_k39,22,lung
ach-002077,HC_avg_k39,33,lung
ach-000583,HC_avg_k39,17,lymphocyte
ach-000836,HC_avg_k39,10,upper_aerodigestive
ach-000975,HC_avg_k39,22,lung
ach-000109,HC_avg_k39,10,lung
ach-000467,HC_avg_k39,10,colorectal
ach-000712,HC_avg_k39,33,lung
ach-000671,HC_avg_k39,30,liver
ach-000523,HC_avg_k39,33,lung
ach-000864,HC_avg_k39,33,uterus
ach-000726,HC_avg_k39,10,esophagus
ach-000136,HC_avg_k39,33,peripheral_nervous_system
ach-002067,HC_avg_k39,28,bone
ach-000440,HC_avg_k39,17,lymphocyte
ach-002539,HC_avg_k39,10,colorectal
ach-001461,HC_avg_k39,10,colorectal
ach-000890,HC_avg_k39,23,lung
ach-001692,HC_avg_k39,10,upper_aerodigestive
ach-000027,HC_avg_k39,23,central_nervous_system
ach-000562,HC_avg_k39,10,lung
ach-000748,HC_avg_k39,23,bone
ach-001669,HC_avg_k39,17,blood
ach-000834,HC_avg_k39,10,urinary_tract
ach-000565,HC_avg_k39,10,colorectal
ach-000449,HC_avg_k39,38,soft_tissue
ach-000399,HC_avg_k39,33,lung
ach-002080,HC_avg_k39,33,peripheral_nervous_system
ach-000770,HC_avg_k39,17,blood
ach-000710,HC_avg_k39,10,lung
ach-000507,HC_avg_k39,10,gastric
ach-000066,HC_avg_k39,10,lung
ach-000022,HC_avg_k39,10,pancreas
ach-001668,HC_avg_k39,30,embryo
ach-000334,HC_avg_k39,17,lymphocyte
ach-000374,HC_avg_k39,8,breast
ach-000519,HC_avg_k39,17,blood
ach-000908,HC_avg_k39,10,gastric
ach-002003,HC_avg_k39,18,skin
ach-000574,HC_avg_k39,3,ovary
ach-000148,HC_avg_k39,23,breast
ach-002461,HC_avg_k39,23,skin
ach-000646,HC_avg_k39,9,ovary
ach-000314,HC_avg_k39,24,lung
ach-001705,HC_avg_k39,10,breast
ach-000040,HC_avg_k39,23,central_nervous_system
ach-001057,HC_avg_k39,17,lymphocyte
ach-000430,HC_avg_k39,36,ovary
ach-001041,HC_avg_k39,18,skin
ach-001988,HC_avg_k39,18,skin
ach-001977,HC_avg_k39,23,lung
ach-000370,HC_avg_k39,23,central_nervous_system
ach-001630,HC_avg_k39,9,ovary
ach-000437,HC_avg_k39,23,central_nervous_system
ach-000498,HC_avg_k39,17,blood
ach-001392,HC_avg_k39,10,breast
ach-000503,HC_avg_k39,10,upper_aerodigestive
ach-002778,HC_avg_k39,23,bone
ach-000328,HC_avg_k39,23,central_nervous_system
ach-000403,HC_avg_k39,10,colorectal
ach-000400,HC_avg_k39,10,colorectal
ach-000224,HC_avg_k39,23,fibroblast
ach-000318,HC_avg_k39,10,esophagus
ach-003472,HC_avg_k39,2,thyroid
ach-001430,HC_avg_k39,33,bone
ach-000928,HC_avg_k39,9,uterus
ach-000893,HC_avg_k39,5,lung
ach-000889,HC_avg_k39,17,plasma_cell
ach-000799,HC_avg_k39,18,skin
ach-001623,HC_avg_k39,23,central_nervous_system
ach-000736,HC_avg_k39,10,gastric
ach-000876,HC_avg_k39,10,breast
ach-001232,HC_avg_k39,23,central_nervous_system
ach-001618,HC_avg_k39,17,blood
ach-001828,HC_avg_k39,17,lymphocyte
ach-002650,HC_avg_k39,10,lung
ach-000235,HC_avg_k39,10,pancreas
ach-000381,HC_avg_k39,10,colorectal
ach-001993,HC_avg_k39,17,blood
ach-001301,HC_avg_k39,33,peripheral_nervous_system
ach-000854,HC_avg_k39,17,plasma_cell
ach-000187,HC_avg_k39,33,lung
ach-000543,HC_avg_k39,23,central_nervous_system
ach-000569,HC_avg_k39,23,lung
ach-000668,HC_avg_k39,10,breast
ach-000134,HC_avg_k39,23,fibroblast
ach-000924,HC_avg_k39,5,lung
ach-003473,HC_avg_k39,23,soft_tissue
ach-001450,HC_avg_k39,17,lymphocyte
ach-000296,HC_avg_k39,30,colorectal
ach-002034,HC_avg_k39,31,lung
ach-002781,HC_avg_k39,28,bone
ach-000713,HC_avg_k39,9,ovary
ach-001360,HC_avg_k39,10,cervix
ach-002921,HC_avg_k39,10,breast
ach-000273,HC_avg_k39,23,central_nervous_system
ach-001715,HC_avg_k39,23,bone
ach-001617,HC_avg_k39,17,lymphocyte
ach-000639,HC_avg_k39,33,lung
ach-000590,HC_avg_k39,7,lung
ach-000553,HC_avg_k39,10,lung
ach-000084,HC_avg_k39,17,blood
ach-000094,HC_avg_k39,10,pancreas
ach-000361,HC_avg_k39,23,liver
ach-000719,HC_avg_k39,9,ovary
ach-001396,HC_avg_k39,10,breast
ach-001848,HC_avg_k39,10,bile_duct
ach-000339,HC_avg_k39,22,lung
ach-002048,HC_avg_k39,28,soft_tissue
ach-000218,HC_avg_k39,17,blood
ach-002486,HC_avg_k39,3,ovary
ach-002711,HC_avg_k39,23,upper_aerodigestive
ach-000789,HC_avg_k39,33,lung
ach-000413,HC_avg_k39,23,fibroblast
ach-000125,HC_avg_k39,23,fibroblast
ach-000180,HC_avg_k39,23,fibroblast
ach-000215,HC_avg_k39,23,central_nervous_system
ach-001001,HC_avg_k39,26,bone
ach-000407,HC_avg_k39,23,uterus
ach-002170,HC_avg_k39,33,lung
ach-002027,HC_avg_k39,9,uterus
ach-001132,HC_avg_k39,17,lymphocyte
ach-001278,HC_avg_k39,38,ovary
ach-000032,HC_avg_k39,17,blood
ach-003108,HC_avg_k39,17,lymphocyte
ach-001419,HC_avg_k39,10,breast
ach-000494,HC_avg_k39,3,ovary
ach-000865,HC_avg_k39,10,esophagus
ach-000439,HC_avg_k39,17,blood
ach-001523,HC_avg_k39,10,skin
ach-001983,HC_avg_k39,18,skin
ach-000024,HC_avg_k39,17,plasma_cell
ach-000674,HC_avg_k39,10,gastric
ach-000670,HC_avg_k39,38,lung
ach-000599,HC_avg_k39,10,pancreas
ach-000263,HC_avg_k39,17,blood
ach-003191,HC_avg_k39,23,bone
ach-000303,HC_avg_k39,6,gastric
ach-001551,HC_avg_k39,28,skin
ach-002795,HC_avg_k39,28,soft_tissue
ach-000793,HC_avg_k39,10,gastric
ach-002511,HC_avg_k39,18,skin
ach-000286,HC_avg_k39,10,colorectal
ach-000250,HC_avg_k39,3,kidney
ach-000139,HC_avg_k39,10,pancreas
ach-001735,HC_avg_k39,17,blood
ach-002013,HC_avg_k39,18,eye
ach-001389,HC_avg_k39,23,breast
ach-001183,HC_avg_k39,10,urinary_tract
ach-000551,HC_avg_k39,17,blood
ach-003101,HC_avg_k39,17,lymphocyte
ach-001163,HC_avg_k39,37,kidney
ach-000037,HC_avg_k39,23,soft_tissue
ach-000744,HC_avg_k39,10,lung
ach-000420,HC_avg_k39,3,liver
ach-000336,HC_avg_k39,17,blood
ach-000486,HC_avg_k39,14,urinary_tract
ach-000679,HC_avg_k39,10,esophagus
ach-001557,HC_avg_k39,23,lung
ach-000247,HC_avg_k39,10,gastric
ach-000947,HC_avg_k39,38,ovary
ach-000807,HC_avg_k39,26,central_nervous_system
ach-000476,HC_avg_k39,1,liver
ach-000525,HC_avg_k39,33,lung
ach-003154,HC_avg_k39,20,lung
ach-001148,HC_avg_k39,17,lymphocyte
ach-003455,HC_avg_k39,18,skin
ach-000853,HC_avg_k39,38,lung
ach-000083,HC_avg_k39,23,fibroblast
ach-000479,HC_avg_k39,23,central_nervous_system
ach-000230,HC_avg_k39,23,fibroblast
ach-001664,HC_avg_k39,12,gastric
ach-002705,HC_avg_k39,10,gastric
ach-002937,HC_avg_k39,3,kidney
ach-000955,HC_avg_k39,10,colorectal
ach-000049,HC_avg_k39,3,kidney
ach-000675,HC_avg_k39,10,lung
ach-000199,HC_avg_k39,23,fibroblast
ach-000193,HC_avg_k39,17,plasma_cell
ach-001686,HC_avg_k39,17,lymphocyte
ach-000538,HC_avg_k39,38,gastric
ach-002490,HC_avg_k39,33,lung
ach-001683,HC_avg_k39,10,breast
ach-001990,HC_avg_k39,18,skin
ach-001438,HC_avg_k39,30,testis
ach-001647,HC_avg_k39,17,blood
ach-002043,HC_avg_k39,10,upper_aerodigestive
ach-001649,HC_avg_k39,10,prostate
ach-000155,HC_avg_k39,6,pancreas
ach-000270,HC_avg_k39,10,pancreas
ach-003106,HC_avg_k39,17,lymphocyte
ach-003177,HC_avg_k39,23,soft_tissue
ach-000683,HC_avg_k39,10,colorectal
ach-002017,HC_avg_k39,18,eye
ach-000655,HC_avg_k39,23,central_nervous_system
ach-000145,HC_avg_k39,23,soft_tissue
ach-001495,HC_avg_k39,3,uterus
ach-000188,HC_avg_k39,10,upper_aerodigestive
ach-003458,HC_avg_k39,18,skin
ach-000080,HC_avg_k39,17,blood
ach-000146,HC_avg_k39,17,blood
ach-000415,HC_avg_k39,10,upper_aerodigestive
ach-001518,HC_avg_k39,9,uterus
ach-002290,HC_avg_k39,17,blood
ach-000891,HC_avg_k39,24,lung
ach-001625,HC_avg_k39,10,upper_aerodigestive
ach-001985,HC_avg_k39,23,skin
ach-000895,HC_avg_k39,10,colorectal
ach-000851,HC_avg_k39,10,lung
ach-000824,HC_avg_k39,10,esophagus
ach-000506,HC_avg_k39,33,lung
ach-001427,HC_avg_k39,33,bone
ach-000540,HC_avg_k39,23,fibroblast
ach-000061,HC_avg_k39,17,lymphocyte
ach-000185,HC_avg_k39,23,fibroblast
ach-000568,HC_avg_k39,10,breast
ach-000707,HC_avg_k39,17,lymphocyte
ach-000603,HC_avg_k39,33,lung
ach-000983,HC_avg_k39,17,blood
ach-000541,HC_avg_k39,17,plasma_cell
ach-000680,HC_avg_k39,10,colorectal
ach-002460,HC_avg_k39,18,skin
ach-000111,HC_avg_k39,8,breast
ach-002463,HC_avg_k39,23,eye
ach-000369,HC_avg_k39,17,blood
ach-002928,HC_avg_k39,18,skin
ach-000618,HC_avg_k39,10,upper_aerodigestive
ach-000470,HC_avg_k39,10,colorectal
ach-003150,HC_avg_k39,23,central_nervous_system
ach-002039,HC_avg_k39,10,pancreas
ach-000118,HC_avg_k39,10,pancreas
ach-000614,HC_avg_k39,18,skin
ach-001338,HC_avg_k39,33,peripheral_nervous_system
ach-000432,HC_avg_k39,17,blood
ach-000556,HC_avg_k39,5,cervix
ach-001804,HC_avg_k39,23,soft_tissue
ach-001386,HC_avg_k39,33,lung
ach-001060,HC_avg_k39,17,lymphocyte
ach-001525,HC_avg_k39,10,cervix
ach-001539,HC_avg_k39,17,lymphocyte
ach-000014,HC_avg_k39,18,skin
ach-002785,HC_avg_k39,23,soft_tissue
ach-000637,HC_avg_k39,10,esophagus
ach-002693,HC_avg_k39,28,peripheral_nervous_system
ach-001855,HC_avg_k39,10,bile_duct
ach-000455,HC_avg_k39,23,central_nervous_system
ach-000389,HC_avg_k39,23,central_nervous_system
ach-002710,HC_avg_k39,23,peripheral_nervous_system
ach-000129,HC_avg_k39,33,lung
ach-000490,HC_avg_k39,10,cervix
ach-000434,HC_avg_k39,24,lung
ach-001086,HC_avg_k39,5,cervix
ach-002042,HC_avg_k39,10,thyroid
ach-000597,HC_avg_k39,38,soft_tissue
ach-000756,HC_avg_k39,23,central_nervous_system
ach-000396,HC_avg_k39,23,urinary_tract
ach-003148,HC_avg_k39,23,central_nervous_system
ach-000089,HC_avg_k39,10,colorectal
ach-002478,HC_avg_k39,17,lymphocyte
ach-000371,HC_avg_k39,17,lymphocyte
ach-000265,HC_avg_k39,38,pancreas
ach-000132,HC_avg_k39,9,ovary
ach-000216,HC_avg_k39,10,esophagus
ach-000613,HC_avg_k39,26,bone
ach-000855,HC_avg_k39,10,esophagus
ach-000906,HC_avg_k39,23,ovary
ach-000348,HC_avg_k39,23,skin
ach-001100,HC_avg_k39,17,lymphocyte
ach-000238,HC_avg_k39,10,upper_aerodigestive
ach-000237,HC_avg_k39,23,ovary
ach-003099,HC_avg_k39,10,upper_aerodigestive
ach-000393,HC_avg_k39,23,liver
ach-003107,HC_avg_k39,17,lymphocyte
ach-000623,HC_avg_k39,23,central_nervous_system
ach-000359,HC_avg_k39,23,bone
ach-001028,HC_avg_k39,38,soft_tissue
ach-000621,HC_avg_k39,23,breast
ach-001641,HC_avg_k39,10,upper_aerodigestive
ach-000056,HC_avg_k39,17,lymphocyte
ach-000483,HC_avg_k39,28,liver
ach-003308,HC_avg_k39,23,unknown
ach-000514,HC_avg_k39,33,lung
ach-000051,HC_avg_k39,38,soft_tissue
ach-003433,HC_avg_k39,10,pancreas
ach-000043,HC_avg_k39,23,fibroblast
ach-000936,HC_avg_k39,9,ovary
ach-000716,HC_avg_k39,24,thyroid
ach-000988,HC_avg_k39,9,uterus
ach-000952,HC_avg_k39,10,prostate
ach-001350,HC_avg_k39,24,thyroid
ach-000065,HC_avg_k39,17,blood
ach-000609,HC_avg_k39,23,central_nervous_system
ach-001411,HC_avg_k39,10,urinary_tract
ach-000504,HC_avg_k39,23,central_nervous_system
ach-002677,HC_avg_k39,17,lymphocyte
ach-000956,HC_avg_k39,10,prostate
ach-001712,HC_avg_k39,23,bone
ach-000652,HC_avg_k39,6,pancreas
ach-000414,HC_avg_k39,5,lung
ach-000472,HC_avg_k39,10,upper_aerodigestive
ach-000007,HC_avg_k39,10,colorectal
ach-000446,HC_avg_k39,23,peripheral_nervous_system
ach-003071,HC_avg_k39,33,lung
ach-000386,HC_avg_k39,17,blood
ach-001850,HC_avg_k39,6,bile_duct
ach-000755,HC_avg_k39,10,breast
ach-001503,HC_avg_k39,17,lymphocyte
ach-000028,HC_avg_k39,10,breast
ach-000665,HC_avg_k39,7,lung
ach-001679,HC_avg_k39,17,lymphocyte
ach-000078,HC_avg_k39,33,peripheral_nervous_system
ach-002046,HC_avg_k39,23,uterus
ach-000397,HC_avg_k39,9,uterus
ach-003145,HC_avg_k39,23,embryo
ach-000229,HC_avg_k39,23,fibroblast
ach-002925,HC_avg_k39,18,eye
ach-000518,HC_avg_k39,10,upper_aerodigestive
ach-001566,HC_avg_k39,18,skin
ach-000252,HC_avg_k39,10,colorectal
ach-000572,HC_avg_k39,18,skin
ach-001605,HC_avg_k39,23,central_nervous_system
ach-002522,HC_avg_k39,23,lung
ach-000277,HC_avg_k39,10,breast
ach-001239,HC_avg_k39,18,skin
ach-000786,HC_avg_k39,17,lymphocyte
ach-000803,HC_avg_k39,33,lung
ach-001970,HC_avg_k39,18,skin
ach-002038,HC_avg_k39,10,ovary
ach-000537,HC_avg_k39,1,liver
ach-002660,HC_avg_k39,10,colorectal
ach-002806,HC_avg_k39,23,central_nervous_system
ach-000419,HC_avg_k39,17,plasma_cell
ach-002782,HC_avg_k39,23,soft_tissue
ach-000724,HC_avg_k39,10,urinary_tract
ach-000522,HC_avg_k39,23,urinary_tract
ach-001549,HC_avg_k39,33,lung
ach-000706,HC_avg_k39,5,lung
ach-000737,HC_avg_k39,33,lung
ach-000548,HC_avg_k39,10,upper_aerodigestive
ach-001839,HC_avg_k39,1,bile_duct
ach-001799,HC_avg_k39,23,soft_tissue
ach-001573,HC_avg_k39,17,blood
ach-002946,HC_avg_k39,17,blood
ach-000425,HC_avg_k39,18,skin
ach-003103,HC_avg_k39,17,lymphocyte
ach-000375,HC_avg_k39,38,kidney
ach-000753,HC_avg_k39,26,urinary_tract
ach-000275,HC_avg_k39,23,fibroblast
ach-000735,HC_avg_k39,10,upper_aerodigestive
ach-000654,HC_avg_k39,17,lymphocyte
ach-001067,HC_avg_k39,38,central_nervous_system
ach-000170,HC_avg_k39,10,prostate
ach-001394,HC_avg_k39,10,breast
ach-001433,HC_avg_k39,36,soft_tissue
ach-000404,HC_avg_k39,18,skin
ach-000882,HC_avg_k39,18,skin
ach-001509,HC_avg_k39,10,upper_aerodigestive
ach-000210,HC_avg_k39,33,bone
ach-000254,HC_avg_k39,10,upper_aerodigestive
ach-000604,HC_avg_k39,17,blood
ach-000090,HC_avg_k39,13,prostate
ach-000195,HC_avg_k39,17,blood
ach-001791,HC_avg_k39,23,soft_tissue
ach-001650,HC_avg_k39,5,cervix
ach-000605,HC_avg_k39,10,esophagus
ach-000458,HC_avg_k39,10,skin
ach-003121,HC_avg_k39,33,lung
ach-003125,HC_avg_k39,23,soft_tissue
ach-002084,HC_avg_k39,18,skin
ach-000004,HC_avg_k39,17,blood
ach-000251,HC_avg_k39,6,lung
ach-000241,HC_avg_k39,17,blood
ach-001194,HC_avg_k39,3,kidney
ach-001987,HC_avg_k39,23,skin
ach-002055,HC_avg_k39,17,lymphocyte
ach-002689,HC_avg_k39,28,bone
ach-001443,HC_avg_k39,23,thyroid
ach-000688,HC_avg_k39,22,ovary
ach-000405,HC_avg_k39,17,blood
ach-000821,HC_avg_k39,17,plasma_cell
ach-001677,HC_avg_k39,17,lymphocyte
ach-002526,HC_avg_k39,10,lung
ach-001627,HC_avg_k39,10,prostate
ach-000951,HC_avg_k39,10,lung
ach-001036,HC_avg_k39,17,blood
ach-002792,HC_avg_k39,18,soft_tissue
ach-000547,HC_avg_k39,10,urinary_tract
ach-000826,HC_avg_k39,10,lung
ach-001986,HC_avg_k39,18,skin
ach-001147,HC_avg_k39,17,lymphocyte
ach-002927,HC_avg_k39,18,eye
ach-002470,HC_avg_k39,28,bone
ach-000162,HC_avg_k39,17,lymphocyte
ach-003139,HC_avg_k39,23,muscle
ach-001751,HC_avg_k39,28,soft_tissue
ach-000018,HC_avg_k39,26,urinary_tract
ach-000721,HC_avg_k39,37,breast
ach-000003,HC_avg_k39,10,colorectal
ach-000092,HC_avg_k39,23,lung
ach-000669,HC_avg_k39,10,lung
ach-001099,HC_avg_k39,38,soft_tissue
ach-000648,HC_avg_k39,3,lung
ach-000950,HC_avg_k39,10,colorectal
ach-000050,HC_avg_k39,17,plasma_cell
ach-001106,HC_avg_k39,17,blood
ach-002051,HC_avg_k39,33,lung
ach-000367,HC_avg_k39,23,lung
ach-000589,HC_avg_k39,10,lung
ach-000564,HC_avg_k39,17,plasma_cell
ach-001522,HC_avg_k39,18,skin
ach-000831,HC_avg_k39,3,uterus
ach-000424,HC_avg_k39,33,bone
ach-000409,HC_avg_k39,9,ovary
ach-000616,HC_avg_k39,22,gastric
ach-000628,HC_avg_k39,10,lung
ach-000512,HC_avg_k39,17,plasma_cell
ach-000232,HC_avg_k39,23,central_nervous_system
ach-000820,HC_avg_k39,10,colorectal
ach-001295,HC_avg_k39,33,eye
ach-001164,HC_avg_k39,28,soft_tissue
ach-000806,HC_avg_k39,17,lymphocyte
ach-002524,HC_avg_k39,9,ovary
ach-000645,HC_avg_k39,23,lung
ach-000099,HC_avg_k39,33,peripheral_nervous_system
ach-000902,HC_avg_k39,10,breast
ach-000649,HC_avg_k39,3,kidney
ach-000086,HC_avg_k39,26,lung
ach-000149,HC_avg_k39,23,peripheral_nervous_system
ach-002538,HC_avg_k39,10,colorectal
ach-000142,HC_avg_k39,10,urinary_tract
ach-002535,HC_avg_k39,10,colorectal
ach-000227,HC_avg_k39,33,peripheral_nervous_system
ach-000697,HC_avg_k39,17,lymphocyte
ach-000942,HC_avg_k39,17,blood
ach-000264,HC_avg_k39,27,lung
ach-000809,HC_avg_k39,10,esophagus
ach-000093,HC_avg_k39,10,pancreas
ach-000100,HC_avg_k39,28,soft_tissue
ach-001445,HC_avg_k39,10,upper_aerodigestive
ach-000060,HC_avg_k39,10,pancreas
ach-000001,HC_avg_k39,9,ovary
ach-000957,HC_avg_k39,10,colorectal
ach-000650,HC_avg_k39,18,skin
ach-001096,HC_avg_k39,28,soft_tissue
ach-002799,HC_avg_k39,23,peripheral_nervous_system
ach-002404,HC_avg_k39,18,skin
ach-000239,HC_avg_k39,10,gastric
ach-000762,HC_avg_k39,10,upper_aerodigestive
ach-000922,HC_avg_k39,17,blood
ach-002784,HC_avg_k39,23,soft_tissue
ach-002653,HC_avg_k39,17,blood
ach-000859,HC_avg_k39,10,breast
ach-000990,HC_avg_k39,9,uterus
ach-000410,HC_avg_k39,23,bone
ach-001971,HC_avg_k39,18,skin
ach-000927,HC_avg_k39,10,breast
ach-001853,HC_avg_k39,10,bile_duct
ach-001978,HC_avg_k39,18,skin
ach-000694,HC_avg_k39,10,esophagus
ach-000935,HC_avg_k39,23,colorectal
ach-000918,HC_avg_k39,17,blood
ach-001984,HC_avg_k39,18,skin
ach-000761,HC_avg_k39,10,gastric
ach-001563,HC_avg_k39,23,skin
ach-000974,HC_avg_k39,9,uterus
ach-000297,HC_avg_k39,33,lung
ach-001719,HC_avg_k39,3,ovary
ach-000243,HC_avg_k39,10,pancreas
ach-001418,HC_avg_k39,9,ovary
ach-000362,HC_avg_k39,17,blood
ach-000843,HC_avg_k39,10,lung
ach-002052,HC_avg_k39,33,lung
ach-000840,HC_avg_k39,25,lung
ach-001852,HC_avg_k39,10,bile_duct
ach-001528,HC_avg_k39,24,thyroid
ach-001656,HC_avg_k39,17,blood
ach-000016,HC_avg_k39,3,kidney
ach-000165,HC_avg_k39,23,fibroblast
ach-001460,HC_avg_k39,10,colorectal
ach-000592,HC_avg_k39,23,central_nervous_system
ach-001192,HC_avg_k39,33,bone
ach-000045,HC_avg_k39,17,blood
ach-000741,HC_avg_k39,11,urinary_tract
ach-000912,HC_avg_k39,38,lung
ach-000529,HC_avg_k39,23,fibroblast
ach-000508,HC_avg_k39,33,lung
ach-000577,HC_avg_k39,1,liver
ach-000768,HC_avg_k39,22,breast
ach-000636,HC_avg_k39,17,blood
ach-000667,HC_avg_k39,7,lung
ach-000905,HC_avg_k39,10,urinary_tract
ach-001494,HC_avg_k39,10,bile_duct
ach-000387,HC_avg_k39,17,blood
ach-002510,HC_avg_k39,18,skin
ach-001303,HC_avg_k39,33,peripheral_nervous_system
ach-000026,HC_avg_k39,3,urinary_tract
ach-000838,HC_avg_k39,17,plasma_cell
ach-001172,HC_avg_k39,23,central_nervous_system
ach-000822,HC_avg_k39,18,skin
ach-000531,HC_avg_k39,23,fibroblast
ach-000349,HC_avg_k39,10,breast
ach-000527,HC_avg_k39,9,ovary
ach-000279,HC_avg_k39,33,bone
ach-000516,HC_avg_k39,23,bone
ach-001662,HC_avg_k39,8,breast
ach-000812,HC_avg_k39,18,skin
ach-003157,HC_avg_k39,23,lung
ach-003464,HC_avg_k39,23,soft_tissue
ach-001300,HC_avg_k39,33,peripheral_nervous_system
ach-000524,HC_avg_k39,9,ovary
ach-000611,HC_avg_k39,17,lymphocyte
ach-002419,HC_avg_k39,23,uterus
ach-000411,HC_avg_k39,3,kidney
ach-000718,HC_avg_k39,10,lung
ach-000903,HC_avg_k39,23,thyroid
ach-002021,HC_avg_k39,30,uterus
ach-000433,HC_avg_k39,3,kidney
ach-000499,HC_avg_k39,33,bone
ach-000278,HC_avg_k39,25,ovary
ach-000202,HC_avg_k39,33,colorectal
ach-001736,HC_avg_k39,17,blood
ach-001379,HC_avg_k39,10,pancreas
ach-002070,HC_avg_k39,22,central_nervous_system
ach-002794,HC_avg_k39,23,soft_tissue
ach-000128,HC_avg_k39,23,central_nervous_system
ach-002528,HC_avg_k39,3,kidney
ach-000696,HC_avg_k39,26,ovary
ach-000041,HC_avg_k39,33,bone
ach-000214,HC_avg_k39,23,fibroblast
ach-000747,HC_avg_k39,38,lung
ach-001307,HC_avg_k39,23,thyroid
ach-000341,HC_avg_k39,33,peripheral_nervous_system
ach-001740,HC_avg_k39,28,soft_tissue
ach-000417,HC_avg_k39,10,pancreas
ach-001393,HC_avg_k39,10,breast
ach-000120,HC_avg_k39,23,peripheral_nervous_system
ach-001694,HC_avg_k39,10,upper_aerodigestive
ach-001542,HC_avg_k39,10,upper_aerodigestive
ach-002509,HC_avg_k39,18,skin
ach-000438,HC_avg_k39,7,lung
ach-001366,HC_avg_k39,33,peripheral_nervous_system
ach-000653,HC_avg_k39,17,plasma_cell
ach-000839,HC_avg_k39,10,urinary_tract
ach-000673,HC_avg_k39,23,central_nervous_system
ach-001524,HC_avg_k39,10,skin
ach-000069,HC_avg_k39,17,lymphocyte
ach-002996,HC_avg_k39,23,lung
ach-003142,HC_avg_k39,23,muscle
ach-000323,HC_avg_k39,23,central_nervous_system
ach-000021,HC_avg_k39,10,lung
ach-001863,HC_avg_k39,10,bile_duct
ach-001996,HC_avg_k39,10,bile_duct
ach-000980,HC_avg_k39,33,lung
ach-000106,HC_avg_k39,17,lymphocyte
ach-003156,HC_avg_k39,10,lung
ach-000734,HC_avg_k39,1,liver
ach-000845,HC_avg_k39,10,lung
ach-001982,HC_avg_k39,18,skin
ach-000730,HC_avg_k39,18,skin
ach-001334,HC_avg_k39,10,cervix
ach-000698,HC_avg_k39,33,lung
ach-000802,HC_avg_k39,10,urinary_tract
ach-001836,HC_avg_k39,1,bile_duct
ach-000573,HC_avg_k39,23,breast
ach-001699,HC_avg_k39,10,upper_aerodigestive
ach-000963,HC_avg_k39,10,colorectal
ach-001567,HC_avg_k39,18,skin
ach-001653,HC_avg_k39,10,gastric
ach-000852,HC_avg_k39,10,lung
ach-001862,HC_avg_k39,6,bile_duct
ach-001976,HC_avg_k39,18,skin
ach-002665,HC_avg_k39,10,colorectal
ach-003153,HC_avg_k39,10,lung
ach-000661,HC_avg_k39,18,skin
ach-001500,HC_avg_k39,34,esophagus
ach-001190,HC_avg_k39,18,skin
ach-002467,HC_avg_k39,23,eye
ach-000364,HC_avg_k39,29,bone
ach-000448,HC_avg_k39,10,lung
ach-000979,HC_avg_k39,13,prostate
ach-000932,HC_avg_k39,39,gastric
ach-000783,HC_avg_k39,10,breast
ach-002044,HC_avg_k39,32,upper_aerodigestive
ach-000301,HC_avg_k39,17,blood
ach-002459,HC_avg_k39,18,skin
ach-000976,HC_avg_k39,10,bile_duct
ach-001516,HC_avg_k39,33,cervix
ach-001354,HC_avg_k39,33,peripheral_nervous_system
ach-001645,HC_avg_k39,18,skin
ach-003135,HC_avg_k39,23,central_nervous_system
ach-000867,HC_avg_k39,10,lung
ach-000304,HC_avg_k39,18,skin
ach-002069,HC_avg_k39,28,bone
ach-000931,HC_avg_k39,18,skin
ach-001374,HC_avg_k39,30,ovary
ach-000302,HC_avg_k39,3,uterus
ach-000305,HC_avg_k39,10,esophagus
ach-000072,HC_avg_k39,17,blood
ach-000766,HC_avg_k39,10,lung
ach-000533,HC_avg_k39,38,soft_tissue
ach-000343,HC_avg_k39,38,lung
ach-001437,HC_avg_k39,30,testis
ach-000171,HC_avg_k39,3,kidney
ach-003475,HC_avg_k39,10,upper_aerodigestive
ach-000173,HC_avg_k39,9,uterus
ach-000535,HC_avg_k39,10,pancreas
ach-000774,HC_avg_k39,10,lung
ach-000178,HC_avg_k39,6,pancreas
ach-001306,HC_avg_k39,23,thyroid
ach-000994,HC_avg_k39,9,uterus
ach-001188,HC_avg_k39,33,peripheral_nervous_system
ach-000372,HC_avg_k39,17,blood
ach-002886,HC_avg_k39,10,colorectal
ach-000804,HC_avg_k39,33,peripheral_nervous_system
ach-000011,HC_avg_k39,3,urinary_tract
ach-000733,HC_avg_k39,10,lung
ach-001603,HC_avg_k39,33,peripheral_nervous_system
ach-000829,HC_avg_k39,17,plasma_cell
ach-000141,HC_avg_k39,10,bile_duct
ach-000810,HC_avg_k39,18,skin
ach-001994,HC_avg_k39,1,bile_duct
ach-001145,HC_avg_k39,9,ovary
ach-000717,HC_avg_k39,10,esophagus
ach-000738,HC_avg_k39,23,central_nervous_system
ach-001843,HC_avg_k39,18,bile_duct
ach-002664,HC_avg_k39,10,colorectal
ach-000780,HC_avg_k39,33,lung
ach-001548,HC_avg_k39,33,peripheral_nervous_system
ach-000759,HC_avg_k39,10,breast
ach-001555,HC_avg_k39,23,lung
ach-001369,HC_avg_k39,9,ovary
ach-000969,HC_avg_k39,10,colorectal
ach-000873,HC_avg_k39,14,esophagus
ach-001275,HC_avg_k39,28,soft_tissue
ach-002654,HC_avg_k39,10,colorectal
ach-002435,HC_avg_k39,3,kidney
ach-001972,HC_avg_k39,18,skin
ach-000921,HC_avg_k39,24,lung
ach-003470,HC_avg_k39,23,thyroid
ach-001953,HC_avg_k39,18,skin
ach-002843,HC_avg_k39,23,soft_tissue
ach-001373,HC_avg_k39,9,ovary
ach-002800,HC_avg_k39,23,peripheral_nervous_system
ach-001022,HC_avg_k39,33,bone
ach-000082,HC_avg_k39,23,bone
ach-003105,HC_avg_k39,18,skin
ach-000488,HC_avg_k39,10,esophagus
ach-000790,HC_avg_k39,33,lung
ach-000172,HC_avg_k39,38,soft_tissue
ach-000647,HC_avg_k39,10,esophagus
ach-000602,HC_avg_k39,17,blood
ach-003181,HC_avg_k39,23,soft_tissue
ach-002681,HC_avg_k39,23,central_nervous_system
ach-001465,HC_avg_k39,33,peripheral_nervous_system
ach-003012,HC_avg_k39,5,lung
ach-000156,HC_avg_k39,17,blood
ach-002001,HC_avg_k39,18,skin
ach-000315,HC_avg_k39,17,lymphocyte
ach-001678,HC_avg_k39,17,lymphocyte
ach-002446,HC_avg_k39,10,gastric
ach-000201,HC_avg_k39,38,soft_tissue
ach-000435,HC_avg_k39,9,uterus
ach-000965,HC_avg_k39,10,uterus
ach-001550,HC_avg_k39,28,skin
ach-002026,HC_avg_k39,9,uterus
ach-000883,HC_avg_k39,23,central_nervous_system
ach-000482,HC_avg_k39,10,lung
ach-000450,HC_avg_k39,18,skin
ach-002672,HC_avg_k39,10,pancreas
ach-000835,HC_avg_k39,23,soft_tissue
ach-002431,HC_avg_k39,23,peripheral_nervous_system
ach-001802,HC_avg_k39,28,soft_tissue
ach-000629,HC_avg_k39,23,central_nervous_system
ach-000715,HC_avg_k39,10,upper_aerodigestive
ach-000870,HC_avg_k39,33,lung
ach-000910,HC_avg_k39,10,breast
ach-000779,HC_avg_k39,10,lung
ach-000140,HC_avg_k39,17,lymphocyte
ach-001196,HC_avg_k39,28,soft_tissue
ach-001484,HC_avg_k39,17,blood
ach-000693,HC_avg_k39,10,esophagus
ach-000811,HC_avg_k39,9,ovary
ach-000423,HC_avg_k39,18,skin
ach-000290,HC_avg_k39,33,lung
ach-001847,HC_avg_k39,1,bile_duct
ach-000492,HC_avg_k39,17,blood
ach-001519,HC_avg_k39,38,bone
ach-000110,HC_avg_k39,10,gastric
ach-001497,HC_avg_k39,10,esophagus
ach-000102,HC_avg_k39,23,central_nervous_system
ach-000817,HC_avg_k39,17,plasma_cell
ach-001556,HC_avg_k39,23,lung
ach-000964,HC_avg_k39,17,blood
ach-000378,HC_avg_k39,7,lung
ach-000913,HC_avg_k39,25,uterus
ach-000575,HC_avg_k39,22,lung
ach-000634,HC_avg_k39,23,central_nervous_system
ach-002291,HC_avg_k39,30,embryo
ach-001322,HC_avg_k39,28,soft_tissue
ach-002924,HC_avg_k39,18,eye
ach-000767,HC_avg_k39,33,lung
ach-001642,HC_avg_k39,17,lymphocyte
ach-001552,HC_avg_k39,28,skin
ach-000451,HC_avg_k39,10,lung
ach-000879,HC_avg_k39,38,uterus
ach-001842,HC_avg_k39,10,bile_duct
ach-002662,HC_avg_k39,10,colorectal
ach-001032,HC_avg_k39,33,bone
ach-000982,HC_avg_k39,10,colorectal
ach-001636,HC_avg_k39,17,lymphocyte
ach-000189,HC_avg_k39,3,kidney
ach-000454,HC_avg_k39,10,lung
ach-000131,HC_avg_k39,23,fibroblast
ach-000660,HC_avg_k39,17,lymphocyte
ach-001197,HC_avg_k39,17,lymphocyte
ach-000915,HC_avg_k39,18,skin
ach-000480,HC_avg_k39,1,liver
ach-000745,HC_avg_k39,17,plasma_cell
ach-000161,HC_avg_k39,1,lung
ach-000395,HC_avg_k39,32,lung
ach-001459,HC_avg_k39,10,colorectal
ach-000916,HC_avg_k39,10,lung
ach-001609,HC_avg_k39,23,central_nervous_system
ach-001960,HC_avg_k39,10,bile_duct
ach-002648,HC_avg_k39,9,uterus
ach-001856,HC_avg_k39,1,bile_duct
ach-003158,HC_avg_k39,23,muscle
ach-002433,HC_avg_k39,23,bone
ach-000295,HC_avg_k39,17,blood
ach-001485,HC_avg_k39,17,blood
ach-003269,HC_avg_k39,21,soft_tissue
ach-000292,HC_avg_k39,38,lung
ach-000137,HC_avg_k39,23,central_nervous_system
ach-000308,HC_avg_k39,9,ovary
ach-000445,HC_avg_k39,23,central_nervous_system
ach-001229,HC_avg_k39,10,upper_aerodigestive
ach-000144,HC_avg_k39,10,gastric
ach-000837,HC_avg_k39,10,lung
ach-000048,HC_avg_k39,38,ovary
ach-000463,HC_avg_k39,5,lung
ach-000881,HC_avg_k39,18,skin
ach-000388,HC_avg_k39,17,lymphocyte
ach-001992,HC_avg_k39,23,lung
ach-000147,HC_avg_k39,10,breast
ach-000930,HC_avg_k39,8,breast
ach-000899,HC_avg_k39,18,skin
ach-000366,HC_avg_k39,33,peripheral_nervous_system
ach-001571,HC_avg_k39,17,lymphocyte
ach-001526,HC_avg_k39,28,bone
ach-000064,HC_avg_k39,10,lung
ach-001329,HC_avg_k39,23,central_nervous_system
ach-001676,HC_avg_k39,31,upper_aerodigestive
ach-000418,HC_avg_k39,23,bone
ach-001280,HC_avg_k39,28,soft_tissue
ach-002922,HC_avg_k39,33,peripheral_nervous_system
ach-000861,HC_avg_k39,23,lung
ach-000692,HC_avg_k39,10,upper_aerodigestive
ach-003137,HC_avg_k39,23,central_nervous_system
ach-000107,HC_avg_k39,10,pancreas
ach-000133,HC_avg_k39,23,soft_tissue
ach-000306,HC_avg_k39,23,fibroblast
ach-001530,HC_avg_k39,30,uterus
ach-000651,HC_avg_k39,32,colorectal
ach-000563,HC_avg_k39,10,lung
ach-000058,HC_avg_k39,23,thyroid
ach-000345,HC_avg_k39,33,peripheral_nervous_system
ach-000316,HC_avg_k39,1,liver
ach-000884,HC_avg_k39,18,skin
ach-000289,HC_avg_k39,18,central_nervous_system
ach-001451,HC_avg_k39,25,cervix
ach-003459,HC_avg_k39,18,skin
ach-002440,HC_avg_k39,24,thyroid
ach-000355,HC_avg_k39,33,lung
ach-002926,HC_avg_k39,18,unknown
ach-000962,HC_avg_k39,9,ovary
ach-000473,HC_avg_k39,10,urinary_tract
ach-000192,HC_avg_k39,33,uterus
ach-001624,HC_avg_k39,23,central_nervous_system
ach-001989,HC_avg_k39,18,skin
ach-001807,HC_avg_k39,23,soft_tissue
ach-002532,HC_avg_k39,10,colorectal
ach-002466,HC_avg_k39,23,eye
ach-001344,HC_avg_k39,23,peripheral_nervous_system
ach-001684,HC_avg_k39,17,blood
ach-000757,HC_avg_k39,38,lung
ach-000054,HC_avg_k39,23,soft_tissue
ach-001318,HC_avg_k39,1,liver
ach-000601,HC_avg_k39,34,pancreas
ach-000635,HC_avg_k39,9,ovary
ach-001857,HC_avg_k39,27,bile_duct
ach-000966,HC_avg_k39,9,ovary
ach-000630,HC_avg_k39,23,upper_aerodigestive
ach-000225,HC_avg_k39,33,gastric
ach-002047,HC_avg_k39,23,uterus
ach-000657,HC_avg_k39,38,ovary
ach-000624,HC_avg_k39,10,breast
ach-000699,HC_avg_k39,23,breast
ach-000923,HC_avg_k39,17,lymphocyte
ach-000687,HC_avg_k39,17,lymphocyte
ach-000044,HC_avg_k39,10,breast
ach-000740,HC_avg_k39,10,upper_aerodigestive
ach-000447,HC_avg_k39,7,lung
ach-000101,HC_avg_k39,17,blood
ach-001416,HC_avg_k39,10,urinary_tract
ach-000319,HC_avg_k39,23,lung
ach-000198,HC_avg_k39,17,blood
ach-000280,HC_avg_k39,10,ovary
ach-003265,HC_avg_k39,21,soft_tissue
ach-000104,HC_avg_k39,17,blood
ach-001835,HC_avg_k39,1,bile_duct
ach-000892,HC_avg_k39,5,lung
ach-000493,HC_avg_k39,23,liver
ach-000042,HC_avg_k39,10,pancreas
ach-002045,HC_avg_k39,10,upper_aerodigestive
ach-000221,HC_avg_k39,38,liver
ach-000477,HC_avg_k39,18,skin
ach-000746,HC_avg_k39,32,gastric
ach-000356,HC_avg_k39,10,gastric
ach-000457,HC_avg_k39,3,kidney
ach-000904,HC_avg_k39,33,lung
ach-002060,HC_avg_k39,17,blood
ach-003159,HC_avg_k39,23,hair
ach-001813,HC_avg_k39,23,bone
ach-000244,HC_avg_k39,23,central_nervous_system
ach-000610,HC_avg_k39,33,lung
ach-000081,HC_avg_k39,17,blood
ach-003161,HC_avg_k39,23,pancreas
ach-000255,HC_avg_k39,23,gastric
ach-001038,HC_avg_k39,33,bone
ach-000352,HC_avg_k39,10,breast
ach-002016,HC_avg_k39,23,eye
ach-000416,HC_avg_k39,5,lung
ach-000752,HC_avg_k39,23,lung
ach-000862,HC_avg_k39,10,urinary_tract
ach-000236,HC_avg_k39,10,colorectal
ach-000401,HC_avg_k39,18,skin
ach-000731,HC_avg_k39,22,lung
ach-000875,HC_avg_k39,10,lung
ach-000626,HC_avg_k39,17,plasma_cell
ach-000593,HC_avg_k39,10,urinary_tract
ach-000182,HC_avg_k39,10,bile_duct
ach-000442,HC_avg_k39,23,lung
ach-000159,HC_avg_k39,3,kidney
ach-000907,HC_avg_k39,3,kidney
ach-000191,HC_avg_k39,7,thyroid
ach-000205,HC_avg_k39,10,pancreas
ach-000103,HC_avg_k39,9,ovary
ach-000739,HC_avg_k39,1,liver
ach-001558,HC_avg_k39,23,lung
ach-000206,HC_avg_k39,17,lymphocyte
ach-000841,HC_avg_k39,10,lung
ach-000615,HC_avg_k39,18,skin
ach-001613,HC_avg_k39,17,blood
ach-001608,HC_avg_k39,23,central_nervous_system
ach-000801,HC_avg_k39,18,skin
ach-000539,HC_avg_k39,23,fibroblast
ach-000464,HC_avg_k39,23,central_nervous_system
ach-000622,HC_avg_k39,23,central_nervous_system
ach-000452,HC_avg_k39,14,esophagus
ach-001390,HC_avg_k39,10,breast
ach-001401,HC_avg_k39,38,adrenal_cortex
ach-000365,HC_avg_k39,17,lymphocyte
ach-001431,HC_avg_k39,33,bone
ach-000475,HC_avg_k39,1,liver
ach-000860,HC_avg_k39,10,lung
ach-000074,HC_avg_k39,17,blood
ach-000377,HC_avg_k39,10,bile_duct
ach-001562,HC_avg_k39,23,lung
ach-001693,HC_avg_k39,23,upper_aerodigestive
ach-003134,HC_avg_k39,23,unknown
ach-000259,HC_avg_k39,33,peripheral_nervous_system
ach-001697,HC_avg_k39,10,upper_aerodigestive
ach-002801,HC_avg_k39,18,peripheral_nervous_system
ach-001388,HC_avg_k39,10,breast
ach-001410,HC_avg_k39,10,urinary_tract
ach-002025,HC_avg_k39,10,colorectal
ach-002688,HC_avg_k39,23,bone
ach-000720,HC_avg_k39,23,urinary_tract
ach-000095,HC_avg_k39,33,central_nervous_system
ach-001345,HC_avg_k39,10,colorectal
ach-000558,HC_avg_k39,23,central_nervous_system
ach-000664,HC_avg_k39,17,lymphocyte
ach-000177,HC_avg_k39,33,prostate
ach-001423,HC_avg_k39,3,kidney
ach-000335,HC_avg_k39,23,lung
ach-000940,HC_avg_k39,38,uterus
ach-003160,HC_avg_k39,23,hair
ach-000631,HC_avg_k39,18,central_nervous_system
ach-000207,HC_avg_k39,10,upper_aerodigestive
ach-000764,HC_avg_k39,22,gastric
ach-000995,HC_avg_k39,17,blood
ach-000373,HC_avg_k39,17,blood
ach-000953,HC_avg_k39,17,blood
ach-000709,HC_avg_k39,3,kidney
ach-003463,HC_avg_k39,17,lymphocyte
ach-000846,HC_avg_k39,10,upper_aerodigestive
ach-001702,HC_avg_k39,3,soft_tissue
ach-000333,HC_avg_k39,10,ovary
ach-001708,HC_avg_k39,17,lymphocyte
ach-002059,HC_avg_k39,17,blood
ach-000929,HC_avg_k39,10,lung
ach-001395,HC_avg_k39,10,breast
ach-000948,HC_avg_k39,10,gastric
ach-002015,HC_avg_k39,23,eye
ach-000981,HC_avg_k39,17,blood
ach-000617,HC_avg_k39,9,ovary
ach-000311,HC_avg_k39,10,lung
ach-001210,HC_avg_k39,38,soft_tissue
ach-001834,HC_avg_k39,1,bile_duct
ach-002010,HC_avg_k39,18,eye
ach-003143,HC_avg_k39,3,kidney
ach-000390,HC_avg_k39,10,lung
ach-000468,HC_avg_k39,6,pancreas
ach-002651,HC_avg_k39,17,blood
ach-001061,HC_avg_k39,10,colorectal
ach-000077,HC_avg_k39,17,lymphocyte
ach-000456,HC_avg_k39,24,thyroid
ach-002703,HC_avg_k39,1,gastric
ach-000496,HC_avg_k39,7,lung
ach-002512,HC_avg_k39,18,skin
ach-000062,HC_avg_k39,7,lung
ach-002464,HC_avg_k39,23,eye
ach-000088,HC_avg_k39,23,fibroblast
ach-000536,HC_avg_k39,10,breast
ach-000071,HC_avg_k39,23,fibroblast
ach-002004,HC_avg_k39,18,skin
ach-000878,HC_avg_k39,5,lung
ach-001380,HC_avg_k39,1,pancreas
ach-002061,HC_avg_k39,17,blood
ach-000385,HC_avg_k39,3,kidney
ach-000412,HC_avg_k39,10,colorectal
ach-003474,HC_avg_k39,10,upper_aerodigestive
ach-000427,HC_avg_k39,10,gastric
ach-000938,HC_avg_k39,17,blood
ach-000462,HC_avg_k39,17,blood
ach-000939,HC_avg_k39,38,soft_tissue
ach-000325,HC_avg_k39,10,gastric
ach-000515,HC_avg_k39,33,lung
ach-001033,HC_avg_k39,38,central_nervous_system
ach-000919,HC_avg_k39,10,gastric
ach-000863,HC_avg_k39,23,central_nervous_system
ach-000642,HC_avg_k39,10,breast
ach-000581,HC_avg_k39,10,gastric
ach-001435,HC_avg_k39,28,testis
ach-001050,HC_avg_k39,28,soft_tissue
ach-001818,HC_avg_k39,23,bone
ach-001384,HC_avg_k39,23,thyroid
ach-000797,HC_avg_k39,23,fibroblast
ach-000220,HC_avg_k39,17,lymphocyte
ach-001533,HC_avg_k39,17,lymphocyte
ach-001508,HC_avg_k39,15,upper_aerodigestive
ach-000827,HC_avg_k39,23,skin
ach-003119,HC_avg_k39,33,lung
ach-000961,HC_avg_k39,9,uterus
ach-000778,HC_avg_k39,10,upper_aerodigestive
ach-000825,HC_avg_k39,22,lung
ach-000743,HC_avg_k39,33,lung
ach-000190,HC_avg_k39,23,unknown
ach-001819,HC_avg_k39,10,breast
ach-000157,HC_avg_k39,17,lymphocyte
ach-001786,HC_avg_k39,10,colorectal
ach-000253,HC_avg_k39,10,colorectal
ach-001376,HC_avg_k39,10,pancreas
ach-000958,HC_avg_k39,10,colorectal
ach-000228,HC_avg_k39,10,upper_aerodigestive
ach-000266,HC_avg_k39,10,pancreas
ach-001750,HC_avg_k39,23,soft_tissue
ach-000174,HC_avg_k39,26,thyroid
ach-000245,HC_avg_k39,17,lymphocyte
ach-001279,HC_avg_k39,38,ovary
ach-000620,HC_avg_k39,9,liver
ach-000813,HC_avg_k39,7,lung
ach-001513,HC_avg_k39,10,cervix
ach-000168,HC_avg_k39,17,blood
ach-000257,HC_avg_k39,33,lung
ach-000211,HC_avg_k39,23,central_nervous_system
ach-000283,HC_avg_k39,23,central_nervous_system
ach-002401,HC_avg_k39,10,breast
ach-002041,HC_avg_k39,23,thyroid
ach-000987,HC_avg_k39,18,skin
ach-003465,HC_avg_k39,23,upper_aerodigestive
ach-000682,HC_avg_k39,10,upper_aerodigestive
ach-000073,HC_avg_k39,17,lymphocyte
ach-000212,HC_avg_k39,26,breast
ach-000096,HC_avg_k39,38,kidney
ach-002500,HC_avg_k39,17,lymphocyte
ach-001440,HC_avg_k39,30,testis
ach-000063,HC_avg_k39,23,fibroblast
ach-002942,HC_avg_k39,21,soft_tissue
ach-001999,HC_avg_k39,10,pancreas
ach-000776,HC_avg_k39,16,central_nervous_system
ach-000521,HC_avg_k39,5,lung
ach-000299,HC_avg_k39,17,blood
ach-000025,HC_avg_k39,23,central_nervous_system
ach-000591,HC_avg_k39,23,central_nervous_system
ach-001716,HC_avg_k39,33,peripheral_nervous_system
ach-000833,HC_avg_k39,28,soft_tissue
ach-001628,HC_avg_k39,3,ovary
ach-000398,HC_avg_k39,17,lymphocyte
ach-000274,HC_avg_k39,18,skin
ach-001370,HC_avg_k39,24,ovary
ach-001700,HC_avg_k39,10,upper_aerodigestive
ach-000029,HC_avg_k39,10,lung
ach-001849,HC_avg_k39,10,bile_duct
ach-000644,HC_avg_k39,18,skin
ach-001422,HC_avg_k39,10,prostate
ach-000588,HC_avg_k39,17,plasma_cell
ach-000849,HC_avg_k39,10,breast
ach-002690,HC_avg_k39,23,bone
ach-000219,HC_avg_k39,18,skin
ach-000150,HC_avg_k39,10,lung
ach-001845,HC_avg_k39,1,bile_duct
ach-002643,HC_avg_k39,17,lymphocyte
ach-000384,HC_avg_k39,10,urinary_tract
ach-001053,HC_avg_k39,33,central_nervous_system
ach-001274,HC_avg_k39,23,soft_tissue
ach-000091,HC_avg_k39,3,ovary
ach-002932,HC_avg_k39,10,colorectal
ach-002014,HC_avg_k39,18,eye
ach-001634,HC_avg_k39,17,blood
ach-002531,HC_avg_k39,10,lung
ach-000495,HC_avg_k39,3,kidney
ach-000911,HC_avg_k39,10,gastric
ach-000013,HC_avg_k39,9,ovary
ach-002667,HC_avg_k39,10,colorectal
ach-000777,HC_avg_k39,10,esophagus
ach-001765,HC_avg_k39,28,soft_tissue
ach-000312,HC_avg_k39,33,peripheral_nervous_system
ach-000085,HC_avg_k39,10,pancreas
ach-000436,HC_avg_k39,17,plasma_cell
ach-000869,HC_avg_k39,10,lung
ach-003061,HC_avg_k39,33,lung
ach-003471,HC_avg_k39,2,thyroid
ach-000267,HC_avg_k39,17,lymphocyte
ach-000489,HC_avg_k39,10,colorectal
ach-000431,HC_avg_k39,33,lung
ach-000152,HC_avg_k39,23,central_nervous_system
ach-000909,HC_avg_k39,38,uterus
ach-000534,HC_avg_k39,17,lymphocyte
ach-001489,HC_avg_k39,33,lung
ach-000582,HC_avg_k39,18,skin
ach-000460,HC_avg_k39,9,ovary
ach-000443,HC_avg_k39,9,ovary
ach-001570,HC_avg_k39,18,skin
ach-000986,HC_avg_k39,10,colorectal
ach-001335,HC_avg_k39,10,cervix
ach-000023,HC_avg_k39,26,pancreas
ach-002062,HC_avg_k39,17,lymphocyte
ach-002462,HC_avg_k39,23,eye
ach-000151,HC_avg_k39,17,blood
ach-001277,HC_avg_k39,28,soft_tissue
ach-000607,HC_avg_k39,38,soft_tissue
ach-002647,HC_avg_k39,10,gastric
ach-000703,HC_avg_k39,33,lung
ach-001211,HC_avg_k39,38,soft_tissue
ach-003152,HC_avg_k39,23,lung
ach-001511,HC_avg_k39,10,upper_aerodigestive
ach-000113,HC_avg_k39,17,blood
ach-000337,HC_avg_k39,10,lung
ach-000598,HC_avg_k39,17,plasma_cell
ach-000057,HC_avg_k39,17,plasma_cell
ach-000281,HC_avg_k39,10,pancreas
ach-000321,HC_avg_k39,17,blood
ach-000985,HC_avg_k39,10,colorectal
ach-000444,HC_avg_k39,26,lung
ach-000347,HC_avg_k39,33,pancreas
ach-001399,HC_avg_k39,10,colorectal
ach-001097,HC_avg_k39,17,lymphocyte
ach-000127,HC_avg_k39,26,urinary_tract
ach-001961,HC_avg_k39,6,bile_duct
ach-001796,HC_avg_k39,23,soft_tissue
ach-000307,HC_avg_k39,10,pancreas
ach-001030,HC_avg_k39,33,bone
ach-002485,HC_avg_k39,17,lymphocyte
ach-000595,HC_avg_k39,18,central_nervous_system
ach-001540,HC_avg_k39,23,soft_tissue
ach-000298,HC_avg_k39,33,lung
ach-000771,HC_avg_k39,10,upper_aerodigestive
ach-000500,HC_avg_k39,26,upper_aerodigestive
ach-000353,HC_avg_k39,10,esophagus
ach-000363,HC_avg_k39,17,plasma_cell
ach-000350,HC_avg_k39,10,colorectal
ach-000053,HC_avg_k39,17,lymphocyte
ach-001543,HC_avg_k39,10,upper_aerodigestive
ach-000663,HC_avg_k39,3,ovary
ach-000346,HC_avg_k39,17,blood
ach-000970,HC_avg_k39,10,colorectal
ach-002543,HC_avg_k39,10,colorectal
ach-001333,HC_avg_k39,38,cervix
ach-000794,HC_avg_k39,10,upper_aerodigestive
ach-000039,HC_avg_k39,33,bone
ach-000471,HC_avg_k39,1,liver
ach-000850,HC_avg_k39,23,fibroblast
ach-000291,HC_avg_k39,10,ovary
ach-001453,HC_avg_k39,10,prostate
ach-001458,HC_avg_k39,10,colorectal
ach-000886,HC_avg_k39,10,lung
ach-000888,HC_avg_k39,4,lung
ach-000659,HC_avg_k39,33,lung
ach-000030,HC_avg_k39,10,lung
ach-001201,HC_avg_k39,33,central_nervous_system
ach-000271,HC_avg_k39,17,lymphocyte
ach-002676,HC_avg_k39,17,blood
ach-000549,HC_avg_k39,10,upper_aerodigestive
ach-000555,HC_avg_k39,3,kidney
ach-000478,HC_avg_k39,23,liver
ach-000775,HC_avg_k39,10,lung
ach-002214,HC_avg_k39,17,lymphocyte
ach-000038,HC_avg_k39,17,lymphocyte
ach-001109,HC_avg_k39,38,soft_tissue
ach-001442,HC_avg_k39,10,epidermoid_carcinoma
ach-000559,HC_avg_k39,33,lung
ach-000510,HC_avg_k39,38,lung
ach-002065,HC_avg_k39,23,central_nervous_system
ach-000676,HC_avg_k39,18,central_nervous_system
ach-002659,HC_avg_k39,10,colorectal
ach-000844,HC_avg_k39,33,lung
ach-002403,HC_avg_k39,23,skin
ach-002787,HC_avg_k39,23,soft_tissue
ach-002497,HC_avg_k39,4,lung
ach-002798,HC_avg_k39,23,skin
ach-000925,HC_avg_k39,10,lung
ach-002465,HC_avg_k39,23,eye
ach-000272,HC_avg_k39,3,kidney
ach-001035,HC_avg_k39,33,bone
ach-003457,HC_avg_k39,18,skin
ach-000513,HC_avg_k39,3,kidney
ach-001059,HC_avg_k39,38,soft_tissue
ach-000959,HC_avg_k39,10,colorectal
ach-002283,HC_avg_k39,33,peripheral_nervous_system
ach-000169,HC_avg_k39,28,soft_tissue
ach-001402,HC_avg_k39,5,cervix
ach-000796,HC_avg_k39,10,ovary
ach-000143,HC_avg_k39,31,lung
ach-000067,HC_avg_k39,23,central_nervous_system
ach-000640,HC_avg_k39,18,skin
ach-001591,HC_avg_k39,33,lung
ach-001674,HC_avg_k39,33,peripheral_nervous_system
ach-001698,HC_avg_k39,10,upper_aerodigestive
ach-002002,HC_avg_k39,18,skin
ach-002011,HC_avg_k39,18,eye
ach-003268,HC_avg_k39,21,soft_tissue
ach-000967,HC_avg_k39,10,colorectal
ach-000469,HC_avg_k39,23,central_nervous_system
ach-001353,HC_avg_k39,10,pancreas
ach-001574,HC_avg_k39,17,blood
ach-000097,HC_avg_k39,10,breast
ach-000256,HC_avg_k39,9,ovary
ach-000977,HC_avg_k39,10,prostate
ach-000972,HC_avg_k39,9,uterus
ach-001367,HC_avg_k39,33,peripheral_nervous_system
ach-000382,HC_avg_k39,33,lung
ach-003476,HC_avg_k39,10,upper_aerodigestive
ach-000579,HC_avg_k39,18,skin
ach-002035,HC_avg_k39,26,lung
ach-001532,HC_avg_k39,38,kidney
ach-000695,HC_avg_k39,33,lung
ach-001795,HC_avg_k39,3,soft_tissue
ach-001510,HC_avg_k39,10,upper_aerodigestive
ach-000502,HC_avg_k39,10,pancreas
ach-000183,HC_avg_k39,17,plasma_cell
ach-000408,HC_avg_k39,10,esophagus
ach-001496,HC_avg_k39,10,esophagus
ach-000788,HC_avg_k39,18,skin
ach-002405,HC_avg_k39,19,skin
ach-002409,HC_avg_k39,23,central_nervous_system
ach-001622,HC_avg_k39,23,central_nervous_system
ach-000466,HC_avg_k39,10,gastric
ach-001560,HC_avg_k39,23,lung
ach-001019,HC_avg_k39,33,skin
ach-003111,HC_avg_k39,23,soft_tissue
ach-000005,HC_avg_k39,17,blood
ach-001687,HC_avg_k39,3,kidney
ach-001151,HC_avg_k39,6,ovary
ach-000701,HC_avg_k39,10,ovary
ach-000542,HC_avg_k39,23,ovary
ach-000126,HC_avg_k39,23,central_nervous_system
ach-001685,HC_avg_k39,17,lymphocyte
ach-000933,HC_avg_k39,10,pancreas
ach-000068,HC_avg_k39,17,lymphocyte
ach-000015,HC_avg_k39,38,lung
ach-001111,HC_avg_k39,17,lymphocyte
ach-000487,HC_avg_k39,17,blood
ach-000122,HC_avg_k39,17,blood
ach-000288,HC_avg_k39,23,breast
ach-001820,HC_avg_k39,8,breast
ach-000782,HC_avg_k39,17,blood
ach-001632,HC_avg_k39,9,ovary
ach-002399,HC_avg_k39,10,breast
ach-000357,HC_avg_k39,17,lymphocyte
ach-000079,HC_avg_k39,23,fibroblast
ach-001031,HC_avg_k39,38,soft_tissue
ach-001064,HC_avg_k39,17,lymphocyte
ach-002802,HC_avg_k39,18,peripheral_nervous_system
ach-001048,HC_avg_k39,25,ovary
ach-000453,HC_avg_k39,17,plasma_cell
ach-003155,HC_avg_k39,20,liver
ach-000791,HC_avg_k39,10,lung
ach-000567,HC_avg_k39,17,lymphocyte
ach-001391,HC_avg_k39,20,breast
ach-001075,HC_avg_k39,10,lung
ach-000105,HC_avg_k39,17,blood
ach-000557,HC_avg_k39,17,blood
ach-000175,HC_avg_k39,23,fibroblast
ach-001356,HC_avg_k39,23,thyroid
ach-001844,HC_avg_k39,1,bile_duct
ach-001346,HC_avg_k39,10,upper_aerodigestive
ach-000885,HC_avg_k39,3,ovary
ach-000900,HC_avg_k39,38,lung
ach-000666,HC_avg_k39,5,lung
ach-001428,HC_avg_k39,33,bone
ach-000217,HC_avg_k39,22,liver
ach-000872,HC_avg_k39,5,lung
ach-001974,HC_avg_k39,18,skin
ach-002020,HC_avg_k39,10,cervix
ach-001638,HC_avg_k39,17,lymphocyte
ach-001228,HC_avg_k39,10,upper_aerodigestive
ach-000181,HC_avg_k39,10,upper_aerodigestive
ach-000115,HC_avg_k39,10,prostate
ach-000130,HC_avg_k39,17,blood
ach-000121,HC_avg_k39,6,lung
ach-001711,HC_avg_k39,28,central_nervous_system
ach-000934,HC_avg_k39,10,breast
ach-000996,HC_avg_k39,9,uterus
ach-001529,HC_avg_k39,30,uterus
ach-001743,HC_avg_k39,28,soft_tissue
ach-000320,HC_avg_k39,6,pancreas
ach-000505,HC_avg_k39,23,soft_tissue
ach-000781,HC_avg_k39,5,lung
ach-000059,HC_avg_k39,17,blood
ach-000920,HC_avg_k39,17,blood
ach-000294,HC_avg_k39,17,blood
ach-000422,HC_avg_k39,23,liver
ach-000200,HC_avg_k39,23,central_nervous_system
ach-000046,HC_avg_k39,3,kidney
ach-000968,HC_avg_k39,18,skin
ach-000830,HC_avg_k39,33,lung
ach-000114,HC_avg_k39,10,pancreas
ach-000402,HC_avg_k39,17,lymphocyte
ach-001578,HC_avg_k39,30,embryo
ach-000036,HC_avg_k39,23,central_nervous_system
ach-000973,HC_avg_k39,26,urinary_tract
ach-001128,HC_avg_k39,36,soft_tissue
ach-003437,HC_avg_k39,10,gastric
ach-000750,HC_avg_k39,23,skin
ach-000285,HC_avg_k39,17,lymphocyte
ach-002669,HC_avg_k39,10,colorectal
ach-001858,HC_avg_k39,23,bile_duct
ach-001997,HC_avg_k39,10,bile_duct
ach-000052,HC_avg_k39,33,bone
ach-001113,HC_avg_k44,11,lung
ach-001289,HC_avg_k44,43,soft_tissue
ach-001339,HC_avg_k44,20,skin
ach-001979,HC_avg_k44,20,skin
ach-002438,HC_avg_k44,27,kidney
ach-001538,HC_avg_k44,11,bile_duct
ach-000242,HC_avg_k44,11,urinary_tract
ach-000708,HC_avg_k44,12,colorectal
ach-000327,HC_avg_k44,12,lung
ach-000233,HC_avg_k44,19,lymphocyte
ach-000461,HC_avg_k44,12,bile_duct
ach-000705,HC_avg_k44,11,lung
ach-001794,HC_avg_k44,27,soft_tissue
ach-002023,HC_avg_k44,12,colorectal
ach-000528,HC_avg_k44,12,lung
ach-002501,HC_avg_k44,33,soft_tissue
ach-001655,HC_avg_k44,27,uterus
ach-000167,HC_avg_k44,19,plasma_cell
ach-000792,HC_avg_k44,27,kidney
ach-001098,HC_avg_k44,12,pancreas
ach-000570,HC_avg_k44,27,central_nervous_system
ach-000351,HC_avg_k44,17,gastric
ach-002075,HC_avg_k44,38,lung
ach-002040,HC_avg_k44,20,skin
ach-000769,HC_avg_k44,37,lung
ach-000154,HC_avg_k44,27,fibroblast
ach-000828,HC_avg_k44,12,breast
ach-000421,HC_avg_k44,12,colorectal
ach-000765,HC_avg_k44,20,skin
ach-001375,HC_avg_k44,11,pancreas
ach-000008,HC_avg_k44,20,skin
ach-001814,HC_avg_k44,27,bone
ach-000800,HC_avg_k44,38,lung
ach-000606,HC_avg_k44,11,upper_aerodigestive
ach-000317,HC_avg_k44,4,kidney
ach-001492,HC_avg_k44,19,lymphocyte
ach-000123,HC_avg_k44,43,ovary
ach-000723,HC_avg_k44,11,upper_aerodigestive
ach-002066,HC_avg_k44,20,central_nervous_system
ach-001536,HC_avg_k44,6,bile_duct
ach-003136,HC_avg_k44,27,unknown
ach-000313,HC_avg_k44,4,kidney
ach-002019,HC_avg_k44,11,cervix
ach-000728,HC_avg_k44,19,blood
ach-000700,HC_avg_k44,24,lung
ach-000823,HC_avg_k44,11,esophagus
ach-000678,HC_avg_k44,11,gastric
ach-000006,HC_avg_k44,19,blood
ach-002790,HC_avg_k44,33,soft_tissue
ach-002029,HC_avg_k44,11,upper_aerodigestive
ach-001377,HC_avg_k44,12,pancreas
ach-000754,HC_avg_k44,19,lymphocyte
ach-000465,HC_avg_k44,20,skin
ach-000138,HC_avg_k44,12,pancreas
ach-001864,HC_avg_k44,11,bile_duct
ach-000383,HC_avg_k44,12,esophagus
ach-001547,HC_avg_k44,27,lung
ach-000917,HC_avg_k44,12,esophagus
ach-002471,HC_avg_k44,33,bone
ach-000984,HC_avg_k44,10,uterus
ach-002678,HC_avg_k44,19,lymphocyte
ach-001409,HC_avg_k44,11,urinary_tract
ach-001707,HC_avg_k44,19,blood
ach-000117,HC_avg_k44,12,breast
ach-000999,HC_avg_k44,12,colorectal
ach-000633,HC_avg_k44,1,gastric
ach-000520,HC_avg_k44,27,ovary
ach-000176,HC_avg_k44,24,lung
ach-000017,HC_avg_k44,12,breast
ach-000020,HC_avg_k44,19,blood
ach-001385,HC_avg_k44,36,upper_aerodigestive
ach-000587,HC_avg_k44,24,lung
ach-000785,HC_avg_k44,12,lung
ach-003469,HC_avg_k44,27,thyroid
ach-000554,HC_avg_k44,12,breast
ach-003180,HC_avg_k44,27,soft_tissue
ach-001398,HC_avg_k44,4,kidney
ach-001991,HC_avg_k44,37,ovary
ach-001332,HC_avg_k44,11,upper_aerodigestive
ach-000585,HC_avg_k44,11,lung
ach-000550,HC_avg_k44,27,skin
ach-000627,HC_avg_k44,24,lung
ach-000704,HC_avg_k44,10,ovary
ach-000276,HC_avg_k44,9,breast
ach-000075,HC_avg_k44,27,central_nervous_system
ach-000818,HC_avg_k44,12,breast
ach-003184,HC_avg_k44,27,soft_tissue
ach-001616,HC_avg_k44,19,lymphocyte
ach-000625,HC_avg_k44,1,liver
ach-000941,HC_avg_k44,10,uterus
ach-000392,HC_avg_k44,12,lung
ach-000269,HC_avg_k44,27,central_nervous_system
ach-001670,HC_avg_k44,38,peripheral_nervous_system
ach-003133,HC_avg_k44,27,unknown
ach-000856,HC_avg_k44,10,breast
ach-002687,HC_avg_k44,20,eye
ach-001119,HC_avg_k44,19,lymphocyte
ach-003132,HC_avg_k44,27,unknown
ach-000376,HC_avg_k44,27,central_nervous_system
ach-000685,HC_avg_k44,11,pancreas
ach-000729,HC_avg_k44,38,lung
ach-001034,HC_avg_k44,38,bone
ach-001283,HC_avg_k44,38,bone
ach-000880,HC_avg_k44,12,gastric
ach-000035,HC_avg_k44,11,lung
ach-001200,HC_avg_k44,43,soft_tissue
ach-000194,HC_avg_k44,27,fibroblast
ach-000322,HC_avg_k44,20,skin
ach-000552,HC_avg_k44,12,colorectal
ach-002508,HC_avg_k44,27,skin
ach-000222,HC_avg_k44,12,pancreas
ach-000260,HC_avg_k44,27,peripheral_nervous_system
ach-001652,HC_avg_k44,29,uterus
ach-000608,HC_avg_k44,12,ovary
ach-000501,HC_avg_k44,12,colorectal
ach-000612,HC_avg_k44,19,lymphocyte
ach-002033,HC_avg_k44,27,pleura
ach-001184,HC_avg_k44,33,soft_tissue
ach-001688,HC_avg_k44,4,kidney
ach-001838,HC_avg_k44,12,bile_duct
ach-000638,HC_avg_k44,12,lung
ach-001846,HC_avg_k44,2,bile_duct
ach-000798,HC_avg_k44,12,colorectal
ach-001321,HC_avg_k44,38,thyroid
ach-000894,HC_avg_k44,12,lung
ach-001559,HC_avg_k44,27,lung
ach-000344,HC_avg_k44,6,gastric
ach-000223,HC_avg_k44,11,breast
ach-000031,HC_avg_k44,12,pancreas
ach-000034,HC_avg_k44,19,blood
ach-001861,HC_avg_k44,11,bile_duct
ach-003468,HC_avg_k44,27,thyroid
ach-000772,HC_avg_k44,32,soft_tissue
ach-000946,HC_avg_k44,10,uterus
ach-000596,HC_avg_k44,12,lung
ach-001046,HC_avg_k44,19,lung
ach-000632,HC_avg_k44,20,skin
ach-000978,HC_avg_k44,43,uterus
ach-000332,HC_avg_k44,12,pancreas
ach-001841,HC_avg_k44,11,bile_duct
ach-003273,HC_avg_k44,19,blood
ach-000179,HC_avg_k44,38,lung
ach-000887,HC_avg_k44,11,central_nervous_system
ach-000368,HC_avg_k44,27,central_nervous_system
ach-000240,HC_avg_k44,27,fibroblast
ach-000578,HC_avg_k44,12,lung
ach-001611,HC_avg_k44,27,central_nervous_system
ach-000135,HC_avg_k44,27,fibroblast
ach-001671,HC_avg_k44,35,testis
ach-000406,HC_avg_k44,19,blood
ach-001541,HC_avg_k44,19,plasma_cell
ach-000998,HC_avg_k44,12,colorectal
ach-000441,HC_avg_k44,20,skin
ach-000960,HC_avg_k44,19,blood
ach-000098,HC_avg_k44,27,central_nervous_system
ach-001651,HC_avg_k44,6,uterus
ach-001456,HC_avg_k44,12,colorectal
ach-001336,HC_avg_k44,11,cervix
ach-000284,HC_avg_k44,27,fibroblast
ach-000971,HC_avg_k44,14,colorectal
ach-001454,HC_avg_k44,12,colorectal
ach-000926,HC_avg_k44,12,colorectal
ach-000033,HC_avg_k44,12,lung
ach-000576,HC_avg_k44,19,plasma_cell
ach-000019,HC_avg_k44,12,breast
ach-001577,HC_avg_k44,19,blood
ach-001981,HC_avg_k44,20,skin
ach-000330,HC_avg_k44,12,breast
ach-000848,HC_avg_k44,1,liver
ach-000481,HC_avg_k44,12,lung
ach-001517,HC_avg_k44,10,uterus
ach-000338,HC_avg_k44,19,lymphocyte
ach-001959,HC_avg_k44,43,bile_duct
ach-001414,HC_avg_k44,11,urinary_tract
ach-001227,HC_avg_k44,11,upper_aerodigestive
ach-000871,HC_avg_k44,38,lung
ach-001403,HC_avg_k44,10,ovary
ach-000805,HC_avg_k44,20,skin
ach-001142,HC_avg_k44,27,central_nervous_system
ach-001554,HC_avg_k44,20,eye
ach-001667,HC_avg_k44,20,soft_tissue
ach-000847,HC_avg_k44,33,gastric
ach-001447,HC_avg_k44,19,lymphocyte
ach-001537,HC_avg_k44,43,bile_duct
ach-001207,HC_avg_k44,27,fibroblast
ach-001854,HC_avg_k44,27,bile_duct
ach-000832,HC_avg_k44,11,upper_aerodigestive
ach-001975,HC_avg_k44,20,skin
ach-000428,HC_avg_k44,4,kidney
ach-001382,HC_avg_k44,12,pancreas
ach-001302,HC_avg_k44,38,peripheral_nervous_system
ach-000690,HC_avg_k44,11,lung
ach-001134,HC_avg_k44,19,lymphocyte
ach-000914,HC_avg_k44,19,lymphocyte
ach-000858,HC_avg_k44,11,lung
ach-001421,HC_avg_k44,38,eye
ach-002796,HC_avg_k44,32,soft_tissue
ach-003183,HC_avg_k44,27,soft_tissue
ach-002716,HC_avg_k44,19,blood
ach-003100,HC_avg_k44,19,lymphocyte
ach-000544,HC_avg_k44,11,esophagus
ach-000725,HC_avg_k44,12,breast
ach-000566,HC_avg_k44,4,urinary_tract
ach-000760,HC_avg_k44,27,central_nervous_system
ach-001745,HC_avg_k44,33,soft_tissue
ach-000787,HC_avg_k44,24,lung
ach-001598,HC_avg_k44,38,adrenal_cortex
ach-000749,HC_avg_k44,38,lung
ach-001691,HC_avg_k44,27,upper_aerodigestive
ach-001328,HC_avg_k44,11,skin
ach-001704,HC_avg_k44,20,skin
ach-001502,HC_avg_k44,35,testis
ach-002844,HC_avg_k44,27,soft_tissue
ach-001068,HC_avg_k44,19,lymphocyte
ach-000358,HC_avg_k44,38,lung
ach-002695,HC_avg_k44,27,peripheral_nervous_system
ach-001672,HC_avg_k44,35,testis
ach-001654,HC_avg_k44,7,esophagus
ach-001521,HC_avg_k44,11,skin
ach-000209,HC_avg_k44,2,bile_duct
ach-001520,HC_avg_k44,19,blood
ach-000213,HC_avg_k44,12,pancreas
ach-001610,HC_avg_k44,27,central_nervous_system
ach-001408,HC_avg_k44,11,urinary_tract
ach-000991,HC_avg_k44,12,colorectal
ach-001412,HC_avg_k44,11,urinary_tract
ach-000331,HC_avg_k44,27,lung
ach-001407,HC_avg_k44,27,urinary_tract
ach-000580,HC_avg_k44,20,skin
ach-000594,HC_avg_k44,38,lung
ach-000684,HC_avg_k44,4,kidney
ach-000742,HC_avg_k44,27,fibroblast
ach-000868,HC_avg_k44,12,lung
ach-000732,HC_avg_k44,11,upper_aerodigestive
ach-001481,HC_avg_k44,27,peripheral_nervous_system
ach-000429,HC_avg_k44,4,kidney
ach-000310,HC_avg_k44,38,peripheral_nervous_system
ach-002475,HC_avg_k44,35,blood
ach-000643,HC_avg_k44,11,breast
ach-000234,HC_avg_k44,4,kidney
ach-003267,HC_avg_k44,23,soft_tissue
ach-001498,HC_avg_k44,19,lymphocyte
ach-000896,HC_avg_k44,11,urinary_tract
ach-003451,HC_avg_k44,33,kidney
ach-000203,HC_avg_k44,38,peripheral_nervous_system
ach-001607,HC_avg_k44,7,bile_duct
ach-002706,HC_avg_k44,39,gastric
ach-001441,HC_avg_k44,20,eye
ach-000112,HC_avg_k44,19,blood
ach-000874,HC_avg_k44,19,blood
ach-000186,HC_avg_k44,12,lung
ach-002780,HC_avg_k44,38,bone
ach-000677,HC_avg_k44,39,lung
ach-000055,HC_avg_k44,38,central_nervous_system
ach-000485,HC_avg_k44,12,gastric
ach-000672,HC_avg_k44,28,lung
ach-001150,HC_avg_k44,27,bone
ach-000287,HC_avg_k44,19,lymphocyte
ach-000784,HC_avg_k44,11,esophagus
ach-000530,HC_avg_k44,43,lung
ach-002024,HC_avg_k44,38,colorectal
ach-000380,HC_avg_k44,19,plasma_cell
ach-001737,HC_avg_k44,19,blood
ach-001400,HC_avg_k44,11,cervix
ach-001054,HC_avg_k44,38,central_nervous_system
ach-001695,HC_avg_k44,11,upper_aerodigestive
ach-000009,HC_avg_k44,12,colorectal
ach-000491,HC_avg_k44,31,colorectal
ach-001703,HC_avg_k44,19,lymphocyte
ach-000002,HC_avg_k44,19,blood
ach-001568,HC_avg_k44,20,skin
ach-001449,HC_avg_k44,19,lymphocyte
ach-000993,HC_avg_k44,10,uterus
ach-002680,HC_avg_k44,27,central_nervous_system
ach-000877,HC_avg_k44,19,lymphocyte
ach-000711,HC_avg_k44,11,breast
ach-001515,HC_avg_k44,11,cervix
ach-002847,HC_avg_k44,27,unknown
ach-000702,HC_avg_k44,19,lymphocyte
ach-001020,HC_avg_k44,43,soft_tissue
ach-000600,HC_avg_k44,4,kidney
ach-003266,HC_avg_k44,23,soft_tissue
ach-000354,HC_avg_k44,12,pancreas
ach-000012,HC_avg_k44,12,lung
ach-000689,HC_avg_k44,27,soft_tissue
ach-002668,HC_avg_k44,19,blood
ach-002533,HC_avg_k44,4,kidney
ach-000459,HC_avg_k44,4,kidney
ach-002050,HC_avg_k44,27,unknown
ach-003120,HC_avg_k44,38,lung
ach-001413,HC_avg_k44,27,urinary_tract
ach-000686,HC_avg_k44,2,liver
ach-000342,HC_avg_k44,12,colorectal
ach-000208,HC_avg_k44,27,central_nervous_system
ach-000360,HC_avg_k44,12,colorectal
ach-000249,HC_avg_k44,12,colorectal
ach-001368,HC_avg_k44,42,esophagus
ach-000231,HC_avg_k44,27,central_nervous_system
ach-002074,HC_avg_k44,38,lung
ach-000945,HC_avg_k44,28,lung
ach-000662,HC_avg_k44,11,lung
ach-002458,HC_avg_k44,20,skin
ach-001378,HC_avg_k44,12,pancreas
ach-001029,HC_avg_k44,38,bone
ach-001817,HC_avg_k44,27,bone
ach-002846,HC_avg_k44,20,skin
ach-000248,HC_avg_k44,12,breast
ach-000943,HC_avg_k44,14,colorectal
ach-000751,HC_avg_k44,19,blood
ach-001696,HC_avg_k44,11,upper_aerodigestive
ach-002936,HC_avg_k44,33,soft_tissue
ach-001016,HC_avg_k44,27,central_nervous_system
ach-000282,HC_avg_k44,8,lung
ach-003438,HC_avg_k44,27,central_nervous_system
ach-002215,HC_avg_k44,19,lymphocyte
ach-000261,HC_avg_k44,30,lung
ach-000164,HC_avg_k44,39,pancreas
ach-001793,HC_avg_k44,27,soft_tissue
ach-000262,HC_avg_k44,4,kidney
ach-000158,HC_avg_k44,19,lymphocyte
ach-000773,HC_avg_k44,19,lymphocyte
ach-000722,HC_avg_k44,12,colorectal
ach-000857,HC_avg_k44,11,breast
ach-001129,HC_avg_k44,19,blood
ach-001619,HC_avg_k44,8,bile_duct
ach-000184,HC_avg_k44,27,fibroblast
ach-000329,HC_avg_k44,27,central_nervous_system
ach-001569,HC_avg_k44,20,skin
ach-002544,HC_avg_k44,35,gastric
ach-002675,HC_avg_k44,19,blood
ach-000814,HC_avg_k44,20,skin
ach-002499,HC_avg_k44,9,breast
ach-001493,HC_avg_k44,19,lymphocyte
ach-001701,HC_avg_k44,11,upper_aerodigestive
ach-000197,HC_avg_k44,19,blood
ach-000545,HC_avg_k44,11,urinary_tract
ach-000949,HC_avg_k44,12,gastric
ach-000124,HC_avg_k44,19,lymphocyte
ach-000560,HC_avg_k44,37,gastric
ach-000897,HC_avg_k44,27,thyroid
ach-001626,HC_avg_k44,11,upper_aerodigestive
ach-000619,HC_avg_k44,11,upper_aerodigestive
ach-001973,HC_avg_k44,20,skin
ach-001340,HC_avg_k44,10,ovary
ach-000546,HC_avg_k44,11,upper_aerodigestive
ach-001709,HC_avg_k44,19,lymphocyte
ach-002018,HC_avg_k44,20,eye
ach-000153,HC_avg_k44,27,lung
ach-000526,HC_avg_k44,27,fibroblast
ach-000116,HC_avg_k44,10,ovary
ach-000815,HC_avg_k44,19,lymphocyte
ach-001270,HC_avg_k44,33,soft_tissue
ach-002523,HC_avg_k44,33,liver
ach-000324,HC_avg_k44,4,ovary
ach-001949,HC_avg_k44,20,skin
ach-001561,HC_avg_k44,27,lung
ach-000842,HC_avg_k44,12,colorectal
ach-000898,HC_avg_k44,12,gastric
ach-000517,HC_avg_k44,7,pancreas
ach-001980,HC_avg_k44,20,skin
ach-001415,HC_avg_k44,11,urinary_tract
ach-000681,HC_avg_k44,6,lung
ach-001310,HC_avg_k44,4,kidney
ach-000070,HC_avg_k44,19,blood
ach-000484,HC_avg_k44,4,kidney
ach-003426,HC_avg_k44,27,gastric
ach-000108,HC_avg_k44,7,pancreas
ach-000808,HC_avg_k44,27,bile_duct
ach-000656,HC_avg_k44,19,lymphocyte
ach-000166,HC_avg_k44,19,blood
ach-000997,HC_avg_k44,12,colorectal
ach-000866,HC_avg_k44,38,lung
ach-000819,HC_avg_k44,27,central_nervous_system
ach-000226,HC_avg_k44,19,lymphocyte
ach-000087,HC_avg_k44,38,bone
ach-000340,HC_avg_k44,27,fibroblast
ach-002005,HC_avg_k44,20,skin
ach-001680,HC_avg_k44,19,lymphocyte
ach-000758,HC_avg_k44,11,gastric
ach-000196,HC_avg_k44,9,breast
ach-003141,HC_avg_k44,27,muscle
ach-000258,HC_avg_k44,37,breast
ach-000163,HC_avg_k44,27,thyroid
ach-000076,HC_avg_k44,19,blood
ach-000509,HC_avg_k44,19,lymphocyte
ach-001193,HC_avg_k44,38,bone
ach-000571,HC_avg_k44,27,central_nervous_system
ach-000391,HC_avg_k44,38,bone
ach-000293,HC_avg_k44,10,uterus
ach-003138,HC_avg_k44,27,central_nervous_system
ach-000532,HC_avg_k44,12,colorectal
ach-000584,HC_avg_k44,10,ovary
ach-001690,HC_avg_k44,11,upper_aerodigestive
ach-000586,HC_avg_k44,38,lung
ach-000944,HC_avg_k44,19,lymphocyte
ach-003149,HC_avg_k44,27,muscle
ach-000561,HC_avg_k44,11,esophagus
ach-001648,HC_avg_k44,11,prostate
ach-000394,HC_avg_k44,38,lung
ach-000954,HC_avg_k44,10,uterus
ach-000204,HC_avg_k44,19,plasma_cell
ach-000160,HC_avg_k44,40,soft_tissue
ach-003460,HC_avg_k44,19,lymphocyte
ach-000989,HC_avg_k44,12,colorectal
ach-001347,HC_avg_k44,11,upper_aerodigestive
ach-000691,HC_avg_k44,9,breast
ach-000268,HC_avg_k44,12,bile_duct
ach-001209,HC_avg_k44,19,lymphocyte
ach-003456,HC_avg_k44,27,skin
ach-000119,HC_avg_k44,27,fibroblast
ach-000379,HC_avg_k44,12,lung
ach-001341,HC_avg_k44,11,cervix
ach-000714,HC_avg_k44,19,plasma_cell
ach-000937,HC_avg_k44,19,blood
ach-000763,HC_avg_k44,19,plasma_cell
ach-002834,HC_avg_k44,27,bone
ach-001673,HC_avg_k44,12,bile_duct
ach-000326,HC_avg_k44,19,blood
ach-000300,HC_avg_k44,4,kidney
ach-002994,HC_avg_k44,19,blood
ach-000901,HC_avg_k44,27,lung
ach-000816,HC_avg_k44,38,lung
ach-000641,HC_avg_k44,19,blood
ach-000511,HC_avg_k44,24,lung
ach-002077,HC_avg_k44,38,lung
ach-000583,HC_avg_k44,19,lymphocyte
ach-000836,HC_avg_k44,11,upper_aerodigestive
ach-000975,HC_avg_k44,24,lung
ach-000109,HC_avg_k44,12,lung
ach-000467,HC_avg_k44,12,colorectal
ach-000712,HC_avg_k44,38,lung
ach-000671,HC_avg_k44,35,liver
ach-000523,HC_avg_k44,38,lung
ach-000864,HC_avg_k44,38,uterus
ach-000726,HC_avg_k44,11,esophagus
ach-000136,HC_avg_k44,38,peripheral_nervous_system
ach-002067,HC_avg_k44,33,bone
ach-000440,HC_avg_k44,19,lymphocyte
ach-002539,HC_avg_k44,12,colorectal
ach-001461,HC_avg_k44,12,colorectal
ach-000890,HC_avg_k44,27,lung
ach-001692,HC_avg_k44,11,upper_aerodigestive
ach-000027,HC_avg_k44,27,central_nervous_system
ach-000562,HC_avg_k44,12,lung
ach-000748,HC_avg_k44,27,bone
ach-001669,HC_avg_k44,19,blood
ach-000834,HC_avg_k44,11,urinary_tract
ach-000565,HC_avg_k44,12,colorectal
ach-000449,HC_avg_k44,43,soft_tissue
ach-000399,HC_avg_k44,38,lung
ach-002080,HC_avg_k44,38,peripheral_nervous_system
ach-000770,HC_avg_k44,19,blood
ach-000710,HC_avg_k44,12,lung
ach-000507,HC_avg_k44,12,gastric
ach-000066,HC_avg_k44,12,lung
ach-000022,HC_avg_k44,12,pancreas
ach-001668,HC_avg_k44,35,embryo
ach-000334,HC_avg_k44,19,lymphocyte
ach-000374,HC_avg_k44,9,breast
ach-000519,HC_avg_k44,19,blood
ach-000908,HC_avg_k44,12,gastric
ach-002003,HC_avg_k44,20,skin
ach-000574,HC_avg_k44,4,ovary
ach-000148,HC_avg_k44,27,breast
ach-002461,HC_avg_k44,27,skin
ach-000646,HC_avg_k44,10,ovary
ach-000314,HC_avg_k44,28,lung
ach-001705,HC_avg_k44,11,breast
ach-000040,HC_avg_k44,27,central_nervous_system
ach-001057,HC_avg_k44,19,lymphocyte
ach-000430,HC_avg_k44,41,ovary
ach-001041,HC_avg_k44,20,skin
ach-001988,HC_avg_k44,20,skin
ach-001977,HC_avg_k44,27,lung
ach-000370,HC_avg_k44,27,central_nervous_system
ach-001630,HC_avg_k44,10,ovary
ach-000437,HC_avg_k44,27,central_nervous_system
ach-000498,HC_avg_k44,19,blood
ach-001392,HC_avg_k44,12,breast
ach-000503,HC_avg_k44,11,upper_aerodigestive
ach-002778,HC_avg_k44,27,bone
ach-000328,HC_avg_k44,27,central_nervous_system
ach-000403,HC_avg_k44,12,colorectal
ach-000400,HC_avg_k44,12,colorectal
ach-000224,HC_avg_k44,27,fibroblast
ach-000318,HC_avg_k44,11,esophagus
ach-003472,HC_avg_k44,3,thyroid
ach-001430,HC_avg_k44,38,bone
ach-000928,HC_avg_k44,10,uterus
ach-000893,HC_avg_k44,6,lung
ach-000889,HC_avg_k44,19,plasma_cell
ach-000799,HC_avg_k44,20,skin
ach-001623,HC_avg_k44,27,central_nervous_system
ach-000736,HC_avg_k44,12,gastric
ach-000876,HC_avg_k44,12,breast
ach-001232,HC_avg_k44,27,central_nervous_system
ach-001618,HC_avg_k44,19,blood
ach-001828,HC_avg_k44,19,lymphocyte
ach-002650,HC_avg_k44,12,lung
ach-000235,HC_avg_k44,12,pancreas
ach-000381,HC_avg_k44,12,colorectal
ach-001993,HC_avg_k44,19,blood
ach-001301,HC_avg_k44,38,peripheral_nervous_system
ach-000854,HC_avg_k44,19,plasma_cell
ach-000187,HC_avg_k44,38,lung
ach-000543,HC_avg_k44,27,central_nervous_system
ach-000569,HC_avg_k44,27,lung
ach-000668,HC_avg_k44,11,breast
ach-000134,HC_avg_k44,27,fibroblast
ach-000924,HC_avg_k44,6,lung
ach-003473,HC_avg_k44,27,soft_tissue
ach-001450,HC_avg_k44,19,lymphocyte
ach-000296,HC_avg_k44,35,colorectal
ach-002034,HC_avg_k44,36,lung
ach-002781,HC_avg_k44,33,bone
ach-000713,HC_avg_k44,10,ovary
ach-001360,HC_avg_k44,11,cervix
ach-002921,HC_avg_k44,12,breast
ach-000273,HC_avg_k44,27,central_nervous_system
ach-001715,HC_avg_k44,27,bone
ach-001617,HC_avg_k44,19,lymphocyte
ach-000639,HC_avg_k44,38,lung
ach-000590,HC_avg_k44,8,lung
ach-000553,HC_avg_k44,12,lung
ach-000084,HC_avg_k44,19,blood
ach-000094,HC_avg_k44,12,pancreas
ach-000361,HC_avg_k44,27,liver
ach-000719,HC_avg_k44,10,ovary
ach-001396,HC_avg_k44,12,breast
ach-001848,HC_avg_k44,12,bile_duct
ach-000339,HC_avg_k44,24,lung
ach-002048,HC_avg_k44,33,soft_tissue
ach-000218,HC_avg_k44,19,blood
ach-002486,HC_avg_k44,4,ovary
ach-002711,HC_avg_k44,27,upper_aerodigestive
ach-000789,HC_avg_k44,38,lung
ach-000413,HC_avg_k44,27,fibroblast
ach-000125,HC_avg_k44,27,fibroblast
ach-000180,HC_avg_k44,27,fibroblast
ach-000215,HC_avg_k44,27,central_nervous_system
ach-001001,HC_avg_k44,30,bone
ach-000407,HC_avg_k44,27,uterus
ach-002170,HC_avg_k44,38,lung
ach-002027,HC_avg_k44,10,uterus
ach-001132,HC_avg_k44,19,lymphocyte
ach-001278,HC_avg_k44,43,ovary
ach-000032,HC_avg_k44,19,blood
ach-003108,HC_avg_k44,19,lymphocyte
ach-001419,HC_avg_k44,11,breast
ach-000494,HC_avg_k44,4,ovary
ach-000865,HC_avg_k44,11,esophagus
ach-000439,HC_avg_k44,19,blood
ach-001523,HC_avg_k44,11,skin
ach-001983,HC_avg_k44,20,skin
ach-000024,HC_avg_k44,19,plasma_cell
ach-000674,HC_avg_k44,12,gastric
ach-000670,HC_avg_k44,43,lung
ach-000599,HC_avg_k44,12,pancreas
ach-000263,HC_avg_k44,19,blood
ach-003191,HC_avg_k44,27,bone
ach-000303,HC_avg_k44,7,gastric
ach-001551,HC_avg_k44,33,skin
ach-002795,HC_avg_k44,32,soft_tissue
ach-000793,HC_avg_k44,12,gastric
ach-002511,HC_avg_k44,20,skin
ach-000286,HC_avg_k44,12,colorectal
ach-000250,HC_avg_k44,4,kidney
ach-000139,HC_avg_k44,12,pancreas
ach-001735,HC_avg_k44,19,blood
ach-002013,HC_avg_k44,20,eye
ach-001389,HC_avg_k44,27,breast
ach-001183,HC_avg_k44,11,urinary_tract
ach-000551,HC_avg_k44,19,blood
ach-003101,HC_avg_k44,19,lymphocyte
ach-001163,HC_avg_k44,42,kidney
ach-000037,HC_avg_k44,27,soft_tissue
ach-000744,HC_avg_k44,12,lung
ach-000420,HC_avg_k44,4,liver
ach-000336,HC_avg_k44,19,blood
ach-000486,HC_avg_k44,16,urinary_tract
ach-000679,HC_avg_k44,12,esophagus
ach-001557,HC_avg_k44,27,lung
ach-000247,HC_avg_k44,12,gastric
ach-000947,HC_avg_k44,43,ovary
ach-000807,HC_avg_k44,30,central_nervous_system
ach-000476,HC_avg_k44,2,liver
ach-000525,HC_avg_k44,38,lung
ach-003154,HC_avg_k44,22,lung
ach-001148,HC_avg_k44,19,lymphocyte
ach-003455,HC_avg_k44,20,skin
ach-000853,HC_avg_k44,43,lung
ach-000083,HC_avg_k44,27,fibroblast
ach-000479,HC_avg_k44,27,central_nervous_system
ach-000230,HC_avg_k44,27,fibroblast
ach-001664,HC_avg_k44,14,gastric
ach-002705,HC_avg_k44,12,gastric
ach-002937,HC_avg_k44,4,kidney
ach-000955,HC_avg_k44,12,colorectal
ach-000049,HC_avg_k44,4,kidney
ach-000675,HC_avg_k44,12,lung
ach-000199,HC_avg_k44,27,fibroblast
ach-000193,HC_avg_k44,19,plasma_cell
ach-001686,HC_avg_k44,19,lymphocyte
ach-000538,HC_avg_k44,43,gastric
ach-002490,HC_avg_k44,38,lung
ach-001683,HC_avg_k44,12,breast
ach-001990,HC_avg_k44,20,skin
ach-001438,HC_avg_k44,35,testis
ach-001647,HC_avg_k44,19,blood
ach-002043,HC_avg_k44,11,upper_aerodigestive
ach-001649,HC_avg_k44,11,prostate
ach-000155,HC_avg_k44,7,pancreas
ach-000270,HC_avg_k44,12,pancreas
ach-003106,HC_avg_k44,19,lymphocyte
ach-003177,HC_avg_k44,27,soft_tissue
ach-000683,HC_avg_k44,11,colorectal
ach-002017,HC_avg_k44,20,eye
ach-000655,HC_avg_k44,27,central_nervous_system
ach-000145,HC_avg_k44,27,soft_tissue
ach-001495,HC_avg_k44,4,uterus
ach-000188,HC_avg_k44,11,upper_aerodigestive
ach-003458,HC_avg_k44,20,skin
ach-000080,HC_avg_k44,19,blood
ach-000146,HC_avg_k44,19,blood
ach-000415,HC_avg_k44,11,upper_aerodigestive
ach-001518,HC_avg_k44,10,uterus
ach-002290,HC_avg_k44,19,blood
ach-000891,HC_avg_k44,28,lung
ach-001625,HC_avg_k44,11,upper_aerodigestive
ach-001985,HC_avg_k44,27,skin
ach-000895,HC_avg_k44,12,colorectal
ach-000851,HC_avg_k44,12,lung
ach-000824,HC_avg_k44,11,esophagus
ach-000506,HC_avg_k44,38,lung
ach-001427,HC_avg_k44,38,bone
ach-000540,HC_avg_k44,27,fibroblast
ach-000061,HC_avg_k44,19,lymphocyte
ach-000185,HC_avg_k44,27,fibroblast
ach-000568,HC_avg_k44,12,breast
ach-000707,HC_avg_k44,19,lymphocyte
ach-000603,HC_avg_k44,38,lung
ach-000983,HC_avg_k44,19,blood
ach-000541,HC_avg_k44,19,plasma_cell
ach-000680,HC_avg_k44,12,colorectal
ach-002460,HC_avg_k44,20,skin
ach-000111,HC_avg_k44,9,breast
ach-002463,HC_avg_k44,27,eye
ach-000369,HC_avg_k44,19,blood
ach-002928,HC_avg_k44,20,skin
ach-000618,HC_avg_k44,11,upper_aerodigestive
ach-000470,HC_avg_k44,12,colorectal
ach-003150,HC_avg_k44,27,central_nervous_system
ach-002039,HC_avg_k44,11,pancreas
ach-000118,HC_avg_k44,12,pancreas
ach-000614,HC_avg_k44,20,skin
ach-001338,HC_avg_k44,38,peripheral_nervous_system
ach-000432,HC_avg_k44,19,blood
ach-000556,HC_avg_k44,6,cervix
ach-001804,HC_avg_k44,27,soft_tissue
ach-001386,HC_avg_k44,38,lung
ach-001060,HC_avg_k44,19,lymphocyte
ach-001525,HC_avg_k44,11,cervix
ach-001539,HC_avg_k44,19,lymphocyte
ach-000014,HC_avg_k44,20,skin
ach-002785,HC_avg_k44,27,soft_tissue
ach-000637,HC_avg_k44,11,esophagus
ach-002693,HC_avg_k44,33,peripheral_nervous_system
ach-001855,HC_avg_k44,12,bile_duct
ach-000455,HC_avg_k44,27,central_nervous_system
ach-000389,HC_avg_k44,27,central_nervous_system
ach-002710,HC_avg_k44,27,peripheral_nervous_system
ach-000129,HC_avg_k44,38,lung
ach-000490,HC_avg_k44,11,cervix
ach-000434,HC_avg_k44,28,lung
ach-001086,HC_avg_k44,6,cervix
ach-002042,HC_avg_k44,11,thyroid
ach-000597,HC_avg_k44,43,soft_tissue
ach-000756,HC_avg_k44,27,central_nervous_system
ach-000396,HC_avg_k44,27,urinary_tract
ach-003148,HC_avg_k44,27,central_nervous_system
ach-000089,HC_avg_k44,12,colorectal
ach-002478,HC_avg_k44,19,lymphocyte
ach-000371,HC_avg_k44,19,lymphocyte
ach-000265,HC_avg_k44,43,pancreas
ach-000132,HC_avg_k44,10,ovary
ach-000216,HC_avg_k44,12,esophagus
ach-000613,HC_avg_k44,30,bone
ach-000855,HC_avg_k44,11,esophagus
ach-000906,HC_avg_k44,27,ovary
ach-000348,HC_avg_k44,27,skin
ach-001100,HC_avg_k44,19,lymphocyte
ach-000238,HC_avg_k44,11,upper_aerodigestive
ach-000237,HC_avg_k44,27,ovary
ach-003099,HC_avg_k44,11,upper_aerodigestive
ach-000393,HC_avg_k44,27,liver
ach-003107,HC_avg_k44,19,lymphocyte
ach-000623,HC_avg_k44,27,central_nervous_system
ach-000359,HC_avg_k44,27,bone
ach-001028,HC_avg_k44,43,soft_tissue
ach-000621,HC_avg_k44,25,breast
ach-001641,HC_avg_k44,11,upper_aerodigestive
ach-000056,HC_avg_k44,19,lymphocyte
ach-000483,HC_avg_k44,33,liver
ach-003308,HC_avg_k44,27,unknown
ach-000514,HC_avg_k44,38,lung
ach-000051,HC_avg_k44,43,soft_tissue
ach-003433,HC_avg_k44,12,pancreas
ach-000043,HC_avg_k44,27,fibroblast
ach-000936,HC_avg_k44,10,ovary
ach-000716,HC_avg_k44,28,thyroid
ach-000988,HC_avg_k44,10,uterus
ach-000952,HC_avg_k44,12,prostate
ach-001350,HC_avg_k44,28,thyroid
ach-000065,HC_avg_k44,19,blood
ach-000609,HC_avg_k44,27,central_nervous_system
ach-001411,HC_avg_k44,11,urinary_tract
ach-000504,HC_avg_k44,27,central_nervous_system
ach-002677,HC_avg_k44,19,lymphocyte
ach-000956,HC_avg_k44,12,prostate
ach-001712,HC_avg_k44,27,bone
ach-000652,HC_avg_k44,7,pancreas
ach-000414,HC_avg_k44,6,lung
ach-000472,HC_avg_k44,11,upper_aerodigestive
ach-000007,HC_avg_k44,12,colorectal
ach-000446,HC_avg_k44,27,peripheral_nervous_system
ach-003071,HC_avg_k44,38,lung
ach-000386,HC_avg_k44,19,blood
ach-001850,HC_avg_k44,7,bile_duct
ach-000755,HC_avg_k44,12,breast
ach-001503,HC_avg_k44,19,lymphocyte
ach-000028,HC_avg_k44,12,breast
ach-000665,HC_avg_k44,8,lung
ach-001679,HC_avg_k44,19,lymphocyte
ach-000078,HC_avg_k44,38,peripheral_nervous_system
ach-002046,HC_avg_k44,27,uterus
ach-000397,HC_avg_k44,10,uterus
ach-003145,HC_avg_k44,27,embryo
ach-000229,HC_avg_k44,27,fibroblast
ach-002925,HC_avg_k44,20,eye
ach-000518,HC_avg_k44,11,upper_aerodigestive
ach-001566,HC_avg_k44,20,skin
ach-000252,HC_avg_k44,12,colorectal
ach-000572,HC_avg_k44,20,skin
ach-001605,HC_avg_k44,27,central_nervous_system
ach-002522,HC_avg_k44,27,lung
ach-000277,HC_avg_k44,12,breast
ach-001239,HC_avg_k44,20,skin
ach-000786,HC_avg_k44,19,lymphocyte
ach-000803,HC_avg_k44,38,lung
ach-001970,HC_avg_k44,20,skin
ach-002038,HC_avg_k44,12,ovary
ach-000537,HC_avg_k44,2,liver
ach-002660,HC_avg_k44,12,colorectal
ach-002806,HC_avg_k44,27,central_nervous_system
ach-000419,HC_avg_k44,19,plasma_cell
ach-002782,HC_avg_k44,27,soft_tissue
ach-000724,HC_avg_k44,11,urinary_tract
ach-000522,HC_avg_k44,27,urinary_tract
ach-001549,HC_avg_k44,38,lung
ach-000706,HC_avg_k44,6,lung
ach-000737,HC_avg_k44,38,lung
ach-000548,HC_avg_k44,11,upper_aerodigestive
ach-001839,HC_avg_k44,1,bile_duct
ach-001799,HC_avg_k44,27,soft_tissue
ach-001573,HC_avg_k44,19,blood
ach-002946,HC_avg_k44,19,blood
ach-000425,HC_avg_k44,20,skin
ach-003103,HC_avg_k44,19,lymphocyte
ach-000375,HC_avg_k44,43,kidney
ach-000753,HC_avg_k44,30,urinary_tract
ach-000275,HC_avg_k44,27,fibroblast
ach-000735,HC_avg_k44,11,upper_aerodigestive
ach-000654,HC_avg_k44,19,lymphocyte
ach-001067,HC_avg_k44,43,central_nervous_system
ach-000170,HC_avg_k44,11,prostate
ach-001394,HC_avg_k44,11,breast
ach-001433,HC_avg_k44,41,soft_tissue
ach-000404,HC_avg_k44,20,skin
ach-000882,HC_avg_k44,20,skin
ach-001509,HC_avg_k44,11,upper_aerodigestive
ach-000210,HC_avg_k44,38,bone
ach-000254,HC_avg_k44,11,upper_aerodigestive
ach-000604,HC_avg_k44,19,blood
ach-000090,HC_avg_k44,15,prostate
ach-000195,HC_avg_k44,19,blood
ach-001791,HC_avg_k44,27,soft_tissue
ach-001650,HC_avg_k44,6,cervix
ach-000605,HC_avg_k44,11,esophagus
ach-000458,HC_avg_k44,11,skin
ach-003121,HC_avg_k44,38,lung
ach-003125,HC_avg_k44,26,soft_tissue
ach-002084,HC_avg_k44,20,skin
ach-000004,HC_avg_k44,19,blood
ach-000251,HC_avg_k44,7,lung
ach-000241,HC_avg_k44,19,blood
ach-001194,HC_avg_k44,4,kidney
ach-001987,HC_avg_k44,27,skin
ach-002055,HC_avg_k44,19,lymphocyte
ach-002689,HC_avg_k44,33,bone
ach-001443,HC_avg_k44,27,thyroid
ach-000688,HC_avg_k44,24,ovary
ach-000405,HC_avg_k44,19,blood
ach-000821,HC_avg_k44,19,plasma_cell
ach-001677,HC_avg_k44,19,lymphocyte
ach-002526,HC_avg_k44,12,lung
ach-001627,HC_avg_k44,11,prostate
ach-000951,HC_avg_k44,12,lung
ach-001036,HC_avg_k44,19,blood
ach-002792,HC_avg_k44,20,soft_tissue
ach-000547,HC_avg_k44,11,urinary_tract
ach-000826,HC_avg_k44,11,lung
ach-001986,HC_avg_k44,20,skin
ach-001147,HC_avg_k44,19,lymphocyte
ach-002927,HC_avg_k44,20,eye
ach-002470,HC_avg_k44,33,bone
ach-000162,HC_avg_k44,19,lymphocyte
ach-003139,HC_avg_k44,27,muscle
ach-001751,HC_avg_k44,33,soft_tissue
ach-000018,HC_avg_k44,30,urinary_tract
ach-000721,HC_avg_k44,42,breast
ach-000003,HC_avg_k44,12,colorectal
ach-000092,HC_avg_k44,27,lung
ach-000669,HC_avg_k44,12,lung
ach-001099,HC_avg_k44,43,soft_tissue
ach-000648,HC_avg_k44,4,lung
ach-000950,HC_avg_k44,12,colorectal
ach-000050,HC_avg_k44,19,plasma_cell
ach-001106,HC_avg_k44,19,blood
ach-002051,HC_avg_k44,38,lung
ach-000367,HC_avg_k44,27,lung
ach-000589,HC_avg_k44,12,lung
ach-000564,HC_avg_k44,19,plasma_cell
ach-001522,HC_avg_k44,20,skin
ach-000831,HC_avg_k44,4,uterus
ach-000424,HC_avg_k44,38,bone
ach-000409,HC_avg_k44,10,ovary
ach-000616,HC_avg_k44,24,gastric
ach-000628,HC_avg_k44,11,lung
ach-000512,HC_avg_k44,19,plasma_cell
ach-000232,HC_avg_k44,27,central_nervous_system
ach-000820,HC_avg_k44,12,colorectal
ach-001295,HC_avg_k44,38,eye
ach-001164,HC_avg_k44,32,soft_tissue
ach-000806,HC_avg_k44,19,lymphocyte
ach-002524,HC_avg_k44,10,ovary
ach-000645,HC_avg_k44,27,lung
ach-000099,HC_avg_k44,38,peripheral_nervous_system
ach-000902,HC_avg_k44,12,breast
ach-000649,HC_avg_k44,4,kidney
ach-000086,HC_avg_k44,30,lung
ach-000149,HC_avg_k44,27,peripheral_nervous_system
ach-002538,HC_avg_k44,12,colorectal
ach-000142,HC_avg_k44,11,urinary_tract
ach-002535,HC_avg_k44,12,colorectal
ach-000227,HC_avg_k44,38,peripheral_nervous_system
ach-000697,HC_avg_k44,19,lymphocyte
ach-000942,HC_avg_k44,19,blood
ach-000264,HC_avg_k44,31,lung
ach-000809,HC_avg_k44,11,esophagus
ach-000093,HC_avg_k44,12,pancreas
ach-000100,HC_avg_k44,33,soft_tissue
ach-001445,HC_avg_k44,11,upper_aerodigestive
ach-000060,HC_avg_k44,12,pancreas
ach-000001,HC_avg_k44,10,ovary
ach-000957,HC_avg_k44,12,colorectal
ach-000650,HC_avg_k44,20,skin
ach-001096,HC_avg_k44,33,soft_tissue
ach-002799,HC_avg_k44,26,peripheral_nervous_system
ach-002404,HC_avg_k44,20,skin
ach-000239,HC_avg_k44,12,gastric
ach-000762,HC_avg_k44,11,upper_aerodigestive
ach-000922,HC_avg_k44,19,blood
ach-002784,HC_avg_k44,27,soft_tissue
ach-002653,HC_avg_k44,19,blood
ach-000859,HC_avg_k44,11,breast
ach-000990,HC_avg_k44,10,uterus
ach-000410,HC_avg_k44,27,bone
ach-001971,HC_avg_k44,20,skin
ach-000927,HC_avg_k44,12,breast
ach-001853,HC_avg_k44,12,bile_duct
ach-001978,HC_avg_k44,20,skin
ach-000694,HC_avg_k44,11,esophagus
ach-000935,HC_avg_k44,27,colorectal
ach-000918,HC_avg_k44,19,blood
ach-001984,HC_avg_k44,20,skin
ach-000761,HC_avg_k44,11,gastric
ach-001563,HC_avg_k44,27,skin
ach-000974,HC_avg_k44,10,uterus
ach-000297,HC_avg_k44,38,lung
ach-001719,HC_avg_k44,4,ovary
ach-000243,HC_avg_k44,11,pancreas
ach-001418,HC_avg_k44,10,ovary
ach-000362,HC_avg_k44,19,blood
ach-000843,HC_avg_k44,11,lung
ach-002052,HC_avg_k44,38,lung
ach-000840,HC_avg_k44,29,lung
ach-001852,HC_avg_k44,11,bile_duct
ach-001528,HC_avg_k44,28,thyroid
ach-001656,HC_avg_k44,19,blood
ach-000016,HC_avg_k44,4,kidney
ach-000165,HC_avg_k44,27,fibroblast
ach-001460,HC_avg_k44,12,colorectal
ach-000592,HC_avg_k44,27,central_nervous_system
ach-001192,HC_avg_k44,38,bone
ach-000045,HC_avg_k44,19,blood
ach-000741,HC_avg_k44,13,urinary_tract
ach-000912,HC_avg_k44,43,lung
ach-000529,HC_avg_k44,27,fibroblast
ach-000508,HC_avg_k44,38,lung
ach-000577,HC_avg_k44,2,liver
ach-000768,HC_avg_k44,24,breast
ach-000636,HC_avg_k44,19,blood
ach-000667,HC_avg_k44,8,lung
ach-000905,HC_avg_k44,11,urinary_tract
ach-001494,HC_avg_k44,12,bile_duct
ach-000387,HC_avg_k44,19,blood
ach-002510,HC_avg_k44,20,skin
ach-001303,HC_avg_k44,38,peripheral_nervous_system
ach-000026,HC_avg_k44,4,urinary_tract
ach-000838,HC_avg_k44,19,plasma_cell
ach-001172,HC_avg_k44,26,central_nervous_system
ach-000822,HC_avg_k44,20,skin
ach-000531,HC_avg_k44,27,fibroblast
ach-000349,HC_avg_k44,12,breast
ach-000527,HC_avg_k44,10,ovary
ach-000279,HC_avg_k44,38,bone
ach-000516,HC_avg_k44,27,bone
ach-001662,HC_avg_k44,9,breast
ach-000812,HC_avg_k44,20,skin
ach-003157,HC_avg_k44,27,lung
ach-003464,HC_avg_k44,27,soft_tissue
ach-001300,HC_avg_k44,38,peripheral_nervous_system
ach-000524,HC_avg_k44,10,ovary
ach-000611,HC_avg_k44,19,lymphocyte
ach-002419,HC_avg_k44,27,uterus
ach-000411,HC_avg_k44,4,kidney
ach-000718,HC_avg_k44,12,lung
ach-000903,HC_avg_k44,27,thyroid
ach-002021,HC_avg_k44,35,uterus
ach-000433,HC_avg_k44,4,kidney
ach-000499,HC_avg_k44,38,bone
ach-000278,HC_avg_k44,29,ovary
ach-000202,HC_avg_k44,38,colorectal
ach-001736,HC_avg_k44,19,blood
ach-001379,HC_avg_k44,12,pancreas
ach-002070,HC_avg_k44,24,central_nervous_system
ach-002794,HC_avg_k44,27,soft_tissue
ach-000128,HC_avg_k44,27,central_nervous_system
ach-002528,HC_avg_k44,4,kidney
ach-000696,HC_avg_k44,30,ovary
ach-000041,HC_avg_k44,38,bone
ach-000214,HC_avg_k44,27,fibroblast
ach-000747,HC_avg_k44,43,lung
ach-001307,HC_avg_k44,27,thyroid
ach-000341,HC_avg_k44,38,peripheral_nervous_system
ach-001740,HC_avg_k44,33,soft_tissue
ach-000417,HC_avg_k44,12,pancreas
ach-001393,HC_avg_k44,12,breast
ach-000120,HC_avg_k44,27,peripheral_nervous_system
ach-001694,HC_avg_k44,11,upper_aerodigestive
ach-001542,HC_avg_k44,11,upper_aerodigestive
ach-002509,HC_avg_k44,20,skin
ach-000438,HC_avg_k44,8,lung
ach-001366,HC_avg_k44,38,peripheral_nervous_system
ach-000653,HC_avg_k44,19,plasma_cell
ach-000839,HC_avg_k44,11,urinary_tract
ach-000673,HC_avg_k44,27,central_nervous_system
ach-001524,HC_avg_k44,11,skin
ach-000069,HC_avg_k44,19,lymphocyte
ach-002996,HC_avg_k44,27,lung
ach-003142,HC_avg_k44,27,muscle
ach-000323,HC_avg_k44,27,central_nervous_system
ach-000021,HC_avg_k44,12,lung
ach-001863,HC_avg_k44,12,bile_duct
ach-001996,HC_avg_k44,12,bile_duct
ach-000980,HC_avg_k44,38,lung
ach-000106,HC_avg_k44,19,lymphocyte
ach-003156,HC_avg_k44,11,lung
ach-000734,HC_avg_k44,1,liver
ach-000845,HC_avg_k44,12,lung
ach-001982,HC_avg_k44,20,skin
ach-000730,HC_avg_k44,20,skin
ach-001334,HC_avg_k44,11,cervix
ach-000698,HC_avg_k44,38,lung
ach-000802,HC_avg_k44,11,urinary_tract
ach-001836,HC_avg_k44,2,bile_duct
ach-000573,HC_avg_k44,25,breast
ach-001699,HC_avg_k44,11,upper_aerodigestive
ach-000963,HC_avg_k44,12,colorectal
ach-001567,HC_avg_k44,20,skin
ach-001653,HC_avg_k44,12,gastric
ach-000852,HC_avg_k44,12,lung
ach-001862,HC_avg_k44,7,bile_duct
ach-001976,HC_avg_k44,20,skin
ach-002665,HC_avg_k44,12,colorectal
ach-003153,HC_avg_k44,11,lung
ach-000661,HC_avg_k44,20,skin
ach-001500,HC_avg_k44,39,esophagus
ach-001190,HC_avg_k44,20,skin
ach-002467,HC_avg_k44,27,eye
ach-000364,HC_avg_k44,34,bone
ach-000448,HC_avg_k44,11,lung
ach-000979,HC_avg_k44,15,prostate
ach-000932,HC_avg_k44,44,gastric
ach-000783,HC_avg_k44,12,breast
ach-002044,HC_avg_k44,37,upper_aerodigestive
ach-000301,HC_avg_k44,19,blood
ach-002459,HC_avg_k44,20,skin
ach-000976,HC_avg_k44,12,bile_duct
ach-001516,HC_avg_k44,38,cervix
ach-001354,HC_avg_k44,38,peripheral_nervous_system
ach-001645,HC_avg_k44,20,skin
ach-003135,HC_avg_k44,27,central_nervous_system
ach-000867,HC_avg_k44,12,lung
ach-000304,HC_avg_k44,20,skin
ach-002069,HC_avg_k44,33,bone
ach-000931,HC_avg_k44,20,skin
ach-001374,HC_avg_k44,35,ovary
ach-000302,HC_avg_k44,4,uterus
ach-000305,HC_avg_k44,11,esophagus
ach-000072,HC_avg_k44,19,blood
ach-000766,HC_avg_k44,11,lung
ach-000533,HC_avg_k44,43,soft_tissue
ach-000343,HC_avg_k44,43,lung
ach-001437,HC_avg_k44,35,testis
ach-000171,HC_avg_k44,4,kidney
ach-003475,HC_avg_k44,11,upper_aerodigestive
ach-000173,HC_avg_k44,10,uterus
ach-000535,HC_avg_k44,11,pancreas
ach-000774,HC_avg_k44,11,lung
ach-000178,HC_avg_k44,7,pancreas
ach-001306,HC_avg_k44,27,thyroid
ach-000994,HC_avg_k44,10,uterus
ach-001188,HC_avg_k44,38,peripheral_nervous_system
ach-000372,HC_avg_k44,19,blood
ach-002886,HC_avg_k44,12,colorectal
ach-000804,HC_avg_k44,38,peripheral_nervous_system
ach-000011,HC_avg_k44,4,urinary_tract
ach-000733,HC_avg_k44,12,lung
ach-001603,HC_avg_k44,38,peripheral_nervous_system
ach-000829,HC_avg_k44,19,plasma_cell
ach-000141,HC_avg_k44,11,bile_duct
ach-000810,HC_avg_k44,20,skin
ach-001994,HC_avg_k44,2,bile_duct
ach-001145,HC_avg_k44,10,ovary
ach-000717,HC_avg_k44,11,esophagus
ach-000738,HC_avg_k44,27,central_nervous_system
ach-001843,HC_avg_k44,20,bile_duct
ach-002664,HC_avg_k44,12,colorectal
ach-000780,HC_avg_k44,38,lung
ach-001548,HC_avg_k44,38,peripheral_nervous_system
ach-000759,HC_avg_k44,12,breast
ach-001555,HC_avg_k44,27,lung
ach-001369,HC_avg_k44,10,ovary
ach-000969,HC_avg_k44,12,colorectal
ach-000873,HC_avg_k44,16,esophagus
ach-001275,HC_avg_k44,33,soft_tissue
ach-002654,HC_avg_k44,12,colorectal
ach-002435,HC_avg_k44,4,kidney
ach-001972,HC_avg_k44,20,skin
ach-000921,HC_avg_k44,28,lung
ach-003470,HC_avg_k44,27,thyroid
ach-001953,HC_avg_k44,20,skin
ach-002843,HC_avg_k44,27,soft_tissue
ach-001373,HC_avg_k44,10,ovary
ach-002800,HC_avg_k44,27,peripheral_nervous_system
ach-001022,HC_avg_k44,38,bone
ach-000082,HC_avg_k44,27,bone
ach-003105,HC_avg_k44,20,skin
ach-000488,HC_avg_k44,11,esophagus
ach-000790,HC_avg_k44,38,lung
ach-000172,HC_avg_k44,43,soft_tissue
ach-000647,HC_avg_k44,11,esophagus
ach-000602,HC_avg_k44,19,blood
ach-003181,HC_avg_k44,27,soft_tissue
ach-002681,HC_avg_k44,27,central_nervous_system
ach-001465,HC_avg_k44,38,peripheral_nervous_system
ach-003012,HC_avg_k44,6,lung
ach-000156,HC_avg_k44,19,blood
ach-002001,HC_avg_k44,20,skin
ach-000315,HC_avg_k44,19,lymphocyte
ach-001678,HC_avg_k44,19,lymphocyte
ach-002446,HC_avg_k44,12,gastric
ach-000201,HC_avg_k44,43,soft_tissue
ach-000435,HC_avg_k44,10,uterus
ach-000965,HC_avg_k44,11,uterus
ach-001550,HC_avg_k44,33,skin
ach-002026,HC_avg_k44,10,uterus
ach-000883,HC_avg_k44,27,central_nervous_system
ach-000482,HC_avg_k44,12,lung
ach-000450,HC_avg_k44,20,skin
ach-002672,HC_avg_k44,12,pancreas
ach-000835,HC_avg_k44,27,soft_tissue
ach-002431,HC_avg_k44,27,peripheral_nervous_system
ach-001802,HC_avg_k44,33,soft_tissue
ach-000629,HC_avg_k44,27,central_nervous_system
ach-000715,HC_avg_k44,11,upper_aerodigestive
ach-000870,HC_avg_k44,38,lung
ach-000910,HC_avg_k44,12,breast
ach-000779,HC_avg_k44,11,lung
ach-000140,HC_avg_k44,19,lymphocyte
ach-001196,HC_avg_k44,33,soft_tissue
ach-001484,HC_avg_k44,19,blood
ach-000693,HC_avg_k44,11,esophagus
ach-000811,HC_avg_k44,10,ovary
ach-000423,HC_avg_k44,20,skin
ach-000290,HC_avg_k44,38,lung
ach-001847,HC_avg_k44,2,bile_duct
ach-000492,HC_avg_k44,19,blood
ach-001519,HC_avg_k44,43,bone
ach-000110,HC_avg_k44,12,gastric
ach-001497,HC_avg_k44,12,esophagus
ach-000102,HC_avg_k44,27,central_nervous_system
ach-000817,HC_avg_k44,19,plasma_cell
ach-001556,HC_avg_k44,27,lung
ach-000964,HC_avg_k44,19,blood
ach-000378,HC_avg_k44,8,lung
ach-000913,HC_avg_k44,29,uterus
ach-000575,HC_avg_k44,24,lung
ach-000634,HC_avg_k44,27,central_nervous_system
ach-002291,HC_avg_k44,35,embryo
ach-001322,HC_avg_k44,33,soft_tissue
ach-002924,HC_avg_k44,20,eye
ach-000767,HC_avg_k44,38,lung
ach-001642,HC_avg_k44,19,lymphocyte
ach-001552,HC_avg_k44,33,skin
ach-000451,HC_avg_k44,11,lung
ach-000879,HC_avg_k44,43,uterus
ach-001842,HC_avg_k44,11,bile_duct
ach-002662,HC_avg_k44,12,colorectal
ach-001032,HC_avg_k44,38,bone
ach-000982,HC_avg_k44,12,colorectal
ach-001636,HC_avg_k44,19,lymphocyte
ach-000189,HC_avg_k44,4,kidney
ach-000454,HC_avg_k44,11,lung
ach-000131,HC_avg_k44,27,fibroblast
ach-000660,HC_avg_k44,19,lymphocyte
ach-001197,HC_avg_k44,19,lymphocyte
ach-000915,HC_avg_k44,20,skin
ach-000480,HC_avg_k44,1,liver
ach-000745,HC_avg_k44,19,plasma_cell
ach-000161,HC_avg_k44,2,lung
ach-000395,HC_avg_k44,37,lung
ach-001459,HC_avg_k44,12,colorectal
ach-000916,HC_avg_k44,12,lung
ach-001609,HC_avg_k44,27,central_nervous_system
ach-001960,HC_avg_k44,11,bile_duct
ach-002648,HC_avg_k44,10,uterus
ach-001856,HC_avg_k44,2,bile_duct
ach-003158,HC_avg_k44,27,muscle
ach-002433,HC_avg_k44,27,bone
ach-000295,HC_avg_k44,19,blood
ach-001485,HC_avg_k44,19,blood
ach-003269,HC_avg_k44,23,soft_tissue
ach-000292,HC_avg_k44,43,lung
ach-000137,HC_avg_k44,26,central_nervous_system
ach-000308,HC_avg_k44,10,ovary
ach-000445,HC_avg_k44,27,central_nervous_system
ach-001229,HC_avg_k44,11,upper_aerodigestive
ach-000144,HC_avg_k44,12,gastric
ach-000837,HC_avg_k44,11,lung
ach-000048,HC_avg_k44,43,ovary
ach-000463,HC_avg_k44,6,lung
ach-000881,HC_avg_k44,20,skin
ach-000388,HC_avg_k44,19,lymphocyte
ach-001992,HC_avg_k44,27,lung
ach-000147,HC_avg_k44,12,breast
ach-000930,HC_avg_k44,9,breast
ach-000899,HC_avg_k44,20,skin
ach-000366,HC_avg_k44,38,peripheral_nervous_system
ach-001571,HC_avg_k44,19,lymphocyte
ach-001526,HC_avg_k44,33,bone
ach-000064,HC_avg_k44,11,lung
ach-001329,HC_avg_k44,27,central_nervous_system
ach-001676,HC_avg_k44,36,upper_aerodigestive
ach-000418,HC_avg_k44,27,bone
ach-001280,HC_avg_k44,33,soft_tissue
ach-002922,HC_avg_k44,38,peripheral_nervous_system
ach-000861,HC_avg_k44,27,lung
ach-000692,HC_avg_k44,11,upper_aerodigestive
ach-003137,HC_avg_k44,27,central_nervous_system
ach-000107,HC_avg_k44,12,pancreas
ach-000133,HC_avg_k44,27,soft_tissue
ach-000306,HC_avg_k44,27,fibroblast
ach-001530,HC_avg_k44,35,uterus
ach-000651,HC_avg_k44,37,colorectal
ach-000563,HC_avg_k44,12,lung
ach-000058,HC_avg_k44,25,thyroid
ach-000345,HC_avg_k44,38,peripheral_nervous_system
ach-000316,HC_avg_k44,2,liver
ach-000884,HC_avg_k44,20,skin
ach-000289,HC_avg_k44,20,central_nervous_system
ach-001451,HC_avg_k44,29,cervix
ach-003459,HC_avg_k44,20,skin
ach-002440,HC_avg_k44,28,thyroid
ach-000355,HC_avg_k44,38,lung
ach-002926,HC_avg_k44,20,unknown
ach-000962,HC_avg_k44,10,ovary
ach-000473,HC_avg_k44,11,urinary_tract
ach-000192,HC_avg_k44,38,uterus
ach-001624,HC_avg_k44,27,central_nervous_system
ach-001989,HC_avg_k44,20,skin
ach-001807,HC_avg_k44,27,soft_tissue
ach-002532,HC_avg_k44,12,colorectal
ach-002466,HC_avg_k44,27,eye
ach-001344,HC_avg_k44,27,peripheral_nervous_system
ach-001684,HC_avg_k44,19,blood
ach-000757,HC_avg_k44,43,lung
ach-000054,HC_avg_k44,27,soft_tissue
ach-001318,HC_avg_k44,1,liver
ach-000601,HC_avg_k44,39,pancreas
ach-000635,HC_avg_k44,10,ovary
ach-001857,HC_avg_k44,31,bile_duct
ach-000966,HC_avg_k44,10,ovary
ach-000630,HC_avg_k44,27,upper_aerodigestive
ach-000225,HC_avg_k44,38,gastric
ach-002047,HC_avg_k44,27,uterus
ach-000657,HC_avg_k44,43,ovary
ach-000624,HC_avg_k44,11,breast
ach-000699,HC_avg_k44,25,breast
ach-000923,HC_avg_k44,19,lymphocyte
ach-000687,HC_avg_k44,19,lymphocyte
ach-000044,HC_avg_k44,12,breast
ach-000740,HC_avg_k44,11,upper_aerodigestive
ach-000447,HC_avg_k44,8,lung
ach-000101,HC_avg_k44,19,blood
ach-001416,HC_avg_k44,11,urinary_tract
ach-000319,HC_avg_k44,27,lung
ach-000198,HC_avg_k44,19,blood
ach-000280,HC_avg_k44,11,ovary
ach-003265,HC_avg_k44,23,soft_tissue
ach-000104,HC_avg_k44,19,blood
ach-001835,HC_avg_k44,2,bile_duct
ach-000892,HC_avg_k44,6,lung
ach-000493,HC_avg_k44,27,liver
ach-000042,HC_avg_k44,12,pancreas
ach-002045,HC_avg_k44,11,upper_aerodigestive
ach-000221,HC_avg_k44,43,liver
ach-000477,HC_avg_k44,20,skin
ach-000746,HC_avg_k44,37,gastric
ach-000356,HC_avg_k44,12,gastric
ach-000457,HC_avg_k44,4,kidney
ach-000904,HC_avg_k44,38,lung
ach-002060,HC_avg_k44,19,blood
ach-003159,HC_avg_k44,27,hair
ach-001813,HC_avg_k44,27,bone
ach-000244,HC_avg_k44,27,central_nervous_system
ach-000610,HC_avg_k44,38,lung
ach-000081,HC_avg_k44,19,blood
ach-003161,HC_avg_k44,27,pancreas
ach-000255,HC_avg_k44,27,gastric
ach-001038,HC_avg_k44,38,bone
ach-000352,HC_avg_k44,12,breast
ach-002016,HC_avg_k44,27,eye
ach-000416,HC_avg_k44,6,lung
ach-000752,HC_avg_k44,27,lung
ach-000862,HC_avg_k44,11,urinary_tract
ach-000236,HC_avg_k44,12,colorectal
ach-000401,HC_avg_k44,20,skin
ach-000731,HC_avg_k44,24,lung
ach-000875,HC_avg_k44,12,lung
ach-000626,HC_avg_k44,19,plasma_cell
ach-000593,HC_avg_k44,11,urinary_tract
ach-000182,HC_avg_k44,12,bile_duct
ach-000442,HC_avg_k44,27,lung
ach-000159,HC_avg_k44,4,kidney
ach-000907,HC_avg_k44,4,kidney
ach-000191,HC_avg_k44,8,thyroid
ach-000205,HC_avg_k44,12,pancreas
ach-000103,HC_avg_k44,10,ovary
ach-000739,HC_avg_k44,1,liver
ach-001558,HC_avg_k44,27,lung
ach-000206,HC_avg_k44,19,lymphocyte
ach-000841,HC_avg_k44,12,lung
ach-000615,HC_avg_k44,20,skin
ach-001613,HC_avg_k44,19,blood
ach-001608,HC_avg_k44,27,central_nervous_system
ach-000801,HC_avg_k44,20,skin
ach-000539,HC_avg_k44,27,fibroblast
ach-000464,HC_avg_k44,27,central_nervous_system
ach-000622,HC_avg_k44,27,central_nervous_system
ach-000452,HC_avg_k44,16,esophagus
ach-001390,HC_avg_k44,11,breast
ach-001401,HC_avg_k44,43,adrenal_cortex
ach-000365,HC_avg_k44,19,lymphocyte
ach-001431,HC_avg_k44,38,bone
ach-000475,HC_avg_k44,1,liver
ach-000860,HC_avg_k44,12,lung
ach-000074,HC_avg_k44,19,blood
ach-000377,HC_avg_k44,12,bile_duct
ach-001562,HC_avg_k44,27,lung
ach-001693,HC_avg_k44,27,upper_aerodigestive
ach-003134,HC_avg_k44,27,unknown
ach-000259,HC_avg_k44,38,peripheral_nervous_system
ach-001697,HC_avg_k44,11,upper_aerodigestive
ach-002801,HC_avg_k44,20,peripheral_nervous_system
ach-001388,HC_avg_k44,11,breast
ach-001410,HC_avg_k44,12,urinary_tract
ach-002025,HC_avg_k44,12,colorectal
ach-002688,HC_avg_k44,27,bone
ach-000720,HC_avg_k44,27,urinary_tract
ach-000095,HC_avg_k44,38,central_nervous_system
ach-001345,HC_avg_k44,12,colorectal
ach-000558,HC_avg_k44,27,central_nervous_system
ach-000664,HC_avg_k44,19,lymphocyte
ach-000177,HC_avg_k44,38,prostate
ach-001423,HC_avg_k44,4,kidney
ach-000335,HC_avg_k44,27,lung
ach-000940,HC_avg_k44,43,uterus
ach-003160,HC_avg_k44,27,hair
ach-000631,HC_avg_k44,20,central_nervous_system
ach-000207,HC_avg_k44,11,upper_aerodigestive
ach-000764,HC_avg_k44,24,gastric
ach-000995,HC_avg_k44,19,blood
ach-000373,HC_avg_k44,19,blood
ach-000953,HC_avg_k44,19,blood
ach-000709,HC_avg_k44,4,kidney
ach-003463,HC_avg_k44,19,lymphocyte
ach-000846,HC_avg_k44,11,upper_aerodigestive
ach-001702,HC_avg_k44,4,soft_tissue
ach-000333,HC_avg_k44,12,ovary
ach-001708,HC_avg_k44,19,lymphocyte
ach-002059,HC_avg_k44,19,blood
ach-000929,HC_avg_k44,12,lung
ach-001395,HC_avg_k44,12,breast
ach-000948,HC_avg_k44,12,gastric
ach-002015,HC_avg_k44,27,eye
ach-000981,HC_avg_k44,19,blood
ach-000617,HC_avg_k44,10,ovary
ach-000311,HC_avg_k44,12,lung
ach-001210,HC_avg_k44,43,soft_tissue
ach-001834,HC_avg_k44,2,bile_duct
ach-002010,HC_avg_k44,20,eye
ach-003143,HC_avg_k44,4,kidney
ach-000390,HC_avg_k44,11,lung
ach-000468,HC_avg_k44,7,pancreas
ach-002651,HC_avg_k44,19,blood
ach-001061,HC_avg_k44,12,colorectal
ach-000077,HC_avg_k44,19,lymphocyte
ach-000456,HC_avg_k44,28,thyroid
ach-002703,HC_avg_k44,1,gastric
ach-000496,HC_avg_k44,8,lung
ach-002512,HC_avg_k44,20,skin
ach-000062,HC_avg_k44,8,lung
ach-002464,HC_avg_k44,27,eye
ach-000088,HC_avg_k44,27,fibroblast
ach-000536,HC_avg_k44,11,breast
ach-000071,HC_avg_k44,27,fibroblast
ach-002004,HC_avg_k44,20,skin
ach-000878,HC_avg_k44,6,lung
ach-001380,HC_avg_k44,2,pancreas
ach-002061,HC_avg_k44,19,blood
ach-000385,HC_avg_k44,4,kidney
ach-000412,HC_avg_k44,12,colorectal
ach-003474,HC_avg_k44,11,upper_aerodigestive
ach-000427,HC_avg_k44,12,gastric
ach-000938,HC_avg_k44,19,blood
ach-000462,HC_avg_k44,19,blood
ach-000939,HC_avg_k44,43,soft_tissue
ach-000325,HC_avg_k44,12,gastric
ach-000515,HC_avg_k44,38,lung
ach-001033,HC_avg_k44,43,central_nervous_system
ach-000919,HC_avg_k44,12,gastric
ach-000863,HC_avg_k44,27,central_nervous_system
ach-000642,HC_avg_k44,11,breast
ach-000581,HC_avg_k44,12,gastric
ach-001435,HC_avg_k44,33,testis
ach-001050,HC_avg_k44,33,soft_tissue
ach-001818,HC_avg_k44,27,bone
ach-001384,HC_avg_k44,27,thyroid
ach-000797,HC_avg_k44,27,fibroblast
ach-000220,HC_avg_k44,19,lymphocyte
ach-001533,HC_avg_k44,19,lymphocyte
ach-001508,HC_avg_k44,17,upper_aerodigestive
ach-000827,HC_avg_k44,27,skin
ach-003119,HC_avg_k44,38,lung
ach-000961,HC_avg_k44,10,uterus
ach-000778,HC_avg_k44,11,upper_aerodigestive
ach-000825,HC_avg_k44,24,lung
ach-000743,HC_avg_k44,38,lung
ach-000190,HC_avg_k44,27,unknown
ach-001819,HC_avg_k44,12,breast
ach-000157,HC_avg_k44,19,lymphocyte
ach-001786,HC_avg_k44,12,colorectal
ach-000253,HC_avg_k44,12,colorectal
ach-001376,HC_avg_k44,12,pancreas
ach-000958,HC_avg_k44,12,colorectal
ach-000228,HC_avg_k44,11,upper_aerodigestive
ach-000266,HC_avg_k44,12,pancreas
ach-001750,HC_avg_k44,27,soft_tissue
ach-000174,HC_avg_k44,30,thyroid
ach-000245,HC_avg_k44,19,lymphocyte
ach-001279,HC_avg_k44,43,ovary
ach-000620,HC_avg_k44,10,liver
ach-000813,HC_avg_k44,8,lung
ach-001513,HC_avg_k44,12,cervix
ach-000168,HC_avg_k44,19,blood
ach-000257,HC_avg_k44,38,lung
ach-000211,HC_avg_k44,27,central_nervous_system
ach-000283,HC_avg_k44,27,central_nervous_system
ach-002401,HC_avg_k44,11,breast
ach-002041,HC_avg_k44,27,thyroid
ach-000987,HC_avg_k44,20,skin
ach-003465,HC_avg_k44,27,upper_aerodigestive
ach-000682,HC_avg_k44,11,upper_aerodigestive
ach-000073,HC_avg_k44,19,lymphocyte
ach-000212,HC_avg_k44,30,breast
ach-000096,HC_avg_k44,43,kidney
ach-002500,HC_avg_k44,19,lymphocyte
ach-001440,HC_avg_k44,35,testis
ach-000063,HC_avg_k44,27,fibroblast
ach-002942,HC_avg_k44,23,soft_tissue
ach-001999,HC_avg_k44,12,pancreas
ach-000776,HC_avg_k44,18,central_nervous_system
ach-000521,HC_avg_k44,6,lung
ach-000299,HC_avg_k44,19,blood
ach-000025,HC_avg_k44,27,central_nervous_system
ach-000591,HC_avg_k44,27,central_nervous_system
ach-001716,HC_avg_k44,38,peripheral_nervous_system
ach-000833,HC_avg_k44,33,soft_tissue
ach-001628,HC_avg_k44,4,ovary
ach-000398,HC_avg_k44,19,lymphocyte
ach-000274,HC_avg_k44,20,skin
ach-001370,HC_avg_k44,28,ovary
ach-001700,HC_avg_k44,11,upper_aerodigestive
ach-000029,HC_avg_k44,12,lung
ach-001849,HC_avg_k44,12,bile_duct
ach-000644,HC_avg_k44,20,skin
ach-001422,HC_avg_k44,11,prostate
ach-000588,HC_avg_k44,19,plasma_cell
ach-000849,HC_avg_k44,11,breast
ach-002690,HC_avg_k44,27,bone
ach-000219,HC_avg_k44,20,skin
ach-000150,HC_avg_k44,12,lung
ach-001845,HC_avg_k44,2,bile_duct
ach-002643,HC_avg_k44,19,lymphocyte
ach-000384,HC_avg_k44,11,urinary_tract
ach-001053,HC_avg_k44,38,central_nervous_system
ach-001274,HC_avg_k44,27,soft_tissue
ach-000091,HC_avg_k44,4,ovary
ach-002932,HC_avg_k44,12,colorectal
ach-002014,HC_avg_k44,20,eye
ach-001634,HC_avg_k44,19,blood
ach-002531,HC_avg_k44,12,lung
ach-000495,HC_avg_k44,4,kidney
ach-000911,HC_avg_k44,11,gastric
ach-000013,HC_avg_k44,10,ovary
ach-002667,HC_avg_k44,12,colorectal
ach-000777,HC_avg_k44,11,esophagus
ach-001765,HC_avg_k44,33,soft_tissue
ach-000312,HC_avg_k44,38,peripheral_nervous_system
ach-000085,HC_avg_k44,11,pancreas
ach-000436,HC_avg_k44,19,plasma_cell
ach-000869,HC_avg_k44,12,lung
ach-003061,HC_avg_k44,38,lung
ach-003471,HC_avg_k44,3,thyroid
ach-000267,HC_avg_k44,19,lymphocyte
ach-000489,HC_avg_k44,12,colorectal
ach-000431,HC_avg_k44,38,lung
ach-000152,HC_avg_k44,27,central_nervous_system
ach-000909,HC_avg_k44,43,uterus
ach-000534,HC_avg_k44,19,lymphocyte
ach-001489,HC_avg_k44,38,lung
ach-000582,HC_avg_k44,20,skin
ach-000460,HC_avg_k44,10,ovary
ach-000443,HC_avg_k44,10,ovary
ach-001570,HC_avg_k44,20,skin
ach-000986,HC_avg_k44,12,colorectal
ach-001335,HC_avg_k44,11,cervix
ach-000023,HC_avg_k44,30,pancreas
ach-002062,HC_avg_k44,19,lymphocyte
ach-002462,HC_avg_k44,27,eye
ach-000151,HC_avg_k44,19,blood
ach-001277,HC_avg_k44,33,soft_tissue
ach-000607,HC_avg_k44,43,soft_tissue
ach-002647,HC_avg_k44,11,gastric
ach-000703,HC_avg_k44,38,lung
ach-001211,HC_avg_k44,43,soft_tissue
ach-003152,HC_avg_k44,27,lung
ach-001511,HC_avg_k44,11,upper_aerodigestive
ach-000113,HC_avg_k44,19,blood
ach-000337,HC_avg_k44,12,lung
ach-000598,HC_avg_k44,19,plasma_cell
ach-000057,HC_avg_k44,19,plasma_cell
ach-000281,HC_avg_k44,11,pancreas
ach-000321,HC_avg_k44,19,blood
ach-000985,HC_avg_k44,12,colorectal
ach-000444,HC_avg_k44,30,lung
ach-000347,HC_avg_k44,38,pancreas
ach-001399,HC_avg_k44,12,colorectal
ach-001097,HC_avg_k44,19,lymphocyte
ach-000127,HC_avg_k44,30,urinary_tract
ach-001961,HC_avg_k44,7,bile_duct
ach-001796,HC_avg_k44,27,soft_tissue
ach-000307,HC_avg_k44,11,pancreas
ach-001030,HC_avg_k44,38,bone
ach-002485,HC_avg_k44,19,lymphocyte
ach-000595,HC_avg_k44,20,central_nervous_system
ach-001540,HC_avg_k44,27,soft_tissue
ach-000298,HC_avg_k44,38,lung
ach-000771,HC_avg_k44,11,upper_aerodigestive
ach-000500,HC_avg_k44,30,upper_aerodigestive
ach-000353,HC_avg_k44,11,esophagus
ach-000363,HC_avg_k44,19,plasma_cell
ach-000350,HC_avg_k44,12,colorectal
ach-000053,HC_avg_k44,19,lymphocyte
ach-001543,HC_avg_k44,11,upper_aerodigestive
ach-000663,HC_avg_k44,4,ovary
ach-000346,HC_avg_k44,19,blood
ach-000970,HC_avg_k44,12,colorectal
ach-002543,HC_avg_k44,12,colorectal
ach-001333,HC_avg_k44,43,cervix
ach-000794,HC_avg_k44,11,upper_aerodigestive
ach-000039,HC_avg_k44,38,bone
ach-000471,HC_avg_k44,1,liver
ach-000850,HC_avg_k44,27,fibroblast
ach-000291,HC_avg_k44,12,ovary
ach-001453,HC_avg_k44,11,prostate
ach-001458,HC_avg_k44,12,colorectal
ach-000886,HC_avg_k44,12,lung
ach-000888,HC_avg_k44,5,lung
ach-000659,HC_avg_k44,38,lung
ach-000030,HC_avg_k44,11,lung
ach-001201,HC_avg_k44,38,central_nervous_system
ach-000271,HC_avg_k44,19,lymphocyte
ach-002676,HC_avg_k44,19,blood
ach-000549,HC_avg_k44,11,upper_aerodigestive
ach-000555,HC_avg_k44,4,kidney
ach-000478,HC_avg_k44,27,liver
ach-000775,HC_avg_k44,12,lung
ach-002214,HC_avg_k44,19,lymphocyte
ach-000038,HC_avg_k44,19,lymphocyte
ach-001109,HC_avg_k44,43,soft_tissue
ach-001442,HC_avg_k44,11,epidermoid_carcinoma
ach-000559,HC_avg_k44,38,lung
ach-000510,HC_avg_k44,43,lung
ach-002065,HC_avg_k44,27,central_nervous_system
ach-000676,HC_avg_k44,20,central_nervous_system
ach-002659,HC_avg_k44,12,colorectal
ach-000844,HC_avg_k44,38,lung
ach-002403,HC_avg_k44,27,skin
ach-002787,HC_avg_k44,27,soft_tissue
ach-002497,HC_avg_k44,5,lung
ach-002798,HC_avg_k44,27,skin
ach-000925,HC_avg_k44,12,lung
ach-002465,HC_avg_k44,27,eye
ach-000272,HC_avg_k44,4,kidney
ach-001035,HC_avg_k44,38,bone
ach-003457,HC_avg_k44,20,skin
ach-000513,HC_avg_k44,4,kidney
ach-001059,HC_avg_k44,43,soft_tissue
ach-000959,HC_avg_k44,12,colorectal
ach-002283,HC_avg_k44,38,peripheral_nervous_system
ach-000169,HC_avg_k44,33,soft_tissue
ach-001402,HC_avg_k44,6,cervix
ach-000796,HC_avg_k44,12,ovary
ach-000143,HC_avg_k44,36,lung
ach-000067,HC_avg_k44,27,central_nervous_system
ach-000640,HC_avg_k44,20,skin
ach-001591,HC_avg_k44,38,lung
ach-001674,HC_avg_k44,38,peripheral_nervous_system
ach-001698,HC_avg_k44,11,upper_aerodigestive
ach-002002,HC_avg_k44,20,skin
ach-002011,HC_avg_k44,20,eye
ach-003268,HC_avg_k44,23,soft_tissue
ach-000967,HC_avg_k44,12,colorectal
ach-000469,HC_avg_k44,27,central_nervous_system
ach-001353,HC_avg_k44,12,pancreas
ach-001574,HC_avg_k44,19,blood
ach-000097,HC_avg_k44,12,breast
ach-000256,HC_avg_k44,10,ovary
ach-000977,HC_avg_k44,12,prostate
ach-000972,HC_avg_k44,10,uterus
ach-001367,HC_avg_k44,38,peripheral_nervous_system
ach-000382,HC_avg_k44,38,lung
ach-003476,HC_avg_k44,11,upper_aerodigestive
ach-000579,HC_avg_k44,20,skin
ach-002035,HC_avg_k44,30,lung
ach-001532,HC_avg_k44,43,kidney
ach-000695,HC_avg_k44,38,lung
ach-001795,HC_avg_k44,4,soft_tissue
ach-001510,HC_avg_k44,11,upper_aerodigestive
ach-000502,HC_avg_k44,12,pancreas
ach-000183,HC_avg_k44,19,plasma_cell
ach-000408,HC_avg_k44,11,esophagus
ach-001496,HC_avg_k44,12,esophagus
ach-000788,HC_avg_k44,20,skin
ach-002405,HC_avg_k44,21,skin
ach-002409,HC_avg_k44,27,central_nervous_system
ach-001622,HC_avg_k44,27,central_nervous_system
ach-000466,HC_avg_k44,11,gastric
ach-001560,HC_avg_k44,27,lung
ach-001019,HC_avg_k44,38,skin
ach-003111,HC_avg_k44,27,soft_tissue
ach-000005,HC_avg_k44,19,blood
ach-001687,HC_avg_k44,4,kidney
ach-001151,HC_avg_k44,7,ovary
ach-000701,HC_avg_k44,11,ovary
ach-000542,HC_avg_k44,27,ovary
ach-000126,HC_avg_k44,27,central_nervous_system
ach-001685,HC_avg_k44,19,lymphocyte
ach-000933,HC_avg_k44,12,pancreas
ach-000068,HC_avg_k44,19,lymphocyte
ach-000015,HC_avg_k44,43,lung
ach-001111,HC_avg_k44,19,lymphocyte
ach-000487,HC_avg_k44,19,blood
ach-000122,HC_avg_k44,19,blood
ach-000288,HC_avg_k44,27,breast
ach-001820,HC_avg_k44,9,breast
ach-000782,HC_avg_k44,19,blood
ach-001632,HC_avg_k44,10,ovary
ach-002399,HC_avg_k44,11,breast
ach-000357,HC_avg_k44,19,lymphocyte
ach-000079,HC_avg_k44,27,fibroblast
ach-001031,HC_avg_k44,43,soft_tissue
ach-001064,HC_avg_k44,19,lymphocyte
ach-002802,HC_avg_k44,20,peripheral_nervous_system
ach-001048,HC_avg_k44,29,ovary
ach-000453,HC_avg_k44,19,plasma_cell
ach-003155,HC_avg_k44,22,liver
ach-000791,HC_avg_k44,12,lung
ach-000567,HC_avg_k44,19,lymphocyte
ach-001391,HC_avg_k44,22,breast
ach-001075,HC_avg_k44,11,lung
ach-000105,HC_avg_k44,19,blood
ach-000557,HC_avg_k44,19,blood
ach-000175,HC_avg_k44,27,fibroblast
ach-001356,HC_avg_k44,27,thyroid
ach-001844,HC_avg_k44,2,bile_duct
ach-001346,HC_avg_k44,11,upper_aerodigestive
ach-000885,HC_avg_k44,4,ovary
ach-000900,HC_avg_k44,43,lung
ach-000666,HC_avg_k44,6,lung
ach-001428,HC_avg_k44,38,bone
ach-000217,HC_avg_k44,24,liver
ach-000872,HC_avg_k44,6,lung
ach-001974,HC_avg_k44,20,skin
ach-002020,HC_avg_k44,11,cervix
ach-001638,HC_avg_k44,19,lymphocyte
ach-001228,HC_avg_k44,11,upper_aerodigestive
ach-000181,HC_avg_k44,11,upper_aerodigestive
ach-000115,HC_avg_k44,12,prostate
ach-000130,HC_avg_k44,19,blood
ach-000121,HC_avg_k44,7,lung
ach-001711,HC_avg_k44,32,central_nervous_system
ach-000934,HC_avg_k44,12,breast
ach-000996,HC_avg_k44,10,uterus
ach-001529,HC_avg_k44,35,uterus
ach-001743,HC_avg_k44,33,soft_tissue
ach-000320,HC_avg_k44,7,pancreas
ach-000505,HC_avg_k44,27,soft_tissue
ach-000781,HC_avg_k44,6,lung
ach-000059,HC_avg_k44,19,blood
ach-000920,HC_avg_k44,19,blood
ach-000294,HC_avg_k44,19,blood
ach-000422,HC_avg_k44,27,liver
ach-000200,HC_avg_k44,27,central_nervous_system
ach-000046,HC_avg_k44,4,kidney
ach-000968,HC_avg_k44,20,skin
ach-000830,HC_avg_k44,38,lung
ach-000114,HC_avg_k44,12,pancreas
ach-000402,HC_avg_k44,19,lymphocyte
ach-001578,HC_avg_k44,35,embryo
ach-000036,HC_avg_k44,27,central_nervous_system
ach-000973,HC_avg_k44,30,urinary_tract
ach-001128,HC_avg_k44,41,soft_tissue
ach-003437,HC_avg_k44,12,gastric
ach-000750,HC_avg_k44,27,skin
ach-000285,HC_avg_k44,19,lymphocyte
ach-002669,HC_avg_k44,12,colorectal
ach-001858,HC_avg_k44,27,bile_duct
ach-001997,HC_avg_k44,12,bile_duct
ach-000052,HC_avg_k44,38,bone
ach-001113,HC_avg_k51,13,lung
ach-001289,HC_avg_k51,50,soft_tissue
ach-001339,HC_avg_k51,23,skin
ach-001979,HC_avg_k51,23,skin
ach-002438,HC_avg_k51,30,kidney
ach-001538,HC_avg_k51,13,bile_duct
ach-000242,HC_avg_k51,13,urinary_tract
ach-000708,HC_avg_k51,15,colorectal
ach-000327,HC_avg_k51,14,lung
ach-000233,HC_avg_k51,22,lymphocyte
ach-000461,HC_avg_k51,15,bile_duct
ach-000705,HC_avg_k51,13,lung
ach-001794,HC_avg_k51,30,soft_tissue
ach-002023,HC_avg_k51,15,colorectal
ach-000528,HC_avg_k51,14,lung
ach-002501,HC_avg_k51,39,soft_tissue
ach-001655,HC_avg_k51,30,uterus
ach-000167,HC_avg_k51,22,plasma_cell
ach-000792,HC_avg_k51,30,kidney
ach-001098,HC_avg_k51,15,pancreas
ach-000570,HC_avg_k51,30,central_nervous_system
ach-000351,HC_avg_k51,20,gastric
ach-002075,HC_avg_k51,45,lung
ach-002040,HC_avg_k51,23,skin
ach-000769,HC_avg_k51,44,lung
ach-000154,HC_avg_k51,30,fibroblast
ach-000828,HC_avg_k51,14,breast
ach-000421,HC_avg_k51,15,colorectal
ach-000765,HC_avg_k51,23,skin
ach-001375,HC_avg_k51,13,pancreas
ach-000008,HC_avg_k51,23,skin
ach-001814,HC_avg_k51,30,bone
ach-000800,HC_avg_k51,45,lung
ach-000606,HC_avg_k51,13,upper_aerodigestive
ach-000317,HC_avg_k51,4,kidney
ach-001492,HC_avg_k51,22,lymphocyte
ach-000123,HC_avg_k51,50,ovary
ach-000723,HC_avg_k51,13,upper_aerodigestive
ach-002066,HC_avg_k51,23,central_nervous_system
ach-001536,HC_avg_k51,6,bile_duct
ach-003136,HC_avg_k51,30,unknown
ach-000313,HC_avg_k51,4,kidney
ach-002019,HC_avg_k51,13,cervix
ach-000728,HC_avg_k51,22,blood
ach-000700,HC_avg_k51,27,lung
ach-000823,HC_avg_k51,13,esophagus
ach-000678,HC_avg_k51,13,gastric
ach-000006,HC_avg_k51,22,blood
ach-002790,HC_avg_k51,39,soft_tissue
ach-002029,HC_avg_k51,13,upper_aerodigestive
ach-001377,HC_avg_k51,15,pancreas
ach-000754,HC_avg_k51,22,lymphocyte
ach-000465,HC_avg_k51,23,skin
ach-000138,HC_avg_k51,15,pancreas
ach-001864,HC_avg_k51,13,bile_duct
ach-000383,HC_avg_k51,15,esophagus
ach-001547,HC_avg_k51,30,lung
ach-000917,HC_avg_k51,14,esophagus
ach-002471,HC_avg_k51,39,bone
ach-000984,HC_avg_k51,12,uterus
ach-002678,HC_avg_k51,22,lymphocyte
ach-001409,HC_avg_k51,13,urinary_tract
ach-001707,HC_avg_k51,22,blood
ach-000117,HC_avg_k51,14,breast
ach-000999,HC_avg_k51,15,colorectal
ach-000633,HC_avg_k51,1,gastric
ach-000520,HC_avg_k51,30,ovary
ach-000176,HC_avg_k51,27,lung
ach-000017,HC_avg_k51,14,breast
ach-000020,HC_avg_k51,22,blood
ach-001385,HC_avg_k51,43,upper_aerodigestive
ach-000587,HC_avg_k51,27,lung
ach-000785,HC_avg_k51,14,lung
ach-003469,HC_avg_k51,30,thyroid
ach-000554,HC_avg_k51,14,breast
ach-003180,HC_avg_k51,30,soft_tissue
ach-001398,HC_avg_k51,4,kidney
ach-001991,HC_avg_k51,44,ovary
ach-001332,HC_avg_k51,13,upper_aerodigestive
ach-000585,HC_avg_k51,13,lung
ach-000550,HC_avg_k51,30,skin
ach-000627,HC_avg_k51,27,lung
ach-000704,HC_avg_k51,12,ovary
ach-000276,HC_avg_k51,10,breast
ach-000075,HC_avg_k51,30,central_nervous_system
ach-000818,HC_avg_k51,14,breast
ach-003184,HC_avg_k51,30,soft_tissue
ach-001616,HC_avg_k51,22,lymphocyte
ach-000625,HC_avg_k51,1,liver
ach-000941,HC_avg_k51,12,uterus
ach-000392,HC_avg_k51,15,lung
ach-000269,HC_avg_k51,30,central_nervous_system
ach-001670,HC_avg_k51,45,peripheral_nervous_system
ach-003133,HC_avg_k51,30,unknown
ach-000856,HC_avg_k51,12,breast
ach-002687,HC_avg_k51,23,eye
ach-001119,HC_avg_k51,22,lymphocyte
ach-003132,HC_avg_k51,30,unknown
ach-000376,HC_avg_k51,30,central_nervous_system
ach-000685,HC_avg_k51,13,pancreas
ach-000729,HC_avg_k51,45,lung
ach-001034,HC_avg_k51,45,bone
ach-001283,HC_avg_k51,45,bone
ach-000880,HC_avg_k51,15,gastric
ach-000035,HC_avg_k51,13,lung
ach-001200,HC_avg_k51,50,soft_tissue
ach-000194,HC_avg_k51,30,fibroblast
ach-000322,HC_avg_k51,23,skin
ach-000552,HC_avg_k51,15,colorectal
ach-002508,HC_avg_k51,30,skin
ach-000222,HC_avg_k51,15,pancreas
ach-000260,HC_avg_k51,30,peripheral_nervous_system
ach-001652,HC_avg_k51,34,uterus
ach-000608,HC_avg_k51,15,ovary
ach-000501,HC_avg_k51,15,colorectal
ach-000612,HC_avg_k51,22,lymphocyte
ach-002033,HC_avg_k51,30,pleura
ach-001184,HC_avg_k51,39,soft_tissue
ach-001688,HC_avg_k51,4,kidney
ach-001838,HC_avg_k51,15,bile_duct
ach-000638,HC_avg_k51,15,lung
ach-001846,HC_avg_k51,2,bile_duct
ach-000798,HC_avg_k51,15,colorectal
ach-001321,HC_avg_k51,45,thyroid
ach-000894,HC_avg_k51,15,lung
ach-001559,HC_avg_k51,30,lung
ach-000344,HC_avg_k51,6,gastric
ach-000223,HC_avg_k51,13,breast
ach-000031,HC_avg_k51,15,pancreas
ach-000034,HC_avg_k51,22,blood
ach-001861,HC_avg_k51,13,bile_duct
ach-003468,HC_avg_k51,30,thyroid
ach-000772,HC_avg_k51,38,soft_tissue
ach-000946,HC_avg_k51,12,uterus
ach-000596,HC_avg_k51,15,lung
ach-001046,HC_avg_k51,22,lung
ach-000632,HC_avg_k51,23,skin
ach-000978,HC_avg_k51,50,uterus
ach-000332,HC_avg_k51,15,pancreas
ach-001841,HC_avg_k51,13,bile_duct
ach-003273,HC_avg_k51,22,blood
ach-000179,HC_avg_k51,45,lung
ach-000887,HC_avg_k51,13,central_nervous_system
ach-000368,HC_avg_k51,30,central_nervous_system
ach-000240,HC_avg_k51,30,fibroblast
ach-000578,HC_avg_k51,15,lung
ach-001611,HC_avg_k51,30,central_nervous_system
ach-000135,HC_avg_k51,30,fibroblast
ach-001671,HC_avg_k51,42,testis
ach-000406,HC_avg_k51,22,blood
ach-001541,HC_avg_k51,22,plasma_cell
ach-000998,HC_avg_k51,15,colorectal
ach-000441,HC_avg_k51,23,skin
ach-000960,HC_avg_k51,22,blood
ach-000098,HC_avg_k51,30,central_nervous_system
ach-001651,HC_avg_k51,6,uterus
ach-001456,HC_avg_k51,15,colorectal
ach-001336,HC_avg_k51,13,cervix
ach-000284,HC_avg_k51,30,fibroblast
ach-000971,HC_avg_k51,17,colorectal
ach-001454,HC_avg_k51,15,colorectal
ach-000926,HC_avg_k51,15,colorectal
ach-000033,HC_avg_k51,14,lung
ach-000576,HC_avg_k51,22,plasma_cell
ach-000019,HC_avg_k51,14,breast
ach-001577,HC_avg_k51,22,blood
ach-001981,HC_avg_k51,23,skin
ach-000330,HC_avg_k51,14,breast
ach-000848,HC_avg_k51,1,liver
ach-000481,HC_avg_k51,14,lung
ach-001517,HC_avg_k51,12,uterus
ach-000338,HC_avg_k51,22,lymphocyte
ach-001959,HC_avg_k51,50,bile_duct
ach-001414,HC_avg_k51,13,urinary_tract
ach-001227,HC_avg_k51,13,upper_aerodigestive
ach-000871,HC_avg_k51,45,lung
ach-001403,HC_avg_k51,11,ovary
ach-000805,HC_avg_k51,23,skin
ach-001142,HC_avg_k51,30,central_nervous_system
ach-001554,HC_avg_k51,23,eye
ach-001667,HC_avg_k51,23,soft_tissue
ach-000847,HC_avg_k51,39,gastric
ach-001447,HC_avg_k51,22,lymphocyte
ach-001537,HC_avg_k51,50,bile_duct
ach-001207,HC_avg_k51,30,fibroblast
ach-001854,HC_avg_k51,30,bile_duct
ach-000832,HC_avg_k51,13,upper_aerodigestive
ach-001975,HC_avg_k51,23,skin
ach-000428,HC_avg_k51,4,kidney
ach-001382,HC_avg_k51,15,pancreas
ach-001302,HC_avg_k51,45,peripheral_nervous_system
ach-000690,HC_avg_k51,13,lung
ach-001134,HC_avg_k51,22,lymphocyte
ach-000914,HC_avg_k51,22,lymphocyte
ach-000858,HC_avg_k51,13,lung
ach-001421,HC_avg_k51,45,eye
ach-002796,HC_avg_k51,38,soft_tissue
ach-003183,HC_avg_k51,30,soft_tissue
ach-002716,HC_avg_k51,22,blood
ach-003100,HC_avg_k51,22,lymphocyte
ach-000544,HC_avg_k51,13,esophagus
ach-000725,HC_avg_k51,14,breast
ach-000566,HC_avg_k51,4,urinary_tract
ach-000760,HC_avg_k51,31,central_nervous_system
ach-001745,HC_avg_k51,39,soft_tissue
ach-000787,HC_avg_k51,27,lung
ach-001598,HC_avg_k51,45,adrenal_cortex
ach-000749,HC_avg_k51,45,lung
ach-001691,HC_avg_k51,30,upper_aerodigestive
ach-001328,HC_avg_k51,13,skin
ach-001704,HC_avg_k51,23,skin
ach-001502,HC_avg_k51,42,testis
ach-002844,HC_avg_k51,30,soft_tissue
ach-001068,HC_avg_k51,22,lymphocyte
ach-000358,HC_avg_k51,45,lung
ach-002695,HC_avg_k51,30,peripheral_nervous_system
ach-001672,HC_avg_k51,42,testis
ach-001654,HC_avg_k51,7,esophagus
ach-001521,HC_avg_k51,13,skin
ach-000209,HC_avg_k51,2,bile_duct
ach-001520,HC_avg_k51,22,blood
ach-000213,HC_avg_k51,15,pancreas
ach-001610,HC_avg_k51,30,central_nervous_system
ach-001408,HC_avg_k51,13,urinary_tract
ach-000991,HC_avg_k51,15,colorectal
ach-001412,HC_avg_k51,13,urinary_tract
ach-000331,HC_avg_k51,30,lung
ach-001407,HC_avg_k51,30,urinary_tract
ach-000580,HC_avg_k51,23,skin
ach-000594,HC_avg_k51,45,lung
ach-000684,HC_avg_k51,4,kidney
ach-000742,HC_avg_k51,30,fibroblast
ach-000868,HC_avg_k51,15,lung
ach-000732,HC_avg_k51,13,upper_aerodigestive
ach-001481,HC_avg_k51,30,peripheral_nervous_system
ach-000429,HC_avg_k51,4,kidney
ach-000310,HC_avg_k51,45,peripheral_nervous_system
ach-002475,HC_avg_k51,42,blood
ach-000643,HC_avg_k51,13,breast
ach-000234,HC_avg_k51,4,kidney
ach-003267,HC_avg_k51,26,soft_tissue
ach-001498,HC_avg_k51,22,lymphocyte
ach-000896,HC_avg_k51,13,urinary_tract
ach-003451,HC_avg_k51,39,kidney
ach-000203,HC_avg_k51,45,peripheral_nervous_system
ach-001607,HC_avg_k51,7,bile_duct
ach-002706,HC_avg_k51,46,gastric
ach-001441,HC_avg_k51,23,eye
ach-000112,HC_avg_k51,22,blood
ach-000874,HC_avg_k51,22,blood
ach-000186,HC_avg_k51,15,lung
ach-002780,HC_avg_k51,45,bone
ach-000677,HC_avg_k51,46,lung
ach-000055,HC_avg_k51,45,central_nervous_system
ach-000485,HC_avg_k51,15,gastric
ach-000672,HC_avg_k51,33,lung
ach-001150,HC_avg_k51,30,bone
ach-000287,HC_avg_k51,22,lymphocyte
ach-000784,HC_avg_k51,13,esophagus
ach-000530,HC_avg_k51,50,lung
ach-002024,HC_avg_k51,45,colorectal
ach-000380,HC_avg_k51,22,plasma_cell
ach-001737,HC_avg_k51,22,blood
ach-001400,HC_avg_k51,13,cervix
ach-001054,HC_avg_k51,45,central_nervous_system
ach-001695,HC_avg_k51,13,upper_aerodigestive
ach-000009,HC_avg_k51,15,colorectal
ach-000491,HC_avg_k51,37,colorectal
ach-001703,HC_avg_k51,22,lymphocyte
ach-000002,HC_avg_k51,22,blood
ach-001568,HC_avg_k51,23,skin
ach-001449,HC_avg_k51,22,lymphocyte
ach-000993,HC_avg_k51,12,uterus
ach-002680,HC_avg_k51,30,central_nervous_system
ach-000877,HC_avg_k51,22,lymphocyte
ach-000711,HC_avg_k51,13,breast
ach-001515,HC_avg_k51,13,cervix
ach-002847,HC_avg_k51,30,unknown
ach-000702,HC_avg_k51,22,lymphocyte
ach-001020,HC_avg_k51,50,soft_tissue
ach-000600,HC_avg_k51,4,kidney
ach-003266,HC_avg_k51,26,soft_tissue
ach-000354,HC_avg_k51,15,pancreas
ach-000012,HC_avg_k51,15,lung
ach-000689,HC_avg_k51,30,soft_tissue
ach-002668,HC_avg_k51,22,blood
ach-002533,HC_avg_k51,4,kidney
ach-000459,HC_avg_k51,4,kidney
ach-002050,HC_avg_k51,30,unknown
ach-003120,HC_avg_k51,45,lung
ach-001413,HC_avg_k51,30,urinary_tract
ach-000686,HC_avg_k51,2,liver
ach-000342,HC_avg_k51,15,colorectal
ach-000208,HC_avg_k51,30,central_nervous_system
ach-000360,HC_avg_k51,15,colorectal
ach-000249,HC_avg_k51,15,colorectal
ach-001368,HC_avg_k51,49,esophagus
ach-000231,HC_avg_k51,30,central_nervous_system
ach-002074,HC_avg_k51,45,lung
ach-000945,HC_avg_k51,33,lung
ach-000662,HC_avg_k51,13,lung
ach-002458,HC_avg_k51,23,skin
ach-001378,HC_avg_k51,15,pancreas
ach-001029,HC_avg_k51,45,bone
ach-001817,HC_avg_k51,30,bone
ach-002846,HC_avg_k51,23,skin
ach-000248,HC_avg_k51,14,breast
ach-000943,HC_avg_k51,17,colorectal
ach-000751,HC_avg_k51,22,blood
ach-001696,HC_avg_k51,13,upper_aerodigestive
ach-002936,HC_avg_k51,39,soft_tissue
ach-001016,HC_avg_k51,30,central_nervous_system
ach-000282,HC_avg_k51,8,lung
ach-003438,HC_avg_k51,30,central_nervous_system
ach-002215,HC_avg_k51,22,lymphocyte
ach-000261,HC_avg_k51,36,lung
ach-000164,HC_avg_k51,46,pancreas
ach-001793,HC_avg_k51,30,soft_tissue
ach-000262,HC_avg_k51,4,kidney
ach-000158,HC_avg_k51,22,lymphocyte
ach-000773,HC_avg_k51,22,lymphocyte
ach-000722,HC_avg_k51,15,colorectal
ach-000857,HC_avg_k51,13,breast
ach-001129,HC_avg_k51,22,blood
ach-001619,HC_avg_k51,8,bile_duct
ach-000184,HC_avg_k51,30,fibroblast
ach-000329,HC_avg_k51,30,central_nervous_system
ach-001569,HC_avg_k51,23,skin
ach-002544,HC_avg_k51,42,gastric
ach-002675,HC_avg_k51,22,blood
ach-000814,HC_avg_k51,23,skin
ach-002499,HC_avg_k51,10,breast
ach-001493,HC_avg_k51,22,lymphocyte
ach-001701,HC_avg_k51,13,upper_aerodigestive
ach-000197,HC_avg_k51,22,blood
ach-000545,HC_avg_k51,13,urinary_tract
ach-000949,HC_avg_k51,15,gastric
ach-000124,HC_avg_k51,22,lymphocyte
ach-000560,HC_avg_k51,44,gastric
ach-000897,HC_avg_k51,30,thyroid
ach-001626,HC_avg_k51,13,upper_aerodigestive
ach-000619,HC_avg_k51,13,upper_aerodigestive
ach-001973,HC_avg_k51,23,skin
ach-001340,HC_avg_k51,11,ovary
ach-000546,HC_avg_k51,13,upper_aerodigestive
ach-001709,HC_avg_k51,22,lymphocyte
ach-002018,HC_avg_k51,23,eye
ach-000153,HC_avg_k51,30,lung
ach-000526,HC_avg_k51,30,fibroblast
ach-000116,HC_avg_k51,11,ovary
ach-000815,HC_avg_k51,22,lymphocyte
ach-001270,HC_avg_k51,39,soft_tissue
ach-002523,HC_avg_k51,39,liver
ach-000324,HC_avg_k51,4,ovary
ach-001949,HC_avg_k51,23,skin
ach-001561,HC_avg_k51,30,lung
ach-000842,HC_avg_k51,15,colorectal
ach-000898,HC_avg_k51,15,gastric
ach-000517,HC_avg_k51,7,pancreas
ach-001980,HC_avg_k51,23,skin
ach-001415,HC_avg_k51,13,urinary_tract
ach-000681,HC_avg_k51,6,lung
ach-001310,HC_avg_k51,4,kidney
ach-000070,HC_avg_k51,22,blood
ach-000484,HC_avg_k51,4,kidney
ach-003426,HC_avg_k51,30,gastric
ach-000108,HC_avg_k51,7,pancreas
ach-000808,HC_avg_k51,30,bile_duct
ach-000656,HC_avg_k51,22,lymphocyte
ach-000166,HC_avg_k51,22,blood
ach-000997,HC_avg_k51,15,colorectal
ach-000866,HC_avg_k51,45,lung
ach-000819,HC_avg_k51,30,central_nervous_system
ach-000226,HC_avg_k51,22,lymphocyte
ach-000087,HC_avg_k51,45,bone
ach-000340,HC_avg_k51,30,fibroblast
ach-002005,HC_avg_k51,23,skin
ach-001680,HC_avg_k51,22,lymphocyte
ach-000758,HC_avg_k51,13,gastric
ach-000196,HC_avg_k51,10,breast
ach-003141,HC_avg_k51,30,muscle
ach-000258,HC_avg_k51,44,breast
ach-000163,HC_avg_k51,30,thyroid
ach-000076,HC_avg_k51,22,blood
ach-000509,HC_avg_k51,22,lymphocyte
ach-001193,HC_avg_k51,45,bone
ach-000571,HC_avg_k51,30,central_nervous_system
ach-000391,HC_avg_k51,45,bone
ach-000293,HC_avg_k51,11,uterus
ach-003138,HC_avg_k51,30,central_nervous_system
ach-000532,HC_avg_k51,15,colorectal
ach-000584,HC_avg_k51,11,ovary
ach-001690,HC_avg_k51,13,upper_aerodigestive
ach-000586,HC_avg_k51,45,lung
ach-000944,HC_avg_k51,22,lymphocyte
ach-003149,HC_avg_k51,30,muscle
ach-000561,HC_avg_k51,13,esophagus
ach-001648,HC_avg_k51,13,prostate
ach-000394,HC_avg_k51,45,lung
ach-000954,HC_avg_k51,12,uterus
ach-000204,HC_avg_k51,22,plasma_cell
ach-000160,HC_avg_k51,47,soft_tissue
ach-003460,HC_avg_k51,22,lymphocyte
ach-000989,HC_avg_k51,15,colorectal
ach-001347,HC_avg_k51,13,upper_aerodigestive
ach-000691,HC_avg_k51,10,breast
ach-000268,HC_avg_k51,15,bile_duct
ach-001209,HC_avg_k51,22,lymphocyte
ach-003456,HC_avg_k51,30,skin
ach-000119,HC_avg_k51,30,fibroblast
ach-000379,HC_avg_k51,15,lung
ach-001341,HC_avg_k51,13,cervix
ach-000714,HC_avg_k51,22,plasma_cell
ach-000937,HC_avg_k51,22,blood
ach-000763,HC_avg_k51,22,plasma_cell
ach-002834,HC_avg_k51,30,bone
ach-001673,HC_avg_k51,14,bile_duct
ach-000326,HC_avg_k51,22,blood
ach-000300,HC_avg_k51,4,kidney
ach-002994,HC_avg_k51,22,blood
ach-000901,HC_avg_k51,30,lung
ach-000816,HC_avg_k51,45,lung
ach-000641,HC_avg_k51,22,blood
ach-000511,HC_avg_k51,27,lung
ach-002077,HC_avg_k51,45,lung
ach-000583,HC_avg_k51,22,lymphocyte
ach-000836,HC_avg_k51,13,upper_aerodigestive
ach-000975,HC_avg_k51,27,lung
ach-000109,HC_avg_k51,15,lung
ach-000467,HC_avg_k51,15,colorectal
ach-000712,HC_avg_k51,45,lung
ach-000671,HC_avg_k51,41,liver
ach-000523,HC_avg_k51,45,lung
ach-000864,HC_avg_k51,45,uterus
ach-000726,HC_avg_k51,13,esophagus
ach-000136,HC_avg_k51,45,peripheral_nervous_system
ach-002067,HC_avg_k51,39,bone
ach-000440,HC_avg_k51,22,lymphocyte
ach-002539,HC_avg_k51,15,colorectal
ach-001461,HC_avg_k51,15,colorectal
ach-000890,HC_avg_k51,30,lung
ach-001692,HC_avg_k51,13,upper_aerodigestive
ach-000027,HC_avg_k51,30,central_nervous_system
ach-000562,HC_avg_k51,15,lung
ach-000748,HC_avg_k51,30,bone
ach-001669,HC_avg_k51,22,blood
ach-000834,HC_avg_k51,13,urinary_tract
ach-000565,HC_avg_k51,15,colorectal
ach-000449,HC_avg_k51,50,soft_tissue
ach-000399,HC_avg_k51,45,lung
ach-002080,HC_avg_k51,45,peripheral_nervous_system
ach-000770,HC_avg_k51,22,blood
ach-000710,HC_avg_k51,15,lung
ach-000507,HC_avg_k51,15,gastric
ach-000066,HC_avg_k51,15,lung
ach-000022,HC_avg_k51,15,pancreas
ach-001668,HC_avg_k51,42,embryo
ach-000334,HC_avg_k51,22,lymphocyte
ach-000374,HC_avg_k51,10,breast
ach-000519,HC_avg_k51,22,blood
ach-000908,HC_avg_k51,15,gastric
ach-002003,HC_avg_k51,23,skin
ach-000574,HC_avg_k51,4,ovary
ach-000148,HC_avg_k51,30,breast
ach-002461,HC_avg_k51,30,skin
ach-000646,HC_avg_k51,12,ovary
ach-000314,HC_avg_k51,33,lung
ach-001705,HC_avg_k51,13,breast
ach-000040,HC_avg_k51,30,central_nervous_system
ach-001057,HC_avg_k51,22,lymphocyte
ach-000430,HC_avg_k51,48,ovary
ach-001041,HC_avg_k51,23,skin
ach-001988,HC_avg_k51,23,skin
ach-001977,HC_avg_k51,30,lung
ach-000370,HC_avg_k51,30,central_nervous_system
ach-001630,HC_avg_k51,11,ovary
ach-000437,HC_avg_k51,30,central_nervous_system
ach-000498,HC_avg_k51,22,blood
ach-001392,HC_avg_k51,14,breast
ach-000503,HC_avg_k51,13,upper_aerodigestive
ach-002778,HC_avg_k51,30,bone
ach-000328,HC_avg_k51,30,central_nervous_system
ach-000403,HC_avg_k51,15,colorectal
ach-000400,HC_avg_k51,15,colorectal
ach-000224,HC_avg_k51,30,fibroblast
ach-000318,HC_avg_k51,13,esophagus
ach-003472,HC_avg_k51,3,thyroid
ach-001430,HC_avg_k51,45,bone
ach-000928,HC_avg_k51,11,uterus
ach-000893,HC_avg_k51,6,lung
ach-000889,HC_avg_k51,22,plasma_cell
ach-000799,HC_avg_k51,23,skin
ach-001623,HC_avg_k51,30,central_nervous_system
ach-000736,HC_avg_k51,15,gastric
ach-000876,HC_avg_k51,14,breast
ach-001232,HC_avg_k51,30,central_nervous_system
ach-001618,HC_avg_k51,22,blood
ach-001828,HC_avg_k51,22,lymphocyte
ach-002650,HC_avg_k51,14,lung
ach-000235,HC_avg_k51,15,pancreas
ach-000381,HC_avg_k51,15,colorectal
ach-001993,HC_avg_k51,22,blood
ach-001301,HC_avg_k51,45,peripheral_nervous_system
ach-000854,HC_avg_k51,22,plasma_cell
ach-000187,HC_avg_k51,45,lung
ach-000543,HC_avg_k51,30,central_nervous_system
ach-000569,HC_avg_k51,30,lung
ach-000668,HC_avg_k51,13,breast
ach-000134,HC_avg_k51,30,fibroblast
ach-000924,HC_avg_k51,6,lung
ach-003473,HC_avg_k51,30,soft_tissue
ach-001450,HC_avg_k51,22,lymphocyte
ach-000296,HC_avg_k51,41,colorectal
ach-002034,HC_avg_k51,43,lung
ach-002781,HC_avg_k51,39,bone
ach-000713,HC_avg_k51,11,ovary
ach-001360,HC_avg_k51,13,cervix
ach-002921,HC_avg_k51,14,breast
ach-000273,HC_avg_k51,30,central_nervous_system
ach-001715,HC_avg_k51,30,bone
ach-001617,HC_avg_k51,22,lymphocyte
ach-000639,HC_avg_k51,45,lung
ach-000590,HC_avg_k51,9,lung
ach-000553,HC_avg_k51,15,lung
ach-000084,HC_avg_k51,22,blood
ach-000094,HC_avg_k51,15,pancreas
ach-000361,HC_avg_k51,30,liver
ach-000719,HC_avg_k51,12,ovary
ach-001396,HC_avg_k51,14,breast
ach-001848,HC_avg_k51,15,bile_duct
ach-000339,HC_avg_k51,27,lung
ach-002048,HC_avg_k51,39,soft_tissue
ach-000218,HC_avg_k51,22,blood
ach-002486,HC_avg_k51,4,ovary
ach-002711,HC_avg_k51,30,upper_aerodigestive
ach-000789,HC_avg_k51,45,lung
ach-000413,HC_avg_k51,30,fibroblast
ach-000125,HC_avg_k51,30,fibroblast
ach-000180,HC_avg_k51,30,fibroblast
ach-000215,HC_avg_k51,30,central_nervous_system
ach-001001,HC_avg_k51,36,bone
ach-000407,HC_avg_k51,30,uterus
ach-002170,HC_avg_k51,45,lung
ach-002027,HC_avg_k51,12,uterus
ach-001132,HC_avg_k51,22,lymphocyte
ach-001278,HC_avg_k51,50,ovary
ach-000032,HC_avg_k51,22,blood
ach-003108,HC_avg_k51,22,lymphocyte
ach-001419,HC_avg_k51,13,breast
ach-000494,HC_avg_k51,4,ovary
ach-000865,HC_avg_k51,13,esophagus
ach-000439,HC_avg_k51,22,blood
ach-001523,HC_avg_k51,13,skin
ach-001983,HC_avg_k51,23,skin
ach-000024,HC_avg_k51,22,plasma_cell
ach-000674,HC_avg_k51,15,gastric
ach-000670,HC_avg_k51,50,lung
ach-000599,HC_avg_k51,15,pancreas
ach-000263,HC_avg_k51,22,blood
ach-003191,HC_avg_k51,30,bone
ach-000303,HC_avg_k51,7,gastric
ach-001551,HC_avg_k51,39,skin
ach-002795,HC_avg_k51,38,soft_tissue
ach-000793,HC_avg_k51,15,gastric
ach-002511,HC_avg_k51,23,skin
ach-000286,HC_avg_k51,15,colorectal
ach-000250,HC_avg_k51,4,kidney
ach-000139,HC_avg_k51,15,pancreas
ach-001735,HC_avg_k51,22,blood
ach-002013,HC_avg_k51,23,eye
ach-001389,HC_avg_k51,30,breast
ach-001183,HC_avg_k51,13,urinary_tract
ach-000551,HC_avg_k51,22,blood
ach-003101,HC_avg_k51,22,lymphocyte
ach-001163,HC_avg_k51,49,kidney
ach-000037,HC_avg_k51,30,soft_tissue
ach-000744,HC_avg_k51,14,lung
ach-000420,HC_avg_k51,4,liver
ach-000336,HC_avg_k51,22,blood
ach-000486,HC_avg_k51,19,urinary_tract
ach-000679,HC_avg_k51,15,esophagus
ach-001557,HC_avg_k51,30,lung
ach-000247,HC_avg_k51,15,gastric
ach-000947,HC_avg_k51,50,ovary
ach-000807,HC_avg_k51,35,central_nervous_system
ach-000476,HC_avg_k51,2,liver
ach-000525,HC_avg_k51,45,lung
ach-003154,HC_avg_k51,25,lung
ach-001148,HC_avg_k51,22,lymphocyte
ach-003455,HC_avg_k51,23,skin
ach-000853,HC_avg_k51,50,lung
ach-000083,HC_avg_k51,30,fibroblast
ach-000479,HC_avg_k51,30,central_nervous_system
ach-000230,HC_avg_k51,30,fibroblast
ach-001664,HC_avg_k51,17,gastric
ach-002705,HC_avg_k51,15,gastric
ach-002937,HC_avg_k51,4,kidney
ach-000955,HC_avg_k51,15,colorectal
ach-000049,HC_avg_k51,4,kidney
ach-000675,HC_avg_k51,15,lung
ach-000199,HC_avg_k51,30,fibroblast
ach-000193,HC_avg_k51,22,plasma_cell
ach-001686,HC_avg_k51,22,lymphocyte
ach-000538,HC_avg_k51,50,gastric
ach-002490,HC_avg_k51,45,lung
ach-001683,HC_avg_k51,14,breast
ach-001990,HC_avg_k51,23,skin
ach-001438,HC_avg_k51,42,testis
ach-001647,HC_avg_k51,22,blood
ach-002043,HC_avg_k51,13,upper_aerodigestive
ach-001649,HC_avg_k51,13,prostate
ach-000155,HC_avg_k51,7,pancreas
ach-000270,HC_avg_k51,15,pancreas
ach-003106,HC_avg_k51,22,lymphocyte
ach-003177,HC_avg_k51,30,soft_tissue
ach-000683,HC_avg_k51,13,colorectal
ach-002017,HC_avg_k51,23,eye
ach-000655,HC_avg_k51,30,central_nervous_system
ach-000145,HC_avg_k51,30,soft_tissue
ach-001495,HC_avg_k51,4,uterus
ach-000188,HC_avg_k51,13,upper_aerodigestive
ach-003458,HC_avg_k51,23,skin
ach-000080,HC_avg_k51,22,blood
ach-000146,HC_avg_k51,22,blood
ach-000415,HC_avg_k51,13,upper_aerodigestive
ach-001518,HC_avg_k51,12,uterus
ach-002290,HC_avg_k51,22,blood
ach-000891,HC_avg_k51,33,lung
ach-001625,HC_avg_k51,13,upper_aerodigestive
ach-001985,HC_avg_k51,30,skin
ach-000895,HC_avg_k51,15,colorectal
ach-000851,HC_avg_k51,14,lung
ach-000824,HC_avg_k51,13,esophagus
ach-000506,HC_avg_k51,45,lung
ach-001427,HC_avg_k51,45,bone
ach-000540,HC_avg_k51,30,fibroblast
ach-000061,HC_avg_k51,22,lymphocyte
ach-000185,HC_avg_k51,30,fibroblast
ach-000568,HC_avg_k51,14,breast
ach-000707,HC_avg_k51,22,lymphocyte
ach-000603,HC_avg_k51,45,lung
ach-000983,HC_avg_k51,22,blood
ach-000541,HC_avg_k51,22,plasma_cell
ach-000680,HC_avg_k51,15,colorectal
ach-002460,HC_avg_k51,23,skin
ach-000111,HC_avg_k51,10,breast
ach-002463,HC_avg_k51,30,eye
ach-000369,HC_avg_k51,22,blood
ach-002928,HC_avg_k51,23,skin
ach-000618,HC_avg_k51,13,upper_aerodigestive
ach-000470,HC_avg_k51,15,colorectal
ach-003150,HC_avg_k51,30,central_nervous_system
ach-002039,HC_avg_k51,13,pancreas
ach-000118,HC_avg_k51,15,pancreas
ach-000614,HC_avg_k51,23,skin
ach-001338,HC_avg_k51,45,peripheral_nervous_system
ach-000432,HC_avg_k51,22,blood
ach-000556,HC_avg_k51,6,cervix
ach-001804,HC_avg_k51,30,soft_tissue
ach-001386,HC_avg_k51,45,lung
ach-001060,HC_avg_k51,22,lymphocyte
ach-001525,HC_avg_k51,13,cervix
ach-001539,HC_avg_k51,22,lymphocyte
ach-000014,HC_avg_k51,23,skin
ach-002785,HC_avg_k51,30,soft_tissue
ach-000637,HC_avg_k51,13,esophagus
ach-002693,HC_avg_k51,39,peripheral_nervous_system
ach-001855,HC_avg_k51,15,bile_duct
ach-000455,HC_avg_k51,30,central_nervous_system
ach-000389,HC_avg_k51,30,central_nervous_system
ach-002710,HC_avg_k51,30,peripheral_nervous_system
ach-000129,HC_avg_k51,45,lung
ach-000490,HC_avg_k51,13,cervix
ach-000434,HC_avg_k51,33,lung
ach-001086,HC_avg_k51,6,cervix
ach-002042,HC_avg_k51,13,thyroid
ach-000597,HC_avg_k51,50,soft_tissue
ach-000756,HC_avg_k51,30,central_nervous_system
ach-000396,HC_avg_k51,30,urinary_tract
ach-003148,HC_avg_k51,30,central_nervous_system
ach-000089,HC_avg_k51,15,colorectal
ach-002478,HC_avg_k51,22,lymphocyte
ach-000371,HC_avg_k51,22,lymphocyte
ach-000265,HC_avg_k51,50,pancreas
ach-000132,HC_avg_k51,11,ovary
ach-000216,HC_avg_k51,15,esophagus
ach-000613,HC_avg_k51,36,bone
ach-000855,HC_avg_k51,13,esophagus
ach-000906,HC_avg_k51,30,ovary
ach-000348,HC_avg_k51,30,skin
ach-001100,HC_avg_k51,22,lymphocyte
ach-000238,HC_avg_k51,13,upper_aerodigestive
ach-000237,HC_avg_k51,30,ovary
ach-003099,HC_avg_k51,13,upper_aerodigestive
ach-000393,HC_avg_k51,30,liver
ach-003107,HC_avg_k51,22,lymphocyte
ach-000623,HC_avg_k51,30,central_nervous_system
ach-000359,HC_avg_k51,30,bone
ach-001028,HC_avg_k51,50,soft_tissue
ach-000621,HC_avg_k51,28,breast
ach-001641,HC_avg_k51,13,upper_aerodigestive
ach-000056,HC_avg_k51,22,lymphocyte
ach-000483,HC_avg_k51,39,liver
ach-003308,HC_avg_k51,30,unknown
ach-000514,HC_avg_k51,45,lung
ach-000051,HC_avg_k51,50,soft_tissue
ach-003433,HC_avg_k51,15,pancreas
ach-000043,HC_avg_k51,30,fibroblast
ach-000936,HC_avg_k51,12,ovary
ach-000716,HC_avg_k51,33,thyroid
ach-000988,HC_avg_k51,11,uterus
ach-000952,HC_avg_k51,14,prostate
ach-001350,HC_avg_k51,32,thyroid
ach-000065,HC_avg_k51,22,blood
ach-000609,HC_avg_k51,30,central_nervous_system
ach-001411,HC_avg_k51,13,urinary_tract
ach-000504,HC_avg_k51,30,central_nervous_system
ach-002677,HC_avg_k51,22,lymphocyte
ach-000956,HC_avg_k51,14,prostate
ach-001712,HC_avg_k51,30,bone
ach-000652,HC_avg_k51,7,pancreas
ach-000414,HC_avg_k51,6,lung
ach-000472,HC_avg_k51,13,upper_aerodigestive
ach-000007,HC_avg_k51,15,colorectal
ach-000446,HC_avg_k51,30,peripheral_nervous_system
ach-003071,HC_avg_k51,45,lung
ach-000386,HC_avg_k51,22,blood
ach-001850,HC_avg_k51,7,bile_duct
ach-000755,HC_avg_k51,14,breast
ach-001503,HC_avg_k51,22,lymphocyte
ach-000028,HC_avg_k51,14,breast
ach-000665,HC_avg_k51,8,lung
ach-001679,HC_avg_k51,22,lymphocyte
ach-000078,HC_avg_k51,45,peripheral_nervous_system
ach-002046,HC_avg_k51,30,uterus
ach-000397,HC_avg_k51,12,uterus
ach-003145,HC_avg_k51,30,embryo
ach-000229,HC_avg_k51,30,fibroblast
ach-002925,HC_avg_k51,23,eye
ach-000518,HC_avg_k51,13,upper_aerodigestive
ach-001566,HC_avg_k51,23,skin
ach-000252,HC_avg_k51,15,colorectal
ach-000572,HC_avg_k51,23,skin
ach-001605,HC_avg_k51,30,central_nervous_system
ach-002522,HC_avg_k51,30,lung
ach-000277,HC_avg_k51,14,breast
ach-001239,HC_avg_k51,23,skin
ach-000786,HC_avg_k51,22,lymphocyte
ach-000803,HC_avg_k51,45,lung
ach-001970,HC_avg_k51,23,skin
ach-002038,HC_avg_k51,15,ovary
ach-000537,HC_avg_k51,2,liver
ach-002660,HC_avg_k51,15,colorectal
ach-002806,HC_avg_k51,30,central_nervous_system
ach-000419,HC_avg_k51,22,plasma_cell
ach-002782,HC_avg_k51,30,soft_tissue
ach-000724,HC_avg_k51,13,urinary_tract
ach-000522,HC_avg_k51,30,urinary_tract
ach-001549,HC_avg_k51,45,lung
ach-000706,HC_avg_k51,6,lung
ach-000737,HC_avg_k51,45,lung
ach-000548,HC_avg_k51,13,upper_aerodigestive
ach-001839,HC_avg_k51,1,bile_duct
ach-001799,HC_avg_k51,30,soft_tissue
ach-001573,HC_avg_k51,22,blood
ach-002946,HC_avg_k51,22,blood
ach-000425,HC_avg_k51,23,skin
ach-003103,HC_avg_k51,22,lymphocyte
ach-000375,HC_avg_k51,50,kidney
ach-000753,HC_avg_k51,36,urinary_tract
ach-000275,HC_avg_k51,30,fibroblast
ach-000735,HC_avg_k51,13,upper_aerodigestive
ach-000654,HC_avg_k51,22,lymphocyte
ach-001067,HC_avg_k51,50,central_nervous_system
ach-000170,HC_avg_k51,13,prostate
ach-001394,HC_avg_k51,13,breast
ach-001433,HC_avg_k51,48,soft_tissue
ach-000404,HC_avg_k51,23,skin
ach-000882,HC_avg_k51,23,skin
ach-001509,HC_avg_k51,13,upper_aerodigestive
ach-000210,HC_avg_k51,45,bone
ach-000254,HC_avg_k51,13,upper_aerodigestive
ach-000604,HC_avg_k51,22,blood
ach-000090,HC_avg_k51,18,prostate
ach-000195,HC_avg_k51,22,blood
ach-001791,HC_avg_k51,30,soft_tissue
ach-001650,HC_avg_k51,6,cervix
ach-000605,HC_avg_k51,13,esophagus
ach-000458,HC_avg_k51,13,skin
ach-003121,HC_avg_k51,45,lung
ach-003125,HC_avg_k51,29,soft_tissue
ach-002084,HC_avg_k51,23,skin
ach-000004,HC_avg_k51,22,blood
ach-000251,HC_avg_k51,7,lung
ach-000241,HC_avg_k51,22,blood
ach-001194,HC_avg_k51,4,kidney
ach-001987,HC_avg_k51,30,skin
ach-002055,HC_avg_k51,22,lymphocyte
ach-002689,HC_avg_k51,39,bone
ach-001443,HC_avg_k51,30,thyroid
ach-000688,HC_avg_k51,27,ovary
ach-000405,HC_avg_k51,22,blood
ach-000821,HC_avg_k51,22,plasma_cell
ach-001677,HC_avg_k51,22,lymphocyte
ach-002526,HC_avg_k51,14,lung
ach-001627,HC_avg_k51,13,prostate
ach-000951,HC_avg_k51,14,lung
ach-001036,HC_avg_k51,22,blood
ach-002792,HC_avg_k51,23,soft_tissue
ach-000547,HC_avg_k51,13,urinary_tract
ach-000826,HC_avg_k51,13,lung
ach-001986,HC_avg_k51,23,skin
ach-001147,HC_avg_k51,22,lymphocyte
ach-002927,HC_avg_k51,23,eye
ach-002470,HC_avg_k51,39,bone
ach-000162,HC_avg_k51,22,lymphocyte
ach-003139,HC_avg_k51,30,muscle
ach-001751,HC_avg_k51,39,soft_tissue
ach-000018,HC_avg_k51,36,urinary_tract
ach-000721,HC_avg_k51,49,breast
ach-000003,HC_avg_k51,15,colorectal
ach-000092,HC_avg_k51,30,lung
ach-000669,HC_avg_k51,15,lung
ach-001099,HC_avg_k51,50,soft_tissue
ach-000648,HC_avg_k51,4,lung
ach-000950,HC_avg_k51,15,colorectal
ach-000050,HC_avg_k51,22,plasma_cell
ach-001106,HC_avg_k51,22,blood
ach-002051,HC_avg_k51,45,lung
ach-000367,HC_avg_k51,30,lung
ach-000589,HC_avg_k51,14,lung
ach-000564,HC_avg_k51,22,plasma_cell
ach-001522,HC_avg_k51,23,skin
ach-000831,HC_avg_k51,4,uterus
ach-000424,HC_avg_k51,45,bone
ach-000409,HC_avg_k51,11,ovary
ach-000616,HC_avg_k51,27,gastric
ach-000628,HC_avg_k51,13,lung
ach-000512,HC_avg_k51,22,plasma_cell
ach-000232,HC_avg_k51,30,central_nervous_system
ach-000820,HC_avg_k51,15,colorectal
ach-001295,HC_avg_k51,45,eye
ach-001164,HC_avg_k51,38,soft_tissue
ach-000806,HC_avg_k51,22,lymphocyte
ach-002524,HC_avg_k51,11,ovary
ach-000645,HC_avg_k51,30,lung
ach-000099,HC_avg_k51,45,peripheral_nervous_system
ach-000902,HC_avg_k51,14,breast
ach-000649,HC_avg_k51,4,kidney
ach-000086,HC_avg_k51,35,lung
ach-000149,HC_avg_k51,30,peripheral_nervous_system
ach-002538,HC_avg_k51,15,colorectal
ach-000142,HC_avg_k51,13,urinary_tract
ach-002535,HC_avg_k51,15,colorectal
ach-000227,HC_avg_k51,45,peripheral_nervous_system
ach-000697,HC_avg_k51,22,lymphocyte
ach-000942,HC_avg_k51,22,blood
ach-000264,HC_avg_k51,37,lung
ach-000809,HC_avg_k51,13,esophagus
ach-000093,HC_avg_k51,15,pancreas
ach-000100,HC_avg_k51,39,soft_tissue
ach-001445,HC_avg_k51,13,upper_aerodigestive
ach-000060,HC_avg_k51,15,pancreas
ach-000001,HC_avg_k51,11,ovary
ach-000957,HC_avg_k51,15,colorectal
ach-000650,HC_avg_k51,23,skin
ach-001096,HC_avg_k51,39,soft_tissue
ach-002799,HC_avg_k51,29,peripheral_nervous_system
ach-002404,HC_avg_k51,23,skin
ach-000239,HC_avg_k51,15,gastric
ach-000762,HC_avg_k51,13,upper_aerodigestive
ach-000922,HC_avg_k51,22,blood
ach-002784,HC_avg_k51,30,soft_tissue
ach-002653,HC_avg_k51,22,blood
ach-000859,HC_avg_k51,13,breast
ach-000990,HC_avg_k51,12,uterus
ach-000410,HC_avg_k51,30,bone
ach-001971,HC_avg_k51,23,skin
ach-000927,HC_avg_k51,14,breast
ach-001853,HC_avg_k51,15,bile_duct
ach-001978,HC_avg_k51,23,skin
ach-000694,HC_avg_k51,13,esophagus
ach-000935,HC_avg_k51,30,colorectal
ach-000918,HC_avg_k51,22,blood
ach-001984,HC_avg_k51,23,skin
ach-000761,HC_avg_k51,13,gastric
ach-001563,HC_avg_k51,30,skin
ach-000974,HC_avg_k51,12,uterus
ach-000297,HC_avg_k51,45,lung
ach-001719,HC_avg_k51,4,ovary
ach-000243,HC_avg_k51,13,pancreas
ach-001418,HC_avg_k51,11,ovary
ach-000362,HC_avg_k51,22,blood
ach-000843,HC_avg_k51,13,lung
ach-002052,HC_avg_k51,45,lung
ach-000840,HC_avg_k51,34,lung
ach-001852,HC_avg_k51,13,bile_duct
ach-001528,HC_avg_k51,33,thyroid
ach-001656,HC_avg_k51,22,blood
ach-000016,HC_avg_k51,4,kidney
ach-000165,HC_avg_k51,30,fibroblast
ach-001460,HC_avg_k51,15,colorectal
ach-000592,HC_avg_k51,30,central_nervous_system
ach-001192,HC_avg_k51,45,bone
ach-000045,HC_avg_k51,22,blood
ach-000741,HC_avg_k51,16,urinary_tract
ach-000912,HC_avg_k51,50,lung
ach-000529,HC_avg_k51,30,fibroblast
ach-000508,HC_avg_k51,45,lung
ach-000577,HC_avg_k51,2,liver
ach-000768,HC_avg_k51,27,breast
ach-000636,HC_avg_k51,22,blood
ach-000667,HC_avg_k51,9,lung
ach-000905,HC_avg_k51,13,urinary_tract
ach-001494,HC_avg_k51,15,bile_duct
ach-000387,HC_avg_k51,22,blood
ach-002510,HC_avg_k51,23,skin
ach-001303,HC_avg_k51,45,peripheral_nervous_system
ach-000026,HC_avg_k51,4,urinary_tract
ach-000838,HC_avg_k51,22,plasma_cell
ach-001172,HC_avg_k51,29,central_nervous_system
ach-000822,HC_avg_k51,23,skin
ach-000531,HC_avg_k51,30,fibroblast
ach-000349,HC_avg_k51,14,breast
ach-000527,HC_avg_k51,12,ovary
ach-000279,HC_avg_k51,45,bone
ach-000516,HC_avg_k51,30,bone
ach-001662,HC_avg_k51,10,breast
ach-000812,HC_avg_k51,23,skin
ach-003157,HC_avg_k51,30,lung
ach-003464,HC_avg_k51,30,soft_tissue
ach-001300,HC_avg_k51,45,peripheral_nervous_system
ach-000524,HC_avg_k51,11,ovary
ach-000611,HC_avg_k51,22,lymphocyte
ach-002419,HC_avg_k51,30,uterus
ach-000411,HC_avg_k51,4,kidney
ach-000718,HC_avg_k51,15,lung
ach-000903,HC_avg_k51,30,thyroid
ach-002021,HC_avg_k51,41,uterus
ach-000433,HC_avg_k51,4,kidney
ach-000499,HC_avg_k51,45,bone
ach-000278,HC_avg_k51,34,ovary
ach-000202,HC_avg_k51,45,colorectal
ach-001736,HC_avg_k51,22,blood
ach-001379,HC_avg_k51,15,pancreas
ach-002070,HC_avg_k51,27,central_nervous_system
ach-002794,HC_avg_k51,30,soft_tissue
ach-000128,HC_avg_k51,30,central_nervous_system
ach-002528,HC_avg_k51,4,kidney
ach-000696,HC_avg_k51,36,ovary
ach-000041,HC_avg_k51,45,bone
ach-000214,HC_avg_k51,30,fibroblast
ach-000747,HC_avg_k51,50,lung
ach-001307,HC_avg_k51,30,thyroid
ach-000341,HC_avg_k51,45,peripheral_nervous_system
ach-001740,HC_avg_k51,39,soft_tissue
ach-000417,HC_avg_k51,15,pancreas
ach-001393,HC_avg_k51,14,breast
ach-000120,HC_avg_k51,30,peripheral_nervous_system
ach-001694,HC_avg_k51,13,upper_aerodigestive
ach-001542,HC_avg_k51,13,upper_aerodigestive
ach-002509,HC_avg_k51,23,skin
ach-000438,HC_avg_k51,9,lung
ach-001366,HC_avg_k51,45,peripheral_nervous_system
ach-000653,HC_avg_k51,22,plasma_cell
ach-000839,HC_avg_k51,13,urinary_tract
ach-000673,HC_avg_k51,30,central_nervous_system
ach-001524,HC_avg_k51,13,skin
ach-000069,HC_avg_k51,22,lymphocyte
ach-002996,HC_avg_k51,30,lung
ach-003142,HC_avg_k51,30,muscle
ach-000323,HC_avg_k51,30,central_nervous_system
ach-000021,HC_avg_k51,14,lung
ach-001863,HC_avg_k51,15,bile_duct
ach-001996,HC_avg_k51,15,bile_duct
ach-000980,HC_avg_k51,45,lung
ach-000106,HC_avg_k51,22,lymphocyte
ach-003156,HC_avg_k51,13,lung
ach-000734,HC_avg_k51,1,liver
ach-000845,HC_avg_k51,15,lung
ach-001982,HC_avg_k51,23,skin
ach-000730,HC_avg_k51,23,skin
ach-001334,HC_avg_k51,13,cervix
ach-000698,HC_avg_k51,45,lung
ach-000802,HC_avg_k51,13,urinary_tract
ach-001836,HC_avg_k51,2,bile_duct
ach-000573,HC_avg_k51,28,breast
ach-001699,HC_avg_k51,13,upper_aerodigestive
ach-000963,HC_avg_k51,15,colorectal
ach-001567,HC_avg_k51,23,skin
ach-001653,HC_avg_k51,15,gastric
ach-000852,HC_avg_k51,15,lung
ach-001862,HC_avg_k51,7,bile_duct
ach-001976,HC_avg_k51,23,skin
ach-002665,HC_avg_k51,15,colorectal
ach-003153,HC_avg_k51,13,lung
ach-000661,HC_avg_k51,23,skin
ach-001500,HC_avg_k51,46,esophagus
ach-001190,HC_avg_k51,23,skin
ach-002467,HC_avg_k51,30,eye
ach-000364,HC_avg_k51,40,bone
ach-000448,HC_avg_k51,13,lung
ach-000979,HC_avg_k51,18,prostate
ach-000932,HC_avg_k51,51,gastric
ach-000783,HC_avg_k51,14,breast
ach-002044,HC_avg_k51,44,upper_aerodigestive
ach-000301,HC_avg_k51,22,blood
ach-002459,HC_avg_k51,23,skin
ach-000976,HC_avg_k51,15,bile_duct
ach-001516,HC_avg_k51,45,cervix
ach-001354,HC_avg_k51,45,peripheral_nervous_system
ach-001645,HC_avg_k51,23,skin
ach-003135,HC_avg_k51,30,central_nervous_system
ach-000867,HC_avg_k51,14,lung
ach-000304,HC_avg_k51,23,skin
ach-002069,HC_avg_k51,39,bone
ach-000931,HC_avg_k51,23,skin
ach-001374,HC_avg_k51,42,ovary
ach-000302,HC_avg_k51,4,uterus
ach-000305,HC_avg_k51,13,esophagus
ach-000072,HC_avg_k51,22,blood
ach-000766,HC_avg_k51,13,lung
ach-000533,HC_avg_k51,50,soft_tissue
ach-000343,HC_avg_k51,50,lung
ach-001437,HC_avg_k51,42,testis
ach-000171,HC_avg_k51,4,kidney
ach-003475,HC_avg_k51,13,upper_aerodigestive
ach-000173,HC_avg_k51,11,uterus
ach-000535,HC_avg_k51,13,pancreas
ach-000774,HC_avg_k51,13,lung
ach-000178,HC_avg_k51,7,pancreas
ach-001306,HC_avg_k51,30,thyroid
ach-000994,HC_avg_k51,12,uterus
ach-001188,HC_avg_k51,45,peripheral_nervous_system
ach-000372,HC_avg_k51,22,blood
ach-002886,HC_avg_k51,15,colorectal
ach-000804,HC_avg_k51,45,peripheral_nervous_system
ach-000011,HC_avg_k51,4,urinary_tract
ach-000733,HC_avg_k51,15,lung
ach-001603,HC_avg_k51,45,peripheral_nervous_system
ach-000829,HC_avg_k51,22,plasma_cell
ach-000141,HC_avg_k51,13,bile_duct
ach-000810,HC_avg_k51,23,skin
ach-001994,HC_avg_k51,2,bile_duct
ach-001145,HC_avg_k51,12,ovary
ach-000717,HC_avg_k51,13,esophagus
ach-000738,HC_avg_k51,30,central_nervous_system
ach-001843,HC_avg_k51,23,bile_duct
ach-002664,HC_avg_k51,15,colorectal
ach-000780,HC_avg_k51,45,lung
ach-001548,HC_avg_k51,45,peripheral_nervous_system
ach-000759,HC_avg_k51,14,breast
ach-001555,HC_avg_k51,30,lung
ach-001369,HC_avg_k51,12,ovary
ach-000969,HC_avg_k51,15,colorectal
ach-000873,HC_avg_k51,19,esophagus
ach-001275,HC_avg_k51,39,soft_tissue
ach-002654,HC_avg_k51,15,colorectal
ach-002435,HC_avg_k51,4,kidney
ach-001972,HC_avg_k51,23,skin
ach-000921,HC_avg_k51,33,lung
ach-003470,HC_avg_k51,30,thyroid
ach-001953,HC_avg_k51,23,skin
ach-002843,HC_avg_k51,30,soft_tissue
ach-001373,HC_avg_k51,11,ovary
ach-002800,HC_avg_k51,30,peripheral_nervous_system
ach-001022,HC_avg_k51,45,bone
ach-000082,HC_avg_k51,30,bone
ach-003105,HC_avg_k51,23,skin
ach-000488,HC_avg_k51,13,esophagus
ach-000790,HC_avg_k51,45,lung
ach-000172,HC_avg_k51,50,soft_tissue
ach-000647,HC_avg_k51,13,esophagus
ach-000602,HC_avg_k51,22,blood
ach-003181,HC_avg_k51,30,soft_tissue
ach-002681,HC_avg_k51,30,central_nervous_system
ach-001465,HC_avg_k51,45,peripheral_nervous_system
ach-003012,HC_avg_k51,6,lung
ach-000156,HC_avg_k51,22,blood
ach-002001,HC_avg_k51,23,skin
ach-000315,HC_avg_k51,22,lymphocyte
ach-001678,HC_avg_k51,22,lymphocyte
ach-002446,HC_avg_k51,15,gastric
ach-000201,HC_avg_k51,50,soft_tissue
ach-000435,HC_avg_k51,12,uterus
ach-000965,HC_avg_k51,13,uterus
ach-001550,HC_avg_k51,39,skin
ach-002026,HC_avg_k51,12,uterus
ach-000883,HC_avg_k51,30,central_nervous_system
ach-000482,HC_avg_k51,14,lung
ach-000450,HC_avg_k51,23,skin
ach-002672,HC_avg_k51,15,pancreas
ach-000835,HC_avg_k51,30,soft_tissue
ach-002431,HC_avg_k51,30,peripheral_nervous_system
ach-001802,HC_avg_k51,39,soft_tissue
ach-000629,HC_avg_k51,30,central_nervous_system
ach-000715,HC_avg_k51,13,upper_aerodigestive
ach-000870,HC_avg_k51,45,lung
ach-000910,HC_avg_k51,14,breast
ach-000779,HC_avg_k51,13,lung
ach-000140,HC_avg_k51,22,lymphocyte
ach-001196,HC_avg_k51,39,soft_tissue
ach-001484,HC_avg_k51,22,blood
ach-000693,HC_avg_k51,13,esophagus
ach-000811,HC_avg_k51,12,ovary
ach-000423,HC_avg_k51,23,skin
ach-000290,HC_avg_k51,45,lung
ach-001847,HC_avg_k51,2,bile_duct
ach-000492,HC_avg_k51,22,blood
ach-001519,HC_avg_k51,50,bone
ach-000110,HC_avg_k51,14,gastric
ach-001497,HC_avg_k51,15,esophagus
ach-000102,HC_avg_k51,30,central_nervous_system
ach-000817,HC_avg_k51,22,plasma_cell
ach-001556,HC_avg_k51,30,lung
ach-000964,HC_avg_k51,22,blood
ach-000378,HC_avg_k51,9,lung
ach-000913,HC_avg_k51,34,uterus
ach-000575,HC_avg_k51,27,lung
ach-000634,HC_avg_k51,30,central_nervous_system
ach-002291,HC_avg_k51,42,embryo
ach-001322,HC_avg_k51,39,soft_tissue
ach-002924,HC_avg_k51,23,eye
ach-000767,HC_avg_k51,45,lung
ach-001642,HC_avg_k51,22,lymphocyte
ach-001552,HC_avg_k51,39,skin
ach-000451,HC_avg_k51,13,lung
ach-000879,HC_avg_k51,50,uterus
ach-001842,HC_avg_k51,13,bile_duct
ach-002662,HC_avg_k51,15,colorectal
ach-001032,HC_avg_k51,45,bone
ach-000982,HC_avg_k51,15,colorectal
ach-001636,HC_avg_k51,22,lymphocyte
ach-000189,HC_avg_k51,4,kidney
ach-000454,HC_avg_k51,13,lung
ach-000131,HC_avg_k51,30,fibroblast
ach-000660,HC_avg_k51,22,lymphocyte
ach-001197,HC_avg_k51,22,lymphocyte
ach-000915,HC_avg_k51,23,skin
ach-000480,HC_avg_k51,1,liver
ach-000745,HC_avg_k51,22,plasma_cell
ach-000161,HC_avg_k51,2,lung
ach-000395,HC_avg_k51,44,lung
ach-001459,HC_avg_k51,15,colorectal
ach-000916,HC_avg_k51,14,lung
ach-001609,HC_avg_k51,30,central_nervous_system
ach-001960,HC_avg_k51,13,bile_duct
ach-002648,HC_avg_k51,11,uterus
ach-001856,HC_avg_k51,2,bile_duct
ach-003158,HC_avg_k51,30,muscle
ach-002433,HC_avg_k51,30,bone
ach-000295,HC_avg_k51,22,blood
ach-001485,HC_avg_k51,22,blood
ach-003269,HC_avg_k51,26,soft_tissue
ach-000292,HC_avg_k51,50,lung
ach-000137,HC_avg_k51,29,central_nervous_system
ach-000308,HC_avg_k51,12,ovary
ach-000445,HC_avg_k51,30,central_nervous_system
ach-001229,HC_avg_k51,13,upper_aerodigestive
ach-000144,HC_avg_k51,14,gastric
ach-000837,HC_avg_k51,13,lung
ach-000048,HC_avg_k51,50,ovary
ach-000463,HC_avg_k51,6,lung
ach-000881,HC_avg_k51,23,skin
ach-000388,HC_avg_k51,22,lymphocyte
ach-001992,HC_avg_k51,30,lung
ach-000147,HC_avg_k51,14,breast
ach-000930,HC_avg_k51,10,breast
ach-000899,HC_avg_k51,23,skin
ach-000366,HC_avg_k51,45,peripheral_nervous_system
ach-001571,HC_avg_k51,22,lymphocyte
ach-001526,HC_avg_k51,39,bone
ach-000064,HC_avg_k51,13,lung
ach-001329,HC_avg_k51,30,central_nervous_system
ach-001676,HC_avg_k51,43,upper_aerodigestive
ach-000418,HC_avg_k51,30,bone
ach-001280,HC_avg_k51,39,soft_tissue
ach-002922,HC_avg_k51,45,peripheral_nervous_system
ach-000861,HC_avg_k51,30,lung
ach-000692,HC_avg_k51,13,upper_aerodigestive
ach-003137,HC_avg_k51,30,central_nervous_system
ach-000107,HC_avg_k51,15,pancreas
ach-000133,HC_avg_k51,30,soft_tissue
ach-000306,HC_avg_k51,30,fibroblast
ach-001530,HC_avg_k51,41,uterus
ach-000651,HC_avg_k51,44,colorectal
ach-000563,HC_avg_k51,15,lung
ach-000058,HC_avg_k51,28,thyroid
ach-000345,HC_avg_k51,45,peripheral_nervous_system
ach-000316,HC_avg_k51,2,liver
ach-000884,HC_avg_k51,23,skin
ach-000289,HC_avg_k51,23,central_nervous_system
ach-001451,HC_avg_k51,34,cervix
ach-003459,HC_avg_k51,23,skin
ach-002440,HC_avg_k51,32,thyroid
ach-000355,HC_avg_k51,45,lung
ach-002926,HC_avg_k51,23,unknown
ach-000962,HC_avg_k51,12,ovary
ach-000473,HC_avg_k51,13,urinary_tract
ach-000192,HC_avg_k51,45,uterus
ach-001624,HC_avg_k51,30,central_nervous_system
ach-001989,HC_avg_k51,23,skin
ach-001807,HC_avg_k51,30,soft_tissue
ach-002532,HC_avg_k51,15,colorectal
ach-002466,HC_avg_k51,30,eye
ach-001344,HC_avg_k51,30,peripheral_nervous_system
ach-001684,HC_avg_k51,22,blood
ach-000757,HC_avg_k51,50,lung
ach-000054,HC_avg_k51,30,soft_tissue
ach-001318,HC_avg_k51,1,liver
ach-000601,HC_avg_k51,46,pancreas
ach-000635,HC_avg_k51,11,ovary
ach-001857,HC_avg_k51,37,bile_duct
ach-000966,HC_avg_k51,12,ovary
ach-000630,HC_avg_k51,30,upper_aerodigestive
ach-000225,HC_avg_k51,45,gastric
ach-002047,HC_avg_k51,30,uterus
ach-000657,HC_avg_k51,50,ovary
ach-000624,HC_avg_k51,13,breast
ach-000699,HC_avg_k51,28,breast
ach-000923,HC_avg_k51,22,lymphocyte
ach-000687,HC_avg_k51,22,lymphocyte
ach-000044,HC_avg_k51,14,breast
ach-000740,HC_avg_k51,13,upper_aerodigestive
ach-000447,HC_avg_k51,9,lung
ach-000101,HC_avg_k51,22,blood
ach-001416,HC_avg_k51,13,urinary_tract
ach-000319,HC_avg_k51,30,lung
ach-000198,HC_avg_k51,22,blood
ach-000280,HC_avg_k51,13,ovary
ach-003265,HC_avg_k51,26,soft_tissue
ach-000104,HC_avg_k51,22,blood
ach-001835,HC_avg_k51,2,bile_duct
ach-000892,HC_avg_k51,6,lung
ach-000493,HC_avg_k51,30,liver
ach-000042,HC_avg_k51,15,pancreas
ach-002045,HC_avg_k51,13,upper_aerodigestive
ach-000221,HC_avg_k51,50,liver
ach-000477,HC_avg_k51,23,skin
ach-000746,HC_avg_k51,44,gastric
ach-000356,HC_avg_k51,15,gastric
ach-000457,HC_avg_k51,4,kidney
ach-000904,HC_avg_k51,45,lung
ach-002060,HC_avg_k51,22,blood
ach-003159,HC_avg_k51,30,hair
ach-001813,HC_avg_k51,30,bone
ach-000244,HC_avg_k51,30,central_nervous_system
ach-000610,HC_avg_k51,45,lung
ach-000081,HC_avg_k51,22,blood
ach-003161,HC_avg_k51,30,pancreas
ach-000255,HC_avg_k51,30,gastric
ach-001038,HC_avg_k51,45,bone
ach-000352,HC_avg_k51,14,breast
ach-002016,HC_avg_k51,30,eye
ach-000416,HC_avg_k51,6,lung
ach-000752,HC_avg_k51,30,lung
ach-000862,HC_avg_k51,13,urinary_tract
ach-000236,HC_avg_k51,15,colorectal
ach-000401,HC_avg_k51,23,skin
ach-000731,HC_avg_k51,27,lung
ach-000875,HC_avg_k51,15,lung
ach-000626,HC_avg_k51,22,plasma_cell
ach-000593,HC_avg_k51,13,urinary_tract
ach-000182,HC_avg_k51,15,bile_duct
ach-000442,HC_avg_k51,30,lung
ach-000159,HC_avg_k51,4,kidney
ach-000907,HC_avg_k51,4,kidney
ach-000191,HC_avg_k51,9,thyroid
ach-000205,HC_avg_k51,15,pancreas
ach-000103,HC_avg_k51,11,ovary
ach-000739,HC_avg_k51,1,liver
ach-001558,HC_avg_k51,30,lung
ach-000206,HC_avg_k51,22,lymphocyte
ach-000841,HC_avg_k51,15,lung
ach-000615,HC_avg_k51,23,skin
ach-001613,HC_avg_k51,22,blood
ach-001608,HC_avg_k51,30,central_nervous_system
ach-000801,HC_avg_k51,23,skin
ach-000539,HC_avg_k51,30,fibroblast
ach-000464,HC_avg_k51,30,central_nervous_system
ach-000622,HC_avg_k51,30,central_nervous_system
ach-000452,HC_avg_k51,19,esophagus
ach-001390,HC_avg_k51,13,breast
ach-001401,HC_avg_k51,50,adrenal_cortex
ach-000365,HC_avg_k51,22,lymphocyte
ach-001431,HC_avg_k51,45,bone
ach-000475,HC_avg_k51,1,liver
ach-000860,HC_avg_k51,15,lung
ach-000074,HC_avg_k51,22,blood
ach-000377,HC_avg_k51,14,bile_duct
ach-001562,HC_avg_k51,30,lung
ach-001693,HC_avg_k51,30,upper_aerodigestive
ach-003134,HC_avg_k51,30,unknown
ach-000259,HC_avg_k51,45,peripheral_nervous_system
ach-001697,HC_avg_k51,13,upper_aerodigestive
ach-002801,HC_avg_k51,23,peripheral_nervous_system
ach-001388,HC_avg_k51,13,breast
ach-001410,HC_avg_k51,15,urinary_tract
ach-002025,HC_avg_k51,15,colorectal
ach-002688,HC_avg_k51,30,bone
ach-000720,HC_avg_k51,30,urinary_tract
ach-000095,HC_avg_k51,45,central_nervous_system
ach-001345,HC_avg_k51,15,colorectal
ach-000558,HC_avg_k51,30,central_nervous_system
ach-000664,HC_avg_k51,22,lymphocyte
ach-000177,HC_avg_k51,45,prostate
ach-001423,HC_avg_k51,4,kidney
ach-000335,HC_avg_k51,30,lung
ach-000940,HC_avg_k51,50,uterus
ach-003160,HC_avg_k51,30,hair
ach-000631,HC_avg_k51,23,central_nervous_system
ach-000207,HC_avg_k51,13,upper_aerodigestive
ach-000764,HC_avg_k51,27,gastric
ach-000995,HC_avg_k51,22,blood
ach-000373,HC_avg_k51,22,blood
ach-000953,HC_avg_k51,22,blood
ach-000709,HC_avg_k51,4,kidney
ach-003463,HC_avg_k51,22,lymphocyte
ach-000846,HC_avg_k51,13,upper_aerodigestive
ach-001702,HC_avg_k51,4,soft_tissue
ach-000333,HC_avg_k51,15,ovary
ach-001708,HC_avg_k51,22,lymphocyte
ach-002059,HC_avg_k51,22,blood
ach-000929,HC_avg_k51,14,lung
ach-001395,HC_avg_k51,14,breast
ach-000948,HC_avg_k51,15,gastric
ach-002015,HC_avg_k51,30,eye
ach-000981,HC_avg_k51,22,blood
ach-000617,HC_avg_k51,11,ovary
ach-000311,HC_avg_k51,14,lung
ach-001210,HC_avg_k51,50,soft_tissue
ach-001834,HC_avg_k51,2,bile_duct
ach-002010,HC_avg_k51,23,eye
ach-003143,HC_avg_k51,4,kidney
ach-000390,HC_avg_k51,13,lung
ach-000468,HC_avg_k51,7,pancreas
ach-002651,HC_avg_k51,22,blood
ach-001061,HC_avg_k51,15,colorectal
ach-000077,HC_avg_k51,22,lymphocyte
ach-000456,HC_avg_k51,32,thyroid
ach-002703,HC_avg_k51,1,gastric
ach-000496,HC_avg_k51,8,lung
ach-002512,HC_avg_k51,23,skin
ach-000062,HC_avg_k51,8,lung
ach-002464,HC_avg_k51,30,eye
ach-000088,HC_avg_k51,30,fibroblast
ach-000536,HC_avg_k51,13,breast
ach-000071,HC_avg_k51,30,fibroblast
ach-002004,HC_avg_k51,23,skin
ach-000878,HC_avg_k51,6,lung
ach-001380,HC_avg_k51,2,pancreas
ach-002061,HC_avg_k51,22,blood
ach-000385,HC_avg_k51,4,kidney
ach-000412,HC_avg_k51,15,colorectal
ach-003474,HC_avg_k51,13,upper_aerodigestive
ach-000427,HC_avg_k51,15,gastric
ach-000938,HC_avg_k51,22,blood
ach-000462,HC_avg_k51,22,blood
ach-000939,HC_avg_k51,50,soft_tissue
ach-000325,HC_avg_k51,15,gastric
ach-000515,HC_avg_k51,45,lung
ach-001033,HC_avg_k51,50,central_nervous_system
ach-000919,HC_avg_k51,15,gastric
ach-000863,HC_avg_k51,30,central_nervous_system
ach-000642,HC_avg_k51,13,breast
ach-000581,HC_avg_k51,15,gastric
ach-001435,HC_avg_k51,39,testis
ach-001050,HC_avg_k51,39,soft_tissue
ach-001818,HC_avg_k51,30,bone
ach-001384,HC_avg_k51,30,thyroid
ach-000797,HC_avg_k51,30,fibroblast
ach-000220,HC_avg_k51,22,lymphocyte
ach-001533,HC_avg_k51,22,lymphocyte
ach-001508,HC_avg_k51,20,upper_aerodigestive
ach-000827,HC_avg_k51,30,skin
ach-003119,HC_avg_k51,45,lung
ach-000961,HC_avg_k51,11,uterus
ach-000778,HC_avg_k51,13,upper_aerodigestive
ach-000825,HC_avg_k51,27,lung
ach-000743,HC_avg_k51,45,lung
ach-000190,HC_avg_k51,30,unknown
ach-001819,HC_avg_k51,14,breast
ach-000157,HC_avg_k51,22,lymphocyte
ach-001786,HC_avg_k51,15,colorectal
ach-000253,HC_avg_k51,15,colorectal
ach-001376,HC_avg_k51,15,pancreas
ach-000958,HC_avg_k51,15,colorectal
ach-000228,HC_avg_k51,13,upper_aerodigestive
ach-000266,HC_avg_k51,15,pancreas
ach-001750,HC_avg_k51,30,soft_tissue
ach-000174,HC_avg_k51,36,thyroid
ach-000245,HC_avg_k51,22,lymphocyte
ach-001279,HC_avg_k51,50,ovary
ach-000620,HC_avg_k51,12,liver
ach-000813,HC_avg_k51,9,lung
ach-001513,HC_avg_k51,14,cervix
ach-000168,HC_avg_k51,22,blood
ach-000257,HC_avg_k51,45,lung
ach-000211,HC_avg_k51,30,central_nervous_system
ach-000283,HC_avg_k51,30,central_nervous_system
ach-002401,HC_avg_k51,13,breast
ach-002041,HC_avg_k51,30,thyroid
ach-000987,HC_avg_k51,23,skin
ach-003465,HC_avg_k51,30,upper_aerodigestive
ach-000682,HC_avg_k51,13,upper_aerodigestive
ach-000073,HC_avg_k51,22,lymphocyte
ach-000212,HC_avg_k51,36,breast
ach-000096,HC_avg_k51,50,kidney
ach-002500,HC_avg_k51,22,lymphocyte
ach-001440,HC_avg_k51,42,testis
ach-000063,HC_avg_k51,30,fibroblast
ach-002942,HC_avg_k51,26,soft_tissue
ach-001999,HC_avg_k51,15,pancreas
ach-000776,HC_avg_k51,21,central_nervous_system
ach-000521,HC_avg_k51,6,lung
ach-000299,HC_avg_k51,22,blood
ach-000025,HC_avg_k51,30,central_nervous_system
ach-000591,HC_avg_k51,30,central_nervous_system
ach-001716,HC_avg_k51,45,peripheral_nervous_system
ach-000833,HC_avg_k51,39,soft_tissue
ach-001628,HC_avg_k51,4,ovary
ach-000398,HC_avg_k51,22,lymphocyte
ach-000274,HC_avg_k51,23,skin
ach-001370,HC_avg_k51,32,ovary
ach-001700,HC_avg_k51,13,upper_aerodigestive
ach-000029,HC_avg_k51,15,lung
ach-001849,HC_avg_k51,15,bile_duct
ach-000644,HC_avg_k51,23,skin
ach-001422,HC_avg_k51,13,prostate
ach-000588,HC_avg_k51,22,plasma_cell
ach-000849,HC_avg_k51,13,breast
ach-002690,HC_avg_k51,30,bone
ach-000219,HC_avg_k51,23,skin
ach-000150,HC_avg_k51,15,lung
ach-001845,HC_avg_k51,2,bile_duct
ach-002643,HC_avg_k51,22,lymphocyte
ach-000384,HC_avg_k51,13,urinary_tract
ach-001053,HC_avg_k51,45,central_nervous_system
ach-001274,HC_avg_k51,30,soft_tissue
ach-000091,HC_avg_k51,4,ovary
ach-002932,HC_avg_k51,15,colorectal
ach-002014,HC_avg_k51,23,eye
ach-001634,HC_avg_k51,22,blood
ach-002531,HC_avg_k51,15,lung
ach-000495,HC_avg_k51,4,kidney
ach-000911,HC_avg_k51,13,gastric
ach-000013,HC_avg_k51,11,ovary
ach-002667,HC_avg_k51,15,colorectal
ach-000777,HC_avg_k51,13,esophagus
ach-001765,HC_avg_k51,39,soft_tissue
ach-000312,HC_avg_k51,45,peripheral_nervous_system
ach-000085,HC_avg_k51,13,pancreas
ach-000436,HC_avg_k51,22,plasma_cell
ach-000869,HC_avg_k51,14,lung
ach-003061,HC_avg_k51,45,lung
ach-003471,HC_avg_k51,3,thyroid
ach-000267,HC_avg_k51,22,lymphocyte
ach-000489,HC_avg_k51,15,colorectal
ach-000431,HC_avg_k51,45,lung
ach-000152,HC_avg_k51,30,central_nervous_system
ach-000909,HC_avg_k51,50,uterus
ach-000534,HC_avg_k51,22,lymphocyte
ach-001489,HC_avg_k51,45,lung
ach-000582,HC_avg_k51,23,skin
ach-000460,HC_avg_k51,11,ovary
ach-000443,HC_avg_k51,11,ovary
ach-001570,HC_avg_k51,23,skin
ach-000986,HC_avg_k51,15,colorectal
ach-001335,HC_avg_k51,13,cervix
ach-000023,HC_avg_k51,36,pancreas
ach-002062,HC_avg_k51,22,lymphocyte
ach-002462,HC_avg_k51,30,eye
ach-000151,HC_avg_k51,22,blood
ach-001277,HC_avg_k51,39,soft_tissue
ach-000607,HC_avg_k51,50,soft_tissue
ach-002647,HC_avg_k51,13,gastric
ach-000703,HC_avg_k51,45,lung
ach-001211,HC_avg_k51,50,soft_tissue
ach-003152,HC_avg_k51,30,lung
ach-001511,HC_avg_k51,13,upper_aerodigestive
ach-000113,HC_avg_k51,22,blood
ach-000337,HC_avg_k51,15,lung
ach-000598,HC_avg_k51,22,plasma_cell
ach-000057,HC_avg_k51,22,plasma_cell
ach-000281,HC_avg_k51,13,pancreas
ach-000321,HC_avg_k51,22,blood
ach-000985,HC_avg_k51,15,colorectal
ach-000444,HC_avg_k51,36,lung
ach-000347,HC_avg_k51,45,pancreas
ach-001399,HC_avg_k51,15,colorectal
ach-001097,HC_avg_k51,22,lymphocyte
ach-000127,HC_avg_k51,36,urinary_tract
ach-001961,HC_avg_k51,7,bile_duct
ach-001796,HC_avg_k51,30,soft_tissue
ach-000307,HC_avg_k51,13,pancreas
ach-001030,HC_avg_k51,45,bone
ach-002485,HC_avg_k51,22,lymphocyte
ach-000595,HC_avg_k51,23,central_nervous_system
ach-001540,HC_avg_k51,30,soft_tissue
ach-000298,HC_avg_k51,45,lung
ach-000771,HC_avg_k51,13,upper_aerodigestive
ach-000500,HC_avg_k51,36,upper_aerodigestive
ach-000353,HC_avg_k51,13,esophagus
ach-000363,HC_avg_k51,22,plasma_cell
ach-000350,HC_avg_k51,15,colorectal
ach-000053,HC_avg_k51,22,lymphocyte
ach-001543,HC_avg_k51,13,upper_aerodigestive
ach-000663,HC_avg_k51,4,ovary
ach-000346,HC_avg_k51,22,blood
ach-000970,HC_avg_k51,15,colorectal
ach-002543,HC_avg_k51,15,colorectal
ach-001333,HC_avg_k51,50,cervix
ach-000794,HC_avg_k51,13,upper_aerodigestive
ach-000039,HC_avg_k51,45,bone
ach-000471,HC_avg_k51,1,liver
ach-000850,HC_avg_k51,30,fibroblast
ach-000291,HC_avg_k51,15,ovary
ach-001453,HC_avg_k51,13,prostate
ach-001458,HC_avg_k51,15,colorectal
ach-000886,HC_avg_k51,15,lung
ach-000888,HC_avg_k51,5,lung
ach-000659,HC_avg_k51,45,lung
ach-000030,HC_avg_k51,13,lung
ach-001201,HC_avg_k51,45,central_nervous_system
ach-000271,HC_avg_k51,22,lymphocyte
ach-002676,HC_avg_k51,22,blood
ach-000549,HC_avg_k51,13,upper_aerodigestive
ach-000555,HC_avg_k51,4,kidney
ach-000478,HC_avg_k51,30,liver
ach-000775,HC_avg_k51,15,lung
ach-002214,HC_avg_k51,22,lymphocyte
ach-000038,HC_avg_k51,22,lymphocyte
ach-001109,HC_avg_k51,50,soft_tissue
ach-001442,HC_avg_k51,13,epidermoid_carcinoma
ach-000559,HC_avg_k51,45,lung
ach-000510,HC_avg_k51,50,lung
ach-002065,HC_avg_k51,30,central_nervous_system
ach-000676,HC_avg_k51,23,central_nervous_system
ach-002659,HC_avg_k51,15,colorectal
ach-000844,HC_avg_k51,45,lung
ach-002403,HC_avg_k51,30,skin
ach-002787,HC_avg_k51,30,soft_tissue
ach-002497,HC_avg_k51,5,lung
ach-002798,HC_avg_k51,30,skin
ach-000925,HC_avg_k51,15,lung
ach-002465,HC_avg_k51,30,eye
ach-000272,HC_avg_k51,4,kidney
ach-001035,HC_avg_k51,45,bone
ach-003457,HC_avg_k51,23,skin
ach-000513,HC_avg_k51,4,kidney
ach-001059,HC_avg_k51,50,soft_tissue
ach-000959,HC_avg_k51,15,colorectal
ach-002283,HC_avg_k51,45,peripheral_nervous_system
ach-000169,HC_avg_k51,39,soft_tissue
ach-001402,HC_avg_k51,6,cervix
ach-000796,HC_avg_k51,15,ovary
ach-000143,HC_avg_k51,43,lung
ach-000067,HC_avg_k51,30,central_nervous_system
ach-000640,HC_avg_k51,23,skin
ach-001591,HC_avg_k51,45,lung
ach-001674,HC_avg_k51,45,peripheral_nervous_system
ach-001698,HC_avg_k51,13,upper_aerodigestive
ach-002002,HC_avg_k51,23,skin
ach-002011,HC_avg_k51,23,eye
ach-003268,HC_avg_k51,26,soft_tissue
ach-000967,HC_avg_k51,14,colorectal
ach-000469,HC_avg_k51,30,central_nervous_system
ach-001353,HC_avg_k51,15,pancreas
ach-001574,HC_avg_k51,22,blood
ach-000097,HC_avg_k51,14,breast
ach-000256,HC_avg_k51,11,ovary
ach-000977,HC_avg_k51,14,prostate
ach-000972,HC_avg_k51,12,uterus
ach-001367,HC_avg_k51,45,peripheral_nervous_system
ach-000382,HC_avg_k51,45,lung
ach-003476,HC_avg_k51,13,upper_aerodigestive
ach-000579,HC_avg_k51,23,skin
ach-002035,HC_avg_k51,35,lung
ach-001532,HC_avg_k51,50,kidney
ach-000695,HC_avg_k51,45,lung
ach-001795,HC_avg_k51,4,soft_tissue
ach-001510,HC_avg_k51,13,upper_aerodigestive
ach-000502,HC_avg_k51,15,pancreas
ach-000183,HC_avg_k51,22,plasma_cell
ach-000408,HC_avg_k51,13,esophagus
ach-001496,HC_avg_k51,15,esophagus
ach-000788,HC_avg_k51,23,skin
ach-002405,HC_avg_k51,24,skin
ach-002409,HC_avg_k51,30,central_nervous_system
ach-001622,HC_avg_k51,30,central_nervous_system
ach-000466,HC_avg_k51,13,gastric
ach-001560,HC_avg_k51,30,lung
ach-001019,HC_avg_k51,45,skin
ach-003111,HC_avg_k51,30,soft_tissue
ach-000005,HC_avg_k51,22,blood
ach-001687,HC_avg_k51,4,kidney
ach-001151,HC_avg_k51,7,ovary
ach-000701,HC_avg_k51,13,ovary
ach-000542,HC_avg_k51,30,ovary
ach-000126,HC_avg_k51,30,central_nervous_system
ach-001685,HC_avg_k51,22,lymphocyte
ach-000933,HC_avg_k51,15,pancreas
ach-000068,HC_avg_k51,22,lymphocyte
ach-000015,HC_avg_k51,50,lung
ach-001111,HC_avg_k51,22,lymphocyte
ach-000487,HC_avg_k51,22,blood
ach-000122,HC_avg_k51,22,blood
ach-000288,HC_avg_k51,30,breast
ach-001820,HC_avg_k51,10,breast
ach-000782,HC_avg_k51,22,blood
ach-001632,HC_avg_k51,11,ovary
ach-002399,HC_avg_k51,13,breast
ach-000357,HC_avg_k51,22,lymphocyte
ach-000079,HC_avg_k51,30,fibroblast
ach-001031,HC_avg_k51,50,soft_tissue
ach-001064,HC_avg_k51,22,lymphocyte
ach-002802,HC_avg_k51,23,peripheral_nervous_system
ach-001048,HC_avg_k51,34,ovary
ach-000453,HC_avg_k51,22,plasma_cell
ach-003155,HC_avg_k51,25,liver
ach-000791,HC_avg_k51,15,lung
ach-000567,HC_avg_k51,22,lymphocyte
ach-001391,HC_avg_k51,25,breast
ach-001075,HC_avg_k51,13,lung
ach-000105,HC_avg_k51,22,blood
ach-000557,HC_avg_k51,22,blood
ach-000175,HC_avg_k51,30,fibroblast
ach-001356,HC_avg_k51,30,thyroid
ach-001844,HC_avg_k51,2,bile_duct
ach-001346,HC_avg_k51,13,upper_aerodigestive
ach-000885,HC_avg_k51,4,ovary
ach-000900,HC_avg_k51,50,lung
ach-000666,HC_avg_k51,6,lung
ach-001428,HC_avg_k51,45,bone
ach-000217,HC_avg_k51,27,liver
ach-000872,HC_avg_k51,6,lung
ach-001974,HC_avg_k51,23,skin
ach-002020,HC_avg_k51,13,cervix
ach-001638,HC_avg_k51,22,lymphocyte
ach-001228,HC_avg_k51,13,upper_aerodigestive
ach-000181,HC_avg_k51,13,upper_aerodigestive
ach-000115,HC_avg_k51,14,prostate
ach-000130,HC_avg_k51,22,blood
ach-000121,HC_avg_k51,7,lung
ach-001711,HC_avg_k51,38,central_nervous_system
ach-000934,HC_avg_k51,14,breast
ach-000996,HC_avg_k51,11,uterus
ach-001529,HC_avg_k51,41,uterus
ach-001743,HC_avg_k51,39,soft_tissue
ach-000320,HC_avg_k51,7,pancreas
ach-000505,HC_avg_k51,30,soft_tissue
ach-000781,HC_avg_k51,6,lung
ach-000059,HC_avg_k51,22,blood
ach-000920,HC_avg_k51,22,blood
ach-000294,HC_avg_k51,22,blood
ach-000422,HC_avg_k51,30,liver
ach-000200,HC_avg_k51,30,central_nervous_system
ach-000046,HC_avg_k51,4,kidney
ach-000968,HC_avg_k51,23,skin
ach-000830,HC_avg_k51,45,lung
ach-000114,HC_avg_k51,15,pancreas
ach-000402,HC_avg_k51,22,lymphocyte
ach-001578,HC_avg_k51,42,embryo
ach-000036,HC_avg_k51,30,central_nervous_system
ach-000973,HC_avg_k51,36,urinary_tract
ach-001128,HC_avg_k51,48,soft_tissue
ach-003437,HC_avg_k51,15,gastric
ach-000750,HC_avg_k51,30,skin
ach-000285,HC_avg_k51,22,lymphocyte
ach-002669,HC_avg_k51,15,colorectal
ach-001858,HC_avg_k51,30,bile_duct
ach-001997,HC_avg_k51,15,bile_duct
ach-000052,HC_avg_k51,45,bone
ach-001113,Louvain_k10,3,lung
ach-001289,Louvain_k10,9,soft_tissue
ach-001339,Louvain_k10,6,skin
ach-001979,Louvain_k10,6,skin
ach-002438,Louvain_k10,11,kidney
ach-001538,Louvain_k10,3,bile_duct
ach-000242,Louvain_k10,17,urinary_tract
ach-000708,Louvain_k10,8,colorectal
ach-000327,Louvain_k10,0,lung
ach-000233,Louvain_k10,12,lymphocyte
ach-000461,Louvain_k10,8,bile_duct
ach-000705,Louvain_k10,3,lung
ach-001794,Louvain_k10,11,soft_tissue
ach-002023,Louvain_k10,17,colorectal
ach-000528,Louvain_k10,0,lung
ach-002501,Louvain_k10,1,soft_tissue
ach-001655,Louvain_k10,11,uterus
ach-000167,Louvain_k10,12,plasma_cell
ach-000792,Louvain_k10,11,kidney
ach-001098,Louvain_k10,17,pancreas
ach-000570,Louvain_k10,11,central_nervous_system
ach-000351,Louvain_k10,3,gastric
ach-002075,Louvain_k10,4,lung
ach-002040,Louvain_k10,6,skin
ach-000769,Louvain_k10,4,lung
ach-000154,Louvain_k10,11,fibroblast
ach-000828,Louvain_k10,5,breast
ach-000421,Louvain_k10,8,colorectal
ach-000765,Louvain_k10,6,skin
ach-001375,Louvain_k10,17,pancreas
ach-000008,Louvain_k10,6,skin
ach-001814,Louvain_k10,11,bone
ach-000800,Louvain_k10,9,lung
ach-000606,Louvain_k10,3,upper_aerodigestive
ach-000317,Louvain_k10,13,kidney
ach-001492,Louvain_k10,14,lymphocyte
ach-000123,Louvain_k10,16,ovary
ach-000723,Louvain_k10,3,upper_aerodigestive
ach-002066,Louvain_k10,6,central_nervous_system
ach-001536,Louvain_k10,0,bile_duct
ach-003136,Louvain_k10,11,unknown
ach-000313,Louvain_k10,13,kidney
ach-002019,Louvain_k10,3,cervix
ach-000728,Louvain_k10,10,blood
ach-000700,Louvain_k10,0,lung
ach-000823,Louvain_k10,3,esophagus
ach-000678,Louvain_k10,17,gastric
ach-000006,Louvain_k10,2,blood
ach-002790,Louvain_k10,16,soft_tissue
ach-002029,Louvain_k10,3,upper_aerodigestive
ach-001377,Louvain_k10,8,pancreas
ach-000754,Louvain_k10,12,lymphocyte
ach-000465,Louvain_k10,6,skin
ach-000138,Louvain_k10,17,pancreas
ach-001864,Louvain_k10,17,bile_duct
ach-000383,Louvain_k10,17,esophagus
ach-001547,Louvain_k10,11,lung
ach-000917,Louvain_k10,0,esophagus
ach-002471,Louvain_k10,16,bone
ach-000984,Louvain_k10,13,uterus
ach-002678,Louvain_k10,14,lymphocyte
ach-001409,Louvain_k10,17,urinary_tract
ach-001707,Louvain_k10,12,blood
ach-000117,Louvain_k10,5,breast
ach-000999,Louvain_k10,8,colorectal
ach-000633,Louvain_k10,8,gastric
ach-000520,Louvain_k10,11,ovary
ach-000176,Louvain_k10,11,lung
ach-000017,Louvain_k10,5,breast
ach-000020,Louvain_k10,10,blood
ach-001385,Louvain_k10,9,upper_aerodigestive
ach-000587,Louvain_k10,0,lung
ach-000785,Louvain_k10,0,lung
ach-003469,Louvain_k10,11,thyroid
ach-000554,Louvain_k10,5,breast
ach-003180,Louvain_k10,11,soft_tissue
ach-001398,Louvain_k10,13,kidney
ach-001991,Louvain_k10,4,ovary
ach-001332,Louvain_k10,3,upper_aerodigestive
ach-000585,Louvain_k10,3,lung
ach-000550,Louvain_k10,11,skin
ach-000627,Louvain_k10,11,lung
ach-000704,Louvain_k10,13,ovary
ach-000276,Louvain_k10,5,breast
ach-000075,Louvain_k10,11,central_nervous_system
ach-000818,Louvain_k10,5,breast
ach-003184,Louvain_k10,11,soft_tissue
ach-001616,Louvain_k10,14,lymphocyte
ach-000625,Louvain_k10,8,liver
ach-000941,Louvain_k10,13,uterus
ach-000392,Louvain_k10,17,lung
ach-000269,Louvain_k10,11,central_nervous_system
ach-001670,Louvain_k10,15,peripheral_nervous_system
ach-003133,Louvain_k10,11,unknown
ach-000856,Louvain_k10,13,breast
ach-002687,Louvain_k10,6,eye
ach-001119,Louvain_k10,12,lymphocyte
ach-003132,Louvain_k10,11,unknown
ach-000376,Louvain_k10,11,central_nervous_system
ach-000685,Louvain_k10,3,pancreas
ach-000729,Louvain_k10,4,lung
ach-001034,Louvain_k10,15,bone
ach-001283,Louvain_k10,15,bone
ach-000880,Louvain_k10,8,gastric
ach-000035,Louvain_k10,17,lung
ach-001200,Louvain_k10,16,soft_tissue
ach-000194,Louvain_k10,11,fibroblast
ach-000322,Louvain_k10,6,skin
ach-000552,Louvain_k10,8,colorectal
ach-002508,Louvain_k10,11,skin
ach-000222,Louvain_k10,17,pancreas
ach-000260,Louvain_k10,9,peripheral_nervous_system
ach-001652,Louvain_k10,3,uterus
ach-000608,Louvain_k10,17,ovary
ach-000501,Louvain_k10,17,colorectal
ach-000612,Louvain_k10,12,lymphocyte
ach-002033,Louvain_k10,11,pleura
ach-001184,Louvain_k10,1,soft_tissue
ach-001688,Louvain_k10,13,kidney
ach-001838,Louvain_k10,17,bile_duct
ach-000638,Louvain_k10,0,lung
ach-001846,Louvain_k10,17,bile_duct
ach-000798,Louvain_k10,8,colorectal
ach-001321,Louvain_k10,4,thyroid
ach-000894,Louvain_k10,0,lung
ach-001559,Louvain_k10,11,lung
ach-000344,Louvain_k10,0,gastric
ach-000223,Louvain_k10,17,breast
ach-000031,Louvain_k10,17,pancreas
ach-000034,Louvain_k10,2,blood
ach-001861,Louvain_k10,17,bile_duct
ach-003468,Louvain_k10,11,thyroid
ach-000772,Louvain_k10,1,soft_tissue
ach-000946,Louvain_k10,13,uterus
ach-000596,Louvain_k10,0,lung
ach-001046,Louvain_k10,12,lung
ach-000632,Louvain_k10,6,skin
ach-000978,Louvain_k10,16,uterus
ach-000332,Louvain_k10,17,pancreas
ach-001841,Louvain_k10,3,bile_duct
ach-003273,Louvain_k10,2,blood
ach-000179,Louvain_k10,4,lung
ach-000887,Louvain_k10,17,central_nervous_system
ach-000368,Louvain_k10,11,central_nervous_system
ach-000240,Louvain_k10,11,fibroblast
ach-000578,Louvain_k10,0,lung
ach-001611,Louvain_k10,11,central_nervous_system
ach-000135,Louvain_k10,11,fibroblast
ach-001671,Louvain_k10,9,testis
ach-000406,Louvain_k10,2,blood
ach-001541,Louvain_k10,7,plasma_cell
ach-000998,Louvain_k10,8,colorectal
ach-000441,Louvain_k10,6,skin
ach-000960,Louvain_k10,10,blood
ach-000098,Louvain_k10,11,central_nervous_system
ach-001651,Louvain_k10,3,uterus
ach-001456,Louvain_k10,8,colorectal
ach-001336,Louvain_k10,3,cervix
ach-000284,Louvain_k10,11,fibroblast
ach-000971,Louvain_k10,8,colorectal
ach-001454,Louvain_k10,0,colorectal
ach-000926,Louvain_k10,8,colorectal
ach-000033,Louvain_k10,0,lung
ach-000576,Louvain_k10,7,plasma_cell
ach-000019,Louvain_k10,5,breast
ach-001577,Louvain_k10,2,blood
ach-001981,Louvain_k10,6,skin
ach-000330,Louvain_k10,5,breast
ach-000848,Louvain_k10,8,liver
ach-000481,Louvain_k10,0,lung
ach-001517,Louvain_k10,13,uterus
ach-000338,Louvain_k10,12,lymphocyte
ach-001959,Louvain_k10,16,bile_duct
ach-001414,Louvain_k10,3,urinary_tract
ach-001227,Louvain_k10,3,upper_aerodigestive
ach-000871,Louvain_k10,4,lung
ach-001403,Louvain_k10,13,ovary
ach-000805,Louvain_k10,6,skin
ach-001142,Louvain_k10,11,central_nervous_system
ach-001554,Louvain_k10,6,eye
ach-001667,Louvain_k10,6,soft_tissue
ach-000847,Louvain_k10,16,gastric
ach-001447,Louvain_k10,14,lymphocyte
ach-001537,Louvain_k10,16,bile_duct
ach-001207,Louvain_k10,11,fibroblast
ach-001854,Louvain_k10,11,bile_duct
ach-000832,Louvain_k10,3,upper_aerodigestive
ach-001975,Louvain_k10,6,skin
ach-000428,Louvain_k10,13,kidney
ach-001382,Louvain_k10,17,pancreas
ach-001302,Louvain_k10,9,peripheral_nervous_system
ach-000690,Louvain_k10,3,lung
ach-001134,Louvain_k10,12,lymphocyte
ach-000914,Louvain_k10,14,lymphocyte
ach-000858,Louvain_k10,3,lung
ach-001421,Louvain_k10,9,eye
ach-002796,Louvain_k10,1,soft_tissue
ach-003183,Louvain_k10,11,soft_tissue
ach-002716,Louvain_k10,2,blood
ach-003100,Louvain_k10,14,lymphocyte
ach-000544,Louvain_k10,3,esophagus
ach-000725,Louvain_k10,5,breast
ach-000566,Louvain_k10,13,urinary_tract
ach-000760,Louvain_k10,11,central_nervous_system
ach-001745,Louvain_k10,1,soft_tissue
ach-000787,Louvain_k10,11,lung
ach-001598,Louvain_k10,9,adrenal_cortex
ach-000749,Louvain_k10,9,lung
ach-001691,Louvain_k10,11,upper_aerodigestive
ach-001328,Louvain_k10,3,skin
ach-001704,Louvain_k10,6,skin
ach-001502,Louvain_k10,9,testis
ach-002844,Louvain_k10,11,soft_tissue
ach-001068,Louvain_k10,12,lymphocyte
ach-000358,Louvain_k10,4,lung
ach-002695,Louvain_k10,11,peripheral_nervous_system
ach-001672,Louvain_k10,9,testis
ach-001654,Louvain_k10,17,esophagus
ach-001521,Louvain_k10,3,skin
ach-000209,Louvain_k10,17,bile_duct
ach-001520,Louvain_k10,12,blood
ach-000213,Louvain_k10,17,pancreas
ach-001610,Louvain_k10,11,central_nervous_system
ach-001408,Louvain_k10,17,urinary_tract
ach-000991,Louvain_k10,8,colorectal
ach-001412,Louvain_k10,17,urinary_tract
ach-000331,Louvain_k10,11,lung
ach-001407,Louvain_k10,11,urinary_tract
ach-000580,Louvain_k10,6,skin
ach-000594,Louvain_k10,4,lung
ach-000684,Louvain_k10,13,kidney
ach-000742,Louvain_k10,11,fibroblast
ach-000868,Louvain_k10,0,lung
ach-000732,Louvain_k10,3,upper_aerodigestive
ach-001481,Louvain_k10,9,peripheral_nervous_system
ach-000429,Louvain_k10,13,kidney
ach-000310,Louvain_k10,9,peripheral_nervous_system
ach-002475,Louvain_k10,9,blood
ach-000643,Louvain_k10,17,breast
ach-000234,Louvain_k10,13,kidney
ach-003267,Louvain_k10,11,soft_tissue
ach-001498,Louvain_k10,14,lymphocyte
ach-000896,Louvain_k10,17,urinary_tract
ach-003451,Louvain_k10,1,kidney
ach-000203,Louvain_k10,9,peripheral_nervous_system
ach-001607,Louvain_k10,17,bile_duct
ach-002706,Louvain_k10,16,gastric
ach-001441,Louvain_k10,6,eye
ach-000112,Louvain_k10,2,blood
ach-000874,Louvain_k10,10,blood
ach-000186,Louvain_k10,17,lung
ach-002780,Louvain_k10,15,bone
ach-000677,Louvain_k10,16,lung
ach-000055,Louvain_k10,9,central_nervous_system
ach-000485,Louvain_k10,8,gastric
ach-000672,Louvain_k10,11,lung
ach-001150,Louvain_k10,11,bone
ach-000287,Louvain_k10,14,lymphocyte
ach-000784,Louvain_k10,3,esophagus
ach-000530,Louvain_k10,16,lung
ach-002024,Louvain_k10,4,colorectal
ach-000380,Louvain_k10,14,plasma_cell
ach-001737,Louvain_k10,12,blood
ach-001400,Louvain_k10,3,cervix
ach-001054,Louvain_k10,9,central_nervous_system
ach-001695,Louvain_k10,3,upper_aerodigestive
ach-000009,Louvain_k10,8,colorectal
ach-000491,Louvain_k10,4,colorectal
ach-001703,Louvain_k10,14,lymphocyte
ach-000002,Louvain_k10,2,blood
ach-001568,Louvain_k10,6,skin
ach-001449,Louvain_k10,14,lymphocyte
ach-000993,Louvain_k10,13,uterus
ach-002680,Louvain_k10,11,central_nervous_system
ach-000877,Louvain_k10,14,lymphocyte
ach-000711,Louvain_k10,17,breast
ach-001515,Louvain_k10,3,cervix
ach-002847,Louvain_k10,11,unknown
ach-000702,Louvain_k10,12,lymphocyte
ach-001020,Louvain_k10,16,soft_tissue
ach-000600,Louvain_k10,13,kidney
ach-003266,Louvain_k10,11,soft_tissue
ach-000354,Louvain_k10,17,pancreas
ach-000012,Louvain_k10,0,lung
ach-000689,Louvain_k10,11,soft_tissue
ach-002668,Louvain_k10,2,blood
ach-002533,Louvain_k10,13,kidney
ach-000459,Louvain_k10,13,kidney
ach-002050,Louvain_k10,11,unknown
ach-003120,Louvain_k10,4,lung
ach-001413,Louvain_k10,11,urinary_tract
ach-000686,Louvain_k10,8,liver
ach-000342,Louvain_k10,8,colorectal
ach-000208,Louvain_k10,11,central_nervous_system
ach-000360,Louvain_k10,8,colorectal
ach-000249,Louvain_k10,8,colorectal
ach-001368,Louvain_k10,16,esophagus
ach-000231,Louvain_k10,11,central_nervous_system
ach-002074,Louvain_k10,4,lung
ach-000945,Louvain_k10,11,lung
ach-000662,Louvain_k10,17,lung
ach-002458,Louvain_k10,6,skin
ach-001378,Louvain_k10,17,pancreas
ach-001029,Louvain_k10,15,bone
ach-001817,Louvain_k10,11,bone
ach-002846,Louvain_k10,6,skin
ach-000248,Louvain_k10,5,breast
ach-000943,Louvain_k10,8,colorectal
ach-000751,Louvain_k10,2,blood
ach-001696,Louvain_k10,3,upper_aerodigestive
ach-002936,Louvain_k10,1,soft_tissue
ach-001016,Louvain_k10,11,central_nervous_system
ach-000282,Louvain_k10,0,lung
ach-003438,Louvain_k10,11,central_nervous_system
ach-002215,Louvain_k10,7,lymphocyte
ach-000261,Louvain_k10,11,lung
ach-000164,Louvain_k10,16,pancreas
ach-001793,Louvain_k10,11,soft_tissue
ach-000262,Louvain_k10,13,kidney
ach-000158,Louvain_k10,14,lymphocyte
ach-000773,Louvain_k10,12,lymphocyte
ach-000722,Louvain_k10,8,colorectal
ach-000857,Louvain_k10,17,breast
ach-001129,Louvain_k10,2,blood
ach-001619,Louvain_k10,0,bile_duct
ach-000184,Louvain_k10,11,fibroblast
ach-000329,Louvain_k10,11,central_nervous_system
ach-001569,Louvain_k10,6,skin
ach-002544,Louvain_k10,9,gastric
ach-002675,Louvain_k10,2,blood
ach-000814,Louvain_k10,6,skin
ach-002499,Louvain_k10,5,breast
ach-001493,Louvain_k10,14,lymphocyte
ach-001701,Louvain_k10,3,upper_aerodigestive
ach-000197,Louvain_k10,12,blood
ach-000545,Louvain_k10,3,urinary_tract
ach-000949,Louvain_k10,8,gastric
ach-000124,Louvain_k10,10,lymphocyte
ach-000560,Louvain_k10,4,gastric
ach-000897,Louvain_k10,11,thyroid
ach-001626,Louvain_k10,3,upper_aerodigestive
ach-000619,Louvain_k10,3,upper_aerodigestive
ach-001973,Louvain_k10,6,skin
ach-001340,Louvain_k10,13,ovary
ach-000546,Louvain_k10,3,upper_aerodigestive
ach-001709,Louvain_k10,14,lymphocyte
ach-002018,Louvain_k10,6,eye
ach-000153,Louvain_k10,11,lung
ach-000526,Louvain_k10,11,fibroblast
ach-000116,Louvain_k10,13,ovary
ach-000815,Louvain_k10,12,lymphocyte
ach-001270,Louvain_k10,16,soft_tissue
ach-002523,Louvain_k10,11,liver
ach-000324,Louvain_k10,13,ovary
ach-001949,Louvain_k10,6,skin
ach-001561,Louvain_k10,11,lung
ach-000842,Louvain_k10,8,colorectal
ach-000898,Louvain_k10,8,gastric
ach-000517,Louvain_k10,17,pancreas
ach-001980,Louvain_k10,6,skin
ach-001415,Louvain_k10,17,urinary_tract
ach-000681,Louvain_k10,0,lung
ach-001310,Louvain_k10,11,kidney
ach-000070,Louvain_k10,10,blood
ach-000484,Louvain_k10,13,kidney
ach-003426,Louvain_k10,11,gastric
ach-000108,Louvain_k10,17,pancreas
ach-000808,Louvain_k10,11,bile_duct
ach-000656,Louvain_k10,14,lymphocyte
ach-000166,Louvain_k10,2,blood
ach-000997,Louvain_k10,8,colorectal
ach-000866,Louvain_k10,4,lung
ach-000819,Louvain_k10,11,central_nervous_system
ach-000226,Louvain_k10,12,lymphocyte
ach-000087,Louvain_k10,15,bone
ach-000340,Louvain_k10,11,fibroblast
ach-002005,Louvain_k10,6,skin
ach-001680,Louvain_k10,14,lymphocyte
ach-000758,Louvain_k10,17,gastric
ach-000196,Louvain_k10,5,breast
ach-003141,Louvain_k10,11,muscle
ach-000258,Louvain_k10,8,breast
ach-000163,Louvain_k10,11,thyroid
ach-000076,Louvain_k10,2,blood
ach-000509,Louvain_k10,12,lymphocyte
ach-001193,Louvain_k10,15,bone
ach-000571,Louvain_k10,11,central_nervous_system
ach-000391,Louvain_k10,15,bone
ach-000293,Louvain_k10,13,uterus
ach-003138,Louvain_k10,11,central_nervous_system
ach-000532,Louvain_k10,8,colorectal
ach-000584,Louvain_k10,13,ovary
ach-001690,Louvain_k10,3,upper_aerodigestive
ach-000586,Louvain_k10,4,lung
ach-000944,Louvain_k10,14,lymphocyte
ach-003149,Louvain_k10,11,muscle
ach-000561,Louvain_k10,3,esophagus
ach-001648,Louvain_k10,3,prostate
ach-000394,Louvain_k10,4,lung
ach-000954,Louvain_k10,13,uterus
ach-000204,Louvain_k10,7,plasma_cell
ach-000160,Louvain_k10,16,soft_tissue
ach-003460,Louvain_k10,14,lymphocyte
ach-000989,Louvain_k10,8,colorectal
ach-001347,Louvain_k10,3,upper_aerodigestive
ach-000691,Louvain_k10,5,breast
ach-000268,Louvain_k10,8,bile_duct
ach-001209,Louvain_k10,10,lymphocyte
ach-003456,Louvain_k10,11,skin
ach-000119,Louvain_k10,11,fibroblast
ach-000379,Louvain_k10,0,lung
ach-001341,Louvain_k10,3,cervix
ach-000714,Louvain_k10,7,plasma_cell
ach-000937,Louvain_k10,12,blood
ach-000763,Louvain_k10,7,plasma_cell
ach-002834,Louvain_k10,11,bone
ach-001673,Louvain_k10,0,bile_duct
ach-000326,Louvain_k10,2,blood
ach-000300,Louvain_k10,13,kidney
ach-002994,Louvain_k10,2,blood
ach-000901,Louvain_k10,11,lung
ach-000816,Louvain_k10,9,lung
ach-000641,Louvain_k10,2,blood
ach-000511,Louvain_k10,0,lung
ach-002077,Louvain_k10,4,lung
ach-000583,Louvain_k10,14,lymphocyte
ach-000836,Louvain_k10,3,upper_aerodigestive
ach-000975,Louvain_k10,11,lung
ach-000109,Louvain_k10,0,lung
ach-000467,Louvain_k10,8,colorectal
ach-000712,Louvain_k10,4,lung
ach-000671,Louvain_k10,8,liver
ach-000523,Louvain_k10,4,lung
ach-000864,Louvain_k10,9,uterus
ach-000726,Louvain_k10,3,esophagus
ach-000136,Louvain_k10,9,peripheral_nervous_system
ach-002067,Louvain_k10,16,bone
ach-000440,Louvain_k10,14,lymphocyte
ach-002539,Louvain_k10,8,colorectal
ach-001461,Louvain_k10,8,colorectal
ach-000890,Louvain_k10,11,lung
ach-001692,Louvain_k10,3,upper_aerodigestive
ach-000027,Louvain_k10,11,central_nervous_system
ach-000562,Louvain_k10,0,lung
ach-000748,Louvain_k10,11,bone
ach-001669,Louvain_k10,14,blood
ach-000834,Louvain_k10,17,urinary_tract
ach-000565,Louvain_k10,8,colorectal
ach-000449,Louvain_k10,16,soft_tissue
ach-000399,Louvain_k10,4,lung
ach-002080,Louvain_k10,9,peripheral_nervous_system
ach-000770,Louvain_k10,2,blood
ach-000710,Louvain_k10,8,lung
ach-000507,Louvain_k10,8,gastric
ach-000066,Louvain_k10,0,lung
ach-000022,Louvain_k10,8,pancreas
ach-001668,Louvain_k10,9,embryo
ach-000334,Louvain_k10,14,lymphocyte
ach-000374,Louvain_k10,17,breast
ach-000519,Louvain_k10,12,blood
ach-000908,Louvain_k10,8,gastric
ach-002003,Louvain_k10,6,skin
ach-000574,Louvain_k10,13,ovary
ach-000148,Louvain_k10,11,breast
ach-002461,Louvain_k10,11,skin
ach-000646,Louvain_k10,13,ovary
ach-000314,Louvain_k10,11,lung
ach-001705,Louvain_k10,17,breast
ach-000040,Louvain_k10,11,central_nervous_system
ach-001057,Louvain_k10,12,lymphocyte
ach-000430,Louvain_k10,11,ovary
ach-001041,Louvain_k10,6,skin
ach-001988,Louvain_k10,6,skin
ach-001977,Louvain_k10,11,lung
ach-000370,Louvain_k10,11,central_nervous_system
ach-001630,Louvain_k10,13,ovary
ach-000437,Louvain_k10,11,central_nervous_system
ach-000498,Louvain_k10,2,blood
ach-001392,Louvain_k10,5,breast
ach-000503,Louvain_k10,3,upper_aerodigestive
ach-002778,Louvain_k10,11,bone
ach-000328,Louvain_k10,11,central_nervous_system
ach-000403,Louvain_k10,17,colorectal
ach-000400,Louvain_k10,8,colorectal
ach-000224,Louvain_k10,11,fibroblast
ach-000318,Louvain_k10,3,esophagus
ach-003472,Louvain_k10,13,thyroid
ach-001430,Louvain_k10,15,bone
ach-000928,Louvain_k10,13,uterus
ach-000893,Louvain_k10,0,lung
ach-000889,Louvain_k10,7,plasma_cell
ach-000799,Louvain_k10,6,skin
ach-001623,Louvain_k10,11,central_nervous_system
ach-000736,Louvain_k10,8,gastric
ach-000876,Louvain_k10,5,breast
ach-001232,Louvain_k10,11,central_nervous_system
ach-001618,Louvain_k10,2,blood
ach-001828,Louvain_k10,12,lymphocyte
ach-002650,Louvain_k10,0,lung
ach-000235,Louvain_k10,17,pancreas
ach-000381,Louvain_k10,8,colorectal
ach-001993,Louvain_k10,10,blood
ach-001301,Louvain_k10,9,peripheral_nervous_system
ach-000854,Louvain_k10,7,plasma_cell
ach-000187,Louvain_k10,4,lung
ach-000543,Louvain_k10,11,central_nervous_system
ach-000569,Louvain_k10,11,lung
ach-000668,Louvain_k10,17,breast
ach-000134,Louvain_k10,11,fibroblast
ach-000924,Louvain_k10,0,lung
ach-003473,Louvain_k10,11,soft_tissue
ach-001450,Louvain_k10,14,lymphocyte
ach-000296,Louvain_k10,0,colorectal
ach-002034,Louvain_k10,4,lung
ach-002781,Louvain_k10,11,bone
ach-000713,Louvain_k10,13,ovary
ach-001360,Louvain_k10,3,cervix
ach-002921,Louvain_k10,5,breast
ach-000273,Louvain_k10,11,central_nervous_system
ach-001715,Louvain_k10,11,bone
ach-001617,Louvain_k10,14,lymphocyte
ach-000639,Louvain_k10,4,lung
ach-000590,Louvain_k10,0,lung
ach-000553,Louvain_k10,0,lung
ach-000084,Louvain_k10,2,blood
ach-000094,Louvain_k10,17,pancreas
ach-000361,Louvain_k10,11,liver
ach-000719,Louvain_k10,13,ovary
ach-001396,Louvain_k10,5,breast
ach-001848,Louvain_k10,17,bile_duct
ach-000339,Louvain_k10,0,lung
ach-002048,Louvain_k10,1,soft_tissue
ach-000218,Louvain_k10,2,blood
ach-002486,Louvain_k10,13,ovary
ach-002711,Louvain_k10,11,upper_aerodigestive
ach-000789,Louvain_k10,4,lung
ach-000413,Louvain_k10,11,fibroblast
ach-000125,Louvain_k10,11,fibroblast
ach-000180,Louvain_k10,11,fibroblast
ach-000215,Louvain_k10,11,central_nervous_system
ach-001001,Louvain_k10,11,bone
ach-000407,Louvain_k10,11,uterus
ach-002170,Louvain_k10,4,lung
ach-002027,Louvain_k10,13,uterus
ach-001132,Louvain_k10,12,lymphocyte
ach-001278,Louvain_k10,16,ovary
ach-000032,Louvain_k10,10,blood
ach-003108,Louvain_k10,14,lymphocyte
ach-001419,Louvain_k10,17,breast
ach-000494,Louvain_k10,11,ovary
ach-000865,Louvain_k10,3,esophagus
ach-000439,Louvain_k10,2,blood
ach-001523,Louvain_k10,3,skin
ach-001983,Louvain_k10,6,skin
ach-000024,Louvain_k10,7,plasma_cell
ach-000674,Louvain_k10,8,gastric
ach-000670,Louvain_k10,16,lung
ach-000599,Louvain_k10,17,pancreas
ach-000263,Louvain_k10,2,blood
ach-003191,Louvain_k10,11,bone
ach-000303,Louvain_k10,17,gastric
ach-001551,Louvain_k10,11,skin
ach-002795,Louvain_k10,1,soft_tissue
ach-000793,Louvain_k10,8,gastric
ach-002511,Louvain_k10,6,skin
ach-000286,Louvain_k10,8,colorectal
ach-000250,Louvain_k10,13,kidney
ach-000139,Louvain_k10,17,pancreas
ach-001735,Louvain_k10,10,blood
ach-002013,Louvain_k10,6,eye
ach-001389,Louvain_k10,11,breast
ach-001183,Louvain_k10,17,urinary_tract
ach-000551,Louvain_k10,2,blood
ach-003101,Louvain_k10,10,lymphocyte
ach-001163,Louvain_k10,16,kidney
ach-000037,Louvain_k10,11,soft_tissue
ach-000744,Louvain_k10,0,lung
ach-000420,Louvain_k10,13,liver
ach-000336,Louvain_k10,2,blood
ach-000486,Louvain_k10,3,urinary_tract
ach-000679,Louvain_k10,8,esophagus
ach-001557,Louvain_k10,11,lung
ach-000247,Louvain_k10,8,gastric
ach-000947,Louvain_k10,16,ovary
ach-000807,Louvain_k10,11,central_nervous_system
ach-000476,Louvain_k10,13,liver
ach-000525,Louvain_k10,4,lung
ach-003154,Louvain_k10,11,lung
ach-001148,Louvain_k10,12,lymphocyte
ach-003455,Louvain_k10,6,skin
ach-000853,Louvain_k10,16,lung
ach-000083,Louvain_k10,11,fibroblast
ach-000479,Louvain_k10,11,central_nervous_system
ach-000230,Louvain_k10,11,fibroblast
ach-001664,Louvain_k10,8,gastric
ach-002705,Louvain_k10,17,gastric
ach-002937,Louvain_k10,13,kidney
ach-000955,Louvain_k10,8,colorectal
ach-000049,Louvain_k10,11,kidney
ach-000675,Louvain_k10,0,lung
ach-000199,Louvain_k10,11,fibroblast
ach-000193,Louvain_k10,14,plasma_cell
ach-001686,Louvain_k10,14,lymphocyte
ach-000538,Louvain_k10,16,gastric
ach-002490,Louvain_k10,4,lung
ach-001683,Louvain_k10,5,breast
ach-001990,Louvain_k10,6,skin
ach-001438,Louvain_k10,11,testis
ach-001647,Louvain_k10,2,blood
ach-002043,Louvain_k10,3,upper_aerodigestive
ach-001649,Louvain_k10,3,prostate
ach-000155,Louvain_k10,17,pancreas
ach-000270,Louvain_k10,17,pancreas
ach-003106,Louvain_k10,14,lymphocyte
ach-003177,Louvain_k10,11,soft_tissue
ach-000683,Louvain_k10,3,colorectal
ach-002017,Louvain_k10,6,eye
ach-000655,Louvain_k10,11,central_nervous_system
ach-000145,Louvain_k10,11,soft_tissue
ach-001495,Louvain_k10,13,uterus
ach-000188,Louvain_k10,3,upper_aerodigestive
ach-003458,Louvain_k10,6,skin
ach-000080,Louvain_k10,12,blood
ach-000146,Louvain_k10,2,blood
ach-000415,Louvain_k10,3,upper_aerodigestive
ach-001518,Louvain_k10,13,uterus
ach-002290,Louvain_k10,2,blood
ach-000891,Louvain_k10,11,lung
ach-001625,Louvain_k10,3,upper_aerodigestive
ach-001985,Louvain_k10,11,skin
ach-000895,Louvain_k10,8,colorectal
ach-000851,Louvain_k10,0,lung
ach-000824,Louvain_k10,3,esophagus
ach-000506,Louvain_k10,4,lung
ach-001427,Louvain_k10,15,bone
ach-000540,Louvain_k10,11,fibroblast
ach-000061,Louvain_k10,12,lymphocyte
ach-000185,Louvain_k10,11,fibroblast
ach-000568,Louvain_k10,5,breast
ach-000707,Louvain_k10,14,lymphocyte
ach-000603,Louvain_k10,4,lung
ach-000983,Louvain_k10,2,blood
ach-000541,Louvain_k10,7,plasma_cell
ach-000680,Louvain_k10,8,colorectal
ach-002460,Louvain_k10,6,skin
ach-000111,Louvain_k10,5,breast
ach-002463,Louvain_k10,11,eye
ach-000369,Louvain_k10,2,blood
ach-002928,Louvain_k10,6,skin
ach-000618,Louvain_k10,3,upper_aerodigestive
ach-000470,Louvain_k10,8,colorectal
ach-003150,Louvain_k10,11,central_nervous_system
ach-002039,Louvain_k10,17,pancreas
ach-000118,Louvain_k10,17,pancreas
ach-000614,Louvain_k10,6,skin
ach-001338,Louvain_k10,9,peripheral_nervous_system
ach-000432,Louvain_k10,10,blood
ach-000556,Louvain_k10,0,cervix
ach-001804,Louvain_k10,11,soft_tissue
ach-001386,Louvain_k10,4,lung
ach-001060,Louvain_k10,12,lymphocyte
ach-001525,Louvain_k10,3,cervix
ach-001539,Louvain_k10,14,lymphocyte
ach-000014,Louvain_k10,6,skin
ach-002785,Louvain_k10,11,soft_tissue
ach-000637,Louvain_k10,3,esophagus
ach-002693,Louvain_k10,16,peripheral_nervous_system
ach-001855,Louvain_k10,8,bile_duct
ach-000455,Louvain_k10,11,central_nervous_system
ach-000389,Louvain_k10,11,central_nervous_system
ach-002710,Louvain_k10,11,peripheral_nervous_system
ach-000129,Louvain_k10,4,lung
ach-000490,Louvain_k10,3,cervix
ach-000434,Louvain_k10,11,lung
ach-001086,Louvain_k10,0,cervix
ach-002042,Louvain_k10,3,thyroid
ach-000597,Louvain_k10,16,soft_tissue
ach-000756,Louvain_k10,11,central_nervous_system
ach-000396,Louvain_k10,11,urinary_tract
ach-003148,Louvain_k10,11,central_nervous_system
ach-000089,Louvain_k10,8,colorectal
ach-002478,Louvain_k10,12,lymphocyte
ach-000371,Louvain_k10,14,lymphocyte
ach-000265,Louvain_k10,16,pancreas
ach-000132,Louvain_k10,13,ovary
ach-000216,Louvain_k10,17,esophagus
ach-000613,Louvain_k10,11,bone
ach-000855,Louvain_k10,3,esophagus
ach-000906,Louvain_k10,11,ovary
ach-000348,Louvain_k10,11,skin
ach-001100,Louvain_k10,12,lymphocyte
ach-000238,Louvain_k10,3,upper_aerodigestive
ach-000237,Louvain_k10,11,ovary
ach-003099,Louvain_k10,3,upper_aerodigestive
ach-000393,Louvain_k10,11,liver
ach-003107,Louvain_k10,12,lymphocyte
ach-000623,Louvain_k10,11,central_nervous_system
ach-000359,Louvain_k10,11,bone
ach-001028,Louvain_k10,16,soft_tissue
ach-000621,Louvain_k10,11,breast
ach-001641,Louvain_k10,3,upper_aerodigestive
ach-000056,Louvain_k10,14,lymphocyte
ach-000483,Louvain_k10,11,liver
ach-003308,Louvain_k10,11,unknown
ach-000514,Louvain_k10,4,lung
ach-000051,Louvain_k10,16,soft_tissue
ach-003433,Louvain_k10,17,pancreas
ach-000043,Louvain_k10,11,fibroblast
ach-000936,Louvain_k10,17,ovary
ach-000716,Louvain_k10,11,thyroid
ach-000988,Louvain_k10,13,uterus
ach-000952,Louvain_k10,5,prostate
ach-001350,Louvain_k10,17,thyroid
ach-000065,Louvain_k10,2,blood
ach-000609,Louvain_k10,11,central_nervous_system
ach-001411,Louvain_k10,17,urinary_tract
ach-000504,Louvain_k10,11,central_nervous_system
ach-002677,Louvain_k10,14,lymphocyte
ach-000956,Louvain_k10,5,prostate
ach-001712,Louvain_k10,11,bone
ach-000652,Louvain_k10,17,pancreas
ach-000414,Louvain_k10,0,lung
ach-000472,Louvain_k10,3,upper_aerodigestive
ach-000007,Louvain_k10,8,colorectal
ach-000446,Louvain_k10,9,peripheral_nervous_system
ach-003071,Louvain_k10,4,lung
ach-000386,Louvain_k10,2,blood
ach-001850,Louvain_k10,11,bile_duct
ach-000755,Louvain_k10,5,breast
ach-001503,Louvain_k10,14,lymphocyte
ach-000028,Louvain_k10,5,breast
ach-000665,Louvain_k10,0,lung
ach-001679,Louvain_k10,14,lymphocyte
ach-000078,Louvain_k10,9,peripheral_nervous_system
ach-002046,Louvain_k10,11,uterus
ach-000397,Louvain_k10,13,uterus
ach-003145,Louvain_k10,11,embryo
ach-000229,Louvain_k10,11,fibroblast
ach-002925,Louvain_k10,6,eye
ach-000518,Louvain_k10,3,upper_aerodigestive
ach-001566,Louvain_k10,6,skin
ach-000252,Louvain_k10,8,colorectal
ach-000572,Louvain_k10,6,skin
ach-001605,Louvain_k10,11,central_nervous_system
ach-002522,Louvain_k10,11,lung
ach-000277,Louvain_k10,5,breast
ach-001239,Louvain_k10,6,skin
ach-000786,Louvain_k10,14,lymphocyte
ach-000803,Louvain_k10,4,lung
ach-001970,Louvain_k10,6,skin
ach-002038,Louvain_k10,8,ovary
ach-000537,Louvain_k10,17,liver
ach-002660,Louvain_k10,8,colorectal
ach-002806,Louvain_k10,11,central_nervous_system
ach-000419,Louvain_k10,7,plasma_cell
ach-002782,Louvain_k10,11,soft_tissue
ach-000724,Louvain_k10,3,urinary_tract
ach-000522,Louvain_k10,11,urinary_tract
ach-001549,Louvain_k10,4,lung
ach-000706,Louvain_k10,0,lung
ach-000737,Louvain_k10,4,lung
ach-000548,Louvain_k10,3,upper_aerodigestive
ach-001839,Louvain_k10,8,bile_duct
ach-001799,Louvain_k10,11,soft_tissue
ach-001573,Louvain_k10,2,blood
ach-002946,Louvain_k10,2,blood
ach-000425,Louvain_k10,6,skin
ach-003103,Louvain_k10,10,lymphocyte
ach-000375,Louvain_k10,16,kidney
ach-000753,Louvain_k10,11,urinary_tract
ach-000275,Louvain_k10,11,fibroblast
ach-000735,Louvain_k10,3,upper_aerodigestive
ach-000654,Louvain_k10,14,lymphocyte
ach-001067,Louvain_k10,16,central_nervous_system
ach-000170,Louvain_k10,3,prostate
ach-001394,Louvain_k10,3,breast
ach-001433,Louvain_k10,16,soft_tissue
ach-000404,Louvain_k10,6,skin
ach-000882,Louvain_k10,6,skin
ach-001509,Louvain_k10,3,upper_aerodigestive
ach-000210,Louvain_k10,15,bone
ach-000254,Louvain_k10,3,upper_aerodigestive
ach-000604,Louvain_k10,2,blood
ach-000090,Louvain_k10,17,prostate
ach-000195,Louvain_k10,2,blood
ach-001791,Louvain_k10,11,soft_tissue
ach-001650,Louvain_k10,0,cervix
ach-000605,Louvain_k10,3,esophagus
ach-000458,Louvain_k10,3,skin
ach-003121,Louvain_k10,4,lung
ach-003125,Louvain_k10,11,soft_tissue
ach-002084,Louvain_k10,6,skin
ach-000004,Louvain_k10,2,blood
ach-000251,Louvain_k10,17,lung
ach-000241,Louvain_k10,2,blood
ach-001194,Louvain_k10,13,kidney
ach-001987,Louvain_k10,11,skin
ach-002055,Louvain_k10,14,lymphocyte
ach-002689,Louvain_k10,16,bone
ach-001443,Louvain_k10,11,thyroid
ach-000688,Louvain_k10,11,ovary
ach-000405,Louvain_k10,12,blood
ach-000821,Louvain_k10,7,plasma_cell
ach-001677,Louvain_k10,14,lymphocyte
ach-002526,Louvain_k10,0,lung
ach-001627,Louvain_k10,3,prostate
ach-000951,Louvain_k10,0,lung
ach-001036,Louvain_k10,2,blood
ach-002792,Louvain_k10,6,soft_tissue
ach-000547,Louvain_k10,17,urinary_tract
ach-000826,Louvain_k10,17,lung
ach-001986,Louvain_k10,6,skin
ach-001147,Louvain_k10,12,lymphocyte
ach-002927,Louvain_k10,6,eye
ach-002470,Louvain_k10,16,bone
ach-000162,Louvain_k10,14,lymphocyte
ach-003139,Louvain_k10,11,muscle
ach-001751,Louvain_k10,1,soft_tissue
ach-000018,Louvain_k10,11,urinary_tract
ach-000721,Louvain_k10,16,breast
ach-000003,Louvain_k10,8,colorectal
ach-000092,Louvain_k10,11,lung
ach-000669,Louvain_k10,0,lung
ach-001099,Louvain_k10,16,soft_tissue
ach-000648,Louvain_k10,13,lung
ach-000950,Louvain_k10,8,colorectal
ach-000050,Louvain_k10,7,plasma_cell
ach-001106,Louvain_k10,10,blood
ach-002051,Louvain_k10,4,lung
ach-000367,Louvain_k10,11,lung
ach-000589,Louvain_k10,0,lung
ach-000564,Louvain_k10,7,plasma_cell
ach-001522,Louvain_k10,6,skin
ach-000831,Louvain_k10,13,uterus
ach-000424,Louvain_k10,15,bone
ach-000409,Louvain_k10,13,ovary
ach-000616,Louvain_k10,11,gastric
ach-000628,Louvain_k10,3,lung
ach-000512,Louvain_k10,7,plasma_cell
ach-000232,Louvain_k10,11,central_nervous_system
ach-000820,Louvain_k10,8,colorectal
ach-001295,Louvain_k10,9,eye
ach-001164,Louvain_k10,1,soft_tissue
ach-000806,Louvain_k10,12,lymphocyte
ach-002524,Louvain_k10,13,ovary
ach-000645,Louvain_k10,11,lung
ach-000099,Louvain_k10,9,peripheral_nervous_system
ach-000902,Louvain_k10,5,breast
ach-000649,Louvain_k10,13,kidney
ach-000086,Louvain_k10,11,lung
ach-000149,Louvain_k10,9,peripheral_nervous_system
ach-002538,Louvain_k10,8,colorectal
ach-000142,Louvain_k10,17,urinary_tract
ach-002535,Louvain_k10,17,colorectal
ach-000227,Louvain_k10,9,peripheral_nervous_system
ach-000697,Louvain_k10,7,lymphocyte
ach-000942,Louvain_k10,12,blood
ach-000264,Louvain_k10,17,lung
ach-000809,Louvain_k10,17,esophagus
ach-000093,Louvain_k10,17,pancreas
ach-000100,Louvain_k10,1,soft_tissue
ach-001445,Louvain_k10,3,upper_aerodigestive
ach-000060,Louvain_k10,17,pancreas
ach-000001,Louvain_k10,13,ovary
ach-000957,Louvain_k10,8,colorectal
ach-000650,Louvain_k10,6,skin
ach-001096,Louvain_k10,1,soft_tissue
ach-002799,Louvain_k10,11,peripheral_nervous_system
ach-002404,Louvain_k10,6,skin
ach-000239,Louvain_k10,8,gastric
ach-000762,Louvain_k10,3,upper_aerodigestive
ach-000922,Louvain_k10,10,blood
ach-002784,Louvain_k10,11,soft_tissue
ach-002653,Louvain_k10,10,blood
ach-000859,Louvain_k10,17,breast
ach-000990,Louvain_k10,13,uterus
ach-000410,Louvain_k10,11,bone
ach-001971,Louvain_k10,6,skin
ach-000927,Louvain_k10,5,breast
ach-001853,Louvain_k10,17,bile_duct
ach-001978,Louvain_k10,6,skin
ach-000694,Louvain_k10,3,esophagus
ach-000935,Louvain_k10,11,colorectal
ach-000918,Louvain_k10,12,blood
ach-001984,Louvain_k10,6,skin
ach-000761,Louvain_k10,3,gastric
ach-001563,Louvain_k10,11,skin
ach-000974,Louvain_k10,13,uterus
ach-000297,Louvain_k10,4,lung
ach-001719,Louvain_k10,13,ovary
ach-000243,Louvain_k10,17,pancreas
ach-001418,Louvain_k10,13,ovary
ach-000362,Louvain_k10,2,blood
ach-000843,Louvain_k10,3,lung
ach-002052,Louvain_k10,4,lung
ach-000840,Louvain_k10,17,lung
ach-001852,Louvain_k10,3,bile_duct
ach-001528,Louvain_k10,11,thyroid
ach-001656,Louvain_k10,2,blood
ach-000016,Louvain_k10,13,kidney
ach-000165,Louvain_k10,11,fibroblast
ach-001460,Louvain_k10,8,colorectal
ach-000592,Louvain_k10,11,central_nervous_system
ach-001192,Louvain_k10,15,bone
ach-000045,Louvain_k10,2,blood
ach-000741,Louvain_k10,17,urinary_tract
ach-000912,Louvain_k10,16,lung
ach-000529,Louvain_k10,11,fibroblast
ach-000508,Louvain_k10,4,lung
ach-000577,Louvain_k10,11,liver
ach-000768,Louvain_k10,0,breast
ach-000636,Louvain_k10,12,blood
ach-000667,Louvain_k10,0,lung
ach-000905,Louvain_k10,17,urinary_tract
ach-001494,Louvain_k10,17,bile_duct
ach-000387,Louvain_k10,2,blood
ach-002510,Louvain_k10,6,skin
ach-001303,Louvain_k10,9,peripheral_nervous_system
ach-000026,Louvain_k10,13,urinary_tract
ach-000838,Louvain_k10,7,plasma_cell
ach-001172,Louvain_k10,11,central_nervous_system
ach-000822,Louvain_k10,6,skin
ach-000531,Louvain_k10,11,fibroblast
ach-000349,Louvain_k10,5,breast
ach-000527,Louvain_k10,13,ovary
ach-000279,Louvain_k10,15,bone
ach-000516,Louvain_k10,11,bone
ach-001662,Louvain_k10,5,breast
ach-000812,Louvain_k10,6,skin
ach-003157,Louvain_k10,11,lung
ach-003464,Louvain_k10,11,soft_tissue
ach-001300,Louvain_k10,9,peripheral_nervous_system
ach-000524,Louvain_k10,13,ovary
ach-000611,Louvain_k10,14,lymphocyte
ach-002419,Louvain_k10,11,uterus
ach-000411,Louvain_k10,13,kidney
ach-000718,Louvain_k10,0,lung
ach-000903,Louvain_k10,11,thyroid
ach-002021,Louvain_k10,0,uterus
ach-000433,Louvain_k10,13,kidney
ach-000499,Louvain_k10,15,bone
ach-000278,Louvain_k10,13,ovary
ach-000202,Louvain_k10,9,colorectal
ach-001736,Louvain_k10,10,blood
ach-001379,Louvain_k10,17,pancreas
ach-002070,Louvain_k10,11,central_nervous_system
ach-002794,Louvain_k10,11,soft_tissue
ach-000128,Louvain_k10,11,central_nervous_system
ach-002528,Louvain_k10,13,kidney
ach-000696,Louvain_k10,11,ovary
ach-000041,Louvain_k10,15,bone
ach-000214,Louvain_k10,11,fibroblast
ach-000747,Louvain_k10,16,lung
ach-001307,Louvain_k10,11,thyroid
ach-000341,Louvain_k10,9,peripheral_nervous_system
ach-001740,Louvain_k10,1,soft_tissue
ach-000417,Louvain_k10,17,pancreas
ach-001393,Louvain_k10,5,breast
ach-000120,Louvain_k10,9,peripheral_nervous_system
ach-001694,Louvain_k10,3,upper_aerodigestive
ach-001542,Louvain_k10,3,upper_aerodigestive
ach-002509,Louvain_k10,6,skin
ach-000438,Louvain_k10,0,lung
ach-001366,Louvain_k10,9,peripheral_nervous_system
ach-000653,Louvain_k10,7,plasma_cell
ach-000839,Louvain_k10,3,urinary_tract
ach-000673,Louvain_k10,11,central_nervous_system
ach-001524,Louvain_k10,3,skin
ach-000069,Louvain_k10,14,lymphocyte
ach-002996,Louvain_k10,11,lung
ach-003142,Louvain_k10,11,muscle
ach-000323,Louvain_k10,11,central_nervous_system
ach-000021,Louvain_k10,0,lung
ach-001863,Louvain_k10,8,bile_duct
ach-001996,Louvain_k10,17,bile_duct
ach-000980,Louvain_k10,4,lung
ach-000106,Louvain_k10,12,lymphocyte
ach-003156,Louvain_k10,3,lung
ach-000734,Louvain_k10,8,liver
ach-000845,Louvain_k10,0,lung
ach-001982,Louvain_k10,6,skin
ach-000730,Louvain_k10,6,skin
ach-001334,Louvain_k10,3,cervix
ach-000698,Louvain_k10,4,lung
ach-000802,Louvain_k10,3,urinary_tract
ach-001836,Louvain_k10,17,bile_duct
ach-000573,Louvain_k10,11,breast
ach-001699,Louvain_k10,3,upper_aerodigestive
ach-000963,Louvain_k10,8,colorectal
ach-001567,Louvain_k10,6,skin
ach-001653,Louvain_k10,17,gastric
ach-000852,Louvain_k10,8,lung
ach-001862,Louvain_k10,17,bile_duct
ach-001976,Louvain_k10,6,skin
ach-002665,Louvain_k10,8,colorectal
ach-003153,Louvain_k10,3,lung
ach-000661,Louvain_k10,6,skin
ach-001500,Louvain_k10,16,esophagus
ach-001190,Louvain_k10,6,skin
ach-002467,Louvain_k10,11,eye
ach-000364,Louvain_k10,11,bone
ach-000448,Louvain_k10,3,lung
ach-000979,Louvain_k10,0,prostate
ach-000932,Louvain_k10,16,gastric
ach-000783,Louvain_k10,5,breast
ach-002044,Louvain_k10,4,upper_aerodigestive
ach-000301,Louvain_k10,2,blood
ach-002459,Louvain_k10,6,skin
ach-000976,Louvain_k10,17,bile_duct
ach-001516,Louvain_k10,4,cervix
ach-001354,Louvain_k10,9,peripheral_nervous_system
ach-001645,Louvain_k10,6,skin
ach-003135,Louvain_k10,11,central_nervous_system
ach-000867,Louvain_k10,0,lung
ach-000304,Louvain_k10,6,skin
ach-002069,Louvain_k10,16,bone
ach-000931,Louvain_k10,6,skin
ach-001374,Louvain_k10,9,ovary
ach-000302,Louvain_k10,13,uterus
ach-000305,Louvain_k10,3,esophagus
ach-000072,Louvain_k10,2,blood
ach-000766,Louvain_k10,3,lung
ach-000533,Louvain_k10,16,soft_tissue
ach-000343,Louvain_k10,16,lung
ach-001437,Louvain_k10,9,testis
ach-000171,Louvain_k10,13,kidney
ach-003475,Louvain_k10,3,upper_aerodigestive
ach-000173,Louvain_k10,13,uterus
ach-000535,Louvain_k10,3,pancreas
ach-000774,Louvain_k10,17,lung
ach-000178,Louvain_k10,17,pancreas
ach-001306,Louvain_k10,11,thyroid
ach-000994,Louvain_k10,13,uterus
ach-001188,Louvain_k10,9,peripheral_nervous_system
ach-000372,Louvain_k10,12,blood
ach-002886,Louvain_k10,8,colorectal
ach-000804,Louvain_k10,9,peripheral_nervous_system
ach-000011,Louvain_k10,13,urinary_tract
ach-000733,Louvain_k10,0,lung
ach-001603,Louvain_k10,9,peripheral_nervous_system
ach-000829,Louvain_k10,12,plasma_cell
ach-000141,Louvain_k10,3,bile_duct
ach-000810,Louvain_k10,6,skin
ach-001994,Louvain_k10,17,bile_duct
ach-001145,Louvain_k10,13,ovary
ach-000717,Louvain_k10,3,esophagus
ach-000738,Louvain_k10,11,central_nervous_system
ach-001843,Louvain_k10,11,bile_duct
ach-002664,Louvain_k10,17,colorectal
ach-000780,Louvain_k10,4,lung
ach-001548,Louvain_k10,9,peripheral_nervous_system
ach-000759,Louvain_k10,5,breast
ach-001555,Louvain_k10,11,lung
ach-001369,Louvain_k10,13,ovary
ach-000969,Louvain_k10,8,colorectal
ach-000873,Louvain_k10,3,esophagus
ach-001275,Louvain_k10,16,soft_tissue
ach-002654,Louvain_k10,8,colorectal
ach-002435,Louvain_k10,13,kidney
ach-001972,Louvain_k10,6,skin
ach-000921,Louvain_k10,11,lung
ach-003470,Louvain_k10,11,thyroid
ach-001953,Louvain_k10,6,skin
ach-002843,Louvain_k10,11,soft_tissue
ach-001373,Louvain_k10,13,ovary
ach-002800,Louvain_k10,11,peripheral_nervous_system
ach-001022,Louvain_k10,15,bone
ach-000082,Louvain_k10,11,bone
ach-003105,Louvain_k10,6,skin
ach-000488,Louvain_k10,3,esophagus
ach-000790,Louvain_k10,4,lung
ach-000172,Louvain_k10,16,soft_tissue
ach-000647,Louvain_k10,17,esophagus
ach-000602,Louvain_k10,2,blood
ach-003181,Louvain_k10,11,soft_tissue
ach-002681,Louvain_k10,11,central_nervous_system
ach-001465,Louvain_k10,9,peripheral_nervous_system
ach-003012,Louvain_k10,0,lung
ach-000156,Louvain_k10,10,blood
ach-002001,Louvain_k10,6,skin
ach-000315,Louvain_k10,14,lymphocyte
ach-001678,Louvain_k10,14,lymphocyte
ach-002446,Louvain_k10,8,gastric
ach-000201,Louvain_k10,16,soft_tissue
ach-000435,Louvain_k10,13,uterus
ach-000965,Louvain_k10,3,uterus
ach-001550,Louvain_k10,11,skin
ach-002026,Louvain_k10,13,uterus
ach-000883,Louvain_k10,11,central_nervous_system
ach-000482,Louvain_k10,0,lung
ach-000450,Louvain_k10,6,skin
ach-002672,Louvain_k10,17,pancreas
ach-000835,Louvain_k10,11,soft_tissue
ach-002431,Louvain_k10,11,peripheral_nervous_system
ach-001802,Louvain_k10,1,soft_tissue
ach-000629,Louvain_k10,11,central_nervous_system
ach-000715,Louvain_k10,3,upper_aerodigestive
ach-000870,Louvain_k10,4,lung
ach-000910,Louvain_k10,5,breast
ach-000779,Louvain_k10,17,lung
ach-000140,Louvain_k10,14,lymphocyte
ach-001196,Louvain_k10,1,soft_tissue
ach-001484,Louvain_k10,12,blood
ach-000693,Louvain_k10,3,esophagus
ach-000811,Louvain_k10,13,ovary
ach-000423,Louvain_k10,6,skin
ach-000290,Louvain_k10,4,lung
ach-001847,Louvain_k10,17,bile_duct
ach-000492,Louvain_k10,10,blood
ach-001519,Louvain_k10,16,bone
ach-000110,Louvain_k10,3,gastric
ach-001497,Louvain_k10,17,esophagus
ach-000102,Louvain_k10,11,central_nervous_system
ach-000817,Louvain_k10,7,plasma_cell
ach-001556,Louvain_k10,11,lung
ach-000964,Louvain_k10,12,blood
ach-000378,Louvain_k10,0,lung
ach-000913,Louvain_k10,11,uterus
ach-000575,Louvain_k10,0,lung
ach-000634,Louvain_k10,11,central_nervous_system
ach-002291,Louvain_k10,9,embryo
ach-001322,Louvain_k10,16,soft_tissue
ach-002924,Louvain_k10,6,eye
ach-000767,Louvain_k10,4,lung
ach-001642,Louvain_k10,12,lymphocyte
ach-001552,Louvain_k10,11,skin
ach-000451,Louvain_k10,17,lung
ach-000879,Louvain_k10,16,uterus
ach-001842,Louvain_k10,17,bile_duct
ach-002662,Louvain_k10,8,colorectal
ach-001032,Louvain_k10,15,bone
ach-000982,Louvain_k10,8,colorectal
ach-001636,Louvain_k10,14,lymphocyte
ach-000189,Louvain_k10,13,kidney
ach-000454,Louvain_k10,3,lung
ach-000131,Louvain_k10,11,fibroblast
ach-000660,Louvain_k10,14,lymphocyte
ach-001197,Louvain_k10,12,lymphocyte
ach-000915,Louvain_k10,6,skin
ach-000480,Louvain_k10,8,liver
ach-000745,Louvain_k10,7,plasma_cell
ach-000161,Louvain_k10,17,lung
ach-000395,Louvain_k10,4,lung
ach-001459,Louvain_k10,8,colorectal
ach-000916,Louvain_k10,0,lung
ach-001609,Louvain_k10,11,central_nervous_system
ach-001960,Louvain_k10,3,bile_duct
ach-002648,Louvain_k10,17,uterus
ach-001856,Louvain_k10,17,bile_duct
ach-003158,Louvain_k10,11,muscle
ach-002433,Louvain_k10,11,bone
ach-000295,Louvain_k10,2,blood
ach-001485,Louvain_k10,12,blood
ach-003269,Louvain_k10,11,soft_tissue
ach-000292,Louvain_k10,16,lung
ach-000137,Louvain_k10,11,central_nervous_system
ach-000308,Louvain_k10,13,ovary
ach-000445,Louvain_k10,11,central_nervous_system
ach-001229,Louvain_k10,3,upper_aerodigestive
ach-000144,Louvain_k10,0,gastric
ach-000837,Louvain_k10,17,lung
ach-000048,Louvain_k10,16,ovary
ach-000463,Louvain_k10,0,lung
ach-000881,Louvain_k10,6,skin
ach-000388,Louvain_k10,14,lymphocyte
ach-001992,Louvain_k10,11,lung
ach-000147,Louvain_k10,5,breast
ach-000930,Louvain_k10,5,breast
ach-000899,Louvain_k10,6,skin
ach-000366,Louvain_k10,9,peripheral_nervous_system
ach-001571,Louvain_k10,12,lymphocyte
ach-001526,Louvain_k10,16,bone
ach-000064,Louvain_k10,3,lung
ach-001329,Louvain_k10,11,central_nervous_system
ach-001676,Louvain_k10,16,upper_aerodigestive
ach-000418,Louvain_k10,11,bone
ach-001280,Louvain_k10,16,soft_tissue
ach-002922,Louvain_k10,9,peripheral_nervous_system
ach-000861,Louvain_k10,11,lung
ach-000692,Louvain_k10,3,upper_aerodigestive
ach-003137,Louvain_k10,11,central_nervous_system
ach-000107,Louvain_k10,17,pancreas
ach-000133,Louvain_k10,11,soft_tissue
ach-000306,Louvain_k10,11,fibroblast
ach-001530,Louvain_k10,0,uterus
ach-000651,Louvain_k10,8,colorectal
ach-000563,Louvain_k10,0,lung
ach-000058,Louvain_k10,11,thyroid
ach-000345,Louvain_k10,9,peripheral_nervous_system
ach-000316,Louvain_k10,11,liver
ach-000884,Louvain_k10,6,skin
ach-000289,Louvain_k10,6,central_nervous_system
ach-001451,Louvain_k10,11,cervix
ach-003459,Louvain_k10,6,skin
ach-002440,Louvain_k10,11,thyroid
ach-000355,Louvain_k10,9,lung
ach-002926,Louvain_k10,6,unknown
ach-000962,Louvain_k10,13,ovary
ach-000473,Louvain_k10,17,urinary_tract
ach-000192,Louvain_k10,13,uterus
ach-001624,Louvain_k10,11,central_nervous_system
ach-001989,Louvain_k10,6,skin
ach-001807,Louvain_k10,11,soft_tissue
ach-002532,Louvain_k10,8,colorectal
ach-002466,Louvain_k10,11,eye
ach-001344,Louvain_k10,11,peripheral_nervous_system
ach-001684,Louvain_k10,2,blood
ach-000757,Louvain_k10,16,lung
ach-000054,Louvain_k10,11,soft_tissue
ach-001318,Louvain_k10,8,liver
ach-000601,Louvain_k10,16,pancreas
ach-000635,Louvain_k10,13,ovary
ach-001857,Louvain_k10,8,bile_duct
ach-000966,Louvain_k10,13,ovary
ach-000630,Louvain_k10,11,upper_aerodigestive
ach-000225,Louvain_k10,4,gastric
ach-002047,Louvain_k10,11,uterus
ach-000657,Louvain_k10,16,ovary
ach-000624,Louvain_k10,3,breast
ach-000699,Louvain_k10,11,breast
ach-000923,Louvain_k10,7,lymphocyte
ach-000687,Louvain_k10,14,lymphocyte
ach-000044,Louvain_k10,5,breast
ach-000740,Louvain_k10,3,upper_aerodigestive
ach-000447,Louvain_k10,0,lung
ach-000101,Louvain_k10,12,blood
ach-001416,Louvain_k10,17,urinary_tract
ach-000319,Louvain_k10,11,lung
ach-000198,Louvain_k10,2,blood
ach-000280,Louvain_k10,17,ovary
ach-003265,Louvain_k10,11,soft_tissue
ach-000104,Louvain_k10,12,blood
ach-001835,Louvain_k10,17,bile_duct
ach-000892,Louvain_k10,0,lung
ach-000493,Louvain_k10,11,liver
ach-000042,Louvain_k10,17,pancreas
ach-002045,Louvain_k10,3,upper_aerodigestive
ach-000221,Louvain_k10,16,liver
ach-000477,Louvain_k10,6,skin
ach-000746,Louvain_k10,4,gastric
ach-000356,Louvain_k10,8,gastric
ach-000457,Louvain_k10,13,kidney
ach-000904,Louvain_k10,4,lung
ach-002060,Louvain_k10,10,blood
ach-003159,Louvain_k10,11,hair
ach-001813,Louvain_k10,11,bone
ach-000244,Louvain_k10,11,central_nervous_system
ach-000610,Louvain_k10,4,lung
ach-000081,Louvain_k10,2,blood
ach-003161,Louvain_k10,11,pancreas
ach-000255,Louvain_k10,11,gastric
ach-001038,Louvain_k10,15,bone
ach-000352,Louvain_k10,5,breast
ach-002016,Louvain_k10,11,eye
ach-000416,Louvain_k10,0,lung
ach-000752,Louvain_k10,11,lung
ach-000862,Louvain_k10,17,urinary_tract
ach-000236,Louvain_k10,8,colorectal
ach-000401,Louvain_k10,6,skin
ach-000731,Louvain_k10,0,lung
ach-000875,Louvain_k10,0,lung
ach-000626,Louvain_k10,7,plasma_cell
ach-000593,Louvain_k10,3,urinary_tract
ach-000182,Louvain_k10,17,bile_duct
ach-000442,Louvain_k10,11,lung
ach-000159,Louvain_k10,13,kidney
ach-000907,Louvain_k10,13,kidney
ach-000191,Louvain_k10,0,thyroid
ach-000205,Louvain_k10,17,pancreas
ach-000103,Louvain_k10,13,ovary
ach-000739,Louvain_k10,8,liver
ach-001558,Louvain_k10,11,lung
ach-000206,Louvain_k10,12,lymphocyte
ach-000841,Louvain_k10,0,lung
ach-000615,Louvain_k10,6,skin
ach-001613,Louvain_k10,2,blood
ach-001608,Louvain_k10,11,central_nervous_system
ach-000801,Louvain_k10,6,skin
ach-000539,Louvain_k10,11,fibroblast
ach-000464,Louvain_k10,11,central_nervous_system
ach-000622,Louvain_k10,11,central_nervous_system
ach-000452,Louvain_k10,3,esophagus
ach-001390,Louvain_k10,3,breast
ach-001401,Louvain_k10,16,adrenal_cortex
ach-000365,Louvain_k10,14,lymphocyte
ach-001431,Louvain_k10,15,bone
ach-000475,Louvain_k10,8,liver
ach-000860,Louvain_k10,0,lung
ach-000074,Louvain_k10,2,blood
ach-000377,Louvain_k10,0,bile_duct
ach-001562,Louvain_k10,11,lung
ach-001693,Louvain_k10,11,upper_aerodigestive
ach-003134,Louvain_k10,11,unknown
ach-000259,Louvain_k10,9,peripheral_nervous_system
ach-001697,Louvain_k10,3,upper_aerodigestive
ach-002801,Louvain_k10,6,peripheral_nervous_system
ach-001388,Louvain_k10,3,breast
ach-001410,Louvain_k10,8,urinary_tract
ach-002025,Louvain_k10,8,colorectal
ach-002688,Louvain_k10,11,bone
ach-000720,Louvain_k10,11,urinary_tract
ach-000095,Louvain_k10,9,central_nervous_system
ach-001345,Louvain_k10,8,colorectal
ach-000558,Louvain_k10,11,central_nervous_system
ach-000664,Louvain_k10,12,lymphocyte
ach-000177,Louvain_k10,4,prostate
ach-001423,Louvain_k10,13,kidney
ach-000335,Louvain_k10,11,lung
ach-000940,Louvain_k10,16,uterus
ach-003160,Louvain_k10,11,hair
ach-000631,Louvain_k10,11,central_nervous_system
ach-000207,Louvain_k10,3,upper_aerodigestive
ach-000764,Louvain_k10,11,gastric
ach-000995,Louvain_k10,12,blood
ach-000373,Louvain_k10,2,blood
ach-000953,Louvain_k10,12,blood
ach-000709,Louvain_k10,13,kidney
ach-003463,Louvain_k10,12,lymphocyte
ach-000846,Louvain_k10,3,upper_aerodigestive
ach-001702,Louvain_k10,13,soft_tissue
ach-000333,Louvain_k10,8,ovary
ach-001708,Louvain_k10,14,lymphocyte
ach-002059,Louvain_k10,10,blood
ach-000929,Louvain_k10,0,lung
ach-001395,Louvain_k10,5,breast
ach-000948,Louvain_k10,8,gastric
ach-002015,Louvain_k10,11,eye
ach-000981,Louvain_k10,12,blood
ach-000617,Louvain_k10,13,ovary
ach-000311,Louvain_k10,0,lung
ach-001210,Louvain_k10,16,soft_tissue
ach-001834,Louvain_k10,17,bile_duct
ach-002010,Louvain_k10,6,eye
ach-003143,Louvain_k10,11,kidney
ach-000390,Louvain_k10,3,lung
ach-000468,Louvain_k10,17,pancreas
ach-002651,Louvain_k10,2,blood
ach-001061,Louvain_k10,8,colorectal
ach-000077,Louvain_k10,12,lymphocyte
ach-000456,Louvain_k10,11,thyroid
ach-002703,Louvain_k10,8,gastric
ach-000496,Louvain_k10,0,lung
ach-002512,Louvain_k10,6,skin
ach-000062,Louvain_k10,0,lung
ach-002464,Louvain_k10,11,eye
ach-000088,Louvain_k10,11,fibroblast
ach-000536,Louvain_k10,17,breast
ach-000071,Louvain_k10,11,fibroblast
ach-002004,Louvain_k10,6,skin
ach-000878,Louvain_k10,0,lung
ach-001380,Louvain_k10,17,pancreas
ach-002061,Louvain_k10,2,blood
ach-000385,Louvain_k10,13,kidney
ach-000412,Louvain_k10,17,colorectal
ach-003474,Louvain_k10,3,upper_aerodigestive
ach-000427,Louvain_k10,8,gastric
ach-000938,Louvain_k10,10,blood
ach-000462,Louvain_k10,10,blood
ach-000939,Louvain_k10,16,soft_tissue
ach-000325,Louvain_k10,8,gastric
ach-000515,Louvain_k10,4,lung
ach-001033,Louvain_k10,16,central_nervous_system
ach-000919,Louvain_k10,8,gastric
ach-000863,Louvain_k10,11,central_nervous_system
ach-000642,Louvain_k10,3,breast
ach-000581,Louvain_k10,8,gastric
ach-001435,Louvain_k10,11,testis
ach-001050,Louvain_k10,11,soft_tissue
ach-001818,Louvain_k10,11,bone
ach-001384,Louvain_k10,11,thyroid
ach-000797,Louvain_k10,11,fibroblast
ach-000220,Louvain_k10,14,lymphocyte
ach-001533,Louvain_k10,14,lymphocyte
ach-001508,Louvain_k10,3,upper_aerodigestive
ach-000827,Louvain_k10,6,skin
ach-003119,Louvain_k10,4,lung
ach-000961,Louvain_k10,13,uterus
ach-000778,Louvain_k10,3,upper_aerodigestive
ach-000825,Louvain_k10,0,lung
ach-000743,Louvain_k10,4,lung
ach-000190,Louvain_k10,11,unknown
ach-001819,Louvain_k10,5,breast
ach-000157,Louvain_k10,7,lymphocyte
ach-001786,Louvain_k10,8,colorectal
ach-000253,Louvain_k10,8,colorectal
ach-001376,Louvain_k10,17,pancreas
ach-000958,Louvain_k10,8,colorectal
ach-000228,Louvain_k10,3,upper_aerodigestive
ach-000266,Louvain_k10,17,pancreas
ach-001750,Louvain_k10,11,soft_tissue
ach-000174,Louvain_k10,11,thyroid
ach-000245,Louvain_k10,14,lymphocyte
ach-001279,Louvain_k10,16,ovary
ach-000620,Louvain_k10,13,liver
ach-000813,Louvain_k10,17,lung
ach-001513,Louvain_k10,0,cervix
ach-000168,Louvain_k10,2,blood
ach-000257,Louvain_k10,4,lung
ach-000211,Louvain_k10,11,central_nervous_system
ach-000283,Louvain_k10,11,central_nervous_system
ach-002401,Louvain_k10,3,breast
ach-002041,Louvain_k10,11,thyroid
ach-000987,Louvain_k10,6,skin
ach-003465,Louvain_k10,11,upper_aerodigestive
ach-000682,Louvain_k10,3,upper_aerodigestive
ach-000073,Louvain_k10,12,lymphocyte
ach-000212,Louvain_k10,11,breast
ach-000096,Louvain_k10,16,kidney
ach-002500,Louvain_k10,14,lymphocyte
ach-001440,Louvain_k10,9,testis
ach-000063,Louvain_k10,11,fibroblast
ach-002942,Louvain_k10,11,soft_tissue
ach-001999,Louvain_k10,17,pancreas
ach-000776,Louvain_k10,11,central_nervous_system
ach-000521,Louvain_k10,0,lung
ach-000299,Louvain_k10,2,blood
ach-000025,Louvain_k10,11,central_nervous_system
ach-000591,Louvain_k10,11,central_nervous_system
ach-001716,Louvain_k10,9,peripheral_nervous_system
ach-000833,Louvain_k10,1,soft_tissue
ach-001628,Louvain_k10,13,ovary
ach-000398,Louvain_k10,14,lymphocyte
ach-000274,Louvain_k10,6,skin
ach-001370,Louvain_k10,11,ovary
ach-001700,Louvain_k10,3,upper_aerodigestive
ach-000029,Louvain_k10,0,lung
ach-001849,Louvain_k10,17,bile_duct
ach-000644,Louvain_k10,6,skin
ach-001422,Louvain_k10,3,prostate
ach-000588,Louvain_k10,7,plasma_cell
ach-000849,Louvain_k10,17,breast
ach-002690,Louvain_k10,11,bone
ach-000219,Louvain_k10,6,skin
ach-000150,Louvain_k10,0,lung
ach-001845,Louvain_k10,17,bile_duct
ach-002643,Louvain_k10,14,lymphocyte
ach-000384,Louvain_k10,17,urinary_tract
ach-001053,Louvain_k10,9,central_nervous_system
ach-001274,Louvain_k10,11,soft_tissue
ach-000091,Louvain_k10,13,ovary
ach-002932,Louvain_k10,8,colorectal
ach-002014,Louvain_k10,6,eye
ach-001634,Louvain_k10,12,blood
ach-002531,Louvain_k10,0,lung
ach-000495,Louvain_k10,13,kidney
ach-000911,Louvain_k10,17,gastric
ach-000013,Louvain_k10,13,ovary
ach-002667,Louvain_k10,8,colorectal
ach-000777,Louvain_k10,3,esophagus
ach-001765,Louvain_k10,1,soft_tissue
ach-000312,Louvain_k10,9,peripheral_nervous_system
ach-000085,Louvain_k10,3,pancreas
ach-000436,Louvain_k10,7,plasma_cell
ach-000869,Louvain_k10,0,lung
ach-003061,Louvain_k10,4,lung
ach-003471,Louvain_k10,13,thyroid
ach-000267,Louvain_k10,12,lymphocyte
ach-000489,Louvain_k10,8,colorectal
ach-000431,Louvain_k10,4,lung
ach-000152,Louvain_k10,11,central_nervous_system
ach-000909,Louvain_k10,16,uterus
ach-000534,Louvain_k10,14,lymphocyte
ach-001489,Louvain_k10,4,lung
ach-000582,Louvain_k10,6,skin
ach-000460,Louvain_k10,13,ovary
ach-000443,Louvain_k10,13,ovary
ach-001570,Louvain_k10,6,skin
ach-000986,Louvain_k10,8,colorectal
ach-001335,Louvain_k10,3,cervix
ach-000023,Louvain_k10,11,pancreas
ach-002062,Louvain_k10,12,lymphocyte
ach-002462,Louvain_k10,11,eye
ach-000151,Louvain_k10,14,blood
ach-001277,Louvain_k10,16,soft_tissue
ach-000607,Louvain_k10,16,soft_tissue
ach-002647,Louvain_k10,17,gastric
ach-000703,Louvain_k10,4,lung
ach-001211,Louvain_k10,16,soft_tissue
ach-003152,Louvain_k10,11,lung
ach-001511,Louvain_k10,3,upper_aerodigestive
ach-000113,Louvain_k10,2,blood
ach-000337,Louvain_k10,0,lung
ach-000598,Louvain_k10,7,plasma_cell
ach-000057,Louvain_k10,7,plasma_cell
ach-000281,Louvain_k10,17,pancreas
ach-000321,Louvain_k10,2,blood
ach-000985,Louvain_k10,8,colorectal
ach-000444,Louvain_k10,11,lung
ach-000347,Louvain_k10,4,pancreas
ach-001399,Louvain_k10,8,colorectal
ach-001097,Louvain_k10,12,lymphocyte
ach-000127,Louvain_k10,11,urinary_tract
ach-001961,Louvain_k10,17,bile_duct
ach-001796,Louvain_k10,11,soft_tissue
ach-000307,Louvain_k10,17,pancreas
ach-001030,Louvain_k10,15,bone
ach-002485,Louvain_k10,14,lymphocyte
ach-000595,Louvain_k10,6,central_nervous_system
ach-001540,Louvain_k10,11,soft_tissue
ach-000298,Louvain_k10,4,lung
ach-000771,Louvain_k10,3,upper_aerodigestive
ach-000500,Louvain_k10,11,upper_aerodigestive
ach-000353,Louvain_k10,3,esophagus
ach-000363,Louvain_k10,7,plasma_cell
ach-000350,Louvain_k10,17,colorectal
ach-000053,Louvain_k10,12,lymphocyte
ach-001543,Louvain_k10,3,upper_aerodigestive
ach-000663,Louvain_k10,13,ovary
ach-000346,Louvain_k10,12,blood
ach-000970,Louvain_k10,17,colorectal
ach-002543,Louvain_k10,8,colorectal
ach-001333,Louvain_k10,16,cervix
ach-000794,Louvain_k10,3,upper_aerodigestive
ach-000039,Louvain_k10,15,bone
ach-000471,Louvain_k10,8,liver
ach-000850,Louvain_k10,11,fibroblast
ach-000291,Louvain_k10,8,ovary
ach-001453,Louvain_k10,3,prostate
ach-001458,Louvain_k10,8,colorectal
ach-000886,Louvain_k10,0,lung
ach-000888,Louvain_k10,0,lung
ach-000659,Louvain_k10,4,lung
ach-000030,Louvain_k10,17,lung
ach-001201,Louvain_k10,9,central_nervous_system
ach-000271,Louvain_k10,14,lymphocyte
ach-002676,Louvain_k10,12,blood
ach-000549,Louvain_k10,3,upper_aerodigestive
ach-000555,Louvain_k10,13,kidney
ach-000478,Louvain_k10,11,liver
ach-000775,Louvain_k10,4,lung
ach-002214,Louvain_k10,7,lymphocyte
ach-000038,Louvain_k10,12,lymphocyte
ach-001109,Louvain_k10,16,soft_tissue
ach-001442,Louvain_k10,3,epidermoid_carcinoma
ach-000559,Louvain_k10,4,lung
ach-000510,Louvain_k10,16,lung
ach-002065,Louvain_k10,11,central_nervous_system
ach-000676,Louvain_k10,6,central_nervous_system
ach-002659,Louvain_k10,8,colorectal
ach-000844,Louvain_k10,4,lung
ach-002403,Louvain_k10,11,skin
ach-002787,Louvain_k10,11,soft_tissue
ach-002497,Louvain_k10,0,lung
ach-002798,Louvain_k10,11,skin
ach-000925,Louvain_k10,8,lung
ach-002465,Louvain_k10,11,eye
ach-000272,Louvain_k10,13,kidney
ach-001035,Louvain_k10,15,bone
ach-003457,Louvain_k10,6,skin
ach-000513,Louvain_k10,13,kidney
ach-001059,Louvain_k10,16,soft_tissue
ach-000959,Louvain_k10,8,colorectal
ach-002283,Louvain_k10,9,peripheral_nervous_system
ach-000169,Louvain_k10,1,soft_tissue
ach-001402,Louvain_k10,11,cervix
ach-000796,Louvain_k10,17,ovary
ach-000143,Louvain_k10,3,lung
ach-000067,Louvain_k10,11,central_nervous_system
ach-000640,Louvain_k10,6,skin
ach-001591,Louvain_k10,4,lung
ach-001674,Louvain_k10,9,peripheral_nervous_system
ach-001698,Louvain_k10,3,upper_aerodigestive
ach-002002,Louvain_k10,6,skin
ach-002011,Louvain_k10,6,eye
ach-003268,Louvain_k10,11,soft_tissue
ach-000967,Louvain_k10,0,colorectal
ach-000469,Louvain_k10,11,central_nervous_system
ach-001353,Louvain_k10,17,pancreas
ach-001574,Louvain_k10,2,blood
ach-000097,Louvain_k10,5,breast
ach-000256,Louvain_k10,13,ovary
ach-000977,Louvain_k10,5,prostate
ach-000972,Louvain_k10,13,uterus
ach-001367,Louvain_k10,9,peripheral_nervous_system
ach-000382,Louvain_k10,4,lung
ach-003476,Louvain_k10,3,upper_aerodigestive
ach-000579,Louvain_k10,6,skin
ach-002035,Louvain_k10,16,lung
ach-001532,Louvain_k10,16,kidney
ach-000695,Louvain_k10,4,lung
ach-001795,Louvain_k10,11,soft_tissue
ach-001510,Louvain_k10,3,upper_aerodigestive
ach-000502,Louvain_k10,17,pancreas
ach-000183,Louvain_k10,7,plasma_cell
ach-000408,Louvain_k10,3,esophagus
ach-001496,Louvain_k10,8,esophagus
ach-000788,Louvain_k10,6,skin
ach-002405,Louvain_k10,1,skin
ach-002409,Louvain_k10,11,central_nervous_system
ach-001622,Louvain_k10,11,central_nervous_system
ach-000466,Louvain_k10,17,gastric
ach-001560,Louvain_k10,11,lung
ach-001019,Louvain_k10,4,skin
ach-003111,Louvain_k10,11,soft_tissue
ach-000005,Louvain_k10,2,blood
ach-001687,Louvain_k10,13,kidney
ach-001151,Louvain_k10,17,ovary
ach-000701,Louvain_k10,0,ovary
ach-000542,Louvain_k10,11,ovary
ach-000126,Louvain_k10,11,central_nervous_system
ach-001685,Louvain_k10,12,lymphocyte
ach-000933,Louvain_k10,0,pancreas
ach-000068,Louvain_k10,14,lymphocyte
ach-000015,Louvain_k10,16,lung
ach-001111,Louvain_k10,12,lymphocyte
ach-000487,Louvain_k10,2,blood
ach-000122,Louvain_k10,12,blood
ach-000288,Louvain_k10,11,breast
ach-001820,Louvain_k10,5,breast
ach-000782,Louvain_k10,10,blood
ach-001632,Louvain_k10,13,ovary
ach-002399,Louvain_k10,17,breast
ach-000357,Louvain_k10,14,lymphocyte
ach-000079,Louvain_k10,11,fibroblast
ach-001031,Louvain_k10,16,soft_tissue
ach-001064,Louvain_k10,14,lymphocyte
ach-002802,Louvain_k10,6,peripheral_nervous_system
ach-001048,Louvain_k10,13,ovary
ach-000453,Louvain_k10,7,plasma_cell
ach-003155,Louvain_k10,11,liver
ach-000791,Louvain_k10,0,lung
ach-000567,Louvain_k10,14,lymphocyte
ach-001391,Louvain_k10,11,breast
ach-001075,Louvain_k10,3,lung
ach-000105,Louvain_k10,12,blood
ach-000557,Louvain_k10,2,blood
ach-000175,Louvain_k10,11,fibroblast
ach-001356,Louvain_k10,11,thyroid
ach-001844,Louvain_k10,17,bile_duct
ach-001346,Louvain_k10,3,upper_aerodigestive
ach-000885,Louvain_k10,13,ovary
ach-000900,Louvain_k10,16,lung
ach-000666,Louvain_k10,0,lung
ach-001428,Louvain_k10,15,bone
ach-000217,Louvain_k10,11,liver
ach-000872,Louvain_k10,0,lung
ach-001974,Louvain_k10,6,skin
ach-002020,Louvain_k10,3,cervix
ach-001638,Louvain_k10,12,lymphocyte
ach-001228,Louvain_k10,3,upper_aerodigestive
ach-000181,Louvain_k10,3,upper_aerodigestive
ach-000115,Louvain_k10,5,prostate
ach-000130,Louvain_k10,10,blood
ach-000121,Louvain_k10,17,lung
ach-001711,Louvain_k10,1,central_nervous_system
ach-000934,Louvain_k10,5,breast
ach-000996,Louvain_k10,13,uterus
ach-001529,Louvain_k10,0,uterus
ach-001743,Louvain_k10,1,soft_tissue
ach-000320,Louvain_k10,17,pancreas
ach-000505,Louvain_k10,11,soft_tissue
ach-000781,Louvain_k10,0,lung
ach-000059,Louvain_k10,10,blood
ach-000920,Louvain_k10,12,blood
ach-000294,Louvain_k10,2,blood
ach-000422,Louvain_k10,11,liver
ach-000200,Louvain_k10,11,central_nervous_system
ach-000046,Louvain_k10,13,kidney
ach-000968,Louvain_k10,6,skin
ach-000830,Louvain_k10,4,lung
ach-000114,Louvain_k10,17,pancreas
ach-000402,Louvain_k10,14,lymphocyte
ach-001578,Louvain_k10,9,embryo
ach-000036,Louvain_k10,11,central_nervous_system
ach-000973,Louvain_k10,11,urinary_tract
ach-001128,Louvain_k10,16,soft_tissue
ach-003437,Louvain_k10,8,gastric
ach-000750,Louvain_k10,11,skin
ach-000285,Louvain_k10,14,lymphocyte
ach-002669,Louvain_k10,17,colorectal
ach-001858,Louvain_k10,11,bile_duct
ach-001997,Louvain_k10,17,bile_duct
ach-000052,Louvain_k10,15,bone
ach-001113,Louvain_k15,2,lung
ach-001289,Louvain_k15,0,soft_tissue
ach-001339,Louvain_k15,13,skin
ach-001979,Louvain_k15,13,skin
ach-002438,Louvain_k15,8,kidney
ach-001538,Louvain_k15,2,bile_duct
ach-000242,Louvain_k15,2,urinary_tract
ach-000708,Louvain_k15,10,colorectal
ach-000327,Louvain_k15,9,lung
ach-000233,Louvain_k15,7,lymphocyte
ach-000461,Louvain_k15,10,bile_duct
ach-000705,Louvain_k15,2,lung
ach-001794,Louvain_k15,8,soft_tissue
ach-002023,Louvain_k15,4,colorectal
ach-000528,Louvain_k15,2,lung
ach-002501,Louvain_k15,0,soft_tissue
ach-001655,Louvain_k15,8,uterus
ach-000167,Louvain_k15,7,plasma_cell
ach-000792,Louvain_k15,8,kidney
ach-001098,Louvain_k15,4,pancreas
ach-000570,Louvain_k15,8,central_nervous_system
ach-000351,Louvain_k15,2,gastric
ach-002075,Louvain_k15,3,lung
ach-002040,Louvain_k15,13,skin
ach-000769,Louvain_k15,3,lung
ach-000154,Louvain_k15,8,fibroblast
ach-000828,Louvain_k15,9,breast
ach-000421,Louvain_k15,10,colorectal
ach-000765,Louvain_k15,13,skin
ach-001375,Louvain_k15,4,pancreas
ach-000008,Louvain_k15,13,skin
ach-001814,Louvain_k15,8,bone
ach-000800,Louvain_k15,0,lung
ach-000606,Louvain_k15,2,upper_aerodigestive
ach-000317,Louvain_k15,12,kidney
ach-001492,Louvain_k15,14,lymphocyte
ach-000123,Louvain_k15,6,ovary
ach-000723,Louvain_k15,2,upper_aerodigestive
ach-002066,Louvain_k15,13,central_nervous_system
ach-001536,Louvain_k15,9,bile_duct
ach-003136,Louvain_k15,8,unknown
ach-000313,Louvain_k15,12,kidney
ach-002019,Louvain_k15,2,cervix
ach-000728,Louvain_k15,11,blood
ach-000700,Louvain_k15,8,lung
ach-000823,Louvain_k15,2,esophagus
ach-000678,Louvain_k15,4,gastric
ach-000006,Louvain_k15,1,blood
ach-002790,Louvain_k15,6,soft_tissue
ach-002029,Louvain_k15,2,upper_aerodigestive
ach-001377,Louvain_k15,10,pancreas
ach-000754,Louvain_k15,7,lymphocyte
ach-000465,Louvain_k15,13,skin
ach-000138,Louvain_k15,4,pancreas
ach-001864,Louvain_k15,2,bile_duct
ach-000383,Louvain_k15,4,esophagus
ach-001547,Louvain_k15,8,lung
ach-000917,Louvain_k15,9,esophagus
ach-002471,Louvain_k15,8,bone
ach-000984,Louvain_k15,12,uterus
ach-002678,Louvain_k15,14,lymphocyte
ach-001409,Louvain_k15,2,urinary_tract
ach-001707,Louvain_k15,7,blood
ach-000117,Louvain_k15,9,breast
ach-000999,Louvain_k15,10,colorectal
ach-000633,Louvain_k15,10,gastric
ach-000520,Louvain_k15,8,ovary
ach-000176,Louvain_k15,8,lung
ach-000017,Louvain_k15,9,breast
ach-000020,Louvain_k15,11,blood
ach-001385,Louvain_k15,0,upper_aerodigestive
ach-000587,Louvain_k15,4,lung
ach-000785,Louvain_k15,9,lung
ach-003469,Louvain_k15,8,thyroid
ach-000554,Louvain_k15,9,breast
ach-003180,Louvain_k15,8,soft_tissue
ach-001398,Louvain_k15,12,kidney
ach-001991,Louvain_k15,3,ovary
ach-001332,Louvain_k15,2,upper_aerodigestive
ach-000585,Louvain_k15,2,lung
ach-000550,Louvain_k15,8,skin
ach-000627,Louvain_k15,8,lung
ach-000704,Louvain_k15,12,ovary
ach-000276,Louvain_k15,9,breast
ach-000075,Louvain_k15,8,central_nervous_system
ach-000818,Louvain_k15,9,breast
ach-003184,Louvain_k15,8,soft_tissue
ach-001616,Louvain_k15,14,lymphocyte
ach-000625,Louvain_k15,10,liver
ach-000941,Louvain_k15,12,uterus
ach-000392,Louvain_k15,4,lung
ach-000269,Louvain_k15,8,central_nervous_system
ach-001670,Louvain_k15,5,peripheral_nervous_system
ach-003133,Louvain_k15,8,unknown
ach-000856,Louvain_k15,12,breast
ach-002687,Louvain_k15,13,eye
ach-001119,Louvain_k15,7,lymphocyte
ach-003132,Louvain_k15,8,unknown
ach-000376,Louvain_k15,8,central_nervous_system
ach-000685,Louvain_k15,2,pancreas
ach-000729,Louvain_k15,3,lung
ach-001034,Louvain_k15,5,bone
ach-001283,Louvain_k15,5,bone
ach-000880,Louvain_k15,10,gastric
ach-000035,Louvain_k15,4,lung
ach-001200,Louvain_k15,6,soft_tissue
ach-000194,Louvain_k15,8,fibroblast
ach-000322,Louvain_k15,13,skin
ach-000552,Louvain_k15,10,colorectal
ach-002508,Louvain_k15,8,skin
ach-000222,Louvain_k15,10,pancreas
ach-000260,Louvain_k15,0,peripheral_nervous_system
ach-001652,Louvain_k15,2,uterus
ach-000608,Louvain_k15,4,ovary
ach-000501,Louvain_k15,4,colorectal
ach-000612,Louvain_k15,7,lymphocyte
ach-002033,Louvain_k15,8,pleura
ach-001184,Louvain_k15,0,soft_tissue
ach-001688,Louvain_k15,12,kidney
ach-001838,Louvain_k15,4,bile_duct
ach-000638,Louvain_k15,4,lung
ach-001846,Louvain_k15,4,bile_duct
ach-000798,Louvain_k15,10,colorectal
ach-001321,Louvain_k15,3,thyroid
ach-000894,Louvain_k15,4,lung
ach-001559,Louvain_k15,8,lung
ach-000344,Louvain_k15,9,gastric
ach-000223,Louvain_k15,4,breast
ach-000031,Louvain_k15,4,pancreas
ach-000034,Louvain_k15,1,blood
ach-001861,Louvain_k15,4,bile_duct
ach-003468,Louvain_k15,8,thyroid
ach-000772,Louvain_k15,6,soft_tissue
ach-000946,Louvain_k15,12,uterus
ach-000596,Louvain_k15,4,lung
ach-001046,Louvain_k15,7,lung
ach-000632,Louvain_k15,13,skin
ach-000978,Louvain_k15,6,uterus
ach-000332,Louvain_k15,4,pancreas
ach-001841,Louvain_k15,2,bile_duct
ach-003273,Louvain_k15,1,blood
ach-000179,Louvain_k15,3,lung
ach-000887,Louvain_k15,4,central_nervous_system
ach-000368,Louvain_k15,8,central_nervous_system
ach-000240,Louvain_k15,8,fibroblast
ach-000578,Louvain_k15,4,lung
ach-001611,Louvain_k15,8,central_nervous_system
ach-000135,Louvain_k15,8,fibroblast
ach-001671,Louvain_k15,0,testis
ach-000406,Louvain_k15,1,blood
ach-001541,Louvain_k15,7,plasma_cell
ach-000998,Louvain_k15,10,colorectal
ach-000441,Louvain_k15,13,skin
ach-000960,Louvain_k15,11,blood
ach-000098,Louvain_k15,8,central_nervous_system
ach-001651,Louvain_k15,2,uterus
ach-001456,Louvain_k15,10,colorectal
ach-001336,Louvain_k15,2,cervix
ach-000284,Louvain_k15,8,fibroblast
ach-000971,Louvain_k15,10,colorectal
ach-001454,Louvain_k15,4,colorectal
ach-000926,Louvain_k15,10,colorectal
ach-000033,Louvain_k15,2,lung
ach-000576,Louvain_k15,7,plasma_cell
ach-000019,Louvain_k15,9,breast
ach-001577,Louvain_k15,1,blood
ach-001981,Louvain_k15,13,skin
ach-000330,Louvain_k15,9,breast
ach-000848,Louvain_k15,10,liver
ach-000481,Louvain_k15,9,lung
ach-001517,Louvain_k15,12,uterus
ach-000338,Louvain_k15,7,lymphocyte
ach-001959,Louvain_k15,6,bile_duct
ach-001414,Louvain_k15,2,urinary_tract
ach-001227,Louvain_k15,2,upper_aerodigestive
ach-000871,Louvain_k15,3,lung
ach-001403,Louvain_k15,12,ovary
ach-000805,Louvain_k15,13,skin
ach-001142,Louvain_k15,8,central_nervous_system
ach-001554,Louvain_k15,13,eye
ach-001667,Louvain_k15,13,soft_tissue
ach-000847,Louvain_k15,0,gastric
ach-001447,Louvain_k15,14,lymphocyte
ach-001537,Louvain_k15,6,bile_duct
ach-001207,Louvain_k15,8,fibroblast
ach-001854,Louvain_k15,8,bile_duct
ach-000832,Louvain_k15,2,upper_aerodigestive
ach-001975,Louvain_k15,13,skin
ach-000428,Louvain_k15,12,kidney
ach-001382,Louvain_k15,4,pancreas
ach-001302,Louvain_k15,0,peripheral_nervous_system
ach-000690,Louvain_k15,2,lung
ach-001134,Louvain_k15,7,lymphocyte
ach-000914,Louvain_k15,14,lymphocyte
ach-000858,Louvain_k15,2,lung
ach-001421,Louvain_k15,0,eye
ach-002796,Louvain_k15,6,soft_tissue
ach-003183,Louvain_k15,8,soft_tissue
ach-002716,Louvain_k15,1,blood
ach-003100,Louvain_k15,14,lymphocyte
ach-000544,Louvain_k15,2,esophagus
ach-000725,Louvain_k15,9,breast
ach-000566,Louvain_k15,12,urinary_tract
ach-000760,Louvain_k15,8,central_nervous_system
ach-001745,Louvain_k15,0,soft_tissue
ach-000787,Louvain_k15,8,lung
ach-001598,Louvain_k15,0,adrenal_cortex
ach-000749,Louvain_k15,0,lung
ach-001691,Louvain_k15,8,upper_aerodigestive
ach-001328,Louvain_k15,2,skin
ach-001704,Louvain_k15,13,skin
ach-001502,Louvain_k15,0,testis
ach-002844,Louvain_k15,8,soft_tissue
ach-001068,Louvain_k15,7,lymphocyte
ach-000358,Louvain_k15,3,lung
ach-002695,Louvain_k15,8,peripheral_nervous_system
ach-001672,Louvain_k15,0,testis
ach-001654,Louvain_k15,4,esophagus
ach-001521,Louvain_k15,2,skin
ach-000209,Louvain_k15,4,bile_duct
ach-001520,Louvain_k15,7,blood
ach-000213,Louvain_k15,4,pancreas
ach-001610,Louvain_k15,8,central_nervous_system
ach-001408,Louvain_k15,2,urinary_tract
ach-000991,Louvain_k15,10,colorectal
ach-001412,Louvain_k15,4,urinary_tract
ach-000331,Louvain_k15,8,lung
ach-001407,Louvain_k15,8,urinary_tract
ach-000580,Louvain_k15,13,skin
ach-000594,Louvain_k15,3,lung
ach-000684,Louvain_k15,12,kidney
ach-000742,Louvain_k15,8,fibroblast
ach-000868,Louvain_k15,4,lung
ach-000732,Louvain_k15,2,upper_aerodigestive
ach-001481,Louvain_k15,0,peripheral_nervous_system
ach-000429,Louvain_k15,12,kidney
ach-000310,Louvain_k15,0,peripheral_nervous_system
ach-002475,Louvain_k15,0,blood
ach-000643,Louvain_k15,4,breast
ach-000234,Louvain_k15,12,kidney
ach-003267,Louvain_k15,8,soft_tissue
ach-001498,Louvain_k15,14,lymphocyte
ach-000896,Louvain_k15,4,urinary_tract
ach-003451,Louvain_k15,8,kidney
ach-000203,Louvain_k15,0,peripheral_nervous_system
ach-001607,Louvain_k15,4,bile_duct
ach-002706,Louvain_k15,6,gastric
ach-001441,Louvain_k15,13,eye
ach-000112,Louvain_k15,1,blood
ach-000874,Louvain_k15,11,blood
ach-000186,Louvain_k15,4,lung
ach-002780,Louvain_k15,5,bone
ach-000677,Louvain_k15,6,lung
ach-000055,Louvain_k15,0,central_nervous_system
ach-000485,Louvain_k15,10,gastric
ach-000672,Louvain_k15,8,lung
ach-001150,Louvain_k15,8,bone
ach-000287,Louvain_k15,14,lymphocyte
ach-000784,Louvain_k15,2,esophagus
ach-000530,Louvain_k15,6,lung
ach-002024,Louvain_k15,3,colorectal
ach-000380,Louvain_k15,14,plasma_cell
ach-001737,Louvain_k15,7,blood
ach-001400,Louvain_k15,2,cervix
ach-001054,Louvain_k15,0,central_nervous_system
ach-001695,Louvain_k15,2,upper_aerodigestive
ach-000009,Louvain_k15,10,colorectal
ach-000491,Louvain_k15,3,colorectal
ach-001703,Louvain_k15,14,lymphocyte
ach-000002,Louvain_k15,1,blood
ach-001568,Louvain_k15,13,skin
ach-001449,Louvain_k15,14,lymphocyte
ach-000993,Louvain_k15,12,uterus
ach-002680,Louvain_k15,8,central_nervous_system
ach-000877,Louvain_k15,14,lymphocyte
ach-000711,Louvain_k15,4,breast
ach-001515,Louvain_k15,2,cervix
ach-002847,Louvain_k15,8,unknown
ach-000702,Louvain_k15,7,lymphocyte
ach-001020,Louvain_k15,6,soft_tissue
ach-000600,Louvain_k15,12,kidney
ach-003266,Louvain_k15,8,soft_tissue
ach-000354,Louvain_k15,4,pancreas
ach-000012,Louvain_k15,4,lung
ach-000689,Louvain_k15,8,soft_tissue
ach-002668,Louvain_k15,1,blood
ach-002533,Louvain_k15,12,kidney
ach-000459,Louvain_k15,12,kidney
ach-002050,Louvain_k15,8,unknown
ach-003120,Louvain_k15,9,lung
ach-001413,Louvain_k15,8,urinary_tract
ach-000686,Louvain_k15,10,liver
ach-000342,Louvain_k15,10,colorectal
ach-000208,Louvain_k15,8,central_nervous_system
ach-000360,Louvain_k15,10,colorectal
ach-000249,Louvain_k15,10,colorectal
ach-001368,Louvain_k15,6,esophagus
ach-000231,Louvain_k15,8,central_nervous_system
ach-002074,Louvain_k15,3,lung
ach-000945,Louvain_k15,8,lung
ach-000662,Louvain_k15,4,lung
ach-002458,Louvain_k15,13,skin
ach-001378,Louvain_k15,4,pancreas
ach-001029,Louvain_k15,5,bone
ach-001817,Louvain_k15,8,bone
ach-002846,Louvain_k15,13,skin
ach-000248,Louvain_k15,9,breast
ach-000943,Louvain_k15,10,colorectal
ach-000751,Louvain_k15,1,blood
ach-001696,Louvain_k15,2,upper_aerodigestive
ach-002936,Louvain_k15,0,soft_tissue
ach-001016,Louvain_k15,8,central_nervous_system
ach-000282,Louvain_k15,9,lung
ach-003438,Louvain_k15,8,central_nervous_system
ach-002215,Louvain_k15,7,lymphocyte
ach-000261,Louvain_k15,8,lung
ach-000164,Louvain_k15,6,pancreas
ach-001793,Louvain_k15,8,soft_tissue
ach-000262,Louvain_k15,12,kidney
ach-000158,Louvain_k15,14,lymphocyte
ach-000773,Louvain_k15,7,lymphocyte
ach-000722,Louvain_k15,10,colorectal
ach-000857,Louvain_k15,4,breast
ach-001129,Louvain_k15,1,blood
ach-001619,Louvain_k15,4,bile_duct
ach-000184,Louvain_k15,8,fibroblast
ach-000329,Louvain_k15,8,central_nervous_system
ach-001569,Louvain_k15,13,skin
ach-002544,Louvain_k15,0,gastric
ach-002675,Louvain_k15,1,blood
ach-000814,Louvain_k15,13,skin
ach-002499,Louvain_k15,9,breast
ach-001493,Louvain_k15,14,lymphocyte
ach-001701,Louvain_k15,2,upper_aerodigestive
ach-000197,Louvain_k15,7,blood
ach-000545,Louvain_k15,2,urinary_tract
ach-000949,Louvain_k15,10,gastric
ach-000124,Louvain_k15,11,lymphocyte
ach-000560,Louvain_k15,3,gastric
ach-000897,Louvain_k15,8,thyroid
ach-001626,Louvain_k15,2,upper_aerodigestive
ach-000619,Louvain_k15,2,upper_aerodigestive
ach-001973,Louvain_k15,13,skin
ach-001340,Louvain_k15,12,ovary
ach-000546,Louvain_k15,2,upper_aerodigestive
ach-001709,Louvain_k15,14,lymphocyte
ach-002018,Louvain_k15,13,eye
ach-000153,Louvain_k15,8,lung
ach-000526,Louvain_k15,8,fibroblast
ach-000116,Louvain_k15,12,ovary
ach-000815,Louvain_k15,7,lymphocyte
ach-001270,Louvain_k15,6,soft_tissue
ach-002523,Louvain_k15,8,liver
ach-000324,Louvain_k15,12,ovary
ach-001949,Louvain_k15,13,skin
ach-001561,Louvain_k15,8,lung
ach-000842,Louvain_k15,10,colorectal
ach-000898,Louvain_k15,10,gastric
ach-000517,Louvain_k15,4,pancreas
ach-001980,Louvain_k15,13,skin
ach-001415,Louvain_k15,2,urinary_tract
ach-000681,Louvain_k15,9,lung
ach-001310,Louvain_k15,8,kidney
ach-000070,Louvain_k15,11,blood
ach-000484,Louvain_k15,12,kidney
ach-003426,Louvain_k15,8,gastric
ach-000108,Louvain_k15,4,pancreas
ach-000808,Louvain_k15,8,bile_duct
ach-000656,Louvain_k15,14,lymphocyte
ach-000166,Louvain_k15,1,blood
ach-000997,Louvain_k15,10,colorectal
ach-000866,Louvain_k15,3,lung
ach-000819,Louvain_k15,8,central_nervous_system
ach-000226,Louvain_k15,7,lymphocyte
ach-000087,Louvain_k15,5,bone
ach-000340,Louvain_k15,8,fibroblast
ach-002005,Louvain_k15,13,skin
ach-001680,Louvain_k15,14,lymphocyte
ach-000758,Louvain_k15,4,gastric
ach-000196,Louvain_k15,9,breast
ach-003141,Louvain_k15,8,muscle
ach-000258,Louvain_k15,10,breast
ach-000163,Louvain_k15,8,thyroid
ach-000076,Louvain_k15,1,blood
ach-000509,Louvain_k15,7,lymphocyte
ach-001193,Louvain_k15,5,bone
ach-000571,Louvain_k15,8,central_nervous_system
ach-000391,Louvain_k15,5,bone
ach-000293,Louvain_k15,12,uterus
ach-003138,Louvain_k15,8,central_nervous_system
ach-000532,Louvain_k15,10,colorectal
ach-000584,Louvain_k15,12,ovary
ach-001690,Louvain_k15,2,upper_aerodigestive
ach-000586,Louvain_k15,3,lung
ach-000944,Louvain_k15,14,lymphocyte
ach-003149,Louvain_k15,8,muscle
ach-000561,Louvain_k15,2,esophagus
ach-001648,Louvain_k15,2,prostate
ach-000394,Louvain_k15,3,lung
ach-000954,Louvain_k15,12,uterus
ach-000204,Louvain_k15,7,plasma_cell
ach-000160,Louvain_k15,6,soft_tissue
ach-003460,Louvain_k15,14,lymphocyte
ach-000989,Louvain_k15,10,colorectal
ach-001347,Louvain_k15,2,upper_aerodigestive
ach-000691,Louvain_k15,9,breast
ach-000268,Louvain_k15,10,bile_duct
ach-001209,Louvain_k15,11,lymphocyte
ach-003456,Louvain_k15,8,skin
ach-000119,Louvain_k15,8,fibroblast
ach-000379,Louvain_k15,4,lung
ach-001341,Louvain_k15,2,cervix
ach-000714,Louvain_k15,7,plasma_cell
ach-000937,Louvain_k15,7,blood
ach-000763,Louvain_k15,7,plasma_cell
ach-002834,Louvain_k15,8,bone
ach-001673,Louvain_k15,9,bile_duct
ach-000326,Louvain_k15,1,blood
ach-000300,Louvain_k15,12,kidney
ach-002994,Louvain_k15,1,blood
ach-000901,Louvain_k15,8,lung
ach-000816,Louvain_k15,0,lung
ach-000641,Louvain_k15,1,blood
ach-000511,Louvain_k15,8,lung
ach-002077,Louvain_k15,3,lung
ach-000583,Louvain_k15,14,lymphocyte
ach-000836,Louvain_k15,2,upper_aerodigestive
ach-000975,Louvain_k15,8,lung
ach-000109,Louvain_k15,4,lung
ach-000467,Louvain_k15,10,colorectal
ach-000712,Louvain_k15,3,lung
ach-000671,Louvain_k15,10,liver
ach-000523,Louvain_k15,3,lung
ach-000864,Louvain_k15,0,uterus
ach-000726,Louvain_k15,2,esophagus
ach-000136,Louvain_k15,0,peripheral_nervous_system
ach-002067,Louvain_k15,8,bone
ach-000440,Louvain_k15,14,lymphocyte
ach-002539,Louvain_k15,10,colorectal
ach-001461,Louvain_k15,10,colorectal
ach-000890,Louvain_k15,8,lung
ach-001692,Louvain_k15,2,upper_aerodigestive
ach-000027,Louvain_k15,8,central_nervous_system
ach-000562,Louvain_k15,4,lung
ach-000748,Louvain_k15,8,bone
ach-001669,Louvain_k15,14,blood
ach-000834,Louvain_k15,2,urinary_tract
ach-000565,Louvain_k15,10,colorectal
ach-000449,Louvain_k15,6,soft_tissue
ach-000399,Louvain_k15,3,lung
ach-002080,Louvain_k15,0,peripheral_nervous_system
ach-000770,Louvain_k15,1,blood
ach-000710,Louvain_k15,10,lung
ach-000507,Louvain_k15,10,gastric
ach-000066,Louvain_k15,4,lung
ach-000022,Louvain_k15,10,pancreas
ach-001668,Louvain_k15,0,embryo
ach-000334,Louvain_k15,14,lymphocyte
ach-000374,Louvain_k15,9,breast
ach-000519,Louvain_k15,7,blood
ach-000908,Louvain_k15,10,gastric
ach-002003,Louvain_k15,13,skin
ach-000574,Louvain_k15,12,ovary
ach-000148,Louvain_k15,8,breast
ach-002461,Louvain_k15,13,skin
ach-000646,Louvain_k15,12,ovary
ach-000314,Louvain_k15,8,lung
ach-001705,Louvain_k15,4,breast
ach-000040,Louvain_k15,8,central_nervous_system
ach-001057,Louvain_k15,7,lymphocyte
ach-000430,Louvain_k15,8,ovary
ach-001041,Louvain_k15,13,skin
ach-001988,Louvain_k15,13,skin
ach-001977,Louvain_k15,8,lung
ach-000370,Louvain_k15,8,central_nervous_system
ach-001630,Louvain_k15,12,ovary
ach-000437,Louvain_k15,8,central_nervous_system
ach-000498,Louvain_k15,1,blood
ach-001392,Louvain_k15,9,breast
ach-000503,Louvain_k15,2,upper_aerodigestive
ach-002778,Louvain_k15,8,bone
ach-000328,Louvain_k15,8,central_nervous_system
ach-000403,Louvain_k15,4,colorectal
ach-000400,Louvain_k15,10,colorectal
ach-000224,Louvain_k15,8,fibroblast
ach-000318,Louvain_k15,2,esophagus
ach-003472,Louvain_k15,12,thyroid
ach-001430,Louvain_k15,5,bone
ach-000928,Louvain_k15,12,uterus
ach-000893,Louvain_k15,9,lung
ach-000889,Louvain_k15,7,plasma_cell
ach-000799,Louvain_k15,13,skin
ach-001623,Louvain_k15,8,central_nervous_system
ach-000736,Louvain_k15,10,gastric
ach-000876,Louvain_k15,9,breast
ach-001232,Louvain_k15,8,central_nervous_system
ach-001618,Louvain_k15,1,blood
ach-001828,Louvain_k15,7,lymphocyte
ach-002650,Louvain_k15,2,lung
ach-000235,Louvain_k15,4,pancreas
ach-000381,Louvain_k15,10,colorectal
ach-001993,Louvain_k15,11,blood
ach-001301,Louvain_k15,0,peripheral_nervous_system
ach-000854,Louvain_k15,7,plasma_cell
ach-000187,Louvain_k15,3,lung
ach-000543,Louvain_k15,8,central_nervous_system
ach-000569,Louvain_k15,8,lung
ach-000668,Louvain_k15,2,breast
ach-000134,Louvain_k15,8,fibroblast
ach-000924,Louvain_k15,9,lung
ach-003473,Louvain_k15,8,soft_tissue
ach-001450,Louvain_k15,14,lymphocyte
ach-000296,Louvain_k15,2,colorectal
ach-002034,Louvain_k15,3,lung
ach-002781,Louvain_k15,8,bone
ach-000713,Louvain_k15,12,ovary
ach-001360,Louvain_k15,2,cervix
ach-002921,Louvain_k15,9,breast
ach-000273,Louvain_k15,8,central_nervous_system
ach-001715,Louvain_k15,8,bone
ach-001617,Louvain_k15,14,lymphocyte
ach-000639,Louvain_k15,3,lung
ach-000590,Louvain_k15,9,lung
ach-000553,Louvain_k15,4,lung
ach-000084,Louvain_k15,1,blood
ach-000094,Louvain_k15,4,pancreas
ach-000361,Louvain_k15,8,liver
ach-000719,Louvain_k15,12,ovary
ach-001396,Louvain_k15,9,breast
ach-001848,Louvain_k15,4,bile_duct
ach-000339,Louvain_k15,4,lung
ach-002048,Louvain_k15,0,soft_tissue
ach-000218,Louvain_k15,1,blood
ach-002486,Louvain_k15,12,ovary
ach-002711,Louvain_k15,8,upper_aerodigestive
ach-000789,Louvain_k15,3,lung
ach-000413,Louvain_k15,8,fibroblast
ach-000125,Louvain_k15,8,fibroblast
ach-000180,Louvain_k15,8,fibroblast
ach-000215,Louvain_k15,8,central_nervous_system
ach-001001,Louvain_k15,8,bone
ach-000407,Louvain_k15,8,uterus
ach-002170,Louvain_k15,3,lung
ach-002027,Louvain_k15,12,uterus
ach-001132,Louvain_k15,7,lymphocyte
ach-001278,Louvain_k15,6,ovary
ach-000032,Louvain_k15,11,blood
ach-003108,Louvain_k15,14,lymphocyte
ach-001419,Louvain_k15,9,breast
ach-000494,Louvain_k15,8,ovary
ach-000865,Louvain_k15,2,esophagus
ach-000439,Louvain_k15,1,blood
ach-001523,Louvain_k15,2,skin
ach-001983,Louvain_k15,13,skin
ach-000024,Louvain_k15,7,plasma_cell
ach-000674,Louvain_k15,10,gastric
ach-000670,Louvain_k15,6,lung
ach-000599,Louvain_k15,4,pancreas
ach-000263,Louvain_k15,1,blood
ach-003191,Louvain_k15,8,bone
ach-000303,Louvain_k15,10,gastric
ach-001551,Louvain_k15,8,skin
ach-002795,Louvain_k15,6,soft_tissue
ach-000793,Louvain_k15,10,gastric
ach-002511,Louvain_k15,13,skin
ach-000286,Louvain_k15,10,colorectal
ach-000250,Louvain_k15,12,kidney
ach-000139,Louvain_k15,4,pancreas
ach-001735,Louvain_k15,11,blood
ach-002013,Louvain_k15,13,eye
ach-001389,Louvain_k15,8,breast
ach-001183,Louvain_k15,2,urinary_tract
ach-000551,Louvain_k15,1,blood
ach-003101,Louvain_k15,11,lymphocyte
ach-001163,Louvain_k15,6,kidney
ach-000037,Louvain_k15,8,soft_tissue
ach-000744,Louvain_k15,9,lung
ach-000420,Louvain_k15,12,liver
ach-000336,Louvain_k15,1,blood
ach-000486,Louvain_k15,2,urinary_tract
ach-000679,Louvain_k15,10,esophagus
ach-001557,Louvain_k15,8,lung
ach-000247,Louvain_k15,10,gastric
ach-000947,Louvain_k15,6,ovary
ach-000807,Louvain_k15,8,central_nervous_system
ach-000476,Louvain_k15,12,liver
ach-000525,Louvain_k15,3,lung
ach-003154,Louvain_k15,8,lung
ach-001148,Louvain_k15,7,lymphocyte
ach-003455,Louvain_k15,13,skin
ach-000853,Louvain_k15,6,lung
ach-000083,Louvain_k15,8,fibroblast
ach-000479,Louvain_k15,8,central_nervous_system
ach-000230,Louvain_k15,8,fibroblast
ach-001664,Louvain_k15,10,gastric
ach-002705,Louvain_k15,4,gastric
ach-002937,Louvain_k15,12,kidney
ach-000955,Louvain_k15,10,colorectal
ach-000049,Louvain_k15,8,kidney
ach-000675,Louvain_k15,4,lung
ach-000199,Louvain_k15,8,fibroblast
ach-000193,Louvain_k15,14,plasma_cell
ach-001686,Louvain_k15,14,lymphocyte
ach-000538,Louvain_k15,6,gastric
ach-002490,Louvain_k15,3,lung
ach-001683,Louvain_k15,9,breast
ach-001990,Louvain_k15,13,skin
ach-001438,Louvain_k15,8,testis
ach-001647,Louvain_k15,1,blood
ach-002043,Louvain_k15,2,upper_aerodigestive
ach-001649,Louvain_k15,2,prostate
ach-000155,Louvain_k15,4,pancreas
ach-000270,Louvain_k15,4,pancreas
ach-003106,Louvain_k15,14,lymphocyte
ach-003177,Louvain_k15,8,soft_tissue
ach-000683,Louvain_k15,2,colorectal
ach-002017,Louvain_k15,13,eye
ach-000655,Louvain_k15,8,central_nervous_system
ach-000145,Louvain_k15,8,soft_tissue
ach-001495,Louvain_k15,12,uterus
ach-000188,Louvain_k15,2,upper_aerodigestive
ach-003458,Louvain_k15,13,skin
ach-000080,Louvain_k15,7,blood
ach-000146,Louvain_k15,1,blood
ach-000415,Louvain_k15,2,upper_aerodigestive
ach-001518,Louvain_k15,12,uterus
ach-002290,Louvain_k15,1,blood
ach-000891,Louvain_k15,8,lung
ach-001625,Louvain_k15,2,upper_aerodigestive
ach-001985,Louvain_k15,8,skin
ach-000895,Louvain_k15,10,colorectal
ach-000851,Louvain_k15,9,lung
ach-000824,Louvain_k15,2,esophagus
ach-000506,Louvain_k15,3,lung
ach-001427,Louvain_k15,5,bone
ach-000540,Louvain_k15,8,fibroblast
ach-000061,Louvain_k15,7,lymphocyte
ach-000185,Louvain_k15,8,fibroblast
ach-000568,Louvain_k15,9,breast
ach-000707,Louvain_k15,14,lymphocyte
ach-000603,Louvain_k15,3,lung
ach-000983,Louvain_k15,1,blood
ach-000541,Louvain_k15,7,plasma_cell
ach-000680,Louvain_k15,10,colorectal
ach-002460,Louvain_k15,13,skin
ach-000111,Louvain_k15,9,breast
ach-002463,Louvain_k15,8,eye
ach-000369,Louvain_k15,1,blood
ach-002928,Louvain_k15,13,skin
ach-000618,Louvain_k15,2,upper_aerodigestive
ach-000470,Louvain_k15,10,colorectal
ach-003150,Louvain_k15,8,central_nervous_system
ach-002039,Louvain_k15,2,pancreas
ach-000118,Louvain_k15,4,pancreas
ach-000614,Louvain_k15,13,skin
ach-001338,Louvain_k15,0,peripheral_nervous_system
ach-000432,Louvain_k15,11,blood
ach-000556,Louvain_k15,2,cervix
ach-001804,Louvain_k15,8,soft_tissue
ach-001386,Louvain_k15,3,lung
ach-001060,Louvain_k15,7,lymphocyte
ach-001525,Louvain_k15,2,cervix
ach-001539,Louvain_k15,14,lymphocyte
ach-000014,Louvain_k15,13,skin
ach-002785,Louvain_k15,8,soft_tissue
ach-000637,Louvain_k15,2,esophagus
ach-002693,Louvain_k15,6,peripheral_nervous_system
ach-001855,Louvain_k15,10,bile_duct
ach-000455,Louvain_k15,8,central_nervous_system
ach-000389,Louvain_k15,8,central_nervous_system
ach-002710,Louvain_k15,8,peripheral_nervous_system
ach-000129,Louvain_k15,3,lung
ach-000490,Louvain_k15,2,cervix
ach-000434,Louvain_k15,8,lung
ach-001086,Louvain_k15,9,cervix
ach-002042,Louvain_k15,2,thyroid
ach-000597,Louvain_k15,6,soft_tissue
ach-000756,Louvain_k15,8,central_nervous_system
ach-000396,Louvain_k15,8,urinary_tract
ach-003148,Louvain_k15,8,central_nervous_system
ach-000089,Louvain_k15,10,colorectal
ach-002478,Louvain_k15,7,lymphocyte
ach-000371,Louvain_k15,14,lymphocyte
ach-000265,Louvain_k15,6,pancreas
ach-000132,Louvain_k15,12,ovary
ach-000216,Louvain_k15,4,esophagus
ach-000613,Louvain_k15,8,bone
ach-000855,Louvain_k15,2,esophagus
ach-000906,Louvain_k15,8,ovary
ach-000348,Louvain_k15,8,skin
ach-001100,Louvain_k15,7,lymphocyte
ach-000238,Louvain_k15,2,upper_aerodigestive
ach-000237,Louvain_k15,8,ovary
ach-003099,Louvain_k15,2,upper_aerodigestive
ach-000393,Louvain_k15,8,liver
ach-003107,Louvain_k15,7,lymphocyte
ach-000623,Louvain_k15,8,central_nervous_system
ach-000359,Louvain_k15,8,bone
ach-001028,Louvain_k15,6,soft_tissue
ach-000621,Louvain_k15,8,breast
ach-001641,Louvain_k15,2,upper_aerodigestive
ach-000056,Louvain_k15,14,lymphocyte
ach-000483,Louvain_k15,8,liver
ach-003308,Louvain_k15,8,unknown
ach-000514,Louvain_k15,3,lung
ach-000051,Louvain_k15,6,soft_tissue
ach-003433,Louvain_k15,10,pancreas
ach-000043,Louvain_k15,8,fibroblast
ach-000936,Louvain_k15,4,ovary
ach-000716,Louvain_k15,8,thyroid
ach-000988,Louvain_k15,12,uterus
ach-000952,Louvain_k15,9,prostate
ach-001350,Louvain_k15,2,thyroid
ach-000065,Louvain_k15,1,blood
ach-000609,Louvain_k15,8,central_nervous_system
ach-001411,Louvain_k15,2,urinary_tract
ach-000504,Louvain_k15,8,central_nervous_system
ach-002677,Louvain_k15,14,lymphocyte
ach-000956,Louvain_k15,9,prostate
ach-001712,Louvain_k15,8,bone
ach-000652,Louvain_k15,10,pancreas
ach-000414,Louvain_k15,9,lung
ach-000472,Louvain_k15,2,upper_aerodigestive
ach-000007,Louvain_k15,10,colorectal
ach-000446,Louvain_k15,8,peripheral_nervous_system
ach-003071,Louvain_k15,3,lung
ach-000386,Louvain_k15,1,blood
ach-001850,Louvain_k15,8,bile_duct
ach-000755,Louvain_k15,9,breast
ach-001503,Louvain_k15,14,lymphocyte
ach-000028,Louvain_k15,9,breast
ach-000665,Louvain_k15,4,lung
ach-001679,Louvain_k15,14,lymphocyte
ach-000078,Louvain_k15,0,peripheral_nervous_system
ach-002046,Louvain_k15,8,uterus
ach-000397,Louvain_k15,12,uterus
ach-003145,Louvain_k15,8,embryo
ach-000229,Louvain_k15,8,fibroblast
ach-002925,Louvain_k15,13,eye
ach-000518,Louvain_k15,2,upper_aerodigestive
ach-001566,Louvain_k15,13,skin
ach-000252,Louvain_k15,10,colorectal
ach-000572,Louvain_k15,13,skin
ach-001605,Louvain_k15,8,central_nervous_system
ach-002522,Louvain_k15,8,lung
ach-000277,Louvain_k15,9,breast
ach-001239,Louvain_k15,13,skin
ach-000786,Louvain_k15,14,lymphocyte
ach-000803,Louvain_k15,3,lung
ach-001970,Louvain_k15,13,skin
ach-002038,Louvain_k15,10,ovary
ach-000537,Louvain_k15,10,liver
ach-002660,Louvain_k15,10,colorectal
ach-002806,Louvain_k15,8,central_nervous_system
ach-000419,Louvain_k15,7,plasma_cell
ach-002782,Louvain_k15,8,soft_tissue
ach-000724,Louvain_k15,2,urinary_tract
ach-000522,Louvain_k15,8,urinary_tract
ach-001549,Louvain_k15,3,lung
ach-000706,Louvain_k15,9,lung
ach-000737,Louvain_k15,3,lung
ach-000548,Louvain_k15,2,upper_aerodigestive
ach-001839,Louvain_k15,10,bile_duct
ach-001799,Louvain_k15,8,soft_tissue
ach-001573,Louvain_k15,1,blood
ach-002946,Louvain_k15,1,blood
ach-000425,Louvain_k15,13,skin
ach-003103,Louvain_k15,11,lymphocyte
ach-000375,Louvain_k15,6,kidney
ach-000753,Louvain_k15,8,urinary_tract
ach-000275,Louvain_k15,8,fibroblast
ach-000735,Louvain_k15,2,upper_aerodigestive
ach-000654,Louvain_k15,14,lymphocyte
ach-001067,Louvain_k15,6,central_nervous_system
ach-000170,Louvain_k15,2,prostate
ach-001394,Louvain_k15,2,breast
ach-001433,Louvain_k15,6,soft_tissue
ach-000404,Louvain_k15,13,skin
ach-000882,Louvain_k15,13,skin
ach-001509,Louvain_k15,2,upper_aerodigestive
ach-000210,Louvain_k15,5,bone
ach-000254,Louvain_k15,2,upper_aerodigestive
ach-000604,Louvain_k15,1,blood
ach-000090,Louvain_k15,4,prostate
ach-000195,Louvain_k15,1,blood
ach-001791,Louvain_k15,8,soft_tissue
ach-001650,Louvain_k15,9,cervix
ach-000605,Louvain_k15,2,esophagus
ach-000458,Louvain_k15,2,skin
ach-003121,Louvain_k15,3,lung
ach-003125,Louvain_k15,8,soft_tissue
ach-002084,Louvain_k15,13,skin
ach-000004,Louvain_k15,1,blood
ach-000251,Louvain_k15,4,lung
ach-000241,Louvain_k15,1,blood
ach-001194,Louvain_k15,12,kidney
ach-001987,Louvain_k15,8,skin
ach-002055,Louvain_k15,14,lymphocyte
ach-002689,Louvain_k15,8,bone
ach-001443,Louvain_k15,8,thyroid
ach-000688,Louvain_k15,8,ovary
ach-000405,Louvain_k15,7,blood
ach-000821,Louvain_k15,7,plasma_cell
ach-001677,Louvain_k15,14,lymphocyte
ach-002526,Louvain_k15,2,lung
ach-001627,Louvain_k15,2,prostate
ach-000951,Louvain_k15,2,lung
ach-001036,Louvain_k15,1,blood
ach-002792,Louvain_k15,13,soft_tissue
ach-000547,Louvain_k15,2,urinary_tract
ach-000826,Louvain_k15,4,lung
ach-001986,Louvain_k15,13,skin
ach-001147,Louvain_k15,7,lymphocyte
ach-002927,Louvain_k15,13,eye
ach-002470,Louvain_k15,8,bone
ach-000162,Louvain_k15,14,lymphocyte
ach-003139,Louvain_k15,8,muscle
ach-001751,Louvain_k15,0,soft_tissue
ach-000018,Louvain_k15,8,urinary_tract
ach-000721,Louvain_k15,6,breast
ach-000003,Louvain_k15,10,colorectal
ach-000092,Louvain_k15,8,lung
ach-000669,Louvain_k15,4,lung
ach-001099,Louvain_k15,6,soft_tissue
ach-000648,Louvain_k15,12,lung
ach-000950,Louvain_k15,10,colorectal
ach-000050,Louvain_k15,7,plasma_cell
ach-001106,Louvain_k15,11,blood
ach-002051,Louvain_k15,3,lung
ach-000367,Louvain_k15,8,lung
ach-000589,Louvain_k15,9,lung
ach-000564,Louvain_k15,7,plasma_cell
ach-001522,Louvain_k15,13,skin
ach-000831,Louvain_k15,12,uterus
ach-000424,Louvain_k15,5,bone
ach-000409,Louvain_k15,12,ovary
ach-000616,Louvain_k15,8,gastric
ach-000628,Louvain_k15,2,lung
ach-000512,Louvain_k15,7,plasma_cell
ach-000232,Louvain_k15,8,central_nervous_system
ach-000820,Louvain_k15,10,colorectal
ach-001295,Louvain_k15,0,eye
ach-001164,Louvain_k15,6,soft_tissue
ach-000806,Louvain_k15,7,lymphocyte
ach-002524,Louvain_k15,12,ovary
ach-000645,Louvain_k15,8,lung
ach-000099,Louvain_k15,0,peripheral_nervous_system
ach-000902,Louvain_k15,9,breast
ach-000649,Louvain_k15,12,kidney
ach-000086,Louvain_k15,8,lung
ach-000149,Louvain_k15,0,peripheral_nervous_system
ach-002538,Louvain_k15,10,colorectal
ach-000142,Louvain_k15,2,urinary_tract
ach-002535,Louvain_k15,4,colorectal
ach-000227,Louvain_k15,0,peripheral_nervous_system
ach-000697,Louvain_k15,7,lymphocyte
ach-000942,Louvain_k15,7,blood
ach-000264,Louvain_k15,4,lung
ach-000809,Louvain_k15,2,esophagus
ach-000093,Louvain_k15,4,pancreas
ach-000100,Louvain_k15,0,soft_tissue
ach-001445,Louvain_k15,2,upper_aerodigestive
ach-000060,Louvain_k15,4,pancreas
ach-000001,Louvain_k15,12,ovary
ach-000957,Louvain_k15,10,colorectal
ach-000650,Louvain_k15,13,skin
ach-001096,Louvain_k15,0,soft_tissue
ach-002799,Louvain_k15,8,peripheral_nervous_system
ach-002404,Louvain_k15,13,skin
ach-000239,Louvain_k15,10,gastric
ach-000762,Louvain_k15,2,upper_aerodigestive
ach-000922,Louvain_k15,11,blood
ach-002784,Louvain_k15,8,soft_tissue
ach-002653,Louvain_k15,11,blood
ach-000859,Louvain_k15,9,breast
ach-000990,Louvain_k15,12,uterus
ach-000410,Louvain_k15,8,bone
ach-001971,Louvain_k15,13,skin
ach-000927,Louvain_k15,9,breast
ach-001853,Louvain_k15,4,bile_duct
ach-001978,Louvain_k15,13,skin
ach-000694,Louvain_k15,2,esophagus
ach-000935,Louvain_k15,8,colorectal
ach-000918,Louvain_k15,7,blood
ach-001984,Louvain_k15,13,skin
ach-000761,Louvain_k15,2,gastric
ach-001563,Louvain_k15,8,skin
ach-000974,Louvain_k15,12,uterus
ach-000297,Louvain_k15,3,lung
ach-001719,Louvain_k15,12,ovary
ach-000243,Louvain_k15,4,pancreas
ach-001418,Louvain_k15,12,ovary
ach-000362,Louvain_k15,1,blood
ach-000843,Louvain_k15,2,lung
ach-002052,Louvain_k15,3,lung
ach-000840,Louvain_k15,4,lung
ach-001852,Louvain_k15,2,bile_duct
ach-001528,Louvain_k15,8,thyroid
ach-001656,Louvain_k15,1,blood
ach-000016,Louvain_k15,12,kidney
ach-000165,Louvain_k15,8,fibroblast
ach-001460,Louvain_k15,10,colorectal
ach-000592,Louvain_k15,8,central_nervous_system
ach-001192,Louvain_k15,5,bone
ach-000045,Louvain_k15,1,blood
ach-000741,Louvain_k15,4,urinary_tract
ach-000912,Louvain_k15,6,lung
ach-000529,Louvain_k15,8,fibroblast
ach-000508,Louvain_k15,3,lung
ach-000577,Louvain_k15,12,liver
ach-000768,Louvain_k15,4,breast
ach-000636,Louvain_k15,7,blood
ach-000667,Louvain_k15,4,lung
ach-000905,Louvain_k15,2,urinary_tract
ach-001494,Louvain_k15,4,bile_duct
ach-000387,Louvain_k15,1,blood
ach-002510,Louvain_k15,13,skin
ach-001303,Louvain_k15,0,peripheral_nervous_system
ach-000026,Louvain_k15,12,urinary_tract
ach-000838,Louvain_k15,7,plasma_cell
ach-001172,Louvain_k15,8,central_nervous_system
ach-000822,Louvain_k15,13,skin
ach-000531,Louvain_k15,8,fibroblast
ach-000349,Louvain_k15,9,breast
ach-000527,Louvain_k15,12,ovary
ach-000279,Louvain_k15,5,bone
ach-000516,Louvain_k15,8,bone
ach-001662,Louvain_k15,9,breast
ach-000812,Louvain_k15,13,skin
ach-003157,Louvain_k15,8,lung
ach-003464,Louvain_k15,8,soft_tissue
ach-001300,Louvain_k15,0,peripheral_nervous_system
ach-000524,Louvain_k15,12,ovary
ach-000611,Louvain_k15,14,lymphocyte
ach-002419,Louvain_k15,8,uterus
ach-000411,Louvain_k15,12,kidney
ach-000718,Louvain_k15,4,lung
ach-000903,Louvain_k15,8,thyroid
ach-002021,Louvain_k15,2,uterus
ach-000433,Louvain_k15,12,kidney
ach-000499,Louvain_k15,5,bone
ach-000278,Louvain_k15,12,ovary
ach-000202,Louvain_k15,0,colorectal
ach-001736,Louvain_k15,11,blood
ach-001379,Louvain_k15,4,pancreas
ach-002070,Louvain_k15,8,central_nervous_system
ach-002794,Louvain_k15,8,soft_tissue
ach-000128,Louvain_k15,8,central_nervous_system
ach-002528,Louvain_k15,12,kidney
ach-000696,Louvain_k15,8,ovary
ach-000041,Louvain_k15,5,bone
ach-000214,Louvain_k15,8,fibroblast
ach-000747,Louvain_k15,6,lung
ach-001307,Louvain_k15,8,thyroid
ach-000341,Louvain_k15,0,peripheral_nervous_system
ach-001740,Louvain_k15,0,soft_tissue
ach-000417,Louvain_k15,4,pancreas
ach-001393,Louvain_k15,9,breast
ach-000120,Louvain_k15,0,peripheral_nervous_system
ach-001694,Louvain_k15,2,upper_aerodigestive
ach-001542,Louvain_k15,2,upper_aerodigestive
ach-002509,Louvain_k15,13,skin
ach-000438,Louvain_k15,9,lung
ach-001366,Louvain_k15,0,peripheral_nervous_system
ach-000653,Louvain_k15,7,plasma_cell
ach-000839,Louvain_k15,2,urinary_tract
ach-000673,Louvain_k15,8,central_nervous_system
ach-001524,Louvain_k15,2,skin
ach-000069,Louvain_k15,14,lymphocyte
ach-002996,Louvain_k15,8,lung
ach-003142,Louvain_k15,8,muscle
ach-000323,Louvain_k15,8,central_nervous_system
ach-000021,Louvain_k15,2,lung
ach-001863,Louvain_k15,10,bile_duct
ach-001996,Louvain_k15,4,bile_duct
ach-000980,Louvain_k15,3,lung
ach-000106,Louvain_k15,7,lymphocyte
ach-003156,Louvain_k15,2,lung
ach-000734,Louvain_k15,10,liver
ach-000845,Louvain_k15,4,lung
ach-001982,Louvain_k15,13,skin
ach-000730,Louvain_k15,13,skin
ach-001334,Louvain_k15,2,cervix
ach-000698,Louvain_k15,3,lung
ach-000802,Louvain_k15,2,urinary_tract
ach-001836,Louvain_k15,4,bile_duct
ach-000573,Louvain_k15,8,breast
ach-001699,Louvain_k15,2,upper_aerodigestive
ach-000963,Louvain_k15,10,colorectal
ach-001567,Louvain_k15,13,skin
ach-001653,Louvain_k15,4,gastric
ach-000852,Louvain_k15,10,lung
ach-001862,Louvain_k15,4,bile_duct
ach-001976,Louvain_k15,13,skin
ach-002665,Louvain_k15,10,colorectal
ach-003153,Louvain_k15,2,lung
ach-000661,Louvain_k15,13,skin
ach-001500,Louvain_k15,6,esophagus
ach-001190,Louvain_k15,13,skin
ach-002467,Louvain_k15,8,eye
ach-000364,Louvain_k15,8,bone
ach-000448,Louvain_k15,2,lung
ach-000979,Louvain_k15,4,prostate
ach-000932,Louvain_k15,6,gastric
ach-000783,Louvain_k15,9,breast
ach-002044,Louvain_k15,3,upper_aerodigestive
ach-000301,Louvain_k15,1,blood
ach-002459,Louvain_k15,13,skin
ach-000976,Louvain_k15,4,bile_duct
ach-001516,Louvain_k15,3,cervix
ach-001354,Louvain_k15,0,peripheral_nervous_system
ach-001645,Louvain_k15,13,skin
ach-003135,Louvain_k15,8,central_nervous_system
ach-000867,Louvain_k15,9,lung
ach-000304,Louvain_k15,13,skin
ach-002069,Louvain_k15,8,bone
ach-000931,Louvain_k15,13,skin
ach-001374,Louvain_k15,0,ovary
ach-000302,Louvain_k15,12,uterus
ach-000305,Louvain_k15,2,esophagus
ach-000072,Louvain_k15,1,blood
ach-000766,Louvain_k15,2,lung
ach-000533,Louvain_k15,6,soft_tissue
ach-000343,Louvain_k15,6,lung
ach-001437,Louvain_k15,0,testis
ach-000171,Louvain_k15,12,kidney
ach-003475,Louvain_k15,2,upper_aerodigestive
ach-000173,Louvain_k15,12,uterus
ach-000535,Louvain_k15,2,pancreas
ach-000774,Louvain_k15,4,lung
ach-000178,Louvain_k15,4,pancreas
ach-001306,Louvain_k15,8,thyroid
ach-000994,Louvain_k15,12,uterus
ach-001188,Louvain_k15,0,peripheral_nervous_system
ach-000372,Louvain_k15,7,blood
ach-002886,Louvain_k15,10,colorectal
ach-000804,Louvain_k15,0,peripheral_nervous_system
ach-000011,Louvain_k15,12,urinary_tract
ach-000733,Louvain_k15,4,lung
ach-001603,Louvain_k15,0,peripheral_nervous_system
ach-000829,Louvain_k15,7,plasma_cell
ach-000141,Louvain_k15,2,bile_duct
ach-000810,Louvain_k15,13,skin
ach-001994,Louvain_k15,4,bile_duct
ach-001145,Louvain_k15,12,ovary
ach-000717,Louvain_k15,2,esophagus
ach-000738,Louvain_k15,8,central_nervous_system
ach-001843,Louvain_k15,8,bile_duct
ach-002664,Louvain_k15,4,colorectal
ach-000780,Louvain_k15,3,lung
ach-001548,Louvain_k15,0,peripheral_nervous_system
ach-000759,Louvain_k15,9,breast
ach-001555,Louvain_k15,8,lung
ach-001369,Louvain_k15,12,ovary
ach-000969,Louvain_k15,10,colorectal
ach-000873,Louvain_k15,2,esophagus
ach-001275,Louvain_k15,6,soft_tissue
ach-002654,Louvain_k15,10,colorectal
ach-002435,Louvain_k15,8,kidney
ach-001972,Louvain_k15,13,skin
ach-000921,Louvain_k15,8,lung
ach-003470,Louvain_k15,8,thyroid
ach-001953,Louvain_k15,13,skin
ach-002843,Louvain_k15,8,soft_tissue
ach-001373,Louvain_k15,12,ovary
ach-002800,Louvain_k15,8,peripheral_nervous_system
ach-001022,Louvain_k15,5,bone
ach-000082,Louvain_k15,8,bone
ach-003105,Louvain_k15,13,skin
ach-000488,Louvain_k15,2,esophagus
ach-000790,Louvain_k15,3,lung
ach-000172,Louvain_k15,6,soft_tissue
ach-000647,Louvain_k15,4,esophagus
ach-000602,Louvain_k15,1,blood
ach-003181,Louvain_k15,8,soft_tissue
ach-002681,Louvain_k15,8,central_nervous_system
ach-001465,Louvain_k15,0,peripheral_nervous_system
ach-003012,Louvain_k15,9,lung
ach-000156,Louvain_k15,11,blood
ach-002001,Louvain_k15,13,skin
ach-000315,Louvain_k15,14,lymphocyte
ach-001678,Louvain_k15,14,lymphocyte
ach-002446,Louvain_k15,10,gastric
ach-000201,Louvain_k15,6,soft_tissue
ach-000435,Louvain_k15,12,uterus
ach-000965,Louvain_k15,2,uterus
ach-001550,Louvain_k15,8,skin
ach-002026,Louvain_k15,12,uterus
ach-000883,Louvain_k15,8,central_nervous_system
ach-000482,Louvain_k15,9,lung
ach-000450,Louvain_k15,13,skin
ach-002672,Louvain_k15,4,pancreas
ach-000835,Louvain_k15,8,soft_tissue
ach-002431,Louvain_k15,8,peripheral_nervous_system
ach-001802,Louvain_k15,0,soft_tissue
ach-000629,Louvain_k15,8,central_nervous_system
ach-000715,Louvain_k15,2,upper_aerodigestive
ach-000870,Louvain_k15,3,lung
ach-000910,Louvain_k15,9,breast
ach-000779,Louvain_k15,4,lung
ach-000140,Louvain_k15,14,lymphocyte
ach-001196,Louvain_k15,0,soft_tissue
ach-001484,Louvain_k15,7,blood
ach-000693,Louvain_k15,2,esophagus
ach-000811,Louvain_k15,12,ovary
ach-000423,Louvain_k15,13,skin
ach-000290,Louvain_k15,3,lung
ach-001847,Louvain_k15,4,bile_duct
ach-000492,Louvain_k15,11,blood
ach-001519,Louvain_k15,6,bone
ach-000110,Louvain_k15,2,gastric
ach-001497,Louvain_k15,10,esophagus
ach-000102,Louvain_k15,8,central_nervous_system
ach-000817,Louvain_k15,7,plasma_cell
ach-001556,Louvain_k15,8,lung
ach-000964,Louvain_k15,7,blood
ach-000378,Louvain_k15,4,lung
ach-000913,Louvain_k15,8,uterus
ach-000575,Louvain_k15,4,lung
ach-000634,Louvain_k15,8,central_nervous_system
ach-002291,Louvain_k15,0,embryo
ach-001322,Louvain_k15,6,soft_tissue
ach-002924,Louvain_k15,13,eye
ach-000767,Louvain_k15,3,lung
ach-001642,Louvain_k15,7,lymphocyte
ach-001552,Louvain_k15,8,skin
ach-000451,Louvain_k15,4,lung
ach-000879,Louvain_k15,6,uterus
ach-001842,Louvain_k15,4,bile_duct
ach-002662,Louvain_k15,10,colorectal
ach-001032,Louvain_k15,5,bone
ach-000982,Louvain_k15,10,colorectal
ach-001636,Louvain_k15,14,lymphocyte
ach-000189,Louvain_k15,12,kidney
ach-000454,Louvain_k15,2,lung
ach-000131,Louvain_k15,8,fibroblast
ach-000660,Louvain_k15,14,lymphocyte
ach-001197,Louvain_k15,7,lymphocyte
ach-000915,Louvain_k15,13,skin
ach-000480,Louvain_k15,10,liver
ach-000745,Louvain_k15,7,plasma_cell
ach-000161,Louvain_k15,4,lung
ach-000395,Louvain_k15,3,lung
ach-001459,Louvain_k15,10,colorectal
ach-000916,Louvain_k15,9,lung
ach-001609,Louvain_k15,8,central_nervous_system
ach-001960,Louvain_k15,2,bile_duct
ach-002648,Louvain_k15,4,uterus
ach-001856,Louvain_k15,4,bile_duct
ach-003158,Louvain_k15,8,muscle
ach-002433,Louvain_k15,8,bone
ach-000295,Louvain_k15,1,blood
ach-001485,Louvain_k15,7,blood
ach-003269,Louvain_k15,8,soft_tissue
ach-000292,Louvain_k15,6,lung
ach-000137,Louvain_k15,8,central_nervous_system
ach-000308,Louvain_k15,12,ovary
ach-000445,Louvain_k15,8,central_nervous_system
ach-001229,Louvain_k15,2,upper_aerodigestive
ach-000144,Louvain_k15,2,gastric
ach-000837,Louvain_k15,2,lung
ach-000048,Louvain_k15,6,ovary
ach-000463,Louvain_k15,9,lung
ach-000881,Louvain_k15,13,skin
ach-000388,Louvain_k15,14,lymphocyte
ach-001992,Louvain_k15,8,lung
ach-000147,Louvain_k15,9,breast
ach-000930,Louvain_k15,9,breast
ach-000899,Louvain_k15,13,skin
ach-000366,Louvain_k15,0,peripheral_nervous_system
ach-001571,Louvain_k15,7,lymphocyte
ach-001526,Louvain_k15,8,bone
ach-000064,Louvain_k15,2,lung
ach-001329,Louvain_k15,8,central_nervous_system
ach-001676,Louvain_k15,6,upper_aerodigestive
ach-000418,Louvain_k15,8,bone
ach-001280,Louvain_k15,6,soft_tissue
ach-002922,Louvain_k15,0,peripheral_nervous_system
ach-000861,Louvain_k15,8,lung
ach-000692,Louvain_k15,2,upper_aerodigestive
ach-003137,Louvain_k15,8,central_nervous_system
ach-000107,Louvain_k15,4,pancreas
ach-000133,Louvain_k15,8,soft_tissue
ach-000306,Louvain_k15,8,fibroblast
ach-001530,Louvain_k15,2,uterus
ach-000651,Louvain_k15,10,colorectal
ach-000563,Louvain_k15,4,lung
ach-000058,Louvain_k15,8,thyroid
ach-000345,Louvain_k15,0,peripheral_nervous_system
ach-000316,Louvain_k15,12,liver
ach-000884,Louvain_k15,13,skin
ach-000289,Louvain_k15,13,central_nervous_system
ach-001451,Louvain_k15,8,cervix
ach-003459,Louvain_k15,13,skin
ach-002440,Louvain_k15,8,thyroid
ach-000355,Louvain_k15,0,lung
ach-002926,Louvain_k15,13,unknown
ach-000962,Louvain_k15,12,ovary
ach-000473,Louvain_k15,2,urinary_tract
ach-000192,Louvain_k15,12,uterus
ach-001624,Louvain_k15,8,central_nervous_system
ach-001989,Louvain_k15,13,skin
ach-001807,Louvain_k15,8,soft_tissue
ach-002532,Louvain_k15,10,colorectal
ach-002466,Louvain_k15,8,eye
ach-001344,Louvain_k15,8,peripheral_nervous_system
ach-001684,Louvain_k15,1,blood
ach-000757,Louvain_k15,6,lung
ach-000054,Louvain_k15,8,soft_tissue
ach-001318,Louvain_k15,10,liver
ach-000601,Louvain_k15,6,pancreas
ach-000635,Louvain_k15,12,ovary
ach-001857,Louvain_k15,10,bile_duct
ach-000966,Louvain_k15,12,ovary
ach-000630,Louvain_k15,8,upper_aerodigestive
ach-000225,Louvain_k15,3,gastric
ach-002047,Louvain_k15,8,uterus
ach-000657,Louvain_k15,6,ovary
ach-000624,Louvain_k15,2,breast
ach-000699,Louvain_k15,8,breast
ach-000923,Louvain_k15,7,lymphocyte
ach-000687,Louvain_k15,14,lymphocyte
ach-000044,Louvain_k15,9,breast
ach-000740,Louvain_k15,2,upper_aerodigestive
ach-000447,Louvain_k15,4,lung
ach-000101,Louvain_k15,7,blood
ach-001416,Louvain_k15,2,urinary_tract
ach-000319,Louvain_k15,8,lung
ach-000198,Louvain_k15,1,blood
ach-000280,Louvain_k15,4,ovary
ach-003265,Louvain_k15,8,soft_tissue
ach-000104,Louvain_k15,7,blood
ach-001835,Louvain_k15,4,bile_duct
ach-000892,Louvain_k15,9,lung
ach-000493,Louvain_k15,8,liver
ach-000042,Louvain_k15,4,pancreas
ach-002045,Louvain_k15,2,upper_aerodigestive
ach-000221,Louvain_k15,6,liver
ach-000477,Louvain_k15,13,skin
ach-000746,Louvain_k15,3,gastric
ach-000356,Louvain_k15,10,gastric
ach-000457,Louvain_k15,12,kidney
ach-000904,Louvain_k15,3,lung
ach-002060,Louvain_k15,11,blood
ach-003159,Louvain_k15,8,hair
ach-001813,Louvain_k15,8,bone
ach-000244,Louvain_k15,8,central_nervous_system
ach-000610,Louvain_k15,3,lung
ach-000081,Louvain_k15,1,blood
ach-003161,Louvain_k15,8,pancreas
ach-000255,Louvain_k15,8,gastric
ach-001038,Louvain_k15,5,bone
ach-000352,Louvain_k15,9,breast
ach-002016,Louvain_k15,8,eye
ach-000416,Louvain_k15,9,lung
ach-000752,Louvain_k15,8,lung
ach-000862,Louvain_k15,2,urinary_tract
ach-000236,Louvain_k15,10,colorectal
ach-000401,Louvain_k15,13,skin
ach-000731,Louvain_k15,4,lung
ach-000875,Louvain_k15,4,lung
ach-000626,Louvain_k15,7,plasma_cell
ach-000593,Louvain_k15,2,urinary_tract
ach-000182,Louvain_k15,4,bile_duct
ach-000442,Louvain_k15,8,lung
ach-000159,Louvain_k15,12,kidney
ach-000907,Louvain_k15,12,kidney
ach-000191,Louvain_k15,4,thyroid
ach-000205,Louvain_k15,4,pancreas
ach-000103,Louvain_k15,12,ovary
ach-000739,Louvain_k15,10,liver
ach-001558,Louvain_k15,8,lung
ach-000206,Louvain_k15,7,lymphocyte
ach-000841,Louvain_k15,4,lung
ach-000615,Louvain_k15,13,skin
ach-001613,Louvain_k15,1,blood
ach-001608,Louvain_k15,8,central_nervous_system
ach-000801,Louvain_k15,13,skin
ach-000539,Louvain_k15,8,fibroblast
ach-000464,Louvain_k15,8,central_nervous_system
ach-000622,Louvain_k15,8,central_nervous_system
ach-000452,Louvain_k15,2,esophagus
ach-001390,Louvain_k15,2,breast
ach-001401,Louvain_k15,6,adrenal_cortex
ach-000365,Louvain_k15,14,lymphocyte
ach-001431,Louvain_k15,5,bone
ach-000475,Louvain_k15,10,liver
ach-000860,Louvain_k15,4,lung
ach-000074,Louvain_k15,1,blood
ach-000377,Louvain_k15,9,bile_duct
ach-001562,Louvain_k15,8,lung
ach-001693,Louvain_k15,8,upper_aerodigestive
ach-003134,Louvain_k15,8,unknown
ach-000259,Louvain_k15,0,peripheral_nervous_system
ach-001697,Louvain_k15,2,upper_aerodigestive
ach-002801,Louvain_k15,13,peripheral_nervous_system
ach-001388,Louvain_k15,2,breast
ach-001410,Louvain_k15,10,urinary_tract
ach-002025,Louvain_k15,10,colorectal
ach-002688,Louvain_k15,8,bone
ach-000720,Louvain_k15,8,urinary_tract
ach-000095,Louvain_k15,0,central_nervous_system
ach-001345,Louvain_k15,10,colorectal
ach-000558,Louvain_k15,8,central_nervous_system
ach-000664,Louvain_k15,7,lymphocyte
ach-000177,Louvain_k15,3,prostate
ach-001423,Louvain_k15,12,kidney
ach-000335,Louvain_k15,8,lung
ach-000940,Louvain_k15,6,uterus
ach-003160,Louvain_k15,8,hair
ach-000631,Louvain_k15,8,central_nervous_system
ach-000207,Louvain_k15,2,upper_aerodigestive
ach-000764,Louvain_k15,8,gastric
ach-000995,Louvain_k15,7,blood
ach-000373,Louvain_k15,1,blood
ach-000953,Louvain_k15,7,blood
ach-000709,Louvain_k15,12,kidney
ach-003463,Louvain_k15,7,lymphocyte
ach-000846,Louvain_k15,2,upper_aerodigestive
ach-001702,Louvain_k15,12,soft_tissue
ach-000333,Louvain_k15,10,ovary
ach-001708,Louvain_k15,11,lymphocyte
ach-002059,Louvain_k15,11,blood
ach-000929,Louvain_k15,9,lung
ach-001395,Louvain_k15,9,breast
ach-000948,Louvain_k15,10,gastric
ach-002015,Louvain_k15,8,eye
ach-000981,Louvain_k15,7,blood
ach-000617,Louvain_k15,12,ovary
ach-000311,Louvain_k15,9,lung
ach-001210,Louvain_k15,6,soft_tissue
ach-001834,Louvain_k15,4,bile_duct
ach-002010,Louvain_k15,13,eye
ach-003143,Louvain_k15,8,kidney
ach-000390,Louvain_k15,2,lung
ach-000468,Louvain_k15,4,pancreas
ach-002651,Louvain_k15,1,blood
ach-001061,Louvain_k15,10,colorectal
ach-000077,Louvain_k15,7,lymphocyte
ach-000456,Louvain_k15,8,thyroid
ach-002703,Louvain_k15,10,gastric
ach-000496,Louvain_k15,4,lung
ach-002512,Louvain_k15,13,skin
ach-000062,Louvain_k15,9,lung
ach-002464,Louvain_k15,8,eye
ach-000088,Louvain_k15,8,fibroblast
ach-000536,Louvain_k15,9,breast
ach-000071,Louvain_k15,8,fibroblast
ach-002004,Louvain_k15,13,skin
ach-000878,Louvain_k15,9,lung
ach-001380,Louvain_k15,4,pancreas
ach-002061,Louvain_k15,1,blood
ach-000385,Louvain_k15,12,kidney
ach-000412,Louvain_k15,4,colorectal
ach-003474,Louvain_k15,2,upper_aerodigestive
ach-000427,Louvain_k15,10,gastric
ach-000938,Louvain_k15,11,blood
ach-000462,Louvain_k15,11,blood
ach-000939,Louvain_k15,6,soft_tissue
ach-000325,Louvain_k15,10,gastric
ach-000515,Louvain_k15,3,lung
ach-001033,Louvain_k15,6,central_nervous_system
ach-000919,Louvain_k15,10,gastric
ach-000863,Louvain_k15,8,central_nervous_system
ach-000642,Louvain_k15,2,breast
ach-000581,Louvain_k15,10,gastric
ach-001435,Louvain_k15,8,testis
ach-001050,Louvain_k15,0,soft_tissue
ach-001818,Louvain_k15,8,bone
ach-001384,Louvain_k15,8,thyroid
ach-000797,Louvain_k15,8,fibroblast
ach-000220,Louvain_k15,14,lymphocyte
ach-001533,Louvain_k15,14,lymphocyte
ach-001508,Louvain_k15,2,upper_aerodigestive
ach-000827,Louvain_k15,13,skin
ach-003119,Louvain_k15,3,lung
ach-000961,Louvain_k15,12,uterus
ach-000778,Louvain_k15,2,upper_aerodigestive
ach-000825,Louvain_k15,8,lung
ach-000743,Louvain_k15,3,lung
ach-000190,Louvain_k15,8,unknown
ach-001819,Louvain_k15,9,breast
ach-000157,Louvain_k15,7,lymphocyte
ach-001786,Louvain_k15,10,colorectal
ach-000253,Louvain_k15,10,colorectal
ach-001376,Louvain_k15,4,pancreas
ach-000958,Louvain_k15,10,colorectal
ach-000228,Louvain_k15,2,upper_aerodigestive
ach-000266,Louvain_k15,4,pancreas
ach-001750,Louvain_k15,8,soft_tissue
ach-000174,Louvain_k15,8,thyroid
ach-000245,Louvain_k15,14,lymphocyte
ach-001279,Louvain_k15,6,ovary
ach-000620,Louvain_k15,12,liver
ach-000813,Louvain_k15,4,lung
ach-001513,Louvain_k15,9,cervix
ach-000168,Louvain_k15,1,blood
ach-000257,Louvain_k15,3,lung
ach-000211,Louvain_k15,8,central_nervous_system
ach-000283,Louvain_k15,8,central_nervous_system
ach-002401,Louvain_k15,2,breast
ach-002041,Louvain_k15,8,thyroid
ach-000987,Louvain_k15,13,skin
ach-003465,Louvain_k15,8,upper_aerodigestive
ach-000682,Louvain_k15,2,upper_aerodigestive
ach-000073,Louvain_k15,7,lymphocyte
ach-000212,Louvain_k15,8,breast
ach-000096,Louvain_k15,6,kidney
ach-002500,Louvain_k15,14,lymphocyte
ach-001440,Louvain_k15,0,testis
ach-000063,Louvain_k15,8,fibroblast
ach-002942,Louvain_k15,8,soft_tissue
ach-001999,Louvain_k15,4,pancreas
ach-000776,Louvain_k15,8,central_nervous_system
ach-000521,Louvain_k15,9,lung
ach-000299,Louvain_k15,1,blood
ach-000025,Louvain_k15,8,central_nervous_system
ach-000591,Louvain_k15,8,central_nervous_system
ach-001716,Louvain_k15,0,peripheral_nervous_system
ach-000833,Louvain_k15,0,soft_tissue
ach-001628,Louvain_k15,12,ovary
ach-000398,Louvain_k15,14,lymphocyte
ach-000274,Louvain_k15,13,skin
ach-001370,Louvain_k15,8,ovary
ach-001700,Louvain_k15,2,upper_aerodigestive
ach-000029,Louvain_k15,4,lung
ach-001849,Louvain_k15,4,bile_duct
ach-000644,Louvain_k15,13,skin
ach-001422,Louvain_k15,2,prostate
ach-000588,Louvain_k15,7,plasma_cell
ach-000849,Louvain_k15,9,breast
ach-002690,Louvain_k15,8,bone
ach-000219,Louvain_k15,13,skin
ach-000150,Louvain_k15,4,lung
ach-001845,Louvain_k15,4,bile_duct
ach-002643,Louvain_k15,14,lymphocyte
ach-000384,Louvain_k15,2,urinary_tract
ach-001053,Louvain_k15,0,central_nervous_system
ach-001274,Louvain_k15,8,soft_tissue
ach-000091,Louvain_k15,12,ovary
ach-002932,Louvain_k15,10,colorectal
ach-002014,Louvain_k15,13,eye
ach-001634,Louvain_k15,7,blood
ach-002531,Louvain_k15,4,lung
ach-000495,Louvain_k15,12,kidney
ach-000911,Louvain_k15,4,gastric
ach-000013,Louvain_k15,12,ovary
ach-002667,Louvain_k15,10,colorectal
ach-000777,Louvain_k15,2,esophagus
ach-001765,Louvain_k15,0,soft_tissue
ach-000312,Louvain_k15,0,peripheral_nervous_system
ach-000085,Louvain_k15,2,pancreas
ach-000436,Louvain_k15,7,plasma_cell
ach-000869,Louvain_k15,2,lung
ach-003061,Louvain_k15,3,lung
ach-003471,Louvain_k15,12,thyroid
ach-000267,Louvain_k15,7,lymphocyte
ach-000489,Louvain_k15,10,colorectal
ach-000431,Louvain_k15,3,lung
ach-000152,Louvain_k15,8,central_nervous_system
ach-000909,Louvain_k15,6,uterus
ach-000534,Louvain_k15,14,lymphocyte
ach-001489,Louvain_k15,3,lung
ach-000582,Louvain_k15,13,skin
ach-000460,Louvain_k15,12,ovary
ach-000443,Louvain_k15,12,ovary
ach-001570,Louvain_k15,13,skin
ach-000986,Louvain_k15,10,colorectal
ach-001335,Louvain_k15,2,cervix
ach-000023,Louvain_k15,8,pancreas
ach-002062,Louvain_k15,7,lymphocyte
ach-002462,Louvain_k15,8,eye
ach-000151,Louvain_k15,14,blood
ach-001277,Louvain_k15,6,soft_tissue
ach-000607,Louvain_k15,6,soft_tissue
ach-002647,Louvain_k15,4,gastric
ach-000703,Louvain_k15,3,lung
ach-001211,Louvain_k15,6,soft_tissue
ach-003152,Louvain_k15,8,lung
ach-001511,Louvain_k15,2,upper_aerodigestive
ach-000113,Louvain_k15,1,blood
ach-000337,Louvain_k15,4,lung
ach-000598,Louvain_k15,7,plasma_cell
ach-000057,Louvain_k15,7,plasma_cell
ach-000281,Louvain_k15,4,pancreas
ach-000321,Louvain_k15,1,blood
ach-000985,Louvain_k15,10,colorectal
ach-000444,Louvain_k15,8,lung
ach-000347,Louvain_k15,3,pancreas
ach-001399,Louvain_k15,10,colorectal
ach-001097,Louvain_k15,7,lymphocyte
ach-000127,Louvain_k15,8,urinary_tract
ach-001961,Louvain_k15,4,bile_duct
ach-001796,Louvain_k15,8,soft_tissue
ach-000307,Louvain_k15,2,pancreas
ach-001030,Louvain_k15,5,bone
ach-002485,Louvain_k15,14,lymphocyte
ach-000595,Louvain_k15,13,central_nervous_system
ach-001540,Louvain_k15,8,soft_tissue
ach-000298,Louvain_k15,3,lung
ach-000771,Louvain_k15,2,upper_aerodigestive
ach-000500,Louvain_k15,8,upper_aerodigestive
ach-000353,Louvain_k15,2,esophagus
ach-000363,Louvain_k15,7,plasma_cell
ach-000350,Louvain_k15,10,colorectal
ach-000053,Louvain_k15,7,lymphocyte
ach-001543,Louvain_k15,2,upper_aerodigestive
ach-000663,Louvain_k15,12,ovary
ach-000346,Louvain_k15,7,blood
ach-000970,Louvain_k15,4,colorectal
ach-002543,Louvain_k15,10,colorectal
ach-001333,Louvain_k15,6,cervix
ach-000794,Louvain_k15,2,upper_aerodigestive
ach-000039,Louvain_k15,5,bone
ach-000471,Louvain_k15,10,liver
ach-000850,Louvain_k15,8,fibroblast
ach-000291,Louvain_k15,10,ovary
ach-001453,Louvain_k15,2,prostate
ach-001458,Louvain_k15,10,colorectal
ach-000886,Louvain_k15,4,lung
ach-000888,Louvain_k15,9,lung
ach-000659,Louvain_k15,3,lung
ach-000030,Louvain_k15,4,lung
ach-001201,Louvain_k15,0,central_nervous_system
ach-000271,Louvain_k15,14,lymphocyte
ach-002676,Louvain_k15,7,blood
ach-000549,Louvain_k15,2,upper_aerodigestive
ach-000555,Louvain_k15,12,kidney
ach-000478,Louvain_k15,8,liver
ach-000775,Louvain_k15,3,lung
ach-002214,Louvain_k15,7,lymphocyte
ach-000038,Louvain_k15,7,lymphocyte
ach-001109,Louvain_k15,6,soft_tissue
ach-001442,Louvain_k15,2,epidermoid_carcinoma
ach-000559,Louvain_k15,3,lung
ach-000510,Louvain_k15,6,lung
ach-002065,Louvain_k15,8,central_nervous_system
ach-000676,Louvain_k15,13,central_nervous_system
ach-002659,Louvain_k15,10,colorectal
ach-000844,Louvain_k15,3,lung
ach-002403,Louvain_k15,8,skin
ach-002787,Louvain_k15,8,soft_tissue
ach-002497,Louvain_k15,4,lung
ach-002798,Louvain_k15,8,skin
ach-000925,Louvain_k15,10,lung
ach-002465,Louvain_k15,8,eye
ach-000272,Louvain_k15,12,kidney
ach-001035,Louvain_k15,5,bone
ach-003457,Louvain_k15,13,skin
ach-000513,Louvain_k15,12,kidney
ach-001059,Louvain_k15,6,soft_tissue
ach-000959,Louvain_k15,10,colorectal
ach-002283,Louvain_k15,0,peripheral_nervous_system
ach-000169,Louvain_k15,0,soft_tissue
ach-001402,Louvain_k15,8,cervix
ach-000796,Louvain_k15,4,ovary
ach-000143,Louvain_k15,2,lung
ach-000067,Louvain_k15,8,central_nervous_system
ach-000640,Louvain_k15,13,skin
ach-001591,Louvain_k15,3,lung
ach-001674,Louvain_k15,0,peripheral_nervous_system
ach-001698,Louvain_k15,2,upper_aerodigestive
ach-002002,Louvain_k15,13,skin
ach-002011,Louvain_k15,13,eye
ach-003268,Louvain_k15,8,soft_tissue
ach-000967,Louvain_k15,9,colorectal
ach-000469,Louvain_k15,8,central_nervous_system
ach-001353,Louvain_k15,4,pancreas
ach-001574,Louvain_k15,1,blood
ach-000097,Louvain_k15,9,breast
ach-000256,Louvain_k15,12,ovary
ach-000977,Louvain_k15,9,prostate
ach-000972,Louvain_k15,12,uterus
ach-001367,Louvain_k15,0,peripheral_nervous_system
ach-000382,Louvain_k15,3,lung
ach-003476,Louvain_k15,2,upper_aerodigestive
ach-000579,Louvain_k15,13,skin
ach-002035,Louvain_k15,6,lung
ach-001532,Louvain_k15,6,kidney
ach-000695,Louvain_k15,3,lung
ach-001795,Louvain_k15,8,soft_tissue
ach-001510,Louvain_k15,2,upper_aerodigestive
ach-000502,Louvain_k15,4,pancreas
ach-000183,Louvain_k15,7,plasma_cell
ach-000408,Louvain_k15,2,esophagus
ach-001496,Louvain_k15,10,esophagus
ach-000788,Louvain_k15,13,skin
ach-002405,Louvain_k15,0,skin
ach-002409,Louvain_k15,8,central_nervous_system
ach-001622,Louvain_k15,8,central_nervous_system
ach-000466,Louvain_k15,4,gastric
ach-001560,Louvain_k15,8,lung
ach-001019,Louvain_k15,3,skin
ach-003111,Louvain_k15,8,soft_tissue
ach-000005,Louvain_k15,1,blood
ach-001687,Louvain_k15,12,kidney
ach-001151,Louvain_k15,4,ovary
ach-000701,Louvain_k15,2,ovary
ach-000542,Louvain_k15,8,ovary
ach-000126,Louvain_k15,8,central_nervous_system
ach-001685,Louvain_k15,7,lymphocyte
ach-000933,Louvain_k15,4,pancreas
ach-000068,Louvain_k15,14,lymphocyte
ach-000015,Louvain_k15,6,lung
ach-001111,Louvain_k15,7,lymphocyte
ach-000487,Louvain_k15,1,blood
ach-000122,Louvain_k15,7,blood
ach-000288,Louvain_k15,8,breast
ach-001820,Louvain_k15,9,breast
ach-000782,Louvain_k15,11,blood
ach-001632,Louvain_k15,12,ovary
ach-002399,Louvain_k15,4,breast
ach-000357,Louvain_k15,14,lymphocyte
ach-000079,Louvain_k15,8,fibroblast
ach-001031,Louvain_k15,6,soft_tissue
ach-001064,Louvain_k15,14,lymphocyte
ach-002802,Louvain_k15,13,peripheral_nervous_system
ach-001048,Louvain_k15,12,ovary
ach-000453,Louvain_k15,7,plasma_cell
ach-003155,Louvain_k15,8,liver
ach-000791,Louvain_k15,4,lung
ach-000567,Louvain_k15,14,lymphocyte
ach-001391,Louvain_k15,8,breast
ach-001075,Louvain_k15,2,lung
ach-000105,Louvain_k15,7,blood
ach-000557,Louvain_k15,1,blood
ach-000175,Louvain_k15,8,fibroblast
ach-001356,Louvain_k15,8,thyroid
ach-001844,Louvain_k15,4,bile_duct
ach-001346,Louvain_k15,2,upper_aerodigestive
ach-000885,Louvain_k15,12,ovary
ach-000900,Louvain_k15,6,lung
ach-000666,Louvain_k15,9,lung
ach-001428,Louvain_k15,5,bone
ach-000217,Louvain_k15,8,liver
ach-000872,Louvain_k15,9,lung
ach-001974,Louvain_k15,13,skin
ach-002020,Louvain_k15,2,cervix
ach-001638,Louvain_k15,7,lymphocyte
ach-001228,Louvain_k15,2,upper_aerodigestive
ach-000181,Louvain_k15,2,upper_aerodigestive
ach-000115,Louvain_k15,9,prostate
ach-000130,Louvain_k15,11,blood
ach-000121,Louvain_k15,4,lung
ach-001711,Louvain_k15,6,central_nervous_system
ach-000934,Louvain_k15,9,breast
ach-000996,Louvain_k15,12,uterus
ach-001529,Louvain_k15,2,uterus
ach-001743,Louvain_k15,0,soft_tissue
ach-000320,Louvain_k15,4,pancreas
ach-000505,Louvain_k15,8,soft_tissue
ach-000781,Louvain_k15,9,lung
ach-000059,Louvain_k15,11,blood
ach-000920,Louvain_k15,7,blood
ach-000294,Louvain_k15,1,blood
ach-000422,Louvain_k15,8,liver
ach-000200,Louvain_k15,8,central_nervous_system
ach-000046,Louvain_k15,12,kidney
ach-000968,Louvain_k15,13,skin
ach-000830,Louvain_k15,3,lung
ach-000114,Louvain_k15,4,pancreas
ach-000402,Louvain_k15,14,lymphocyte
ach-001578,Louvain_k15,0,embryo
ach-000036,Louvain_k15,8,central_nervous_system
ach-000973,Louvain_k15,8,urinary_tract
ach-001128,Louvain_k15,6,soft_tissue
ach-003437,Louvain_k15,10,gastric
ach-000750,Louvain_k15,8,skin
ach-000285,Louvain_k15,14,lymphocyte
ach-002669,Louvain_k15,4,colorectal
ach-001858,Louvain_k15,8,bile_duct
ach-001997,Louvain_k15,4,bile_duct
ach-000052,Louvain_k15,5,bone
ach-001113,Louvain_k20,4,lung
ach-001289,Louvain_k20,8,soft_tissue
ach-001339,Louvain_k20,12,skin
ach-001979,Louvain_k20,12,skin
ach-002438,Louvain_k20,13,kidney
ach-001538,Louvain_k20,4,bile_duct
ach-000242,Louvain_k20,4,urinary_tract
ach-000708,Louvain_k20,10,colorectal
ach-000327,Louvain_k20,0,lung
ach-000233,Louvain_k20,7,lymphocyte
ach-000461,Louvain_k20,10,bile_duct
ach-000705,Louvain_k20,4,lung
ach-001794,Louvain_k20,13,soft_tissue
ach-002023,Louvain_k20,1,colorectal
ach-000528,Louvain_k20,4,lung
ach-002501,Louvain_k20,8,soft_tissue
ach-001655,Louvain_k20,13,uterus
ach-000167,Louvain_k20,7,plasma_cell
ach-000792,Louvain_k20,13,kidney
ach-001098,Louvain_k20,1,pancreas
ach-000570,Louvain_k20,13,central_nervous_system
ach-000351,Louvain_k20,4,gastric
ach-002075,Louvain_k20,6,lung
ach-002040,Louvain_k20,12,skin
ach-000769,Louvain_k20,6,lung
ach-000154,Louvain_k20,13,fibroblast
ach-000828,Louvain_k20,0,breast
ach-000421,Louvain_k20,10,colorectal
ach-000765,Louvain_k20,12,skin
ach-001375,Louvain_k20,1,pancreas
ach-000008,Louvain_k20,12,skin
ach-001814,Louvain_k20,13,bone
ach-000800,Louvain_k20,8,lung
ach-000606,Louvain_k20,4,upper_aerodigestive
ach-000317,Louvain_k20,9,kidney
ach-001492,Louvain_k20,7,lymphocyte
ach-000123,Louvain_k20,2,ovary
ach-000723,Louvain_k20,4,upper_aerodigestive
ach-002066,Louvain_k20,12,central_nervous_system
ach-001536,Louvain_k20,0,bile_duct
ach-003136,Louvain_k20,13,unknown
ach-000313,Louvain_k20,9,kidney
ach-002019,Louvain_k20,4,cervix
ach-000728,Louvain_k20,5,blood
ach-000700,Louvain_k20,13,lung
ach-000823,Louvain_k20,4,esophagus
ach-000678,Louvain_k20,1,gastric
ach-000006,Louvain_k20,3,blood
ach-002790,Louvain_k20,13,soft_tissue
ach-002029,Louvain_k20,4,upper_aerodigestive
ach-001377,Louvain_k20,10,pancreas
ach-000754,Louvain_k20,7,lymphocyte
ach-000465,Louvain_k20,12,skin
ach-000138,Louvain_k20,1,pancreas
ach-001864,Louvain_k20,4,bile_duct
ach-000383,Louvain_k20,1,esophagus
ach-001547,Louvain_k20,13,lung
ach-000917,Louvain_k20,0,esophagus
ach-002471,Louvain_k20,13,bone
ach-000984,Louvain_k20,9,uterus
ach-002678,Louvain_k20,7,lymphocyte
ach-001409,Louvain_k20,4,urinary_tract
ach-001707,Louvain_k20,7,blood
ach-000117,Louvain_k20,0,breast
ach-000999,Louvain_k20,10,colorectal
ach-000633,Louvain_k20,10,gastric
ach-000520,Louvain_k20,13,ovary
ach-000176,Louvain_k20,13,lung
ach-000017,Louvain_k20,0,breast
ach-000020,Louvain_k20,5,blood
ach-001385,Louvain_k20,8,upper_aerodigestive
ach-000587,Louvain_k20,1,lung
ach-000785,Louvain_k20,0,lung
ach-003469,Louvain_k20,13,thyroid
ach-000554,Louvain_k20,0,breast
ach-003180,Louvain_k20,13,soft_tissue
ach-001398,Louvain_k20,9,kidney
ach-001991,Louvain_k20,6,ovary
ach-001332,Louvain_k20,4,upper_aerodigestive
ach-000585,Louvain_k20,4,lung
ach-000550,Louvain_k20,13,skin
ach-000627,Louvain_k20,13,lung
ach-000704,Louvain_k20,9,ovary
ach-000276,Louvain_k20,0,breast
ach-000075,Louvain_k20,13,central_nervous_system
ach-000818,Louvain_k20,0,breast
ach-003184,Louvain_k20,13,soft_tissue
ach-001616,Louvain_k20,7,lymphocyte
ach-000625,Louvain_k20,10,liver
ach-000941,Louvain_k20,9,uterus
ach-000392,Louvain_k20,1,lung
ach-000269,Louvain_k20,13,central_nervous_system
ach-001670,Louvain_k20,11,peripheral_nervous_system
ach-003133,Louvain_k20,13,unknown
ach-000856,Louvain_k20,9,breast
ach-002687,Louvain_k20,12,eye
ach-001119,Louvain_k20,7,lymphocyte
ach-003132,Louvain_k20,13,unknown
ach-000376,Louvain_k20,13,central_nervous_system
ach-000685,Louvain_k20,4,pancreas
ach-000729,Louvain_k20,6,lung
ach-001034,Louvain_k20,11,bone
ach-001283,Louvain_k20,11,bone
ach-000880,Louvain_k20,10,gastric
ach-000035,Louvain_k20,4,lung
ach-001200,Louvain_k20,2,soft_tissue
ach-000194,Louvain_k20,13,fibroblast
ach-000322,Louvain_k20,12,skin
ach-000552,Louvain_k20,10,colorectal
ach-002508,Louvain_k20,13,skin
ach-000222,Louvain_k20,10,pancreas
ach-000260,Louvain_k20,8,peripheral_nervous_system
ach-001652,Louvain_k20,4,uterus
ach-000608,Louvain_k20,1,ovary
ach-000501,Louvain_k20,1,colorectal
ach-000612,Louvain_k20,7,lymphocyte
ach-002033,Louvain_k20,13,pleura
ach-001184,Louvain_k20,8,soft_tissue
ach-001688,Louvain_k20,9,kidney
ach-001838,Louvain_k20,1,bile_duct
ach-000638,Louvain_k20,1,lung
ach-001846,Louvain_k20,1,bile_duct
ach-000798,Louvain_k20,10,colorectal
ach-001321,Louvain_k20,6,thyroid
ach-000894,Louvain_k20,1,lung
ach-001559,Louvain_k20,13,lung
ach-000344,Louvain_k20,0,gastric
ach-000223,Louvain_k20,1,breast
ach-000031,Louvain_k20,1,pancreas
ach-000034,Louvain_k20,3,blood
ach-001861,Louvain_k20,1,bile_duct
ach-003468,Louvain_k20,13,thyroid
ach-000772,Louvain_k20,2,soft_tissue
ach-000946,Louvain_k20,1,uterus
ach-000596,Louvain_k20,1,lung
ach-001046,Louvain_k20,7,lung
ach-000632,Louvain_k20,12,skin
ach-000978,Louvain_k20,2,uterus
ach-000332,Louvain_k20,1,pancreas
ach-001841,Louvain_k20,4,bile_duct
ach-003273,Louvain_k20,3,blood
ach-000179,Louvain_k20,6,lung
ach-000887,Louvain_k20,1,central_nervous_system
ach-000368,Louvain_k20,13,central_nervous_system
ach-000240,Louvain_k20,13,fibroblast
ach-000578,Louvain_k20,1,lung
ach-001611,Louvain_k20,13,central_nervous_system
ach-000135,Louvain_k20,13,fibroblast
ach-001671,Louvain_k20,8,testis
ach-000406,Louvain_k20,3,blood
ach-001541,Louvain_k20,7,plasma_cell
ach-000998,Louvain_k20,10,colorectal
ach-000441,Louvain_k20,12,skin
ach-000960,Louvain_k20,5,blood
ach-000098,Louvain_k20,13,central_nervous_system
ach-001651,Louvain_k20,4,uterus
ach-001456,Louvain_k20,10,colorectal
ach-001336,Louvain_k20,4,cervix
ach-000284,Louvain_k20,13,fibroblast
ach-000971,Louvain_k20,10,colorectal
ach-001454,Louvain_k20,1,colorectal
ach-000926,Louvain_k20,10,colorectal
ach-000033,Louvain_k20,9,lung
ach-000576,Louvain_k20,7,plasma_cell
ach-000019,Louvain_k20,0,breast
ach-001577,Louvain_k20,3,blood
ach-001981,Louvain_k20,12,skin
ach-000330,Louvain_k20,0,breast
ach-000848,Louvain_k20,10,liver
ach-000481,Louvain_k20,0,lung
ach-001517,Louvain_k20,9,uterus
ach-000338,Louvain_k20,7,lymphocyte
ach-001959,Louvain_k20,2,bile_duct
ach-001414,Louvain_k20,4,urinary_tract
ach-001227,Louvain_k20,4,upper_aerodigestive
ach-000871,Louvain_k20,6,lung
ach-001403,Louvain_k20,9,ovary
ach-000805,Louvain_k20,12,skin
ach-001142,Louvain_k20,13,central_nervous_system
ach-001554,Louvain_k20,12,eye
ach-001667,Louvain_k20,12,soft_tissue
ach-000847,Louvain_k20,8,gastric
ach-001447,Louvain_k20,7,lymphocyte
ach-001537,Louvain_k20,2,bile_duct
ach-001207,Louvain_k20,13,fibroblast
ach-001854,Louvain_k20,13,bile_duct
ach-000832,Louvain_k20,4,upper_aerodigestive
ach-001975,Louvain_k20,12,skin
ach-000428,Louvain_k20,9,kidney
ach-001382,Louvain_k20,1,pancreas
ach-001302,Louvain_k20,8,peripheral_nervous_system
ach-000690,Louvain_k20,4,lung
ach-001134,Louvain_k20,7,lymphocyte
ach-000914,Louvain_k20,7,lymphocyte
ach-000858,Louvain_k20,4,lung
ach-001421,Louvain_k20,8,eye
ach-002796,Louvain_k20,2,soft_tissue
ach-003183,Louvain_k20,13,soft_tissue
ach-002716,Louvain_k20,3,blood
ach-003100,Louvain_k20,7,lymphocyte
ach-000544,Louvain_k20,4,esophagus
ach-000725,Louvain_k20,0,breast
ach-000566,Louvain_k20,9,urinary_tract
ach-000760,Louvain_k20,13,central_nervous_system
ach-001745,Louvain_k20,8,soft_tissue
ach-000787,Louvain_k20,13,lung
ach-001598,Louvain_k20,8,adrenal_cortex
ach-000749,Louvain_k20,8,lung
ach-001691,Louvain_k20,13,upper_aerodigestive
ach-001328,Louvain_k20,4,skin
ach-001704,Louvain_k20,12,skin
ach-001502,Louvain_k20,8,testis
ach-002844,Louvain_k20,13,soft_tissue
ach-001068,Louvain_k20,7,lymphocyte
ach-000358,Louvain_k20,6,lung
ach-002695,Louvain_k20,13,peripheral_nervous_system
ach-001672,Louvain_k20,8,testis
ach-001654,Louvain_k20,1,esophagus
ach-001521,Louvain_k20,4,skin
ach-000209,Louvain_k20,9,bile_duct
ach-001520,Louvain_k20,7,blood
ach-000213,Louvain_k20,1,pancreas
ach-001610,Louvain_k20,13,central_nervous_system
ach-001408,Louvain_k20,4,urinary_tract
ach-000991,Louvain_k20,10,colorectal
ach-001412,Louvain_k20,1,urinary_tract
ach-000331,Louvain_k20,13,lung
ach-001407,Louvain_k20,13,urinary_tract
ach-000580,Louvain_k20,12,skin
ach-000594,Louvain_k20,6,lung
ach-000684,Louvain_k20,9,kidney
ach-000742,Louvain_k20,13,fibroblast
ach-000868,Louvain_k20,1,lung
ach-000732,Louvain_k20,4,upper_aerodigestive
ach-001481,Louvain_k20,8,peripheral_nervous_system
ach-000429,Louvain_k20,9,kidney
ach-000310,Louvain_k20,8,peripheral_nervous_system
ach-002475,Louvain_k20,8,blood
ach-000643,Louvain_k20,1,breast
ach-000234,Louvain_k20,9,kidney
ach-003267,Louvain_k20,13,soft_tissue
ach-001498,Louvain_k20,7,lymphocyte
ach-000896,Louvain_k20,1,urinary_tract
ach-003451,Louvain_k20,13,kidney
ach-000203,Louvain_k20,8,peripheral_nervous_system
ach-001607,Louvain_k20,1,bile_duct
ach-002706,Louvain_k20,13,gastric
ach-001441,Louvain_k20,12,eye
ach-000112,Louvain_k20,3,blood
ach-000874,Louvain_k20,5,blood
ach-000186,Louvain_k20,1,lung
ach-002780,Louvain_k20,11,bone
ach-000677,Louvain_k20,13,lung
ach-000055,Louvain_k20,8,central_nervous_system
ach-000485,Louvain_k20,10,gastric
ach-000672,Louvain_k20,13,lung
ach-001150,Louvain_k20,13,bone
ach-000287,Louvain_k20,7,lymphocyte
ach-000784,Louvain_k20,4,esophagus
ach-000530,Louvain_k20,2,lung
ach-002024,Louvain_k20,6,colorectal
ach-000380,Louvain_k20,7,plasma_cell
ach-001737,Louvain_k20,5,blood
ach-001400,Louvain_k20,4,cervix
ach-001054,Louvain_k20,8,central_nervous_system
ach-001695,Louvain_k20,4,upper_aerodigestive
ach-000009,Louvain_k20,10,colorectal
ach-000491,Louvain_k20,6,colorectal
ach-001703,Louvain_k20,7,lymphocyte
ach-000002,Louvain_k20,3,blood
ach-001568,Louvain_k20,12,skin
ach-001449,Louvain_k20,7,lymphocyte
ach-000993,Louvain_k20,9,uterus
ach-002680,Louvain_k20,13,central_nervous_system
ach-000877,Louvain_k20,7,lymphocyte
ach-000711,Louvain_k20,1,breast
ach-001515,Louvain_k20,4,cervix
ach-002847,Louvain_k20,13,unknown
ach-000702,Louvain_k20,7,lymphocyte
ach-001020,Louvain_k20,2,soft_tissue
ach-000600,Louvain_k20,9,kidney
ach-003266,Louvain_k20,7,soft_tissue
ach-000354,Louvain_k20,1,pancreas
ach-000012,Louvain_k20,1,lung
ach-000689,Louvain_k20,13,soft_tissue
ach-002668,Louvain_k20,3,blood
ach-002533,Louvain_k20,9,kidney
ach-000459,Louvain_k20,9,kidney
ach-002050,Louvain_k20,13,unknown
ach-003120,Louvain_k20,0,lung
ach-001413,Louvain_k20,13,urinary_tract
ach-000686,Louvain_k20,9,liver
ach-000342,Louvain_k20,10,colorectal
ach-000208,Louvain_k20,13,central_nervous_system
ach-000360,Louvain_k20,10,colorectal
ach-000249,Louvain_k20,10,colorectal
ach-001368,Louvain_k20,2,esophagus
ach-000231,Louvain_k20,13,central_nervous_system
ach-002074,Louvain_k20,6,lung
ach-000945,Louvain_k20,13,lung
ach-000662,Louvain_k20,1,lung
ach-002458,Louvain_k20,12,skin
ach-001378,Louvain_k20,1,pancreas
ach-001029,Louvain_k20,11,bone
ach-001817,Louvain_k20,13,bone
ach-002846,Louvain_k20,12,skin
ach-000248,Louvain_k20,0,breast
ach-000943,Louvain_k20,10,colorectal
ach-000751,Louvain_k20,3,blood
ach-001696,Louvain_k20,4,upper_aerodigestive
ach-002936,Louvain_k20,8,soft_tissue
ach-001016,Louvain_k20,13,central_nervous_system
ach-000282,Louvain_k20,13,lung
ach-003438,Louvain_k20,13,central_nervous_system
ach-002215,Louvain_k20,7,lymphocyte
ach-000261,Louvain_k20,13,lung
ach-000164,Louvain_k20,2,pancreas
ach-001793,Louvain_k20,13,soft_tissue
ach-000262,Louvain_k20,9,kidney
ach-000158,Louvain_k20,7,lymphocyte
ach-000773,Louvain_k20,7,lymphocyte
ach-000722,Louvain_k20,10,colorectal
ach-000857,Louvain_k20,1,breast
ach-001129,Louvain_k20,3,blood
ach-001619,Louvain_k20,13,bile_duct
ach-000184,Louvain_k20,13,fibroblast
ach-000329,Louvain_k20,13,central_nervous_system
ach-001569,Louvain_k20,12,skin
ach-002544,Louvain_k20,8,gastric
ach-002675,Louvain_k20,3,blood
ach-000814,Louvain_k20,12,skin
ach-002499,Louvain_k20,0,breast
ach-001493,Louvain_k20,7,lymphocyte
ach-001701,Louvain_k20,4,upper_aerodigestive
ach-000197,Louvain_k20,5,blood
ach-000545,Louvain_k20,4,urinary_tract
ach-000949,Louvain_k20,10,gastric
ach-000124,Louvain_k20,5,lymphocyte
ach-000560,Louvain_k20,6,gastric
ach-000897,Louvain_k20,13,thyroid
ach-001626,Louvain_k20,4,upper_aerodigestive
ach-000619,Louvain_k20,4,upper_aerodigestive
ach-001973,Louvain_k20,12,skin
ach-001340,Louvain_k20,9,ovary
ach-000546,Louvain_k20,4,upper_aerodigestive
ach-001709,Louvain_k20,7,lymphocyte
ach-002018,Louvain_k20,12,eye
ach-000153,Louvain_k20,13,lung
ach-000526,Louvain_k20,13,fibroblast
ach-000116,Louvain_k20,9,ovary
ach-000815,Louvain_k20,7,lymphocyte
ach-001270,Louvain_k20,13,soft_tissue
ach-002523,Louvain_k20,13,liver
ach-000324,Louvain_k20,9,ovary
ach-001949,Louvain_k20,12,skin
ach-001561,Louvain_k20,13,lung
ach-000842,Louvain_k20,10,colorectal
ach-000898,Louvain_k20,10,gastric
ach-000517,Louvain_k20,1,pancreas
ach-001980,Louvain_k20,12,skin
ach-001415,Louvain_k20,4,urinary_tract
ach-000681,Louvain_k20,0,lung
ach-001310,Louvain_k20,13,kidney
ach-000070,Louvain_k20,5,blood
ach-000484,Louvain_k20,9,kidney
ach-003426,Louvain_k20,13,gastric
ach-000108,Louvain_k20,1,pancreas
ach-000808,Louvain_k20,13,bile_duct
ach-000656,Louvain_k20,7,lymphocyte
ach-000166,Louvain_k20,3,blood
ach-000997,Louvain_k20,10,colorectal
ach-000866,Louvain_k20,6,lung
ach-000819,Louvain_k20,13,central_nervous_system
ach-000226,Louvain_k20,7,lymphocyte
ach-000087,Louvain_k20,11,bone
ach-000340,Louvain_k20,13,fibroblast
ach-002005,Louvain_k20,12,skin
ach-001680,Louvain_k20,7,lymphocyte
ach-000758,Louvain_k20,1,gastric
ach-000196,Louvain_k20,0,breast
ach-003141,Louvain_k20,13,muscle
ach-000258,Louvain_k20,10,breast
ach-000163,Louvain_k20,13,thyroid
ach-000076,Louvain_k20,3,blood
ach-000509,Louvain_k20,7,lymphocyte
ach-001193,Louvain_k20,11,bone
ach-000571,Louvain_k20,13,central_nervous_system
ach-000391,Louvain_k20,11,bone
ach-000293,Louvain_k20,9,uterus
ach-003138,Louvain_k20,13,central_nervous_system
ach-000532,Louvain_k20,10,colorectal
ach-000584,Louvain_k20,9,ovary
ach-001690,Louvain_k20,4,upper_aerodigestive
ach-000586,Louvain_k20,6,lung
ach-000944,Louvain_k20,7,lymphocyte
ach-003149,Louvain_k20,13,muscle
ach-000561,Louvain_k20,4,esophagus
ach-001648,Louvain_k20,4,prostate
ach-000394,Louvain_k20,6,lung
ach-000954,Louvain_k20,9,uterus
ach-000204,Louvain_k20,7,plasma_cell
ach-000160,Louvain_k20,2,soft_tissue
ach-003460,Louvain_k20,7,lymphocyte
ach-000989,Louvain_k20,10,colorectal
ach-001347,Louvain_k20,4,upper_aerodigestive
ach-000691,Louvain_k20,0,breast
ach-000268,Louvain_k20,10,bile_duct
ach-001209,Louvain_k20,5,lymphocyte
ach-003456,Louvain_k20,13,skin
ach-000119,Louvain_k20,13,fibroblast
ach-000379,Louvain_k20,1,lung
ach-001341,Louvain_k20,4,cervix
ach-000714,Louvain_k20,7,plasma_cell
ach-000937,Louvain_k20,5,blood
ach-000763,Louvain_k20,7,plasma_cell
ach-002834,Louvain_k20,13,bone
ach-001673,Louvain_k20,0,bile_duct
ach-000326,Louvain_k20,3,blood
ach-000300,Louvain_k20,9,kidney
ach-002994,Louvain_k20,3,blood
ach-000901,Louvain_k20,13,lung
ach-000816,Louvain_k20,8,lung
ach-000641,Louvain_k20,3,blood
ach-000511,Louvain_k20,13,lung
ach-002077,Louvain_k20,6,lung
ach-000583,Louvain_k20,7,lymphocyte
ach-000836,Louvain_k20,4,upper_aerodigestive
ach-000975,Louvain_k20,13,lung
ach-000109,Louvain_k20,1,lung
ach-000467,Louvain_k20,10,colorectal
ach-000712,Louvain_k20,6,lung
ach-000671,Louvain_k20,10,liver
ach-000523,Louvain_k20,6,lung
ach-000864,Louvain_k20,8,uterus
ach-000726,Louvain_k20,4,esophagus
ach-000136,Louvain_k20,8,peripheral_nervous_system
ach-002067,Louvain_k20,13,bone
ach-000440,Louvain_k20,7,lymphocyte
ach-002539,Louvain_k20,10,colorectal
ach-001461,Louvain_k20,10,colorectal
ach-000890,Louvain_k20,13,lung
ach-001692,Louvain_k20,4,upper_aerodigestive
ach-000027,Louvain_k20,13,central_nervous_system
ach-000562,Louvain_k20,1,lung
ach-000748,Louvain_k20,13,bone
ach-001669,Louvain_k20,7,blood
ach-000834,Louvain_k20,4,urinary_tract
ach-000565,Louvain_k20,10,colorectal
ach-000449,Louvain_k20,2,soft_tissue
ach-000399,Louvain_k20,6,lung
ach-002080,Louvain_k20,8,peripheral_nervous_system
ach-000770,Louvain_k20,3,blood
ach-000710,Louvain_k20,10,lung
ach-000507,Louvain_k20,10,gastric
ach-000066,Louvain_k20,1,lung
ach-000022,Louvain_k20,10,pancreas
ach-001668,Louvain_k20,8,embryo
ach-000334,Louvain_k20,7,lymphocyte
ach-000374,Louvain_k20,4,breast
ach-000519,Louvain_k20,5,blood
ach-000908,Louvain_k20,10,gastric
ach-002003,Louvain_k20,12,skin
ach-000574,Louvain_k20,9,ovary
ach-000148,Louvain_k20,13,breast
ach-002461,Louvain_k20,12,skin
ach-000646,Louvain_k20,9,ovary
ach-000314,Louvain_k20,13,lung
ach-001705,Louvain_k20,1,breast
ach-000040,Louvain_k20,13,central_nervous_system
ach-001057,Louvain_k20,7,lymphocyte
ach-000430,Louvain_k20,13,ovary
ach-001041,Louvain_k20,12,skin
ach-001988,Louvain_k20,12,skin
ach-001977,Louvain_k20,13,lung
ach-000370,Louvain_k20,13,central_nervous_system
ach-001630,Louvain_k20,9,ovary
ach-000437,Louvain_k20,13,central_nervous_system
ach-000498,Louvain_k20,3,blood
ach-001392,Louvain_k20,0,breast
ach-000503,Louvain_k20,4,upper_aerodigestive
ach-002778,Louvain_k20,13,bone
ach-000328,Louvain_k20,13,central_nervous_system
ach-000403,Louvain_k20,1,colorectal
ach-000400,Louvain_k20,10,colorectal
ach-000224,Louvain_k20,13,fibroblast
ach-000318,Louvain_k20,4,esophagus
ach-003472,Louvain_k20,9,thyroid
ach-001430,Louvain_k20,11,bone
ach-000928,Louvain_k20,9,uterus
ach-000893,Louvain_k20,0,lung
ach-000889,Louvain_k20,7,plasma_cell
ach-000799,Louvain_k20,12,skin
ach-001623,Louvain_k20,13,central_nervous_system
ach-000736,Louvain_k20,10,gastric
ach-000876,Louvain_k20,0,breast
ach-001232,Louvain_k20,13,central_nervous_system
ach-001618,Louvain_k20,3,blood
ach-001828,Louvain_k20,7,lymphocyte
ach-002650,Louvain_k20,4,lung
ach-000235,Louvain_k20,1,pancreas
ach-000381,Louvain_k20,10,colorectal
ach-001993,Louvain_k20,5,blood
ach-001301,Louvain_k20,8,peripheral_nervous_system
ach-000854,Louvain_k20,7,plasma_cell
ach-000187,Louvain_k20,6,lung
ach-000543,Louvain_k20,13,central_nervous_system
ach-000569,Louvain_k20,13,lung
ach-000668,Louvain_k20,4,breast
ach-000134,Louvain_k20,13,fibroblast
ach-000924,Louvain_k20,0,lung
ach-003473,Louvain_k20,13,soft_tissue
ach-001450,Louvain_k20,7,lymphocyte
ach-000296,Louvain_k20,10,colorectal
ach-002034,Louvain_k20,6,lung
ach-002781,Louvain_k20,13,bone
ach-000713,Louvain_k20,9,ovary
ach-001360,Louvain_k20,4,cervix
ach-002921,Louvain_k20,0,breast
ach-000273,Louvain_k20,13,central_nervous_system
ach-001715,Louvain_k20,13,bone
ach-001617,Louvain_k20,7,lymphocyte
ach-000639,Louvain_k20,6,lung
ach-000590,Louvain_k20,0,lung
ach-000553,Louvain_k20,1,lung
ach-000084,Louvain_k20,3,blood
ach-000094,Louvain_k20,1,pancreas
ach-000361,Louvain_k20,13,liver
ach-000719,Louvain_k20,9,ovary
ach-001396,Louvain_k20,0,breast
ach-001848,Louvain_k20,1,bile_duct
ach-000339,Louvain_k20,13,lung
ach-002048,Louvain_k20,8,soft_tissue
ach-000218,Louvain_k20,3,blood
ach-002486,Louvain_k20,9,ovary
ach-002711,Louvain_k20,13,upper_aerodigestive
ach-000789,Louvain_k20,6,lung
ach-000413,Louvain_k20,13,fibroblast
ach-000125,Louvain_k20,13,fibroblast
ach-000180,Louvain_k20,13,fibroblast
ach-000215,Louvain_k20,13,central_nervous_system
ach-001001,Louvain_k20,13,bone
ach-000407,Louvain_k20,13,uterus
ach-002170,Louvain_k20,6,lung
ach-002027,Louvain_k20,9,uterus
ach-001132,Louvain_k20,7,lymphocyte
ach-001278,Louvain_k20,2,ovary
ach-000032,Louvain_k20,5,blood
ach-003108,Louvain_k20,7,lymphocyte
ach-001419,Louvain_k20,0,breast
ach-000494,Louvain_k20,13,ovary
ach-000865,Louvain_k20,4,esophagus
ach-000439,Louvain_k20,3,blood
ach-001523,Louvain_k20,4,skin
ach-001983,Louvain_k20,12,skin
ach-000024,Louvain_k20,7,plasma_cell
ach-000674,Louvain_k20,10,gastric
ach-000670,Louvain_k20,2,lung
ach-000599,Louvain_k20,1,pancreas
ach-000263,Louvain_k20,3,blood
ach-003191,Louvain_k20,13,bone
ach-000303,Louvain_k20,10,gastric
ach-001551,Louvain_k20,13,skin
ach-002795,Louvain_k20,2,soft_tissue
ach-000793,Louvain_k20,10,gastric
ach-002511,Louvain_k20,12,skin
ach-000286,Louvain_k20,10,colorectal
ach-000250,Louvain_k20,9,kidney
ach-000139,Louvain_k20,1,pancreas
ach-001735,Louvain_k20,5,blood
ach-002013,Louvain_k20,12,eye
ach-001389,Louvain_k20,13,breast
ach-001183,Louvain_k20,4,urinary_tract
ach-000551,Louvain_k20,3,blood
ach-003101,Louvain_k20,5,lymphocyte
ach-001163,Louvain_k20,2,kidney
ach-000037,Louvain_k20,13,soft_tissue
ach-000744,Louvain_k20,0,lung
ach-000420,Louvain_k20,9,liver
ach-000336,Louvain_k20,3,blood
ach-000486,Louvain_k20,4,urinary_tract
ach-000679,Louvain_k20,10,esophagus
ach-001557,Louvain_k20,13,lung
ach-000247,Louvain_k20,10,gastric
ach-000947,Louvain_k20,2,ovary
ach-000807,Louvain_k20,13,central_nervous_system
ach-000476,Louvain_k20,9,liver
ach-000525,Louvain_k20,6,lung
ach-003154,Louvain_k20,13,lung
ach-001148,Louvain_k20,7,lymphocyte
ach-003455,Louvain_k20,12,skin
ach-000853,Louvain_k20,2,lung
ach-000083,Louvain_k20,13,fibroblast
ach-000479,Louvain_k20,13,central_nervous_system
ach-000230,Louvain_k20,13,fibroblast
ach-001664,Louvain_k20,10,gastric
ach-002705,Louvain_k20,1,gastric
ach-002937,Louvain_k20,9,kidney
ach-000955,Louvain_k20,10,colorectal
ach-000049,Louvain_k20,13,kidney
ach-000675,Louvain_k20,1,lung
ach-000199,Louvain_k20,13,fibroblast
ach-000193,Louvain_k20,7,plasma_cell
ach-001686,Louvain_k20,7,lymphocyte
ach-000538,Louvain_k20,2,gastric
ach-002490,Louvain_k20,6,lung
ach-001683,Louvain_k20,0,breast
ach-001990,Louvain_k20,12,skin
ach-001438,Louvain_k20,13,testis
ach-001647,Louvain_k20,3,blood
ach-002043,Louvain_k20,4,upper_aerodigestive
ach-001649,Louvain_k20,4,prostate
ach-000155,Louvain_k20,1,pancreas
ach-000270,Louvain_k20,1,pancreas
ach-003106,Louvain_k20,7,lymphocyte
ach-003177,Louvain_k20,13,soft_tissue
ach-000683,Louvain_k20,4,colorectal
ach-002017,Louvain_k20,12,eye
ach-000655,Louvain_k20,13,central_nervous_system
ach-000145,Louvain_k20,13,soft_tissue
ach-001495,Louvain_k20,9,uterus
ach-000188,Louvain_k20,4,upper_aerodigestive
ach-003458,Louvain_k20,12,skin
ach-000080,Louvain_k20,7,blood
ach-000146,Louvain_k20,3,blood
ach-000415,Louvain_k20,4,upper_aerodigestive
ach-001518,Louvain_k20,9,uterus
ach-002290,Louvain_k20,3,blood
ach-000891,Louvain_k20,13,lung
ach-001625,Louvain_k20,4,upper_aerodigestive
ach-001985,Louvain_k20,13,skin
ach-000895,Louvain_k20,10,colorectal
ach-000851,Louvain_k20,0,lung
ach-000824,Louvain_k20,4,esophagus
ach-000506,Louvain_k20,6,lung
ach-001427,Louvain_k20,11,bone
ach-000540,Louvain_k20,13,fibroblast
ach-000061,Louvain_k20,7,lymphocyte
ach-000185,Louvain_k20,13,fibroblast
ach-000568,Louvain_k20,0,breast
ach-000707,Louvain_k20,7,lymphocyte
ach-000603,Louvain_k20,6,lung
ach-000983,Louvain_k20,3,blood
ach-000541,Louvain_k20,7,plasma_cell
ach-000680,Louvain_k20,10,colorectal
ach-002460,Louvain_k20,12,skin
ach-000111,Louvain_k20,0,breast
ach-002463,Louvain_k20,13,eye
ach-000369,Louvain_k20,3,blood
ach-002928,Louvain_k20,12,skin
ach-000618,Louvain_k20,4,upper_aerodigestive
ach-000470,Louvain_k20,10,colorectal
ach-003150,Louvain_k20,13,central_nervous_system
ach-002039,Louvain_k20,4,pancreas
ach-000118,Louvain_k20,1,pancreas
ach-000614,Louvain_k20,12,skin
ach-001338,Louvain_k20,8,peripheral_nervous_system
ach-000432,Louvain_k20,5,blood
ach-000556,Louvain_k20,4,cervix
ach-001804,Louvain_k20,13,soft_tissue
ach-001386,Louvain_k20,6,lung
ach-001060,Louvain_k20,7,lymphocyte
ach-001525,Louvain_k20,4,cervix
ach-001539,Louvain_k20,7,lymphocyte
ach-000014,Louvain_k20,12,skin
ach-002785,Louvain_k20,13,soft_tissue
ach-000637,Louvain_k20,4,esophagus
ach-002693,Louvain_k20,2,peripheral_nervous_system
ach-001855,Louvain_k20,10,bile_duct
ach-000455,Louvain_k20,13,central_nervous_system
ach-000389,Louvain_k20,13,central_nervous_system
ach-002710,Louvain_k20,13,peripheral_nervous_system
ach-000129,Louvain_k20,6,lung
ach-000490,Louvain_k20,4,cervix
ach-000434,Louvain_k20,13,lung
ach-001086,Louvain_k20,0,cervix
ach-002042,Louvain_k20,4,thyroid
ach-000597,Louvain_k20,2,soft_tissue
ach-000756,Louvain_k20,13,central_nervous_system
ach-000396,Louvain_k20,13,urinary_tract
ach-003148,Louvain_k20,13,central_nervous_system
ach-000089,Louvain_k20,10,colorectal
ach-002478,Louvain_k20,7,lymphocyte
ach-000371,Louvain_k20,7,lymphocyte
ach-000265,Louvain_k20,2,pancreas
ach-000132,Louvain_k20,9,ovary
ach-000216,Louvain_k20,1,esophagus
ach-000613,Louvain_k20,13,bone
ach-000855,Louvain_k20,4,esophagus
ach-000906,Louvain_k20,13,ovary
ach-000348,Louvain_k20,13,skin
ach-001100,Louvain_k20,7,lymphocyte
ach-000238,Louvain_k20,4,upper_aerodigestive
ach-000237,Louvain_k20,13,ovary
ach-003099,Louvain_k20,4,upper_aerodigestive
ach-000393,Louvain_k20,13,liver
ach-003107,Louvain_k20,7,lymphocyte
ach-000623,Louvain_k20,13,central_nervous_system
ach-000359,Louvain_k20,13,bone
ach-001028,Louvain_k20,2,soft_tissue
ach-000621,Louvain_k20,13,breast
ach-001641,Louvain_k20,4,upper_aerodigestive
ach-000056,Louvain_k20,7,lymphocyte
ach-000483,Louvain_k20,13,liver
ach-003308,Louvain_k20,13,unknown
ach-000514,Louvain_k20,6,lung
ach-000051,Louvain_k20,2,soft_tissue
ach-003433,Louvain_k20,10,pancreas
ach-000043,Louvain_k20,13,fibroblast
ach-000936,Louvain_k20,4,ovary
ach-000716,Louvain_k20,13,thyroid
ach-000988,Louvain_k20,9,uterus
ach-000952,Louvain_k20,0,prostate
ach-001350,Louvain_k20,1,thyroid
ach-000065,Louvain_k20,3,blood
ach-000609,Louvain_k20,13,central_nervous_system
ach-001411,Louvain_k20,4,urinary_tract
ach-000504,Louvain_k20,13,central_nervous_system
ach-002677,Louvain_k20,7,lymphocyte
ach-000956,Louvain_k20,0,prostate
ach-001712,Louvain_k20,13,bone
ach-000652,Louvain_k20,10,pancreas
ach-000414,Louvain_k20,0,lung
ach-000472,Louvain_k20,4,upper_aerodigestive
ach-000007,Louvain_k20,10,colorectal
ach-000446,Louvain_k20,13,peripheral_nervous_system
ach-003071,Louvain_k20,6,lung
ach-000386,Louvain_k20,3,blood
ach-001850,Louvain_k20,13,bile_duct
ach-000755,Louvain_k20,0,breast
ach-001503,Louvain_k20,7,lymphocyte
ach-000028,Louvain_k20,0,breast
ach-000665,Louvain_k20,13,lung
ach-001679,Louvain_k20,7,lymphocyte
ach-000078,Louvain_k20,8,peripheral_nervous_system
ach-002046,Louvain_k20,13,uterus
ach-000397,Louvain_k20,9,uterus
ach-003145,Louvain_k20,13,embryo
ach-000229,Louvain_k20,13,fibroblast
ach-002925,Louvain_k20,12,eye
ach-000518,Louvain_k20,4,upper_aerodigestive
ach-001566,Louvain_k20,12,skin
ach-000252,Louvain_k20,10,colorectal
ach-000572,Louvain_k20,12,skin
ach-001605,Louvain_k20,13,central_nervous_system
ach-002522,Louvain_k20,13,lung
ach-000277,Louvain_k20,0,breast
ach-001239,Louvain_k20,12,skin
ach-000786,Louvain_k20,7,lymphocyte
ach-000803,Louvain_k20,6,lung
ach-001970,Louvain_k20,12,skin
ach-002038,Louvain_k20,10,ovary
ach-000537,Louvain_k20,9,liver
ach-002660,Louvain_k20,10,colorectal
ach-002806,Louvain_k20,13,central_nervous_system
ach-000419,Louvain_k20,7,plasma_cell
ach-002782,Louvain_k20,13,soft_tissue
ach-000724,Louvain_k20,4,urinary_tract
ach-000522,Louvain_k20,13,urinary_tract
ach-001549,Louvain_k20,6,lung
ach-000706,Louvain_k20,0,lung
ach-000737,Louvain_k20,6,lung
ach-000548,Louvain_k20,4,upper_aerodigestive
ach-001839,Louvain_k20,10,bile_duct
ach-001799,Louvain_k20,13,soft_tissue
ach-001573,Louvain_k20,3,blood
ach-002946,Louvain_k20,3,blood
ach-000425,Louvain_k20,12,skin
ach-003103,Louvain_k20,5,lymphocyte
ach-000375,Louvain_k20,2,kidney
ach-000753,Louvain_k20,13,urinary_tract
ach-000275,Louvain_k20,13,fibroblast
ach-000735,Louvain_k20,4,upper_aerodigestive
ach-000654,Louvain_k20,7,lymphocyte
ach-001067,Louvain_k20,2,central_nervous_system
ach-000170,Louvain_k20,4,prostate
ach-001394,Louvain_k20,4,breast
ach-001433,Louvain_k20,2,soft_tissue
ach-000404,Louvain_k20,12,skin
ach-000882,Louvain_k20,12,skin
ach-001509,Louvain_k20,4,upper_aerodigestive
ach-000210,Louvain_k20,11,bone
ach-000254,Louvain_k20,4,upper_aerodigestive
ach-000604,Louvain_k20,3,blood
ach-000090,Louvain_k20,1,prostate
ach-000195,Louvain_k20,3,blood
ach-001791,Louvain_k20,13,soft_tissue
ach-001650,Louvain_k20,0,cervix
ach-000605,Louvain_k20,4,esophagus
ach-000458,Louvain_k20,4,skin
ach-003121,Louvain_k20,6,lung
ach-003125,Louvain_k20,13,soft_tissue
ach-002084,Louvain_k20,12,skin
ach-000004,Louvain_k20,3,blood
ach-000251,Louvain_k20,1,lung
ach-000241,Louvain_k20,3,blood
ach-001194,Louvain_k20,9,kidney
ach-001987,Louvain_k20,13,skin
ach-002055,Louvain_k20,7,lymphocyte
ach-002689,Louvain_k20,13,bone
ach-001443,Louvain_k20,13,thyroid
ach-000688,Louvain_k20,13,ovary
ach-000405,Louvain_k20,7,blood
ach-000821,Louvain_k20,7,plasma_cell
ach-001677,Louvain_k20,7,lymphocyte
ach-002526,Louvain_k20,4,lung
ach-001627,Louvain_k20,4,prostate
ach-000951,Louvain_k20,0,lung
ach-001036,Louvain_k20,3,blood
ach-002792,Louvain_k20,12,soft_tissue
ach-000547,Louvain_k20,4,urinary_tract
ach-000826,Louvain_k20,1,lung
ach-001986,Louvain_k20,12,skin
ach-001147,Louvain_k20,7,lymphocyte
ach-002927,Louvain_k20,12,eye
ach-002470,Louvain_k20,13,bone
ach-000162,Louvain_k20,7,lymphocyte
ach-003139,Louvain_k20,13,muscle
ach-001751,Louvain_k20,8,soft_tissue
ach-000018,Louvain_k20,13,urinary_tract
ach-000721,Louvain_k20,2,breast
ach-000003,Louvain_k20,10,colorectal
ach-000092,Louvain_k20,13,lung
ach-000669,Louvain_k20,1,lung
ach-001099,Louvain_k20,2,soft_tissue
ach-000648,Louvain_k20,9,lung
ach-000950,Louvain_k20,10,colorectal
ach-000050,Louvain_k20,7,plasma_cell
ach-001106,Louvain_k20,5,blood
ach-002051,Louvain_k20,6,lung
ach-000367,Louvain_k20,13,lung
ach-000589,Louvain_k20,0,lung
ach-000564,Louvain_k20,7,plasma_cell
ach-001522,Louvain_k20,12,skin
ach-000831,Louvain_k20,9,uterus
ach-000424,Louvain_k20,11,bone
ach-000409,Louvain_k20,9,ovary
ach-000616,Louvain_k20,13,gastric
ach-000628,Louvain_k20,4,lung
ach-000512,Louvain_k20,7,plasma_cell
ach-000232,Louvain_k20,13,central_nervous_system
ach-000820,Louvain_k20,10,colorectal
ach-001295,Louvain_k20,8,eye
ach-001164,Louvain_k20,2,soft_tissue
ach-000806,Louvain_k20,7,lymphocyte
ach-002524,Louvain_k20,9,ovary
ach-000645,Louvain_k20,13,lung
ach-000099,Louvain_k20,8,peripheral_nervous_system
ach-000902,Louvain_k20,0,breast
ach-000649,Louvain_k20,9,kidney
ach-000086,Louvain_k20,13,lung
ach-000149,Louvain_k20,8,peripheral_nervous_system
ach-002538,Louvain_k20,10,colorectal
ach-000142,Louvain_k20,4,urinary_tract
ach-002535,Louvain_k20,1,colorectal
ach-000227,Louvain_k20,8,peripheral_nervous_system
ach-000697,Louvain_k20,7,lymphocyte
ach-000942,Louvain_k20,5,blood
ach-000264,Louvain_k20,1,lung
ach-000809,Louvain_k20,4,esophagus
ach-000093,Louvain_k20,1,pancreas
ach-000100,Louvain_k20,8,soft_tissue
ach-001445,Louvain_k20,4,upper_aerodigestive
ach-000060,Louvain_k20,1,pancreas
ach-000001,Louvain_k20,9,ovary
ach-000957,Louvain_k20,10,colorectal
ach-000650,Louvain_k20,12,skin
ach-001096,Louvain_k20,8,soft_tissue
ach-002799,Louvain_k20,13,peripheral_nervous_system
ach-002404,Louvain_k20,12,skin
ach-000239,Louvain_k20,10,gastric
ach-000762,Louvain_k20,4,upper_aerodigestive
ach-000922,Louvain_k20,5,blood
ach-002784,Louvain_k20,13,soft_tissue
ach-002653,Louvain_k20,5,blood
ach-000859,Louvain_k20,0,breast
ach-000990,Louvain_k20,9,uterus
ach-000410,Louvain_k20,13,bone
ach-001971,Louvain_k20,12,skin
ach-000927,Louvain_k20,0,breast
ach-001853,Louvain_k20,1,bile_duct
ach-001978,Louvain_k20,12,skin
ach-000694,Louvain_k20,4,esophagus
ach-000935,Louvain_k20,13,colorectal
ach-000918,Louvain_k20,5,blood
ach-001984,Louvain_k20,12,skin
ach-000761,Louvain_k20,4,gastric
ach-001563,Louvain_k20,13,skin
ach-000974,Louvain_k20,9,uterus
ach-000297,Louvain_k20,6,lung
ach-001719,Louvain_k20,9,ovary
ach-000243,Louvain_k20,4,pancreas
ach-001418,Louvain_k20,9,ovary
ach-000362,Louvain_k20,3,blood
ach-000843,Louvain_k20,4,lung
ach-002052,Louvain_k20,6,lung
ach-000840,Louvain_k20,1,lung
ach-001852,Louvain_k20,4,bile_duct
ach-001528,Louvain_k20,13,thyroid
ach-001656,Louvain_k20,3,blood
ach-000016,Louvain_k20,9,kidney
ach-000165,Louvain_k20,13,fibroblast
ach-001460,Louvain_k20,10,colorectal
ach-000592,Louvain_k20,13,central_nervous_system
ach-001192,Louvain_k20,11,bone
ach-000045,Louvain_k20,3,blood
ach-000741,Louvain_k20,1,urinary_tract
ach-000912,Louvain_k20,2,lung
ach-000529,Louvain_k20,13,fibroblast
ach-000508,Louvain_k20,6,lung
ach-000577,Louvain_k20,9,liver
ach-000768,Louvain_k20,13,breast
ach-000636,Louvain_k20,5,blood
ach-000667,Louvain_k20,13,lung
ach-000905,Louvain_k20,4,urinary_tract
ach-001494,Louvain_k20,1,bile_duct
ach-000387,Louvain_k20,3,blood
ach-002510,Louvain_k20,12,skin
ach-001303,Louvain_k20,8,peripheral_nervous_system
ach-000026,Louvain_k20,9,urinary_tract
ach-000838,Louvain_k20,7,plasma_cell
ach-001172,Louvain_k20,13,central_nervous_system
ach-000822,Louvain_k20,12,skin
ach-000531,Louvain_k20,13,fibroblast
ach-000349,Louvain_k20,0,breast
ach-000527,Louvain_k20,9,ovary
ach-000279,Louvain_k20,11,bone
ach-000516,Louvain_k20,13,bone
ach-001662,Louvain_k20,0,breast
ach-000812,Louvain_k20,12,skin
ach-003157,Louvain_k20,13,lung
ach-003464,Louvain_k20,13,soft_tissue
ach-001300,Louvain_k20,8,peripheral_nervous_system
ach-000524,Louvain_k20,9,ovary
ach-000611,Louvain_k20,7,lymphocyte
ach-002419,Louvain_k20,13,uterus
ach-000411,Louvain_k20,9,kidney
ach-000718,Louvain_k20,1,lung
ach-000903,Louvain_k20,13,thyroid
ach-002021,Louvain_k20,4,uterus
ach-000433,Louvain_k20,9,kidney
ach-000499,Louvain_k20,11,bone
ach-000278,Louvain_k20,9,ovary
ach-000202,Louvain_k20,8,colorectal
ach-001736,Louvain_k20,5,blood
ach-001379,Louvain_k20,1,pancreas
ach-002070,Louvain_k20,13,central_nervous_system
ach-002794,Louvain_k20,13,soft_tissue
ach-000128,Louvain_k20,13,central_nervous_system
ach-002528,Louvain_k20,9,kidney
ach-000696,Louvain_k20,13,ovary
ach-000041,Louvain_k20,11,bone
ach-000214,Louvain_k20,13,fibroblast
ach-000747,Louvain_k20,2,lung
ach-001307,Louvain_k20,13,thyroid
ach-000341,Louvain_k20,8,peripheral_nervous_system
ach-001740,Louvain_k20,8,soft_tissue
ach-000417,Louvain_k20,1,pancreas
ach-001393,Louvain_k20,0,breast
ach-000120,Louvain_k20,8,peripheral_nervous_system
ach-001694,Louvain_k20,4,upper_aerodigestive
ach-001542,Louvain_k20,4,upper_aerodigestive
ach-002509,Louvain_k20,12,skin
ach-000438,Louvain_k20,0,lung
ach-001366,Louvain_k20,8,peripheral_nervous_system
ach-000653,Louvain_k20,7,plasma_cell
ach-000839,Louvain_k20,4,urinary_tract
ach-000673,Louvain_k20,13,central_nervous_system
ach-001524,Louvain_k20,4,skin
ach-000069,Louvain_k20,7,lymphocyte
ach-002996,Louvain_k20,13,lung
ach-003142,Louvain_k20,13,muscle
ach-000323,Louvain_k20,13,central_nervous_system
ach-000021,Louvain_k20,9,lung
ach-001863,Louvain_k20,10,bile_duct
ach-001996,Louvain_k20,1,bile_duct
ach-000980,Louvain_k20,6,lung
ach-000106,Louvain_k20,7,lymphocyte
ach-003156,Louvain_k20,4,lung
ach-000734,Louvain_k20,10,liver
ach-000845,Louvain_k20,1,lung
ach-001982,Louvain_k20,12,skin
ach-000730,Louvain_k20,12,skin
ach-001334,Louvain_k20,4,cervix
ach-000698,Louvain_k20,6,lung
ach-000802,Louvain_k20,4,urinary_tract
ach-001836,Louvain_k20,1,bile_duct
ach-000573,Louvain_k20,13,breast
ach-001699,Louvain_k20,4,upper_aerodigestive
ach-000963,Louvain_k20,10,colorectal
ach-001567,Louvain_k20,12,skin
ach-001653,Louvain_k20,1,gastric
ach-000852,Louvain_k20,10,lung
ach-001862,Louvain_k20,1,bile_duct
ach-001976,Louvain_k20,12,skin
ach-002665,Louvain_k20,10,colorectal
ach-003153,Louvain_k20,4,lung
ach-000661,Louvain_k20,12,skin
ach-001500,Louvain_k20,2,esophagus
ach-001190,Louvain_k20,12,skin
ach-002467,Louvain_k20,13,eye
ach-000364,Louvain_k20,13,bone
ach-000448,Louvain_k20,4,lung
ach-000979,Louvain_k20,1,prostate
ach-000932,Louvain_k20,2,gastric
ach-000783,Louvain_k20,0,breast
ach-002044,Louvain_k20,6,upper_aerodigestive
ach-000301,Louvain_k20,3,blood
ach-002459,Louvain_k20,12,skin
ach-000976,Louvain_k20,1,bile_duct
ach-001516,Louvain_k20,6,cervix
ach-001354,Louvain_k20,8,peripheral_nervous_system
ach-001645,Louvain_k20,12,skin
ach-003135,Louvain_k20,13,central_nervous_system
ach-000867,Louvain_k20,0,lung
ach-000304,Louvain_k20,12,skin
ach-002069,Louvain_k20,13,bone
ach-000931,Louvain_k20,12,skin
ach-001374,Louvain_k20,8,ovary
ach-000302,Louvain_k20,9,uterus
ach-000305,Louvain_k20,4,esophagus
ach-000072,Louvain_k20,3,blood
ach-000766,Louvain_k20,4,lung
ach-000533,Louvain_k20,2,soft_tissue
ach-000343,Louvain_k20,2,lung
ach-001437,Louvain_k20,8,testis
ach-000171,Louvain_k20,9,kidney
ach-003475,Louvain_k20,4,upper_aerodigestive
ach-000173,Louvain_k20,9,uterus
ach-000535,Louvain_k20,4,pancreas
ach-000774,Louvain_k20,1,lung
ach-000178,Louvain_k20,1,pancreas
ach-001306,Louvain_k20,13,thyroid
ach-000994,Louvain_k20,9,uterus
ach-001188,Louvain_k20,8,peripheral_nervous_system
ach-000372,Louvain_k20,5,blood
ach-002886,Louvain_k20,10,colorectal
ach-000804,Louvain_k20,8,peripheral_nervous_system
ach-000011,Louvain_k20,9,urinary_tract
ach-000733,Louvain_k20,1,lung
ach-001603,Louvain_k20,8,peripheral_nervous_system
ach-000829,Louvain_k20,7,plasma_cell
ach-000141,Louvain_k20,4,bile_duct
ach-000810,Louvain_k20,12,skin
ach-001994,Louvain_k20,1,bile_duct
ach-001145,Louvain_k20,9,ovary
ach-000717,Louvain_k20,4,esophagus
ach-000738,Louvain_k20,13,central_nervous_system
ach-001843,Louvain_k20,13,bile_duct
ach-002664,Louvain_k20,1,colorectal
ach-000780,Louvain_k20,6,lung
ach-001548,Louvain_k20,8,peripheral_nervous_system
ach-000759,Louvain_k20,0,breast
ach-001555,Louvain_k20,13,lung
ach-001369,Louvain_k20,9,ovary
ach-000969,Louvain_k20,10,colorectal
ach-000873,Louvain_k20,4,esophagus
ach-001275,Louvain_k20,2,soft_tissue
ach-002654,Louvain_k20,10,colorectal
ach-002435,Louvain_k20,13,kidney
ach-001972,Louvain_k20,12,skin
ach-000921,Louvain_k20,13,lung
ach-003470,Louvain_k20,13,thyroid
ach-001953,Louvain_k20,12,skin
ach-002843,Louvain_k20,13,soft_tissue
ach-001373,Louvain_k20,9,ovary
ach-002800,Louvain_k20,13,peripheral_nervous_system
ach-001022,Louvain_k20,11,bone
ach-000082,Louvain_k20,13,bone
ach-003105,Louvain_k20,12,skin
ach-000488,Louvain_k20,4,esophagus
ach-000790,Louvain_k20,6,lung
ach-000172,Louvain_k20,2,soft_tissue
ach-000647,Louvain_k20,4,esophagus
ach-000602,Louvain_k20,3,blood
ach-003181,Louvain_k20,13,soft_tissue
ach-002681,Louvain_k20,13,central_nervous_system
ach-001465,Louvain_k20,8,peripheral_nervous_system
ach-003012,Louvain_k20,0,lung
ach-000156,Louvain_k20,5,blood
ach-002001,Louvain_k20,12,skin
ach-000315,Louvain_k20,7,lymphocyte
ach-001678,Louvain_k20,7,lymphocyte
ach-002446,Louvain_k20,10,gastric
ach-000201,Louvain_k20,2,soft_tissue
ach-000435,Louvain_k20,9,uterus
ach-000965,Louvain_k20,4,uterus
ach-001550,Louvain_k20,13,skin
ach-002026,Louvain_k20,9,uterus
ach-000883,Louvain_k20,13,central_nervous_system
ach-000482,Louvain_k20,0,lung
ach-000450,Louvain_k20,12,skin
ach-002672,Louvain_k20,1,pancreas
ach-000835,Louvain_k20,13,soft_tissue
ach-002431,Louvain_k20,13,peripheral_nervous_system
ach-001802,Louvain_k20,13,soft_tissue
ach-000629,Louvain_k20,13,central_nervous_system
ach-000715,Louvain_k20,4,upper_aerodigestive
ach-000870,Louvain_k20,6,lung
ach-000910,Louvain_k20,0,breast
ach-000779,Louvain_k20,1,lung
ach-000140,Louvain_k20,7,lymphocyte
ach-001196,Louvain_k20,8,soft_tissue
ach-001484,Louvain_k20,7,blood
ach-000693,Louvain_k20,4,esophagus
ach-000811,Louvain_k20,9,ovary
ach-000423,Louvain_k20,12,skin
ach-000290,Louvain_k20,6,lung
ach-001847,Louvain_k20,9,bile_duct
ach-000492,Louvain_k20,5,blood
ach-001519,Louvain_k20,2,bone
ach-000110,Louvain_k20,4,gastric
ach-001497,Louvain_k20,10,esophagus
ach-000102,Louvain_k20,13,central_nervous_system
ach-000817,Louvain_k20,7,plasma_cell
ach-001556,Louvain_k20,13,lung
ach-000964,Louvain_k20,5,blood
ach-000378,Louvain_k20,13,lung
ach-000913,Louvain_k20,13,uterus
ach-000575,Louvain_k20,1,lung
ach-000634,Louvain_k20,13,central_nervous_system
ach-002291,Louvain_k20,8,embryo
ach-001322,Louvain_k20,2,soft_tissue
ach-002924,Louvain_k20,12,eye
ach-000767,Louvain_k20,6,lung
ach-001642,Louvain_k20,7,lymphocyte
ach-001552,Louvain_k20,13,skin
ach-000451,Louvain_k20,4,lung
ach-000879,Louvain_k20,2,uterus
ach-001842,Louvain_k20,4,bile_duct
ach-002662,Louvain_k20,10,colorectal
ach-001032,Louvain_k20,11,bone
ach-000982,Louvain_k20,10,colorectal
ach-001636,Louvain_k20,7,lymphocyte
ach-000189,Louvain_k20,9,kidney
ach-000454,Louvain_k20,4,lung
ach-000131,Louvain_k20,13,fibroblast
ach-000660,Louvain_k20,7,lymphocyte
ach-001197,Louvain_k20,7,lymphocyte
ach-000915,Louvain_k20,12,skin
ach-000480,Louvain_k20,10,liver
ach-000745,Louvain_k20,7,plasma_cell
ach-000161,Louvain_k20,1,lung
ach-000395,Louvain_k20,6,lung
ach-001459,Louvain_k20,10,colorectal
ach-000916,Louvain_k20,0,lung
ach-001609,Louvain_k20,13,central_nervous_system
ach-001960,Louvain_k20,4,bile_duct
ach-002648,Louvain_k20,1,uterus
ach-001856,Louvain_k20,9,bile_duct
ach-003158,Louvain_k20,13,muscle
ach-002433,Louvain_k20,13,bone
ach-000295,Louvain_k20,3,blood
ach-001485,Louvain_k20,7,blood
ach-003269,Louvain_k20,13,soft_tissue
ach-000292,Louvain_k20,2,lung
ach-000137,Louvain_k20,13,central_nervous_system
ach-000308,Louvain_k20,9,ovary
ach-000445,Louvain_k20,13,central_nervous_system
ach-001229,Louvain_k20,4,upper_aerodigestive
ach-000144,Louvain_k20,4,gastric
ach-000837,Louvain_k20,1,lung
ach-000048,Louvain_k20,2,ovary
ach-000463,Louvain_k20,0,lung
ach-000881,Louvain_k20,12,skin
ach-000388,Louvain_k20,7,lymphocyte
ach-001992,Louvain_k20,13,lung
ach-000147,Louvain_k20,0,breast
ach-000930,Louvain_k20,0,breast
ach-000899,Louvain_k20,12,skin
ach-000366,Louvain_k20,8,peripheral_nervous_system
ach-001571,Louvain_k20,7,lymphocyte
ach-001526,Louvain_k20,13,bone
ach-000064,Louvain_k20,4,lung
ach-001329,Louvain_k20,13,central_nervous_system
ach-001676,Louvain_k20,2,upper_aerodigestive
ach-000418,Louvain_k20,13,bone
ach-001280,Louvain_k20,2,soft_tissue
ach-002922,Louvain_k20,8,peripheral_nervous_system
ach-000861,Louvain_k20,13,lung
ach-000692,Louvain_k20,4,upper_aerodigestive
ach-003137,Louvain_k20,13,central_nervous_system
ach-000107,Louvain_k20,1,pancreas
ach-000133,Louvain_k20,13,soft_tissue
ach-000306,Louvain_k20,13,fibroblast
ach-001530,Louvain_k20,4,uterus
ach-000651,Louvain_k20,10,colorectal
ach-000563,Louvain_k20,1,lung
ach-000058,Louvain_k20,13,thyroid
ach-000345,Louvain_k20,8,peripheral_nervous_system
ach-000316,Louvain_k20,9,liver
ach-000884,Louvain_k20,12,skin
ach-000289,Louvain_k20,12,central_nervous_system
ach-001451,Louvain_k20,13,cervix
ach-003459,Louvain_k20,12,skin
ach-002440,Louvain_k20,13,thyroid
ach-000355,Louvain_k20,8,lung
ach-002926,Louvain_k20,12,unknown
ach-000962,Louvain_k20,9,ovary
ach-000473,Louvain_k20,4,urinary_tract
ach-000192,Louvain_k20,6,uterus
ach-001624,Louvain_k20,13,central_nervous_system
ach-001989,Louvain_k20,12,skin
ach-001807,Louvain_k20,13,soft_tissue
ach-002532,Louvain_k20,10,colorectal
ach-002466,Louvain_k20,13,eye
ach-001344,Louvain_k20,13,peripheral_nervous_system
ach-001684,Louvain_k20,3,blood
ach-000757,Louvain_k20,2,lung
ach-000054,Louvain_k20,13,soft_tissue
ach-001318,Louvain_k20,10,liver
ach-000601,Louvain_k20,2,pancreas
ach-000635,Louvain_k20,9,ovary
ach-001857,Louvain_k20,10,bile_duct
ach-000966,Louvain_k20,9,ovary
ach-000630,Louvain_k20,13,upper_aerodigestive
ach-000225,Louvain_k20,6,gastric
ach-002047,Louvain_k20,13,uterus
ach-000657,Louvain_k20,2,ovary
ach-000624,Louvain_k20,4,breast
ach-000699,Louvain_k20,13,breast
ach-000923,Louvain_k20,7,lymphocyte
ach-000687,Louvain_k20,7,lymphocyte
ach-000044,Louvain_k20,0,breast
ach-000740,Louvain_k20,4,upper_aerodigestive
ach-000447,Louvain_k20,1,lung
ach-000101,Louvain_k20,5,blood
ach-001416,Louvain_k20,4,urinary_tract
ach-000319,Louvain_k20,13,lung
ach-000198,Louvain_k20,3,blood
ach-000280,Louvain_k20,4,ovary
ach-003265,Louvain_k20,13,soft_tissue
ach-000104,Louvain_k20,5,blood
ach-001835,Louvain_k20,1,bile_duct
ach-000892,Louvain_k20,0,lung
ach-000493,Louvain_k20,13,liver
ach-000042,Louvain_k20,1,pancreas
ach-002045,Louvain_k20,4,upper_aerodigestive
ach-000221,Louvain_k20,2,liver
ach-000477,Louvain_k20,12,skin
ach-000746,Louvain_k20,6,gastric
ach-000356,Louvain_k20,10,gastric
ach-000457,Louvain_k20,9,kidney
ach-000904,Louvain_k20,6,lung
ach-002060,Louvain_k20,5,blood
ach-003159,Louvain_k20,13,hair
ach-001813,Louvain_k20,13,bone
ach-000244,Louvain_k20,13,central_nervous_system
ach-000610,Louvain_k20,6,lung
ach-000081,Louvain_k20,3,blood
ach-003161,Louvain_k20,13,pancreas
ach-000255,Louvain_k20,13,gastric
ach-001038,Louvain_k20,11,bone
ach-000352,Louvain_k20,0,breast
ach-002016,Louvain_k20,13,eye
ach-000416,Louvain_k20,0,lung
ach-000752,Louvain_k20,13,lung
ach-000862,Louvain_k20,4,urinary_tract
ach-000236,Louvain_k20,10,colorectal
ach-000401,Louvain_k20,12,skin
ach-000731,Louvain_k20,13,lung
ach-000875,Louvain_k20,1,lung
ach-000626,Louvain_k20,7,plasma_cell
ach-000593,Louvain_k20,4,urinary_tract
ach-000182,Louvain_k20,1,bile_duct
ach-000442,Louvain_k20,13,lung
ach-000159,Louvain_k20,9,kidney
ach-000907,Louvain_k20,9,kidney
ach-000191,Louvain_k20,13,thyroid
ach-000205,Louvain_k20,1,pancreas
ach-000103,Louvain_k20,9,ovary
ach-000739,Louvain_k20,10,liver
ach-001558,Louvain_k20,13,lung
ach-000206,Louvain_k20,7,lymphocyte
ach-000841,Louvain_k20,1,lung
ach-000615,Louvain_k20,12,skin
ach-001613,Louvain_k20,3,blood
ach-001608,Louvain_k20,13,central_nervous_system
ach-000801,Louvain_k20,12,skin
ach-000539,Louvain_k20,13,fibroblast
ach-000464,Louvain_k20,13,central_nervous_system
ach-000622,Louvain_k20,13,central_nervous_system
ach-000452,Louvain_k20,4,esophagus
ach-001390,Louvain_k20,4,breast
ach-001401,Louvain_k20,2,adrenal_cortex
ach-000365,Louvain_k20,7,lymphocyte
ach-001431,Louvain_k20,11,bone
ach-000475,Louvain_k20,10,liver
ach-000860,Louvain_k20,1,lung
ach-000074,Louvain_k20,3,blood
ach-000377,Louvain_k20,1,bile_duct
ach-001562,Louvain_k20,13,lung
ach-001693,Louvain_k20,13,upper_aerodigestive
ach-003134,Louvain_k20,13,unknown
ach-000259,Louvain_k20,8,peripheral_nervous_system
ach-001697,Louvain_k20,4,upper_aerodigestive
ach-002801,Louvain_k20,12,peripheral_nervous_system
ach-001388,Louvain_k20,4,breast
ach-001410,Louvain_k20,10,urinary_tract
ach-002025,Louvain_k20,10,colorectal
ach-002688,Louvain_k20,13,bone
ach-000720,Louvain_k20,13,urinary_tract
ach-000095,Louvain_k20,8,central_nervous_system
ach-001345,Louvain_k20,10,colorectal
ach-000558,Louvain_k20,13,central_nervous_system
ach-000664,Louvain_k20,7,lymphocyte
ach-000177,Louvain_k20,6,prostate
ach-001423,Louvain_k20,9,kidney
ach-000335,Louvain_k20,13,lung
ach-000940,Louvain_k20,2,uterus
ach-003160,Louvain_k20,13,hair
ach-000631,Louvain_k20,13,central_nervous_system
ach-000207,Louvain_k20,4,upper_aerodigestive
ach-000764,Louvain_k20,13,gastric
ach-000995,Louvain_k20,5,blood
ach-000373,Louvain_k20,3,blood
ach-000953,Louvain_k20,5,blood
ach-000709,Louvain_k20,9,kidney
ach-003463,Louvain_k20,7,lymphocyte
ach-000846,Louvain_k20,4,upper_aerodigestive
ach-001702,Louvain_k20,9,soft_tissue
ach-000333,Louvain_k20,10,ovary
ach-001708,Louvain_k20,5,lymphocyte
ach-002059,Louvain_k20,5,blood
ach-000929,Louvain_k20,0,lung
ach-001395,Louvain_k20,0,breast
ach-000948,Louvain_k20,10,gastric
ach-002015,Louvain_k20,13,eye
ach-000981,Louvain_k20,5,blood
ach-000617,Louvain_k20,9,ovary
ach-000311,Louvain_k20,0,lung
ach-001210,Louvain_k20,2,soft_tissue
ach-001834,Louvain_k20,1,bile_duct
ach-002010,Louvain_k20,12,eye
ach-003143,Louvain_k20,13,kidney
ach-000390,Louvain_k20,4,lung
ach-000468,Louvain_k20,1,pancreas
ach-002651,Louvain_k20,3,blood
ach-001061,Louvain_k20,10,colorectal
ach-000077,Louvain_k20,7,lymphocyte
ach-000456,Louvain_k20,13,thyroid
ach-002703,Louvain_k20,10,gastric
ach-000496,Louvain_k20,13,lung
ach-002512,Louvain_k20,12,skin
ach-000062,Louvain_k20,0,lung
ach-002464,Louvain_k20,13,eye
ach-000088,Louvain_k20,13,fibroblast
ach-000536,Louvain_k20,0,breast
ach-000071,Louvain_k20,13,fibroblast
ach-002004,Louvain_k20,12,skin
ach-000878,Louvain_k20,0,lung
ach-001380,Louvain_k20,9,pancreas
ach-002061,Louvain_k20,3,blood
ach-000385,Louvain_k20,9,kidney
ach-000412,Louvain_k20,1,colorectal
ach-003474,Louvain_k20,4,upper_aerodigestive
ach-000427,Louvain_k20,10,gastric
ach-000938,Louvain_k20,5,blood
ach-000462,Louvain_k20,5,blood
ach-000939,Louvain_k20,2,soft_tissue
ach-000325,Louvain_k20,10,gastric
ach-000515,Louvain_k20,6,lung
ach-001033,Louvain_k20,2,central_nervous_system
ach-000919,Louvain_k20,10,gastric
ach-000863,Louvain_k20,13,central_nervous_system
ach-000642,Louvain_k20,4,breast
ach-000581,Louvain_k20,10,gastric
ach-001435,Louvain_k20,13,testis
ach-001050,Louvain_k20,13,soft_tissue
ach-001818,Louvain_k20,13,bone
ach-001384,Louvain_k20,13,thyroid
ach-000797,Louvain_k20,13,fibroblast
ach-000220,Louvain_k20,7,lymphocyte
ach-001533,Louvain_k20,7,lymphocyte
ach-001508,Louvain_k20,4,upper_aerodigestive
ach-000827,Louvain_k20,12,skin
ach-003119,Louvain_k20,6,lung
ach-000961,Louvain_k20,9,uterus
ach-000778,Louvain_k20,4,upper_aerodigestive
ach-000825,Louvain_k20,13,lung
ach-000743,Louvain_k20,6,lung
ach-000190,Louvain_k20,13,unknown
ach-001819,Louvain_k20,0,breast
ach-000157,Louvain_k20,7,lymphocyte
ach-001786,Louvain_k20,10,colorectal
ach-000253,Louvain_k20,10,colorectal
ach-001376,Louvain_k20,1,pancreas
ach-000958,Louvain_k20,10,colorectal
ach-000228,Louvain_k20,4,upper_aerodigestive
ach-000266,Louvain_k20,1,pancreas
ach-001750,Louvain_k20,13,soft_tissue
ach-000174,Louvain_k20,13,thyroid
ach-000245,Louvain_k20,7,lymphocyte
ach-001279,Louvain_k20,2,ovary
ach-000620,Louvain_k20,9,liver
ach-000813,Louvain_k20,1,lung
ach-001513,Louvain_k20,0,cervix
ach-000168,Louvain_k20,3,blood
ach-000257,Louvain_k20,6,lung
ach-000211,Louvain_k20,13,central_nervous_system
ach-000283,Louvain_k20,13,central_nervous_system
ach-002401,Louvain_k20,4,breast
ach-002041,Louvain_k20,13,thyroid
ach-000987,Louvain_k20,12,skin
ach-003465,Louvain_k20,13,upper_aerodigestive
ach-000682,Louvain_k20,4,upper_aerodigestive
ach-000073,Louvain_k20,7,lymphocyte
ach-000212,Louvain_k20,13,breast
ach-000096,Louvain_k20,2,kidney
ach-002500,Louvain_k20,7,lymphocyte
ach-001440,Louvain_k20,8,testis
ach-000063,Louvain_k20,13,fibroblast
ach-002942,Louvain_k20,13,soft_tissue
ach-001999,Louvain_k20,1,pancreas
ach-000776,Louvain_k20,13,central_nervous_system
ach-000521,Louvain_k20,0,lung
ach-000299,Louvain_k20,3,blood
ach-000025,Louvain_k20,13,central_nervous_system
ach-000591,Louvain_k20,13,central_nervous_system
ach-001716,Louvain_k20,8,peripheral_nervous_system
ach-000833,Louvain_k20,8,soft_tissue
ach-001628,Louvain_k20,9,ovary
ach-000398,Louvain_k20,7,lymphocyte
ach-000274,Louvain_k20,12,skin
ach-001370,Louvain_k20,13,ovary
ach-001700,Louvain_k20,4,upper_aerodigestive
ach-000029,Louvain_k20,1,lung
ach-001849,Louvain_k20,1,bile_duct
ach-000644,Louvain_k20,12,skin
ach-001422,Louvain_k20,4,prostate
ach-000588,Louvain_k20,7,plasma_cell
ach-000849,Louvain_k20,0,breast
ach-002690,Louvain_k20,13,bone
ach-000219,Louvain_k20,12,skin
ach-000150,Louvain_k20,1,lung
ach-001845,Louvain_k20,9,bile_duct
ach-002643,Louvain_k20,5,lymphocyte
ach-000384,Louvain_k20,4,urinary_tract
ach-001053,Louvain_k20,8,central_nervous_system
ach-001274,Louvain_k20,13,soft_tissue
ach-000091,Louvain_k20,9,ovary
ach-002932,Louvain_k20,10,colorectal
ach-002014,Louvain_k20,12,eye
ach-001634,Louvain_k20,7,blood
ach-002531,Louvain_k20,1,lung
ach-000495,Louvain_k20,9,kidney
ach-000911,Louvain_k20,1,gastric
ach-000013,Louvain_k20,9,ovary
ach-002667,Louvain_k20,10,colorectal
ach-000777,Louvain_k20,4,esophagus
ach-001765,Louvain_k20,8,soft_tissue
ach-000312,Louvain_k20,8,peripheral_nervous_system
ach-000085,Louvain_k20,4,pancreas
ach-000436,Louvain_k20,7,plasma_cell
ach-000869,Louvain_k20,4,lung
ach-003061,Louvain_k20,6,lung
ach-003471,Louvain_k20,9,thyroid
ach-000267,Louvain_k20,7,lymphocyte
ach-000489,Louvain_k20,10,colorectal
ach-000431,Louvain_k20,6,lung
ach-000152,Louvain_k20,13,central_nervous_system
ach-000909,Louvain_k20,2,uterus
ach-000534,Louvain_k20,7,lymphocyte
ach-001489,Louvain_k20,6,lung
ach-000582,Louvain_k20,12,skin
ach-000460,Louvain_k20,1,ovary
ach-000443,Louvain_k20,9,ovary
ach-001570,Louvain_k20,12,skin
ach-000986,Louvain_k20,10,colorectal
ach-001335,Louvain_k20,4,cervix
ach-000023,Louvain_k20,13,pancreas
ach-002062,Louvain_k20,7,lymphocyte
ach-002462,Louvain_k20,13,eye
ach-000151,Louvain_k20,7,blood
ach-001277,Louvain_k20,2,soft_tissue
ach-000607,Louvain_k20,2,soft_tissue
ach-002647,Louvain_k20,1,gastric
ach-000703,Louvain_k20,6,lung
ach-001211,Louvain_k20,2,soft_tissue
ach-003152,Louvain_k20,13,lung
ach-001511,Louvain_k20,4,upper_aerodigestive
ach-000113,Louvain_k20,3,blood
ach-000337,Louvain_k20,1,lung
ach-000598,Louvain_k20,7,plasma_cell
ach-000057,Louvain_k20,7,plasma_cell
ach-000281,Louvain_k20,1,pancreas
ach-000321,Louvain_k20,3,blood
ach-000985,Louvain_k20,10,colorectal
ach-000444,Louvain_k20,13,lung
ach-000347,Louvain_k20,6,pancreas
ach-001399,Louvain_k20,10,colorectal
ach-001097,Louvain_k20,7,lymphocyte
ach-000127,Louvain_k20,13,urinary_tract
ach-001961,Louvain_k20,1,bile_duct
ach-001796,Louvain_k20,13,soft_tissue
ach-000307,Louvain_k20,4,pancreas
ach-001030,Louvain_k20,11,bone
ach-002485,Louvain_k20,7,lymphocyte
ach-000595,Louvain_k20,12,central_nervous_system
ach-001540,Louvain_k20,13,soft_tissue
ach-000298,Louvain_k20,6,lung
ach-000771,Louvain_k20,4,upper_aerodigestive
ach-000500,Louvain_k20,13,upper_aerodigestive
ach-000353,Louvain_k20,4,esophagus
ach-000363,Louvain_k20,7,plasma_cell
ach-000350,Louvain_k20,10,colorectal
ach-000053,Louvain_k20,7,lymphocyte
ach-001543,Louvain_k20,4,upper_aerodigestive
ach-000663,Louvain_k20,9,ovary
ach-000346,Louvain_k20,7,blood
ach-000970,Louvain_k20,1,colorectal
ach-002543,Louvain_k20,10,colorectal
ach-001333,Louvain_k20,2,cervix
ach-000794,Louvain_k20,4,upper_aerodigestive
ach-000039,Louvain_k20,11,bone
ach-000471,Louvain_k20,10,liver
ach-000850,Louvain_k20,13,fibroblast
ach-000291,Louvain_k20,10,ovary
ach-001453,Louvain_k20,4,prostate
ach-001458,Louvain_k20,10,colorectal
ach-000886,Louvain_k20,1,lung
ach-000888,Louvain_k20,0,lung
ach-000659,Louvain_k20,6,lung
ach-000030,Louvain_k20,1,lung
ach-001201,Louvain_k20,8,central_nervous_system
ach-000271,Louvain_k20,7,lymphocyte
ach-002676,Louvain_k20,5,blood
ach-000549,Louvain_k20,4,upper_aerodigestive
ach-000555,Louvain_k20,9,kidney
ach-000478,Louvain_k20,13,liver
ach-000775,Louvain_k20,6,lung
ach-002214,Louvain_k20,7,lymphocyte
ach-000038,Louvain_k20,7,lymphocyte
ach-001109,Louvain_k20,2,soft_tissue
ach-001442,Louvain_k20,4,epidermoid_carcinoma
ach-000559,Louvain_k20,6,lung
ach-000510,Louvain_k20,2,lung
ach-002065,Louvain_k20,13,central_nervous_system
ach-000676,Louvain_k20,12,central_nervous_system
ach-002659,Louvain_k20,10,colorectal
ach-000844,Louvain_k20,6,lung
ach-002403,Louvain_k20,13,skin
ach-002787,Louvain_k20,13,soft_tissue
ach-002497,Louvain_k20,1,lung
ach-002798,Louvain_k20,13,skin
ach-000925,Louvain_k20,10,lung
ach-002465,Louvain_k20,13,eye
ach-000272,Louvain_k20,9,kidney
ach-001035,Louvain_k20,11,bone
ach-003457,Louvain_k20,12,skin
ach-000513,Louvain_k20,9,kidney
ach-001059,Louvain_k20,2,soft_tissue
ach-000959,Louvain_k20,10,colorectal
ach-002283,Louvain_k20,8,peripheral_nervous_system
ach-000169,Louvain_k20,8,soft_tissue
ach-001402,Louvain_k20,13,cervix
ach-000796,Louvain_k20,1,ovary
ach-000143,Louvain_k20,6,lung
ach-000067,Louvain_k20,13,central_nervous_system
ach-000640,Louvain_k20,12,skin
ach-001591,Louvain_k20,6,lung
ach-001674,Louvain_k20,8,peripheral_nervous_system
ach-001698,Louvain_k20,4,upper_aerodigestive
ach-002002,Louvain_k20,13,skin
ach-002011,Louvain_k20,12,eye
ach-003268,Louvain_k20,13,soft_tissue
ach-000967,Louvain_k20,0,colorectal
ach-000469,Louvain_k20,13,central_nervous_system
ach-001353,Louvain_k20,1,pancreas
ach-001574,Louvain_k20,3,blood
ach-000097,Louvain_k20,0,breast
ach-000256,Louvain_k20,9,ovary
ach-000977,Louvain_k20,0,prostate
ach-000972,Louvain_k20,9,uterus
ach-001367,Louvain_k20,8,peripheral_nervous_system
ach-000382,Louvain_k20,6,lung
ach-003476,Louvain_k20,4,upper_aerodigestive
ach-000579,Louvain_k20,12,skin
ach-002035,Louvain_k20,13,lung
ach-001532,Louvain_k20,2,kidney
ach-000695,Louvain_k20,6,lung
ach-001795,Louvain_k20,13,soft_tissue
ach-001510,Louvain_k20,4,upper_aerodigestive
ach-000502,Louvain_k20,1,pancreas
ach-000183,Louvain_k20,7,plasma_cell
ach-000408,Louvain_k20,4,esophagus
ach-001496,Louvain_k20,10,esophagus
ach-000788,Louvain_k20,12,skin
ach-002405,Louvain_k20,12,skin
ach-002409,Louvain_k20,13,central_nervous_system
ach-001622,Louvain_k20,13,central_nervous_system
ach-000466,Louvain_k20,1,gastric
ach-001560,Louvain_k20,13,lung
ach-001019,Louvain_k20,6,skin
ach-003111,Louvain_k20,13,soft_tissue
ach-000005,Louvain_k20,3,blood
ach-001687,Louvain_k20,9,kidney
ach-001151,Louvain_k20,1,ovary
ach-000701,Louvain_k20,4,ovary
ach-000542,Louvain_k20,13,ovary
ach-000126,Louvain_k20,13,central_nervous_system
ach-001685,Louvain_k20,7,lymphocyte
ach-000933,Louvain_k20,1,pancreas
ach-000068,Louvain_k20,7,lymphocyte
ach-000015,Louvain_k20,2,lung
ach-001111,Louvain_k20,7,lymphocyte
ach-000487,Louvain_k20,3,blood
ach-000122,Louvain_k20,5,blood
ach-000288,Louvain_k20,13,breast
ach-001820,Louvain_k20,0,breast
ach-000782,Louvain_k20,5,blood
ach-001632,Louvain_k20,9,ovary
ach-002399,Louvain_k20,1,breast
ach-000357,Louvain_k20,7,lymphocyte
ach-000079,Louvain_k20,13,fibroblast
ach-001031,Louvain_k20,2,soft_tissue
ach-001064,Louvain_k20,7,lymphocyte
ach-002802,Louvain_k20,12,peripheral_nervous_system
ach-001048,Louvain_k20,1,ovary
ach-000453,Louvain_k20,7,plasma_cell
ach-003155,Louvain_k20,13,liver
ach-000791,Louvain_k20,1,lung
ach-000567,Louvain_k20,7,lymphocyte
ach-001391,Louvain_k20,13,breast
ach-001075,Louvain_k20,4,lung
ach-000105,Louvain_k20,5,blood
ach-000557,Louvain_k20,3,blood
ach-000175,Louvain_k20,13,fibroblast
ach-001356,Louvain_k20,13,thyroid
ach-001844,Louvain_k20,1,bile_duct
ach-001346,Louvain_k20,4,upper_aerodigestive
ach-000885,Louvain_k20,9,ovary
ach-000900,Louvain_k20,2,lung
ach-000666,Louvain_k20,0,lung
ach-001428,Louvain_k20,11,bone
ach-000217,Louvain_k20,13,liver
ach-000872,Louvain_k20,0,lung
ach-001974,Louvain_k20,12,skin
ach-002020,Louvain_k20,4,cervix
ach-001638,Louvain_k20,7,lymphocyte
ach-001228,Louvain_k20,4,upper_aerodigestive
ach-000181,Louvain_k20,4,upper_aerodigestive
ach-000115,Louvain_k20,0,prostate
ach-000130,Louvain_k20,5,blood
ach-000121,Louvain_k20,1,lung
ach-001711,Louvain_k20,2,central_nervous_system
ach-000934,Louvain_k20,0,breast
ach-000996,Louvain_k20,9,uterus
ach-001529,Louvain_k20,4,uterus
ach-001743,Louvain_k20,8,soft_tissue
ach-000320,Louvain_k20,1,pancreas
ach-000505,Louvain_k20,13,soft_tissue
ach-000781,Louvain_k20,0,lung
ach-000059,Louvain_k20,5,blood
ach-000920,Louvain_k20,5,blood
ach-000294,Louvain_k20,3,blood
ach-000422,Louvain_k20,13,liver
ach-000200,Louvain_k20,13,central_nervous_system
ach-000046,Louvain_k20,9,kidney
ach-000968,Louvain_k20,12,skin
ach-000830,Louvain_k20,6,lung
ach-000114,Louvain_k20,1,pancreas
ach-000402,Louvain_k20,7,lymphocyte
ach-001578,Louvain_k20,8,embryo
ach-000036,Louvain_k20,13,central_nervous_system
ach-000973,Louvain_k20,13,urinary_tract
ach-001128,Louvain_k20,2,soft_tissue
ach-003437,Louvain_k20,10,gastric
ach-000750,Louvain_k20,13,skin
ach-000285,Louvain_k20,7,lymphocyte
ach-002669,Louvain_k20,1,colorectal
ach-001858,Louvain_k20,13,bile_duct
ach-001997,Louvain_k20,1,bile_duct
ach-000052,Louvain_k20,11,bone
ach-001113,Louvain_k30,1,lung
ach-001289,Louvain_k30,0,soft_tissue
ach-001339,Louvain_k30,7,skin
ach-001979,Louvain_k30,7,skin
ach-002438,Louvain_k30,5,kidney
ach-001538,Louvain_k30,1,bile_duct
ach-000242,Louvain_k30,1,urinary_tract
ach-000708,Louvain_k30,6,colorectal
ach-000327,Louvain_k30,4,lung
ach-000233,Louvain_k30,2,lymphocyte
ach-000461,Louvain_k30,6,bile_duct
ach-000705,Louvain_k30,1,lung
ach-001794,Louvain_k30,5,soft_tissue
ach-002023,Louvain_k30,3,colorectal
ach-000528,Louvain_k30,1,lung
ach-002501,Louvain_k30,0,soft_tissue
ach-001655,Louvain_k30,5,uterus
ach-000167,Louvain_k30,2,plasma_cell
ach-000792,Louvain_k30,5,kidney
ach-001098,Louvain_k30,3,pancreas
ach-000570,Louvain_k30,5,central_nervous_system
ach-000351,Louvain_k30,1,gastric
ach-002075,Louvain_k30,10,lung
ach-002040,Louvain_k30,7,skin
ach-000769,Louvain_k30,10,lung
ach-000154,Louvain_k30,5,fibroblast
ach-000828,Louvain_k30,4,breast
ach-000421,Louvain_k30,6,colorectal
ach-000765,Louvain_k30,7,skin
ach-001375,Louvain_k30,3,pancreas
ach-000008,Louvain_k30,7,skin
ach-001814,Louvain_k30,5,bone
ach-000800,Louvain_k30,0,lung
ach-000606,Louvain_k30,1,upper_aerodigestive
ach-000317,Louvain_k30,8,kidney
ach-001492,Louvain_k30,2,lymphocyte
ach-000123,Louvain_k30,0,ovary
ach-000723,Louvain_k30,1,upper_aerodigestive
ach-002066,Louvain_k30,7,central_nervous_system
ach-001536,Louvain_k30,3,bile_duct
ach-003136,Louvain_k30,5,unknown
ach-000313,Louvain_k30,8,kidney
ach-002019,Louvain_k30,1,cervix
ach-000728,Louvain_k30,2,blood
ach-000700,Louvain_k30,5,lung
ach-000823,Louvain_k30,1,esophagus
ach-000678,Louvain_k30,3,gastric
ach-000006,Louvain_k30,9,blood
ach-002790,Louvain_k30,5,soft_tissue
ach-002029,Louvain_k30,1,upper_aerodigestive
ach-001377,Louvain_k30,6,pancreas
ach-000754,Louvain_k30,2,lymphocyte
ach-000465,Louvain_k30,7,skin
ach-000138,Louvain_k30,3,pancreas
ach-001864,Louvain_k30,1,bile_duct
ach-000383,Louvain_k30,3,esophagus
ach-001547,Louvain_k30,5,lung
ach-000917,Louvain_k30,3,esophagus
ach-002471,Louvain_k30,5,bone
ach-000984,Louvain_k30,8,uterus
ach-002678,Louvain_k30,2,lymphocyte
ach-001409,Louvain_k30,1,urinary_tract
ach-001707,Louvain_k30,2,blood
ach-000117,Louvain_k30,4,breast
ach-000999,Louvain_k30,6,colorectal
ach-000633,Louvain_k30,6,gastric
ach-000520,Louvain_k30,5,ovary
ach-000176,Louvain_k30,5,lung
ach-000017,Louvain_k30,4,breast
ach-000020,Louvain_k30,2,blood
ach-001385,Louvain_k30,0,upper_aerodigestive
ach-000587,Louvain_k30,3,lung
ach-000785,Louvain_k30,4,lung
ach-003469,Louvain_k30,5,thyroid
ach-000554,Louvain_k30,4,breast
ach-003180,Louvain_k30,5,soft_tissue
ach-001398,Louvain_k30,8,kidney
ach-001991,Louvain_k30,10,ovary
ach-001332,Louvain_k30,1,upper_aerodigestive
ach-000585,Louvain_k30,1,lung
ach-000550,Louvain_k30,5,skin
ach-000627,Louvain_k30,5,lung
ach-000704,Louvain_k30,8,ovary
ach-000276,Louvain_k30,8,breast
ach-000075,Louvain_k30,5,central_nervous_system
ach-000818,Louvain_k30,4,breast
ach-003184,Louvain_k30,5,soft_tissue
ach-001616,Louvain_k30,2,lymphocyte
ach-000625,Louvain_k30,6,liver
ach-000941,Louvain_k30,8,uterus
ach-000392,Louvain_k30,3,lung
ach-000269,Louvain_k30,5,central_nervous_system
ach-001670,Louvain_k30,0,peripheral_nervous_system
ach-003133,Louvain_k30,5,unknown
ach-000856,Louvain_k30,8,breast
ach-002687,Louvain_k30,7,eye
ach-001119,Louvain_k30,2,lymphocyte
ach-003132,Louvain_k30,5,unknown
ach-000376,Louvain_k30,5,central_nervous_system
ach-000685,Louvain_k30,1,pancreas
ach-000729,Louvain_k30,10,lung
ach-001034,Louvain_k30,0,bone
ach-001283,Louvain_k30,0,bone
ach-000880,Louvain_k30,6,gastric
ach-000035,Louvain_k30,1,lung
ach-001200,Louvain_k30,0,soft_tissue
ach-000194,Louvain_k30,5,fibroblast
ach-000322,Louvain_k30,7,skin
ach-000552,Louvain_k30,6,colorectal
ach-002508,Louvain_k30,5,skin
ach-000222,Louvain_k30,6,pancreas
ach-000260,Louvain_k30,0,peripheral_nervous_system
ach-001652,Louvain_k30,1,uterus
ach-000608,Louvain_k30,3,ovary
ach-000501,Louvain_k30,3,colorectal
ach-000612,Louvain_k30,2,lymphocyte
ach-002033,Louvain_k30,5,pleura
ach-001184,Louvain_k30,0,soft_tissue
ach-001688,Louvain_k30,8,kidney
ach-001838,Louvain_k30,3,bile_duct
ach-000638,Louvain_k30,3,lung
ach-001846,Louvain_k30,3,bile_duct
ach-000798,Louvain_k30,6,colorectal
ach-001321,Louvain_k30,10,thyroid
ach-000894,Louvain_k30,3,lung
ach-001559,Louvain_k30,5,lung
ach-000344,Louvain_k30,3,gastric
ach-000223,Louvain_k30,1,breast
ach-000031,Louvain_k30,3,pancreas
ach-000034,Louvain_k30,9,blood
ach-001861,Louvain_k30,3,bile_duct
ach-003468,Louvain_k30,5,thyroid
ach-000772,Louvain_k30,0,soft_tissue
ach-000946,Louvain_k30,3,uterus
ach-000596,Louvain_k30,3,lung
ach-001046,Louvain_k30,2,lung
ach-000632,Louvain_k30,7,skin
ach-000978,Louvain_k30,0,uterus
ach-000332,Louvain_k30,3,pancreas
ach-001841,Louvain_k30,1,bile_duct
ach-003273,Louvain_k30,9,blood
ach-000179,Louvain_k30,10,lung
ach-000887,Louvain_k30,3,central_nervous_system
ach-000368,Louvain_k30,5,central_nervous_system
ach-000240,Louvain_k30,5,fibroblast
ach-000578,Louvain_k30,3,lung
ach-001611,Louvain_k30,5,central_nervous_system
ach-000135,Louvain_k30,5,fibroblast
ach-001671,Louvain_k30,0,testis
ach-000406,Louvain_k30,9,blood
ach-001541,Louvain_k30,2,plasma_cell
ach-000998,Louvain_k30,6,colorectal
ach-000441,Louvain_k30,7,skin
ach-000960,Louvain_k30,2,blood
ach-000098,Louvain_k30,5,central_nervous_system
ach-001651,Louvain_k30,1,uterus
ach-001456,Louvain_k30,6,colorectal
ach-001336,Louvain_k30,1,cervix
ach-000284,Louvain_k30,5,fibroblast
ach-000971,Louvain_k30,6,colorectal
ach-001454,Louvain_k30,3,colorectal
ach-000926,Louvain_k30,6,colorectal
ach-000033,Louvain_k30,8,lung
ach-000576,Louvain_k30,2,plasma_cell
ach-000019,Louvain_k30,4,breast
ach-001577,Louvain_k30,9,blood
ach-001981,Louvain_k30,7,skin
ach-000330,Louvain_k30,4,breast
ach-000848,Louvain_k30,6,liver
ach-000481,Louvain_k30,3,lung
ach-001517,Louvain_k30,8,uterus
ach-000338,Louvain_k30,2,lymphocyte
ach-001959,Louvain_k30,0,bile_duct
ach-001414,Louvain_k30,1,urinary_tract
ach-001227,Louvain_k30,1,upper_aerodigestive
ach-000871,Louvain_k30,10,lung
ach-001403,Louvain_k30,8,ovary
ach-000805,Louvain_k30,7,skin
ach-001142,Louvain_k30,5,central_nervous_system
ach-001554,Louvain_k30,7,eye
ach-001667,Louvain_k30,7,soft_tissue
ach-000847,Louvain_k30,0,gastric
ach-001447,Louvain_k30,2,lymphocyte
ach-001537,Louvain_k30,0,bile_duct
ach-001207,Louvain_k30,5,fibroblast
ach-001854,Louvain_k30,5,bile_duct
ach-000832,Louvain_k30,1,upper_aerodigestive
ach-001975,Louvain_k30,7,skin
ach-000428,Louvain_k30,8,kidney
ach-001382,Louvain_k30,3,pancreas
ach-001302,Louvain_k30,0,peripheral_nervous_system
ach-000690,Louvain_k30,1,lung
ach-001134,Louvain_k30,2,lymphocyte
ach-000914,Louvain_k30,2,lymphocyte
ach-000858,Louvain_k30,1,lung
ach-001421,Louvain_k30,0,eye
ach-002796,Louvain_k30,0,soft_tissue
ach-003183,Louvain_k30,5,soft_tissue
ach-002716,Louvain_k30,9,blood
ach-003100,Louvain_k30,2,lymphocyte
ach-000544,Louvain_k30,1,esophagus
ach-000725,Louvain_k30,4,breast
ach-000566,Louvain_k30,8,urinary_tract
ach-000760,Louvain_k30,5,central_nervous_system
ach-001745,Louvain_k30,0,soft_tissue
ach-000787,Louvain_k30,5,lung
ach-001598,Louvain_k30,0,adrenal_cortex
ach-000749,Louvain_k30,0,lung
ach-001691,Louvain_k30,5,upper_aerodigestive
ach-001328,Louvain_k30,1,skin
ach-001704,Louvain_k30,7,skin
ach-001502,Louvain_k30,0,testis
ach-002844,Louvain_k30,5,soft_tissue
ach-001068,Louvain_k30,2,lymphocyte
ach-000358,Louvain_k30,10,lung
ach-002695,Louvain_k30,5,peripheral_nervous_system
ach-001672,Louvain_k30,0,testis
ach-001654,Louvain_k30,3,esophagus
ach-001521,Louvain_k30,1,skin
ach-000209,Louvain_k30,8,bile_duct
ach-001520,Louvain_k30,2,blood
ach-000213,Louvain_k30,3,pancreas
ach-001610,Louvain_k30,5,central_nervous_system
ach-001408,Louvain_k30,1,urinary_tract
ach-000991,Louvain_k30,6,colorectal
ach-001412,Louvain_k30,1,urinary_tract
ach-000331,Louvain_k30,5,lung
ach-001407,Louvain_k30,5,urinary_tract
ach-000580,Louvain_k30,7,skin
ach-000594,Louvain_k30,10,lung
ach-000684,Louvain_k30,8,kidney
ach-000742,Louvain_k30,5,fibroblast
ach-000868,Louvain_k30,3,lung
ach-000732,Louvain_k30,1,upper_aerodigestive
ach-001481,Louvain_k30,0,peripheral_nervous_system
ach-000429,Louvain_k30,8,kidney
ach-000310,Louvain_k30,0,peripheral_nervous_system
ach-002475,Louvain_k30,0,blood
ach-000643,Louvain_k30,3,breast
ach-000234,Louvain_k30,8,kidney
ach-003267,Louvain_k30,5,soft_tissue
ach-001498,Louvain_k30,2,lymphocyte
ach-000896,Louvain_k30,3,urinary_tract
ach-003451,Louvain_k30,5,kidney
ach-000203,Louvain_k30,0,peripheral_nervous_system
ach-001607,Louvain_k30,3,bile_duct
ach-002706,Louvain_k30,3,gastric
ach-001441,Louvain_k30,7,eye
ach-000112,Louvain_k30,9,blood
ach-000874,Louvain_k30,2,blood
ach-000186,Louvain_k30,3,lung
ach-002780,Louvain_k30,0,bone
ach-000677,Louvain_k30,5,lung
ach-000055,Louvain_k30,0,central_nervous_system
ach-000485,Louvain_k30,6,gastric
ach-000672,Louvain_k30,5,lung
ach-001150,Louvain_k30,5,bone
ach-000287,Louvain_k30,2,lymphocyte
ach-000784,Louvain_k30,1,esophagus
ach-000530,Louvain_k30,0,lung
ach-002024,Louvain_k30,10,colorectal
ach-000380,Louvain_k30,2,plasma_cell
ach-001737,Louvain_k30,2,blood
ach-001400,Louvain_k30,1,cervix
ach-001054,Louvain_k30,0,central_nervous_system
ach-001695,Louvain_k30,1,upper_aerodigestive
ach-000009,Louvain_k30,6,colorectal
ach-000491,Louvain_k30,10,colorectal
ach-001703,Louvain_k30,2,lymphocyte
ach-000002,Louvain_k30,9,blood
ach-001568,Louvain_k30,7,skin
ach-001449,Louvain_k30,2,lymphocyte
ach-000993,Louvain_k30,8,uterus
ach-002680,Louvain_k30,5,central_nervous_system
ach-000877,Louvain_k30,2,lymphocyte
ach-000711,Louvain_k30,1,breast
ach-001515,Louvain_k30,1,cervix
ach-002847,Louvain_k30,5,unknown
ach-000702,Louvain_k30,2,lymphocyte
ach-001020,Louvain_k30,0,soft_tissue
ach-000600,Louvain_k30,8,kidney
ach-003266,Louvain_k30,2,soft_tissue
ach-000354,Louvain_k30,3,pancreas
ach-000012,Louvain_k30,3,lung
ach-000689,Louvain_k30,5,soft_tissue
ach-002668,Louvain_k30,9,blood
ach-002533,Louvain_k30,8,kidney
ach-000459,Louvain_k30,8,kidney
ach-002050,Louvain_k30,5,unknown
ach-003120,Louvain_k30,10,lung
ach-001413,Louvain_k30,5,urinary_tract
ach-000686,Louvain_k30,8,liver
ach-000342,Louvain_k30,6,colorectal
ach-000208,Louvain_k30,5,central_nervous_system
ach-000360,Louvain_k30,6,colorectal
ach-000249,Louvain_k30,6,colorectal
ach-001368,Louvain_k30,0,esophagus
ach-000231,Louvain_k30,5,central_nervous_system
ach-002074,Louvain_k30,10,lung
ach-000945,Louvain_k30,5,lung
ach-000662,Louvain_k30,3,lung
ach-002458,Louvain_k30,7,skin
ach-001378,Louvain_k30,3,pancreas
ach-001029,Louvain_k30,0,bone
ach-001817,Louvain_k30,5,bone
ach-002846,Louvain_k30,7,skin
ach-000248,Louvain_k30,4,breast
ach-000943,Louvain_k30,6,colorectal
ach-000751,Louvain_k30,9,blood
ach-001696,Louvain_k30,1,upper_aerodigestive
ach-002936,Louvain_k30,0,soft_tissue
ach-001016,Louvain_k30,5,central_nervous_system
ach-000282,Louvain_k30,5,lung
ach-003438,Louvain_k30,5,central_nervous_system
ach-002215,Louvain_k30,2,lymphocyte
ach-000261,Louvain_k30,5,lung
ach-000164,Louvain_k30,0,pancreas
ach-001793,Louvain_k30,5,soft_tissue
ach-000262,Louvain_k30,8,kidney
ach-000158,Louvain_k30,2,lymphocyte
ach-000773,Louvain_k30,2,lymphocyte
ach-000722,Louvain_k30,6,colorectal
ach-000857,Louvain_k30,3,breast
ach-001129,Louvain_k30,9,blood
ach-001619,Louvain_k30,3,bile_duct
ach-000184,Louvain_k30,5,fibroblast
ach-000329,Louvain_k30,5,central_nervous_system
ach-001569,Louvain_k30,7,skin
ach-002544,Louvain_k30,0,gastric
ach-002675,Louvain_k30,9,blood
ach-000814,Louvain_k30,7,skin
ach-002499,Louvain_k30,8,breast
ach-001493,Louvain_k30,2,lymphocyte
ach-001701,Louvain_k30,1,upper_aerodigestive
ach-000197,Louvain_k30,2,blood
ach-000545,Louvain_k30,1,urinary_tract
ach-000949,Louvain_k30,6,gastric
ach-000124,Louvain_k30,2,lymphocyte
ach-000560,Louvain_k30,10,gastric
ach-000897,Louvain_k30,5,thyroid
ach-001626,Louvain_k30,1,upper_aerodigestive
ach-000619,Louvain_k30,1,upper_aerodigestive
ach-001973,Louvain_k30,7,skin
ach-001340,Louvain_k30,8,ovary
ach-000546,Louvain_k30,1,upper_aerodigestive
ach-001709,Louvain_k30,2,lymphocyte
ach-002018,Louvain_k30,7,eye
ach-000153,Louvain_k30,5,lung
ach-000526,Louvain_k30,5,fibroblast
ach-000116,Louvain_k30,8,ovary
ach-000815,Louvain_k30,2,lymphocyte
ach-001270,Louvain_k30,5,soft_tissue
ach-002523,Louvain_k30,5,liver
ach-000324,Louvain_k30,8,ovary
ach-001949,Louvain_k30,7,skin
ach-001561,Louvain_k30,5,lung
ach-000842,Louvain_k30,6,colorectal
ach-000898,Louvain_k30,6,gastric
ach-000517,Louvain_k30,3,pancreas
ach-001980,Louvain_k30,7,skin
ach-001415,Louvain_k30,1,urinary_tract
ach-000681,Louvain_k30,3,lung
ach-001310,Louvain_k30,5,kidney
ach-000070,Louvain_k30,2,blood
ach-000484,Louvain_k30,8,kidney
ach-003426,Louvain_k30,5,gastric
ach-000108,Louvain_k30,3,pancreas
ach-000808,Louvain_k30,5,bile_duct
ach-000656,Louvain_k30,2,lymphocyte
ach-000166,Louvain_k30,9,blood
ach-000997,Louvain_k30,6,colorectal
ach-000866,Louvain_k30,10,lung
ach-000819,Louvain_k30,5,central_nervous_system
ach-000226,Louvain_k30,2,lymphocyte
ach-000087,Louvain_k30,0,bone
ach-000340,Louvain_k30,5,fibroblast
ach-002005,Louvain_k30,7,skin
ach-001680,Louvain_k30,2,lymphocyte
ach-000758,Louvain_k30,3,gastric
ach-000196,Louvain_k30,4,breast
ach-003141,Louvain_k30,5,muscle
ach-000258,Louvain_k30,6,breast
ach-000163,Louvain_k30,5,thyroid
ach-000076,Louvain_k30,9,blood
ach-000509,Louvain_k30,2,lymphocyte
ach-001193,Louvain_k30,0,bone
ach-000571,Louvain_k30,5,central_nervous_system
ach-000391,Louvain_k30,0,bone
ach-000293,Louvain_k30,8,uterus
ach-003138,Louvain_k30,5,central_nervous_system
ach-000532,Louvain_k30,6,colorectal
ach-000584,Louvain_k30,8,ovary
ach-001690,Louvain_k30,1,upper_aerodigestive
ach-000586,Louvain_k30,10,lung
ach-000944,Louvain_k30,2,lymphocyte
ach-003149,Louvain_k30,5,muscle
ach-000561,Louvain_k30,1,esophagus
ach-001648,Louvain_k30,1,prostate
ach-000394,Louvain_k30,10,lung
ach-000954,Louvain_k30,8,uterus
ach-000204,Louvain_k30,2,plasma_cell
ach-000160,Louvain_k30,0,soft_tissue
ach-003460,Louvain_k30,2,lymphocyte
ach-000989,Louvain_k30,6,colorectal
ach-001347,Louvain_k30,1,upper_aerodigestive
ach-000691,Louvain_k30,4,breast
ach-000268,Louvain_k30,6,bile_duct
ach-001209,Louvain_k30,2,lymphocyte
ach-003456,Louvain_k30,5,skin
ach-000119,Louvain_k30,5,fibroblast
ach-000379,Louvain_k30,3,lung
ach-001341,Louvain_k30,1,cervix
ach-000714,Louvain_k30,2,plasma_cell
ach-000937,Louvain_k30,2,blood
ach-000763,Louvain_k30,2,plasma_cell
ach-002834,Louvain_k30,5,bone
ach-001673,Louvain_k30,3,bile_duct
ach-000326,Louvain_k30,9,blood
ach-000300,Louvain_k30,8,kidney
ach-002994,Louvain_k30,9,blood
ach-000901,Louvain_k30,5,lung
ach-000816,Louvain_k30,0,lung
ach-000641,Louvain_k30,9,blood
ach-000511,Louvain_k30,5,lung
ach-002077,Louvain_k30,10,lung
ach-000583,Louvain_k30,2,lymphocyte
ach-000836,Louvain_k30,1,upper_aerodigestive
ach-000975,Louvain_k30,5,lung
ach-000109,Louvain_k30,3,lung
ach-000467,Louvain_k30,6,colorectal
ach-000712,Louvain_k30,10,lung
ach-000671,Louvain_k30,6,liver
ach-000523,Louvain_k30,0,lung
ach-000864,Louvain_k30,0,uterus
ach-000726,Louvain_k30,1,esophagus
ach-000136,Louvain_k30,0,peripheral_nervous_system
ach-002067,Louvain_k30,5,bone
ach-000440,Louvain_k30,2,lymphocyte
ach-002539,Louvain_k30,6,colorectal
ach-001461,Louvain_k30,6,colorectal
ach-000890,Louvain_k30,5,lung
ach-001692,Louvain_k30,1,upper_aerodigestive
ach-000027,Louvain_k30,5,central_nervous_system
ach-000562,Louvain_k30,3,lung
ach-000748,Louvain_k30,5,bone
ach-001669,Louvain_k30,2,blood
ach-000834,Louvain_k30,1,urinary_tract
ach-000565,Louvain_k30,6,colorectal
ach-000449,Louvain_k30,0,soft_tissue
ach-000399,Louvain_k30,10,lung
ach-002080,Louvain_k30,0,peripheral_nervous_system
ach-000770,Louvain_k30,9,blood
ach-000710,Louvain_k30,6,lung
ach-000507,Louvain_k30,6,gastric
ach-000066,Louvain_k30,3,lung
ach-000022,Louvain_k30,6,pancreas
ach-001668,Louvain_k30,0,embryo
ach-000334,Louvain_k30,2,lymphocyte
ach-000374,Louvain_k30,1,breast
ach-000519,Louvain_k30,2,blood
ach-000908,Louvain_k30,6,gastric
ach-002003,Louvain_k30,7,skin
ach-000574,Louvain_k30,8,ovary
ach-000148,Louvain_k30,5,breast
ach-002461,Louvain_k30,7,skin
ach-000646,Louvain_k30,8,ovary
ach-000314,Louvain_k30,5,lung
ach-001705,Louvain_k30,1,breast
ach-000040,Louvain_k30,5,central_nervous_system
ach-001057,Louvain_k30,2,lymphocyte
ach-000430,Louvain_k30,5,ovary
ach-001041,Louvain_k30,7,skin
ach-001988,Louvain_k30,7,skin
ach-001977,Louvain_k30,5,lung
ach-000370,Louvain_k30,5,central_nervous_system
ach-001630,Louvain_k30,8,ovary
ach-000437,Louvain_k30,5,central_nervous_system
ach-000498,Louvain_k30,9,blood
ach-001392,Louvain_k30,4,breast
ach-000503,Louvain_k30,1,upper_aerodigestive
ach-002778,Louvain_k30,5,bone
ach-000328,Louvain_k30,5,central_nervous_system
ach-000403,Louvain_k30,3,colorectal
ach-000400,Louvain_k30,6,colorectal
ach-000224,Louvain_k30,5,fibroblast
ach-000318,Louvain_k30,1,esophagus
ach-003472,Louvain_k30,8,thyroid
ach-001430,Louvain_k30,0,bone
ach-000928,Louvain_k30,8,uterus
ach-000893,Louvain_k30,3,lung
ach-000889,Louvain_k30,2,plasma_cell
ach-000799,Louvain_k30,7,skin
ach-001623,Louvain_k30,5,central_nervous_system
ach-000736,Louvain_k30,6,gastric
ach-000876,Louvain_k30,4,breast
ach-001232,Louvain_k30,5,central_nervous_system
ach-001618,Louvain_k30,9,blood
ach-001828,Louvain_k30,2,lymphocyte
ach-002650,Louvain_k30,1,lung
ach-000235,Louvain_k30,3,pancreas
ach-000381,Louvain_k30,6,colorectal
ach-001993,Louvain_k30,2,blood
ach-001301,Louvain_k30,0,peripheral_nervous_system
ach-000854,Louvain_k30,2,plasma_cell
ach-000187,Louvain_k30,10,lung
ach-000543,Louvain_k30,5,central_nervous_system
ach-000569,Louvain_k30,5,lung
ach-000668,Louvain_k30,1,breast
ach-000134,Louvain_k30,5,fibroblast
ach-000924,Louvain_k30,3,lung
ach-003473,Louvain_k30,5,soft_tissue
ach-001450,Louvain_k30,2,lymphocyte
ach-000296,Louvain_k30,6,colorectal
ach-002034,Louvain_k30,10,lung
ach-002781,Louvain_k30,5,bone
ach-000713,Louvain_k30,8,ovary
ach-001360,Louvain_k30,1,cervix
ach-002921,Louvain_k30,4,breast
ach-000273,Louvain_k30,5,central_nervous_system
ach-001715,Louvain_k30,5,bone
ach-001617,Louvain_k30,2,lymphocyte
ach-000639,Louvain_k30,10,lung
ach-000590,Louvain_k30,3,lung
ach-000553,Louvain_k30,3,lung
ach-000084,Louvain_k30,9,blood
ach-000094,Louvain_k30,3,pancreas
ach-000361,Louvain_k30,5,liver
ach-000719,Louvain_k30,8,ovary
ach-001396,Louvain_k30,4,breast
ach-001848,Louvain_k30,3,bile_duct
ach-000339,Louvain_k30,5,lung
ach-002048,Louvain_k30,0,soft_tissue
ach-000218,Louvain_k30,9,blood
ach-002486,Louvain_k30,8,ovary
ach-002711,Louvain_k30,5,upper_aerodigestive
ach-000789,Louvain_k30,10,lung
ach-000413,Louvain_k30,5,fibroblast
ach-000125,Louvain_k30,5,fibroblast
ach-000180,Louvain_k30,5,fibroblast
ach-000215,Louvain_k30,5,central_nervous_system
ach-001001,Louvain_k30,5,bone
ach-000407,Louvain_k30,5,uterus
ach-002170,Louvain_k30,10,lung
ach-002027,Louvain_k30,8,uterus
ach-001132,Louvain_k30,2,lymphocyte
ach-001278,Louvain_k30,0,ovary
ach-000032,Louvain_k30,2,blood
ach-003108,Louvain_k30,2,lymphocyte
ach-001419,Louvain_k30,4,breast
ach-000494,Louvain_k30,5,ovary
ach-000865,Louvain_k30,1,esophagus
ach-000439,Louvain_k30,9,blood
ach-001523,Louvain_k30,1,skin
ach-001983,Louvain_k30,7,skin
ach-000024,Louvain_k30,2,plasma_cell
ach-000674,Louvain_k30,6,gastric
ach-000670,Louvain_k30,0,lung
ach-000599,Louvain_k30,3,pancreas
ach-000263,Louvain_k30,9,blood
ach-003191,Louvain_k30,5,bone
ach-000303,Louvain_k30,6,gastric
ach-001551,Louvain_k30,5,skin
ach-002795,Louvain_k30,0,soft_tissue
ach-000793,Louvain_k30,6,gastric
ach-002511,Louvain_k30,7,skin
ach-000286,Louvain_k30,6,colorectal
ach-000250,Louvain_k30,8,kidney
ach-000139,Louvain_k30,3,pancreas
ach-001735,Louvain_k30,2,blood
ach-002013,Louvain_k30,7,eye
ach-001389,Louvain_k30,5,breast
ach-001183,Louvain_k30,1,urinary_tract
ach-000551,Louvain_k30,9,blood
ach-003101,Louvain_k30,2,lymphocyte
ach-001163,Louvain_k30,0,kidney
ach-000037,Louvain_k30,5,soft_tissue
ach-000744,Louvain_k30,4,lung
ach-000420,Louvain_k30,8,liver
ach-000336,Louvain_k30,9,blood
ach-000486,Louvain_k30,1,urinary_tract
ach-000679,Louvain_k30,6,esophagus
ach-001557,Louvain_k30,5,lung
ach-000247,Louvain_k30,6,gastric
ach-000947,Louvain_k30,0,ovary
ach-000807,Louvain_k30,5,central_nervous_system
ach-000476,Louvain_k30,8,liver
ach-000525,Louvain_k30,10,lung
ach-003154,Louvain_k30,5,lung
ach-001148,Louvain_k30,2,lymphocyte
ach-003455,Louvain_k30,7,skin
ach-000853,Louvain_k30,0,lung
ach-000083,Louvain_k30,5,fibroblast
ach-000479,Louvain_k30,5,central_nervous_system
ach-000230,Louvain_k30,5,fibroblast
ach-001664,Louvain_k30,6,gastric
ach-002705,Louvain_k30,3,gastric
ach-002937,Louvain_k30,8,kidney
ach-000955,Louvain_k30,6,colorectal
ach-000049,Louvain_k30,5,kidney
ach-000675,Louvain_k30,3,lung
ach-000199,Louvain_k30,5,fibroblast
ach-000193,Louvain_k30,2,plasma_cell
ach-001686,Louvain_k30,2,lymphocyte
ach-000538,Louvain_k30,0,gastric
ach-002490,Louvain_k30,10,lung
ach-001683,Louvain_k30,4,breast
ach-001990,Louvain_k30,7,skin
ach-001438,Louvain_k30,5,testis
ach-001647,Louvain_k30,9,blood
ach-002043,Louvain_k30,1,upper_aerodigestive
ach-001649,Louvain_k30,1,prostate
ach-000155,Louvain_k30,3,pancreas
ach-000270,Louvain_k30,3,pancreas
ach-003106,Louvain_k30,2,lymphocyte
ach-003177,Louvain_k30,5,soft_tissue
ach-000683,Louvain_k30,1,colorectal
ach-002017,Louvain_k30,7,eye
ach-000655,Louvain_k30,5,central_nervous_system
ach-000145,Louvain_k30,5,soft_tissue
ach-001495,Louvain_k30,8,uterus
ach-000188,Louvain_k30,1,upper_aerodigestive
ach-003458,Louvain_k30,7,skin
ach-000080,Louvain_k30,2,blood
ach-000146,Louvain_k30,9,blood
ach-000415,Louvain_k30,1,upper_aerodigestive
ach-001518,Louvain_k30,8,uterus
ach-002290,Louvain_k30,9,blood
ach-000891,Louvain_k30,5,lung
ach-001625,Louvain_k30,1,upper_aerodigestive
ach-001985,Louvain_k30,5,skin
ach-000895,Louvain_k30,6,colorectal
ach-000851,Louvain_k30,4,lung
ach-000824,Louvain_k30,1,esophagus
ach-000506,Louvain_k30,10,lung
ach-001427,Louvain_k30,0,bone
ach-000540,Louvain_k30,5,fibroblast
ach-000061,Louvain_k30,2,lymphocyte
ach-000185,Louvain_k30,5,fibroblast
ach-000568,Louvain_k30,4,breast
ach-000707,Louvain_k30,2,lymphocyte
ach-000603,Louvain_k30,10,lung
ach-000983,Louvain_k30,9,blood
ach-000541,Louvain_k30,2,plasma_cell
ach-000680,Louvain_k30,6,colorectal
ach-002460,Louvain_k30,7,skin
ach-000111,Louvain_k30,4,breast
ach-002463,Louvain_k30,5,eye
ach-000369,Louvain_k30,9,blood
ach-002928,Louvain_k30,7,skin
ach-000618,Louvain_k30,1,upper_aerodigestive
ach-000470,Louvain_k30,6,colorectal
ach-003150,Louvain_k30,5,central_nervous_system
ach-002039,Louvain_k30,1,pancreas
ach-000118,Louvain_k30,3,pancreas
ach-000614,Louvain_k30,7,skin
ach-001338,Louvain_k30,0,peripheral_nervous_system
ach-000432,Louvain_k30,2,blood
ach-000556,Louvain_k30,1,cervix
ach-001804,Louvain_k30,5,soft_tissue
ach-001386,Louvain_k30,10,lung
ach-001060,Louvain_k30,2,lymphocyte
ach-001525,Louvain_k30,1,cervix
ach-001539,Louvain_k30,2,lymphocyte
ach-000014,Louvain_k30,7,skin
ach-002785,Louvain_k30,5,soft_tissue
ach-000637,Louvain_k30,1,esophagus
ach-002693,Louvain_k30,0,peripheral_nervous_system
ach-001855,Louvain_k30,6,bile_duct
ach-000455,Louvain_k30,5,central_nervous_system
ach-000389,Louvain_k30,5,central_nervous_system
ach-002710,Louvain_k30,5,peripheral_nervous_system
ach-000129,Louvain_k30,0,lung
ach-000490,Louvain_k30,1,cervix
ach-000434,Louvain_k30,5,lung
ach-001086,Louvain_k30,3,cervix
ach-002042,Louvain_k30,1,thyroid
ach-000597,Louvain_k30,0,soft_tissue
ach-000756,Louvain_k30,5,central_nervous_system
ach-000396,Louvain_k30,5,urinary_tract
ach-003148,Louvain_k30,5,central_nervous_system
ach-000089,Louvain_k30,6,colorectal
ach-002478,Louvain_k30,2,lymphocyte
ach-000371,Louvain_k30,2,lymphocyte
ach-000265,Louvain_k30,0,pancreas
ach-000132,Louvain_k30,8,ovary
ach-000216,Louvain_k30,3,esophagus
ach-000613,Louvain_k30,5,bone
ach-000855,Louvain_k30,1,esophagus
ach-000906,Louvain_k30,5,ovary
ach-000348,Louvain_k30,5,skin
ach-001100,Louvain_k30,2,lymphocyte
ach-000238,Louvain_k30,1,upper_aerodigestive
ach-000237,Louvain_k30,5,ovary
ach-003099,Louvain_k30,1,upper_aerodigestive
ach-000393,Louvain_k30,5,liver
ach-003107,Louvain_k30,2,lymphocyte
ach-000623,Louvain_k30,5,central_nervous_system
ach-000359,Louvain_k30,5,bone
ach-001028,Louvain_k30,0,soft_tissue
ach-000621,Louvain_k30,5,breast
ach-001641,Louvain_k30,1,upper_aerodigestive
ach-000056,Louvain_k30,2,lymphocyte
ach-000483,Louvain_k30,5,liver
ach-003308,Louvain_k30,5,unknown
ach-000514,Louvain_k30,10,lung
ach-000051,Louvain_k30,0,soft_tissue
ach-003433,Louvain_k30,6,pancreas
ach-000043,Louvain_k30,5,fibroblast
ach-000936,Louvain_k30,1,ovary
ach-000716,Louvain_k30,5,thyroid
ach-000988,Louvain_k30,8,uterus
ach-000952,Louvain_k30,4,prostate
ach-001350,Louvain_k30,1,thyroid
ach-000065,Louvain_k30,9,blood
ach-000609,Louvain_k30,5,central_nervous_system
ach-001411,Louvain_k30,1,urinary_tract
ach-000504,Louvain_k30,5,central_nervous_system
ach-002677,Louvain_k30,2,lymphocyte
ach-000956,Louvain_k30,10,prostate
ach-001712,Louvain_k30,5,bone
ach-000652,Louvain_k30,6,pancreas
ach-000414,Louvain_k30,3,lung
ach-000472,Louvain_k30,1,upper_aerodigestive
ach-000007,Louvain_k30,6,colorectal
ach-000446,Louvain_k30,5,peripheral_nervous_system
ach-003071,Louvain_k30,10,lung
ach-000386,Louvain_k30,9,blood
ach-001850,Louvain_k30,5,bile_duct
ach-000755,Louvain_k30,4,breast
ach-001503,Louvain_k30,2,lymphocyte
ach-000028,Louvain_k30,4,breast
ach-000665,Louvain_k30,5,lung
ach-001679,Louvain_k30,2,lymphocyte
ach-000078,Louvain_k30,0,peripheral_nervous_system
ach-002046,Louvain_k30,5,uterus
ach-000397,Louvain_k30,8,uterus
ach-003145,Louvain_k30,5,embryo
ach-000229,Louvain_k30,5,fibroblast
ach-002925,Louvain_k30,7,eye
ach-000518,Louvain_k30,1,upper_aerodigestive
ach-001566,Louvain_k30,7,skin
ach-000252,Louvain_k30,6,colorectal
ach-000572,Louvain_k30,7,skin
ach-001605,Louvain_k30,5,central_nervous_system
ach-002522,Louvain_k30,5,lung
ach-000277,Louvain_k30,4,breast
ach-001239,Louvain_k30,7,skin
ach-000786,Louvain_k30,2,lymphocyte
ach-000803,Louvain_k30,10,lung
ach-001970,Louvain_k30,7,skin
ach-002038,Louvain_k30,6,ovary
ach-000537,Louvain_k30,8,liver
ach-002660,Louvain_k30,6,colorectal
ach-002806,Louvain_k30,5,central_nervous_system
ach-000419,Louvain_k30,2,plasma_cell
ach-002782,Louvain_k30,5,soft_tissue
ach-000724,Louvain_k30,1,urinary_tract
ach-000522,Louvain_k30,5,urinary_tract
ach-001549,Louvain_k30,10,lung
ach-000706,Louvain_k30,3,lung
ach-000737,Louvain_k30,10,lung
ach-000548,Louvain_k30,1,upper_aerodigestive
ach-001839,Louvain_k30,6,bile_duct
ach-001799,Louvain_k30,5,soft_tissue
ach-001573,Louvain_k30,9,blood
ach-002946,Louvain_k30,9,blood
ach-000425,Louvain_k30,7,skin
ach-003103,Louvain_k30,2,lymphocyte
ach-000375,Louvain_k30,0,kidney
ach-000753,Louvain_k30,5,urinary_tract
ach-000275,Louvain_k30,5,fibroblast
ach-000735,Louvain_k30,1,upper_aerodigestive
ach-000654,Louvain_k30,2,lymphocyte
ach-001067,Louvain_k30,0,central_nervous_system
ach-000170,Louvain_k30,1,prostate
ach-001394,Louvain_k30,1,breast
ach-001433,Louvain_k30,0,soft_tissue
ach-000404,Louvain_k30,7,skin
ach-000882,Louvain_k30,7,skin
ach-001509,Louvain_k30,1,upper_aerodigestive
ach-000210,Louvain_k30,0,bone
ach-000254,Louvain_k30,1,upper_aerodigestive
ach-000604,Louvain_k30,9,blood
ach-000090,Louvain_k30,3,prostate
ach-000195,Louvain_k30,9,blood
ach-001791,Louvain_k30,5,soft_tissue
ach-001650,Louvain_k30,3,cervix
ach-000605,Louvain_k30,1,esophagus
ach-000458,Louvain_k30,1,skin
ach-003121,Louvain_k30,10,lung
ach-003125,Louvain_k30,5,soft_tissue
ach-002084,Louvain_k30,7,skin
ach-000004,Louvain_k30,9,blood
ach-000251,Louvain_k30,3,lung
ach-000241,Louvain_k30,9,blood
ach-001194,Louvain_k30,8,kidney
ach-001987,Louvain_k30,5,skin
ach-002055,Louvain_k30,2,lymphocyte
ach-002689,Louvain_k30,5,bone
ach-001443,Louvain_k30,5,thyroid
ach-000688,Louvain_k30,5,ovary
ach-000405,Louvain_k30,2,blood
ach-000821,Louvain_k30,2,plasma_cell
ach-001677,Louvain_k30,2,lymphocyte
ach-002526,Louvain_k30,1,lung
ach-001627,Louvain_k30,1,prostate
ach-000951,Louvain_k30,4,lung
ach-001036,Louvain_k30,9,blood
ach-002792,Louvain_k30,7,soft_tissue
ach-000547,Louvain_k30,1,urinary_tract
ach-000826,Louvain_k30,3,lung
ach-001986,Louvain_k30,7,skin
ach-001147,Louvain_k30,2,lymphocyte
ach-002927,Louvain_k30,7,eye
ach-002470,Louvain_k30,0,bone
ach-000162,Louvain_k30,2,lymphocyte
ach-003139,Louvain_k30,5,muscle
ach-001751,Louvain_k30,0,soft_tissue
ach-000018,Louvain_k30,5,urinary_tract
ach-000721,Louvain_k30,0,breast
ach-000003,Louvain_k30,6,colorectal
ach-000092,Louvain_k30,5,lung
ach-000669,Louvain_k30,3,lung
ach-001099,Louvain_k30,0,soft_tissue
ach-000648,Louvain_k30,8,lung
ach-000950,Louvain_k30,6,colorectal
ach-000050,Louvain_k30,2,plasma_cell
ach-001106,Louvain_k30,2,blood
ach-002051,Louvain_k30,10,lung
ach-000367,Louvain_k30,5,lung
ach-000589,Louvain_k30,4,lung
ach-000564,Louvain_k30,2,plasma_cell
ach-001522,Louvain_k30,7,skin
ach-000831,Louvain_k30,8,uterus
ach-000424,Louvain_k30,0,bone
ach-000409,Louvain_k30,8,ovary
ach-000616,Louvain_k30,5,gastric
ach-000628,Louvain_k30,1,lung
ach-000512,Louvain_k30,2,plasma_cell
ach-000232,Louvain_k30,5,central_nervous_system
ach-000820,Louvain_k30,6,colorectal
ach-001295,Louvain_k30,0,eye
ach-001164,Louvain_k30,0,soft_tissue
ach-000806,Louvain_k30,2,lymphocyte
ach-002524,Louvain_k30,8,ovary
ach-000645,Louvain_k30,5,lung
ach-000099,Louvain_k30,0,peripheral_nervous_system
ach-000902,Louvain_k30,4,breast
ach-000649,Louvain_k30,8,kidney
ach-000086,Louvain_k30,5,lung
ach-000149,Louvain_k30,0,peripheral_nervous_system
ach-002538,Louvain_k30,6,colorectal
ach-000142,Louvain_k30,1,urinary_tract
ach-002535,Louvain_k30,3,colorectal
ach-000227,Louvain_k30,0,peripheral_nervous_system
ach-000697,Louvain_k30,2,lymphocyte
ach-000942,Louvain_k30,2,blood
ach-000264,Louvain_k30,3,lung
ach-000809,Louvain_k30,1,esophagus
ach-000093,Louvain_k30,3,pancreas
ach-000100,Louvain_k30,0,soft_tissue
ach-001445,Louvain_k30,1,upper_aerodigestive
ach-000060,Louvain_k30,3,pancreas
ach-000001,Louvain_k30,8,ovary
ach-000957,Louvain_k30,6,colorectal
ach-000650,Louvain_k30,7,skin
ach-001096,Louvain_k30,0,soft_tissue
ach-002799,Louvain_k30,5,peripheral_nervous_system
ach-002404,Louvain_k30,7,skin
ach-000239,Louvain_k30,6,gastric
ach-000762,Louvain_k30,1,upper_aerodigestive
ach-000922,Louvain_k30,2,blood
ach-002784,Louvain_k30,5,soft_tissue
ach-002653,Louvain_k30,2,blood
ach-000859,Louvain_k30,1,breast
ach-000990,Louvain_k30,8,uterus
ach-000410,Louvain_k30,5,bone
ach-001971,Louvain_k30,7,skin
ach-000927,Louvain_k30,4,breast
ach-001853,Louvain_k30,3,bile_duct
ach-001978,Louvain_k30,7,skin
ach-000694,Louvain_k30,1,esophagus
ach-000935,Louvain_k30,5,colorectal
ach-000918,Louvain_k30,2,blood
ach-001984,Louvain_k30,7,skin
ach-000761,Louvain_k30,1,gastric
ach-001563,Louvain_k30,5,skin
ach-000974,Louvain_k30,8,uterus
ach-000297,Louvain_k30,10,lung
ach-001719,Louvain_k30,8,ovary
ach-000243,Louvain_k30,3,pancreas
ach-001418,Louvain_k30,8,ovary
ach-000362,Louvain_k30,9,blood
ach-000843,Louvain_k30,1,lung
ach-002052,Louvain_k30,10,lung
ach-000840,Louvain_k30,3,lung
ach-001852,Louvain_k30,1,bile_duct
ach-001528,Louvain_k30,5,thyroid
ach-001656,Louvain_k30,9,blood
ach-000016,Louvain_k30,8,kidney
ach-000165,Louvain_k30,5,fibroblast
ach-001460,Louvain_k30,6,colorectal
ach-000592,Louvain_k30,5,central_nervous_system
ach-001192,Louvain_k30,0,bone
ach-000045,Louvain_k30,9,blood
ach-000741,Louvain_k30,3,urinary_tract
ach-000912,Louvain_k30,0,lung
ach-000529,Louvain_k30,5,fibroblast
ach-000508,Louvain_k30,10,lung
ach-000577,Louvain_k30,5,liver
ach-000768,Louvain_k30,5,breast
ach-000636,Louvain_k30,2,blood
ach-000667,Louvain_k30,3,lung
ach-000905,Louvain_k30,1,urinary_tract
ach-001494,Louvain_k30,3,bile_duct
ach-000387,Louvain_k30,9,blood
ach-002510,Louvain_k30,7,skin
ach-001303,Louvain_k30,0,peripheral_nervous_system
ach-000026,Louvain_k30,8,urinary_tract
ach-000838,Louvain_k30,2,plasma_cell
ach-001172,Louvain_k30,5,central_nervous_system
ach-000822,Louvain_k30,7,skin
ach-000531,Louvain_k30,5,fibroblast
ach-000349,Louvain_k30,4,breast
ach-000527,Louvain_k30,8,ovary
ach-000279,Louvain_k30,0,bone
ach-000516,Louvain_k30,5,bone
ach-001662,Louvain_k30,4,breast
ach-000812,Louvain_k30,7,skin
ach-003157,Louvain_k30,5,lung
ach-003464,Louvain_k30,5,soft_tissue
ach-001300,Louvain_k30,0,peripheral_nervous_system
ach-000524,Louvain_k30,8,ovary
ach-000611,Louvain_k30,2,lymphocyte
ach-002419,Louvain_k30,5,uterus
ach-000411,Louvain_k30,8,kidney
ach-000718,Louvain_k30,3,lung
ach-000903,Louvain_k30,5,thyroid
ach-002021,Louvain_k30,1,uterus
ach-000433,Louvain_k30,8,kidney
ach-000499,Louvain_k30,0,bone
ach-000278,Louvain_k30,8,ovary
ach-000202,Louvain_k30,0,colorectal
ach-001736,Louvain_k30,2,blood
ach-001379,Louvain_k30,3,pancreas
ach-002070,Louvain_k30,5,central_nervous_system
ach-002794,Louvain_k30,5,soft_tissue
ach-000128,Louvain_k30,5,central_nervous_system
ach-002528,Louvain_k30,8,kidney
ach-000696,Louvain_k30,5,ovary
ach-000041,Louvain_k30,0,bone
ach-000214,Louvain_k30,5,fibroblast
ach-000747,Louvain_k30,0,lung
ach-001307,Louvain_k30,5,thyroid
ach-000341,Louvain_k30,0,peripheral_nervous_system
ach-001740,Louvain_k30,0,soft_tissue
ach-000417,Louvain_k30,3,pancreas
ach-001393,Louvain_k30,4,breast
ach-000120,Louvain_k30,0,peripheral_nervous_system
ach-001694,Louvain_k30,1,upper_aerodigestive
ach-001542,Louvain_k30,1,upper_aerodigestive
ach-002509,Louvain_k30,7,skin
ach-000438,Louvain_k30,3,lung
ach-001366,Louvain_k30,0,peripheral_nervous_system
ach-000653,Louvain_k30,2,plasma_cell
ach-000839,Louvain_k30,1,urinary_tract
ach-000673,Louvain_k30,5,central_nervous_system
ach-001524,Louvain_k30,1,skin
ach-000069,Louvain_k30,2,lymphocyte
ach-002996,Louvain_k30,5,lung
ach-003142,Louvain_k30,5,muscle
ach-000323,Louvain_k30,5,central_nervous_system
ach-000021,Louvain_k30,3,lung
ach-001863,Louvain_k30,6,bile_duct
ach-001996,Louvain_k30,3,bile_duct
ach-000980,Louvain_k30,10,lung
ach-000106,Louvain_k30,2,lymphocyte
ach-003156,Louvain_k30,1,lung
ach-000734,Louvain_k30,6,liver
ach-000845,Louvain_k30,3,lung
ach-001982,Louvain_k30,7,skin
ach-000730,Louvain_k30,7,skin
ach-001334,Louvain_k30,1,cervix
ach-000698,Louvain_k30,10,lung
ach-000802,Louvain_k30,1,urinary_tract
ach-001836,Louvain_k30,3,bile_duct
ach-000573,Louvain_k30,5,breast
ach-001699,Louvain_k30,1,upper_aerodigestive
ach-000963,Louvain_k30,6,colorectal
ach-001567,Louvain_k30,7,skin
ach-001653,Louvain_k30,3,gastric
ach-000852,Louvain_k30,6,lung
ach-001862,Louvain_k30,3,bile_duct
ach-001976,Louvain_k30,7,skin
ach-002665,Louvain_k30,6,colorectal
ach-003153,Louvain_k30,1,lung
ach-000661,Louvain_k30,7,skin
ach-001500,Louvain_k30,0,esophagus
ach-001190,Louvain_k30,7,skin
ach-002467,Louvain_k30,5,eye
ach-000364,Louvain_k30,5,bone
ach-000448,Louvain_k30,1,lung
ach-000979,Louvain_k30,3,prostate
ach-000932,Louvain_k30,0,gastric
ach-000783,Louvain_k30,4,breast
ach-002044,Louvain_k30,10,upper_aerodigestive
ach-000301,Louvain_k30,9,blood
ach-002459,Louvain_k30,7,skin
ach-000976,Louvain_k30,3,bile_duct
ach-001516,Louvain_k30,10,cervix
ach-001354,Louvain_k30,0,peripheral_nervous_system
ach-001645,Louvain_k30,7,skin
ach-003135,Louvain_k30,5,central_nervous_system
ach-000867,Louvain_k30,4,lung
ach-000304,Louvain_k30,7,skin
ach-002069,Louvain_k30,5,bone
ach-000931,Louvain_k30,7,skin
ach-001374,Louvain_k30,0,ovary
ach-000302,Louvain_k30,8,uterus
ach-000305,Louvain_k30,1,esophagus
ach-000072,Louvain_k30,9,blood
ach-000766,Louvain_k30,1,lung
ach-000533,Louvain_k30,0,soft_tissue
ach-000343,Louvain_k30,0,lung
ach-001437,Louvain_k30,0,testis
ach-000171,Louvain_k30,8,kidney
ach-003475,Louvain_k30,1,upper_aerodigestive
ach-000173,Louvain_k30,8,uterus
ach-000535,Louvain_k30,1,pancreas
ach-000774,Louvain_k30,3,lung
ach-000178,Louvain_k30,3,pancreas
ach-001306,Louvain_k30,5,thyroid
ach-000994,Louvain_k30,8,uterus
ach-001188,Louvain_k30,0,peripheral_nervous_system
ach-000372,Louvain_k30,2,blood
ach-002886,Louvain_k30,6,colorectal
ach-000804,Louvain_k30,0,peripheral_nervous_system
ach-000011,Louvain_k30,8,urinary_tract
ach-000733,Louvain_k30,3,lung
ach-001603,Louvain_k30,0,peripheral_nervous_system
ach-000829,Louvain_k30,2,plasma_cell
ach-000141,Louvain_k30,1,bile_duct
ach-000810,Louvain_k30,7,skin
ach-001994,Louvain_k30,3,bile_duct
ach-001145,Louvain_k30,8,ovary
ach-000717,Louvain_k30,1,esophagus
ach-000738,Louvain_k30,5,central_nervous_system
ach-001843,Louvain_k30,5,bile_duct
ach-002664,Louvain_k30,3,colorectal
ach-000780,Louvain_k30,10,lung
ach-001548,Louvain_k30,0,peripheral_nervous_system
ach-000759,Louvain_k30,4,breast
ach-001555,Louvain_k30,5,lung
ach-001369,Louvain_k30,8,ovary
ach-000969,Louvain_k30,6,colorectal
ach-000873,Louvain_k30,1,esophagus
ach-001275,Louvain_k30,0,soft_tissue
ach-002654,Louvain_k30,6,colorectal
ach-002435,Louvain_k30,5,kidney
ach-001972,Louvain_k30,7,skin
ach-000921,Louvain_k30,5,lung
ach-003470,Louvain_k30,5,thyroid
ach-001953,Louvain_k30,7,skin
ach-002843,Louvain_k30,5,soft_tissue
ach-001373,Louvain_k30,8,ovary
ach-002800,Louvain_k30,5,peripheral_nervous_system
ach-001022,Louvain_k30,0,bone
ach-000082,Louvain_k30,5,bone
ach-003105,Louvain_k30,7,skin
ach-000488,Louvain_k30,1,esophagus
ach-000790,Louvain_k30,10,lung
ach-000172,Louvain_k30,0,soft_tissue
ach-000647,Louvain_k30,1,esophagus
ach-000602,Louvain_k30,9,blood
ach-003181,Louvain_k30,5,soft_tissue
ach-002681,Louvain_k30,5,central_nervous_system
ach-001465,Louvain_k30,0,peripheral_nervous_system
ach-003012,Louvain_k30,3,lung
ach-000156,Louvain_k30,2,blood
ach-002001,Louvain_k30,7,skin
ach-000315,Louvain_k30,2,lymphocyte
ach-001678,Louvain_k30,2,lymphocyte
ach-002446,Louvain_k30,6,gastric
ach-000201,Louvain_k30,0,soft_tissue
ach-000435,Louvain_k30,8,uterus
ach-000965,Louvain_k30,1,uterus
ach-001550,Louvain_k30,5,skin
ach-002026,Louvain_k30,8,uterus
ach-000883,Louvain_k30,5,central_nervous_system
ach-000482,Louvain_k30,4,lung
ach-000450,Louvain_k30,7,skin
ach-002672,Louvain_k30,3,pancreas
ach-000835,Louvain_k30,5,soft_tissue
ach-002431,Louvain_k30,5,peripheral_nervous_system
ach-001802,Louvain_k30,5,soft_tissue
ach-000629,Louvain_k30,5,central_nervous_system
ach-000715,Louvain_k30,1,upper_aerodigestive
ach-000870,Louvain_k30,10,lung
ach-000910,Louvain_k30,4,breast
ach-000779,Louvain_k30,3,lung
ach-000140,Louvain_k30,2,lymphocyte
ach-001196,Louvain_k30,0,soft_tissue
ach-001484,Louvain_k30,2,blood
ach-000693,Louvain_k30,1,esophagus
ach-000811,Louvain_k30,8,ovary
ach-000423,Louvain_k30,7,skin
ach-000290,Louvain_k30,10,lung
ach-001847,Louvain_k30,3,bile_duct
ach-000492,Louvain_k30,2,blood
ach-001519,Louvain_k30,0,bone
ach-000110,Louvain_k30,1,gastric
ach-001497,Louvain_k30,6,esophagus
ach-000102,Louvain_k30,5,central_nervous_system
ach-000817,Louvain_k30,2,plasma_cell
ach-001556,Louvain_k30,5,lung
ach-000964,Louvain_k30,2,blood
ach-000378,Louvain_k30,3,lung
ach-000913,Louvain_k30,5,uterus
ach-000575,Louvain_k30,3,lung
ach-000634,Louvain_k30,5,central_nervous_system
ach-002291,Louvain_k30,0,embryo
ach-001322,Louvain_k30,0,soft_tissue
ach-002924,Louvain_k30,7,eye
ach-000767,Louvain_k30,10,lung
ach-001642,Louvain_k30,2,lymphocyte
ach-001552,Louvain_k30,5,skin
ach-000451,Louvain_k30,1,lung
ach-000879,Louvain_k30,0,uterus
ach-001842,Louvain_k30,1,bile_duct
ach-002662,Louvain_k30,6,colorectal
ach-001032,Louvain_k30,0,bone
ach-000982,Louvain_k30,6,colorectal
ach-001636,Louvain_k30,2,lymphocyte
ach-000189,Louvain_k30,8,kidney
ach-000454,Louvain_k30,1,lung
ach-000131,Louvain_k30,5,fibroblast
ach-000660,Louvain_k30,2,lymphocyte
ach-001197,Louvain_k30,2,lymphocyte
ach-000915,Louvain_k30,7,skin
ach-000480,Louvain_k30,6,liver
ach-000745,Louvain_k30,2,plasma_cell
ach-000161,Louvain_k30,3,lung
ach-000395,Louvain_k30,10,lung
ach-001459,Louvain_k30,6,colorectal
ach-000916,Louvain_k30,4,lung
ach-001609,Louvain_k30,5,central_nervous_system
ach-001960,Louvain_k30,1,bile_duct
ach-002648,Louvain_k30,3,uterus
ach-001856,Louvain_k30,8,bile_duct
ach-003158,Louvain_k30,5,muscle
ach-002433,Louvain_k30,5,bone
ach-000295,Louvain_k30,9,blood
ach-001485,Louvain_k30,2,blood
ach-003269,Louvain_k30,5,soft_tissue
ach-000292,Louvain_k30,0,lung
ach-000137,Louvain_k30,5,central_nervous_system
ach-000308,Louvain_k30,8,ovary
ach-000445,Louvain_k30,5,central_nervous_system
ach-001229,Louvain_k30,1,upper_aerodigestive
ach-000144,Louvain_k30,1,gastric
ach-000837,Louvain_k30,3,lung
ach-000048,Louvain_k30,0,ovary
ach-000463,Louvain_k30,3,lung
ach-000881,Louvain_k30,7,skin
ach-000388,Louvain_k30,2,lymphocyte
ach-001992,Louvain_k30,5,lung
ach-000147,Louvain_k30,4,breast
ach-000930,Louvain_k30,4,breast
ach-000899,Louvain_k30,7,skin
ach-000366,Louvain_k30,0,peripheral_nervous_system
ach-001571,Louvain_k30,2,lymphocyte
ach-001526,Louvain_k30,5,bone
ach-000064,Louvain_k30,1,lung
ach-001329,Louvain_k30,5,central_nervous_system
ach-001676,Louvain_k30,0,upper_aerodigestive
ach-000418,Louvain_k30,5,bone
ach-001280,Louvain_k30,0,soft_tissue
ach-002922,Louvain_k30,0,peripheral_nervous_system
ach-000861,Louvain_k30,5,lung
ach-000692,Louvain_k30,1,upper_aerodigestive
ach-003137,Louvain_k30,5,central_nervous_system
ach-000107,Louvain_k30,3,pancreas
ach-000133,Louvain_k30,5,soft_tissue
ach-000306,Louvain_k30,5,fibroblast
ach-001530,Louvain_k30,1,uterus
ach-000651,Louvain_k30,6,colorectal
ach-000563,Louvain_k30,3,lung
ach-000058,Louvain_k30,5,thyroid
ach-000345,Louvain_k30,0,peripheral_nervous_system
ach-000316,Louvain_k30,8,liver
ach-000884,Louvain_k30,7,skin
ach-000289,Louvain_k30,7,central_nervous_system
ach-001451,Louvain_k30,5,cervix
ach-003459,Louvain_k30,7,skin
ach-002440,Louvain_k30,5,thyroid
ach-000355,Louvain_k30,0,lung
ach-002926,Louvain_k30,7,unknown
ach-000962,Louvain_k30,8,ovary
ach-000473,Louvain_k30,1,urinary_tract
ach-000192,Louvain_k30,10,uterus
ach-001624,Louvain_k30,5,central_nervous_system
ach-001989,Louvain_k30,7,skin
ach-001807,Louvain_k30,5,soft_tissue
ach-002532,Louvain_k30,6,colorectal
ach-002466,Louvain_k30,5,eye
ach-001344,Louvain_k30,5,peripheral_nervous_system
ach-001684,Louvain_k30,9,blood
ach-000757,Louvain_k30,0,lung
ach-000054,Louvain_k30,5,soft_tissue
ach-001318,Louvain_k30,6,liver
ach-000601,Louvain_k30,0,pancreas
ach-000635,Louvain_k30,8,ovary
ach-001857,Louvain_k30,6,bile_duct
ach-000966,Louvain_k30,8,ovary
ach-000630,Louvain_k30,5,upper_aerodigestive
ach-000225,Louvain_k30,10,gastric
ach-002047,Louvain_k30,5,uterus
ach-000657,Louvain_k30,0,ovary
ach-000624,Louvain_k30,1,breast
ach-000699,Louvain_k30,5,breast
ach-000923,Louvain_k30,2,lymphocyte
ach-000687,Louvain_k30,2,lymphocyte
ach-000044,Louvain_k30,4,breast
ach-000740,Louvain_k30,1,upper_aerodigestive
ach-000447,Louvain_k30,3,lung
ach-000101,Louvain_k30,2,blood
ach-001416,Louvain_k30,1,urinary_tract
ach-000319,Louvain_k30,5,lung
ach-000198,Louvain_k30,9,blood
ach-000280,Louvain_k30,1,ovary
ach-003265,Louvain_k30,5,soft_tissue
ach-000104,Louvain_k30,2,blood
ach-001835,Louvain_k30,3,bile_duct
ach-000892,Louvain_k30,3,lung
ach-000493,Louvain_k30,5,liver
ach-000042,Louvain_k30,3,pancreas
ach-002045,Louvain_k30,1,upper_aerodigestive
ach-000221,Louvain_k30,0,liver
ach-000477,Louvain_k30,7,skin
ach-000746,Louvain_k30,10,gastric
ach-000356,Louvain_k30,6,gastric
ach-000457,Louvain_k30,8,kidney
ach-000904,Louvain_k30,10,lung
ach-002060,Louvain_k30,2,blood
ach-003159,Louvain_k30,5,hair
ach-001813,Louvain_k30,5,bone
ach-000244,Louvain_k30,5,central_nervous_system
ach-000610,Louvain_k30,0,lung
ach-000081,Louvain_k30,9,blood
ach-003161,Louvain_k30,5,pancreas
ach-000255,Louvain_k30,5,gastric
ach-001038,Louvain_k30,0,bone
ach-000352,Louvain_k30,4,breast
ach-002016,Louvain_k30,5,eye
ach-000416,Louvain_k30,3,lung
ach-000752,Louvain_k30,5,lung
ach-000862,Louvain_k30,1,urinary_tract
ach-000236,Louvain_k30,6,colorectal
ach-000401,Louvain_k30,7,skin
ach-000731,Louvain_k30,5,lung
ach-000875,Louvain_k30,3,lung
ach-000626,Louvain_k30,2,plasma_cell
ach-000593,Louvain_k30,1,urinary_tract
ach-000182,Louvain_k30,3,bile_duct
ach-000442,Louvain_k30,5,lung
ach-000159,Louvain_k30,8,kidney
ach-000907,Louvain_k30,8,kidney
ach-000191,Louvain_k30,3,thyroid
ach-000205,Louvain_k30,3,pancreas
ach-000103,Louvain_k30,8,ovary
ach-000739,Louvain_k30,6,liver
ach-001558,Louvain_k30,5,lung
ach-000206,Louvain_k30,2,lymphocyte
ach-000841,Louvain_k30,3,lung
ach-000615,Louvain_k30,7,skin
ach-001613,Louvain_k30,9,blood
ach-001608,Louvain_k30,5,central_nervous_system
ach-000801,Louvain_k30,7,skin
ach-000539,Louvain_k30,5,fibroblast
ach-000464,Louvain_k30,5,central_nervous_system
ach-000622,Louvain_k30,5,central_nervous_system
ach-000452,Louvain_k30,1,esophagus
ach-001390,Louvain_k30,1,breast
ach-001401,Louvain_k30,0,adrenal_cortex
ach-000365,Louvain_k30,2,lymphocyte
ach-001431,Louvain_k30,0,bone
ach-000475,Louvain_k30,6,liver
ach-000860,Louvain_k30,3,lung
ach-000074,Louvain_k30,9,blood
ach-000377,Louvain_k30,3,bile_duct
ach-001562,Louvain_k30,5,lung
ach-001693,Louvain_k30,5,upper_aerodigestive
ach-003134,Louvain_k30,5,unknown
ach-000259,Louvain_k30,0,peripheral_nervous_system
ach-001697,Louvain_k30,1,upper_aerodigestive
ach-002801,Louvain_k30,7,peripheral_nervous_system
ach-001388,Louvain_k30,1,breast
ach-001410,Louvain_k30,6,urinary_tract
ach-002025,Louvain_k30,6,colorectal
ach-002688,Louvain_k30,5,bone
ach-000720,Louvain_k30,5,urinary_tract
ach-000095,Louvain_k30,0,central_nervous_system
ach-001345,Louvain_k30,6,colorectal
ach-000558,Louvain_k30,5,central_nervous_system
ach-000664,Louvain_k30,2,lymphocyte
ach-000177,Louvain_k30,10,prostate
ach-001423,Louvain_k30,8,kidney
ach-000335,Louvain_k30,5,lung
ach-000940,Louvain_k30,0,uterus
ach-003160,Louvain_k30,5,hair
ach-000631,Louvain_k30,5,central_nervous_system
ach-000207,Louvain_k30,1,upper_aerodigestive
ach-000764,Louvain_k30,5,gastric
ach-000995,Louvain_k30,2,blood
ach-000373,Louvain_k30,9,blood
ach-000953,Louvain_k30,2,blood
ach-000709,Louvain_k30,8,kidney
ach-003463,Louvain_k30,2,lymphocyte
ach-000846,Louvain_k30,1,upper_aerodigestive
ach-001702,Louvain_k30,8,soft_tissue
ach-000333,Louvain_k30,6,ovary
ach-001708,Louvain_k30,2,lymphocyte
ach-002059,Louvain_k30,2,blood
ach-000929,Louvain_k30,3,lung
ach-001395,Louvain_k30,4,breast
ach-000948,Louvain_k30,6,gastric
ach-002015,Louvain_k30,5,eye
ach-000981,Louvain_k30,2,blood
ach-000617,Louvain_k30,8,ovary
ach-000311,Louvain_k30,3,lung
ach-001210,Louvain_k30,0,soft_tissue
ach-001834,Louvain_k30,3,bile_duct
ach-002010,Louvain_k30,7,eye
ach-003143,Louvain_k30,5,kidney
ach-000390,Louvain_k30,1,lung
ach-000468,Louvain_k30,3,pancreas
ach-002651,Louvain_k30,9,blood
ach-001061,Louvain_k30,6,colorectal
ach-000077,Louvain_k30,2,lymphocyte
ach-000456,Louvain_k30,5,thyroid
ach-002703,Louvain_k30,6,gastric
ach-000496,Louvain_k30,5,lung
ach-002512,Louvain_k30,7,skin
ach-000062,Louvain_k30,3,lung
ach-002464,Louvain_k30,5,eye
ach-000088,Louvain_k30,5,fibroblast
ach-000536,Louvain_k30,1,breast
ach-000071,Louvain_k30,5,fibroblast
ach-002004,Louvain_k30,7,skin
ach-000878,Louvain_k30,3,lung
ach-001380,Louvain_k30,8,pancreas
ach-002061,Louvain_k30,9,blood
ach-000385,Louvain_k30,8,kidney
ach-000412,Louvain_k30,3,colorectal
ach-003474,Louvain_k30,1,upper_aerodigestive
ach-000427,Louvain_k30,6,gastric
ach-000938,Louvain_k30,2,blood
ach-000462,Louvain_k30,2,blood
ach-000939,Louvain_k30,0,soft_tissue
ach-000325,Louvain_k30,6,gastric
ach-000515,Louvain_k30,10,lung
ach-001033,Louvain_k30,0,central_nervous_system
ach-000919,Louvain_k30,6,gastric
ach-000863,Louvain_k30,5,central_nervous_system
ach-000642,Louvain_k30,1,breast
ach-000581,Louvain_k30,6,gastric
ach-001435,Louvain_k30,0,testis
ach-001050,Louvain_k30,5,soft_tissue
ach-001818,Louvain_k30,5,bone
ach-001384,Louvain_k30,5,thyroid
ach-000797,Louvain_k30,5,fibroblast
ach-000220,Louvain_k30,2,lymphocyte
ach-001533,Louvain_k30,2,lymphocyte
ach-001508,Louvain_k30,1,upper_aerodigestive
ach-000827,Louvain_k30,7,skin
ach-003119,Louvain_k30,10,lung
ach-000961,Louvain_k30,8,uterus
ach-000778,Louvain_k30,1,upper_aerodigestive
ach-000825,Louvain_k30,5,lung
ach-000743,Louvain_k30,10,lung
ach-000190,Louvain_k30,5,unknown
ach-001819,Louvain_k30,4,breast
ach-000157,Louvain_k30,2,lymphocyte
ach-001786,Louvain_k30,6,colorectal
ach-000253,Louvain_k30,6,colorectal
ach-001376,Louvain_k30,3,pancreas
ach-000958,Louvain_k30,6,colorectal
ach-000228,Louvain_k30,1,upper_aerodigestive
ach-000266,Louvain_k30,3,pancreas
ach-001750,Louvain_k30,5,soft_tissue
ach-000174,Louvain_k30,5,thyroid
ach-000245,Louvain_k30,2,lymphocyte
ach-001279,Louvain_k30,0,ovary
ach-000620,Louvain_k30,8,liver
ach-000813,Louvain_k30,3,lung
ach-001513,Louvain_k30,3,cervix
ach-000168,Louvain_k30,9,blood
ach-000257,Louvain_k30,10,lung
ach-000211,Louvain_k30,5,central_nervous_system
ach-000283,Louvain_k30,5,central_nervous_system
ach-002401,Louvain_k30,1,breast
ach-002041,Louvain_k30,5,thyroid
ach-000987,Louvain_k30,7,skin
ach-003465,Louvain_k30,5,upper_aerodigestive
ach-000682,Louvain_k30,1,upper_aerodigestive
ach-000073,Louvain_k30,2,lymphocyte
ach-000212,Louvain_k30,5,breast
ach-000096,Louvain_k30,0,kidney
ach-002500,Louvain_k30,2,lymphocyte
ach-001440,Louvain_k30,0,testis
ach-000063,Louvain_k30,5,fibroblast
ach-002942,Louvain_k30,5,soft_tissue
ach-001999,Louvain_k30,3,pancreas
ach-000776,Louvain_k30,5,central_nervous_system
ach-000521,Louvain_k30,3,lung
ach-000299,Louvain_k30,9,blood
ach-000025,Louvain_k30,5,central_nervous_system
ach-000591,Louvain_k30,5,central_nervous_system
ach-001716,Louvain_k30,0,peripheral_nervous_system
ach-000833,Louvain_k30,0,soft_tissue
ach-001628,Louvain_k30,8,ovary
ach-000398,Louvain_k30,2,lymphocyte
ach-000274,Louvain_k30,7,skin
ach-001370,Louvain_k30,5,ovary
ach-001700,Louvain_k30,1,upper_aerodigestive
ach-000029,Louvain_k30,3,lung
ach-001849,Louvain_k30,3,bile_duct
ach-000644,Louvain_k30,7,skin
ach-001422,Louvain_k30,1,prostate
ach-000588,Louvain_k30,2,plasma_cell
ach-000849,Louvain_k30,1,breast
ach-002690,Louvain_k30,5,bone
ach-000219,Louvain_k30,7,skin
ach-000150,Louvain_k30,3,lung
ach-001845,Louvain_k30,8,bile_duct
ach-002643,Louvain_k30,2,lymphocyte
ach-000384,Louvain_k30,1,urinary_tract
ach-001053,Louvain_k30,0,central_nervous_system
ach-001274,Louvain_k30,5,soft_tissue
ach-000091,Louvain_k30,8,ovary
ach-002932,Louvain_k30,6,colorectal
ach-002014,Louvain_k30,7,eye
ach-001634,Louvain_k30,2,blood
ach-002531,Louvain_k30,3,lung
ach-000495,Louvain_k30,8,kidney
ach-000911,Louvain_k30,3,gastric
ach-000013,Louvain_k30,8,ovary
ach-002667,Louvain_k30,6,colorectal
ach-000777,Louvain_k30,1,esophagus
ach-001765,Louvain_k30,0,soft_tissue
ach-000312,Louvain_k30,0,peripheral_nervous_system
ach-000085,Louvain_k30,1,pancreas
ach-000436,Louvain_k30,2,plasma_cell
ach-000869,Louvain_k30,1,lung
ach-003061,Louvain_k30,10,lung
ach-003471,Louvain_k30,8,thyroid
ach-000267,Louvain_k30,2,lymphocyte
ach-000489,Louvain_k30,6,colorectal
ach-000431,Louvain_k30,0,lung
ach-000152,Louvain_k30,5,central_nervous_system
ach-000909,Louvain_k30,0,uterus
ach-000534,Louvain_k30,2,lymphocyte
ach-001489,Louvain_k30,10,lung
ach-000582,Louvain_k30,7,skin
ach-000460,Louvain_k30,8,ovary
ach-000443,Louvain_k30,8,ovary
ach-001570,Louvain_k30,7,skin
ach-000986,Louvain_k30,6,colorectal
ach-001335,Louvain_k30,1,cervix
ach-000023,Louvain_k30,5,pancreas
ach-002062,Louvain_k30,2,lymphocyte
ach-002462,Louvain_k30,5,eye
ach-000151,Louvain_k30,2,blood
ach-001277,Louvain_k30,0,soft_tissue
ach-000607,Louvain_k30,0,soft_tissue
ach-002647,Louvain_k30,3,gastric
ach-000703,Louvain_k30,10,lung
ach-001211,Louvain_k30,0,soft_tissue
ach-003152,Louvain_k30,5,lung
ach-001511,Louvain_k30,1,upper_aerodigestive
ach-000113,Louvain_k30,9,blood
ach-000337,Louvain_k30,3,lung
ach-000598,Louvain_k30,2,plasma_cell
ach-000057,Louvain_k30,2,plasma_cell
ach-000281,Louvain_k30,3,pancreas
ach-000321,Louvain_k30,9,blood
ach-000985,Louvain_k30,6,colorectal
ach-000444,Louvain_k30,5,lung
ach-000347,Louvain_k30,10,pancreas
ach-001399,Louvain_k30,6,colorectal
ach-001097,Louvain_k30,2,lymphocyte
ach-000127,Louvain_k30,5,urinary_tract
ach-001961,Louvain_k30,3,bile_duct
ach-001796,Louvain_k30,5,soft_tissue
ach-000307,Louvain_k30,1,pancreas
ach-001030,Louvain_k30,0,bone
ach-002485,Louvain_k30,2,lymphocyte
ach-000595,Louvain_k30,7,central_nervous_system
ach-001540,Louvain_k30,5,soft_tissue
ach-000298,Louvain_k30,10,lung
ach-000771,Louvain_k30,1,upper_aerodigestive
ach-000500,Louvain_k30,5,upper_aerodigestive
ach-000353,Louvain_k30,1,esophagus
ach-000363,Louvain_k30,2,plasma_cell
ach-000350,Louvain_k30,6,colorectal
ach-000053,Louvain_k30,2,lymphocyte
ach-001543,Louvain_k30,1,upper_aerodigestive
ach-000663,Louvain_k30,8,ovary
ach-000346,Louvain_k30,2,blood
ach-000970,Louvain_k30,3,colorectal
ach-002543,Louvain_k30,6,colorectal
ach-001333,Louvain_k30,0,cervix
ach-000794,Louvain_k30,1,upper_aerodigestive
ach-000039,Louvain_k30,0,bone
ach-000471,Louvain_k30,6,liver
ach-000850,Louvain_k30,5,fibroblast
ach-000291,Louvain_k30,6,ovary
ach-001453,Louvain_k30,1,prostate
ach-001458,Louvain_k30,6,colorectal
ach-000886,Louvain_k30,3,lung
ach-000888,Louvain_k30,3,lung
ach-000659,Louvain_k30,10,lung
ach-000030,Louvain_k30,3,lung
ach-001201,Louvain_k30,0,central_nervous_system
ach-000271,Louvain_k30,2,lymphocyte
ach-002676,Louvain_k30,2,blood
ach-000549,Louvain_k30,1,upper_aerodigestive
ach-000555,Louvain_k30,8,kidney
ach-000478,Louvain_k30,5,liver
ach-000775,Louvain_k30,6,lung
ach-002214,Louvain_k30,2,lymphocyte
ach-000038,Louvain_k30,2,lymphocyte
ach-001109,Louvain_k30,0,soft_tissue
ach-001442,Louvain_k30,1,epidermoid_carcinoma
ach-000559,Louvain_k30,10,lung
ach-000510,Louvain_k30,0,lung
ach-002065,Louvain_k30,5,central_nervous_system
ach-000676,Louvain_k30,7,central_nervous_system
ach-002659,Louvain_k30,6,colorectal
ach-000844,Louvain_k30,10,lung
ach-002403,Louvain_k30,5,skin
ach-002787,Louvain_k30,5,soft_tissue
ach-002497,Louvain_k30,3,lung
ach-002798,Louvain_k30,5,skin
ach-000925,Louvain_k30,6,lung
ach-002465,Louvain_k30,5,eye
ach-000272,Louvain_k30,8,kidney
ach-001035,Louvain_k30,0,bone
ach-003457,Louvain_k30,7,skin
ach-000513,Louvain_k30,8,kidney
ach-001059,Louvain_k30,0,soft_tissue
ach-000959,Louvain_k30,6,colorectal
ach-002283,Louvain_k30,0,peripheral_nervous_system
ach-000169,Louvain_k30,0,soft_tissue
ach-001402,Louvain_k30,5,cervix
ach-000796,Louvain_k30,3,ovary
ach-000143,Louvain_k30,10,lung
ach-000067,Louvain_k30,5,central_nervous_system
ach-000640,Louvain_k30,7,skin
ach-001591,Louvain_k30,10,lung
ach-001674,Louvain_k30,0,peripheral_nervous_system
ach-001698,Louvain_k30,1,upper_aerodigestive
ach-002002,Louvain_k30,5,skin
ach-002011,Louvain_k30,7,eye
ach-003268,Louvain_k30,5,soft_tissue
ach-000967,Louvain_k30,4,colorectal
ach-000469,Louvain_k30,5,central_nervous_system
ach-001353,Louvain_k30,3,pancreas
ach-001574,Louvain_k30,9,blood
ach-000097,Louvain_k30,4,breast
ach-000256,Louvain_k30,8,ovary
ach-000977,Louvain_k30,4,prostate
ach-000972,Louvain_k30,8,uterus
ach-001367,Louvain_k30,0,peripheral_nervous_system
ach-000382,Louvain_k30,10,lung
ach-003476,Louvain_k30,1,upper_aerodigestive
ach-000579,Louvain_k30,7,skin
ach-002035,Louvain_k30,5,lung
ach-001532,Louvain_k30,0,kidney
ach-000695,Louvain_k30,10,lung
ach-001795,Louvain_k30,5,soft_tissue
ach-001510,Louvain_k30,1,upper_aerodigestive
ach-000502,Louvain_k30,3,pancreas
ach-000183,Louvain_k30,2,plasma_cell
ach-000408,Louvain_k30,1,esophagus
ach-001496,Louvain_k30,6,esophagus
ach-000788,Louvain_k30,7,skin
ach-002405,Louvain_k30,7,skin
ach-002409,Louvain_k30,5,central_nervous_system
ach-001622,Louvain_k30,5,central_nervous_system
ach-000466,Louvain_k30,3,gastric
ach-001560,Louvain_k30,5,lung
ach-001019,Louvain_k30,10,skin
ach-003111,Louvain_k30,5,soft_tissue
ach-000005,Louvain_k30,9,blood
ach-001687,Louvain_k30,8,kidney
ach-001151,Louvain_k30,3,ovary
ach-000701,Louvain_k30,1,ovary
ach-000542,Louvain_k30,5,ovary
ach-000126,Louvain_k30,5,central_nervous_system
ach-001685,Louvain_k30,2,lymphocyte
ach-000933,Louvain_k30,3,pancreas
ach-000068,Louvain_k30,2,lymphocyte
ach-000015,Louvain_k30,0,lung
ach-001111,Louvain_k30,2,lymphocyte
ach-000487,Louvain_k30,9,blood
ach-000122,Louvain_k30,2,blood
ach-000288,Louvain_k30,5,breast
ach-001820,Louvain_k30,10,breast
ach-000782,Louvain_k30,2,blood
ach-001632,Louvain_k30,8,ovary
ach-002399,Louvain_k30,1,breast
ach-000357,Louvain_k30,2,lymphocyte
ach-000079,Louvain_k30,5,fibroblast
ach-001031,Louvain_k30,0,soft_tissue
ach-001064,Louvain_k30,2,lymphocyte
ach-002802,Louvain_k30,7,peripheral_nervous_system
ach-001048,Louvain_k30,3,ovary
ach-000453,Louvain_k30,2,plasma_cell
ach-003155,Louvain_k30,5,liver
ach-000791,Louvain_k30,3,lung
ach-000567,Louvain_k30,2,lymphocyte
ach-001391,Louvain_k30,5,breast
ach-001075,Louvain_k30,1,lung
ach-000105,Louvain_k30,2,blood
ach-000557,Louvain_k30,9,blood
ach-000175,Louvain_k30,5,fibroblast
ach-001356,Louvain_k30,5,thyroid
ach-001844,Louvain_k30,3,bile_duct
ach-001346,Louvain_k30,1,upper_aerodigestive
ach-000885,Louvain_k30,8,ovary
ach-000900,Louvain_k30,0,lung
ach-000666,Louvain_k30,3,lung
ach-001428,Louvain_k30,0,bone
ach-000217,Louvain_k30,5,liver
ach-000872,Louvain_k30,3,lung
ach-001974,Louvain_k30,7,skin
ach-002020,Louvain_k30,1,cervix
ach-001638,Louvain_k30,2,lymphocyte
ach-001228,Louvain_k30,1,upper_aerodigestive
ach-000181,Louvain_k30,1,upper_aerodigestive
ach-000115,Louvain_k30,10,prostate
ach-000130,Louvain_k30,2,blood
ach-000121,Louvain_k30,3,lung
ach-001711,Louvain_k30,0,central_nervous_system
ach-000934,Louvain_k30,4,breast
ach-000996,Louvain_k30,8,uterus
ach-001529,Louvain_k30,1,uterus
ach-001743,Louvain_k30,0,soft_tissue
ach-000320,Louvain_k30,3,pancreas
ach-000505,Louvain_k30,5,soft_tissue
ach-000781,Louvain_k30,3,lung
ach-000059,Louvain_k30,2,blood
ach-000920,Louvain_k30,2,blood
ach-000294,Louvain_k30,9,blood
ach-000422,Louvain_k30,5,liver
ach-000200,Louvain_k30,5,central_nervous_system
ach-000046,Louvain_k30,8,kidney
ach-000968,Louvain_k30,7,skin
ach-000830,Louvain_k30,10,lung
ach-000114,Louvain_k30,3,pancreas
ach-000402,Louvain_k30,2,lymphocyte
ach-001578,Louvain_k30,0,embryo
ach-000036,Louvain_k30,5,central_nervous_system
ach-000973,Louvain_k30,5,urinary_tract
ach-001128,Louvain_k30,0,soft_tissue
ach-003437,Louvain_k30,6,gastric
ach-000750,Louvain_k30,5,skin
ach-000285,Louvain_k30,2,lymphocyte
ach-002669,Louvain_k30,3,colorectal
ach-001858,Louvain_k30,5,bile_duct
ach-001997,Louvain_k30,3,bile_duct
ach-000052,Louvain_k30,0,bone
